date,combined_equal_weight,combined_min_variance,combined_max_sharpe,combined_risk_parity,combined_hrp,equity_equal_weight,equity_min_variance,equity_max_sharpe,equity_risk_parity,equity_hrp,crypto_equal_weight,crypto_min_variance,crypto_max_sharpe,crypto_risk_parity,crypto_hrp,equity_max_sharpe_tilt_vader,equity_max_sharpe_tilt_finvader
2021-01-01,,,,,,,,,,,0.011329133285298944,0.012460318266143432,-0.005561818365536863,0.011158117071919847,0.013394757902973281,,
2021-01-02,,,,,,,,,,,0.01997856708206176,0.04672408951898379,0.06456179046589801,0.024087125387351305,0.025460312395991034,,
2021-01-03,,,,,,,,,,,0.11648313458836891,0.07994870049627567,0.14016795875567697,0.11255791337126632,0.09502650587252726,,
2021-01-04,-0.003890754794180158,0.001337181859724492,0.025416075976984864,-0.0055323931911750324,-0.008743395480209538,-0.013701064199660194,0.001337535013624329,-0.003762719341000533,-0.011941389624078329,-0.011163301601603105,0.04302587474388933,0.02197895526613047,0.0378713077306096,0.039560931233710524,0.03315029670600981,-0.0032768768378332856,-0.0015898683212729986
2021-01-05,0.018935846474633634,0.0010346135174107256,0.043865763559023684,0.013478993811210732,0.006824281233563864,0.012741623294831668,0.0010346678304689774,0.00706957873149196,0.00895699171335886,0.006174053313518016,0.048157825155320876,0.03151626675640146,0.07764291979137762,0.047192886075776846,0.04251597944700544,0.008140510211671012,0.007925190480729517
2021-01-06,0.04682554464297435,0.005453807261641714,0.12054886583618038,0.033590059442561784,0.017724410253026568,0.013716586163369607,0.005454381190637663,-0.010894424886785877,0.010787611804925176,0.009130827481756667,0.19019363309393744,0.12075343287099936,0.13204136040529094,0.18133309881121862,0.17869330368537306,-0.013634828307714605,-0.012469739565406623
2021-01-07,0.007500963904495399,0.006693613703851659,0.008395338924754536,0.007757346453255286,0.006792352698859261,0.00979755852435766,0.006693500545299995,0.020189675473119686,0.008822930018330396,0.007712770478120165,-0.0025068850555913097,0.029060587982063756,0.0065425468395540285,0.00044218702921240693,0.009148102480376567,0.022087507080653747,0.021140756797306898
2021-01-08,0.0001483791362301471,-0.002041086108380382,-0.003966016818433062,0.0009771234449728909,0.0027894636945225712,0.0025391197143721156,-0.0020413441224064128,-0.003178781704124535,0.0025899752247201605,0.0025631025289069333,-0.008428588309419708,0.004636888720175127,0.016294849456011028,-0.006491614693160091,-0.00547900866189709,-0.003623164860577767,-0.004828692686529791
2021-01-09,,,,,,,,,,,0.07992079206480071,0.03947260570015432,0.03424169599235701,0.07549515700594282,0.07461484251789202,,
2021-01-10,,,,,,,,,,,-0.03004424938471311,-0.027868701710266036,-0.041652185789741905,-0.030125908227784444,-0.034287005604745964,,
2021-01-11,-0.023976108236173056,0.00011649779113203284,-0.04835159250440371,-0.017939998700017473,-0.009220195314644403,0.00024143705130121593,0.00011683668184354575,-0.0014171199085236071,-0.0008096226885127237,-0.001336135641882879,-0.126822123054615,-0.11065708722925702,-0.10598768271439094,-0.12533672934122617,-0.11968868483997594,0.0010237879963810549,0.0010974376719842024
2021-01-12,0.0014124661877677695,-7.339589772756196e-05,-0.013822315527077526,-0.0012352918033244039,-0.0037242006538610256,0.004053146990521044,-7.306907662319156e-05,-0.012920283949423883,0.0003151224639702682,-0.001651131542530001,-0.014374768661355,-0.029380798009331008,-0.02546365867129021,-0.016400999474328867,-0.018618407445412086,-0.011709663113851642,-0.010597392230125294
2021-01-13,0.014305437693911,-0.002223247181371167,0.04496812453285017,0.01037228457639432,0.004683077169212705,-0.0003666870544489757,-0.002223161319714737,-0.0002765493276518233,-8.133851612284089e-05,0.00012031967000274927,0.08238049280592016,0.08420629776113174,0.09145829374278905,0.08301821001734061,0.08233633740756563,0.0001487326134175231,-7.392850599666624e-05
2021-01-14,0.006223589963405872,0.003382285177510847,0.019551226801130236,0.004572065949304383,0.0018473034415155444,0.004186892503517239,0.0033825057213162993,-0.00927851027200928,0.0026379381946082955,0.0010864204895529805,0.018401665009803517,0.029439288743140384,0.04738197095557178,0.020133675320982057,0.02044859202406834,-0.00899439761316726,-0.00784165952467842
2021-01-15,-0.018017192270282756,-0.004527172886070035,-0.03628048911934833,-0.01306466338772623,-0.007167626392091675,-0.012468237405141813,-0.004527026492018017,-0.010698921321215643,-0.008565928568625696,-0.0058975092913074924,-0.04096622476883906,-0.04230357717944913,-0.043104963843965435,-0.04133531970654935,-0.04289521053966006,-0.012790498773213841,-0.01361645739027529
2021-01-16,,,,,,,,,,,0.03142831136056619,0.006331413842773346,0.053873209996969616,0.028924281486913034,0.01963070210094307,,
2021-01-17,,,,,,,,,,,0.008601021522056752,-0.004930124222342951,0.014815976756698601,0.007214602106568633,0.004033720199036319,,
2021-01-18,,,,,,,,,,,0.02078919046585745,0.026042321067057346,0.010749252620222395,0.02132936798573934,0.023296038262164823,,
2021-01-19,0.007738513923559627,0.009977608371087672,0.011570758484334445,0.007418572751617933,0.006668967275109603,0.007686465686841389,0.009977672137214446,0.00931588602967636,0.007407452230380297,0.00633291933751619,0.009739555911656506,0.00446309701419069,0.034336412895881414,0.009232238662001763,0.003519724989445808,0.00953733944472838,0.008963152297329616
2021-01-20,0.005089689031193295,0.014935949199274531,0.008154414741611537,0.007449681805030719,0.010508596739795366,0.007530881578070001,0.014935625261543743,0.02601026936538775,0.009643558372536696,0.010180827416380094,-0.005084207126728092,-0.00817274069968284,0.001451843421446172,-0.005447739301961308,-0.007469858476759477,0.02540109478964967,0.02534208373868343
2021-01-21,-0.03155162323514962,-0.009284782971159549,-0.0837189736223477,-0.023527842091121683,-0.013070308748903369,-0.008091989758853557,-0.009284943923936688,-6.264905726928883e-05,-0.006811641538708069,-0.006236761571609266,-0.1363214213636206,-0.12710206719887931,-0.16832483390959949,-0.13587718269004348,-0.13124691771766772,0.0025631133122975486,0.002190633527339017
2021-01-22,0.007923676220714906,-0.0009879203436820513,0.036601257250735014,0.004911799946205612,0.0009519418589284351,-0.0032570650886820864,-0.000987949458663399,-0.00697782486466086,-0.002798503834769713,-0.0022821725819823723,0.06542067991706753,0.06031207932940001,0.0987383581978933,0.06536494641200984,0.061046721371329445,-0.007552241896261443,-0.007671670946187229
2021-01-23,,,,,,,,,,,-0.003370614543124266,-0.006869543854077826,-0.013414574053416341,-0.0039933209505136815,-0.0049444604081955845,,
2021-01-24,,,,,,,,,,,0.03009713098548588,0.029562640322871488,0.06655711522981037,0.03008417419502105,0.024000149635096363,,
2021-01-25,-0.002778121855874593,0.0037295205372434126,-0.012100244034674069,-0.0001298580493718387,0.0029007237544794087,0.0017190661049002161,0.003729431788345278,0.0021469871525458028,0.0030031233966977284,0.0042081045716487984,-0.024536357019030005,-0.01646615844726827,-0.029174854932229637,-0.023652818946968305,-0.020345057589641766,0.0020850317435056214,0.0021123546642742358
2021-01-26,-0.004887780413148797,-0.0027028456223084337,0.0004220436345538252,-0.0038271527047039214,-0.0014438782885490403,-0.005633202476990918,-0.002702681114080867,-0.008590714426921813,-0.004164365133369738,-0.002629254560031931,-0.0011297461414654076,0.002479246442519414,0.013531692158772436,-0.0007422152346133681,-0.001014432289918652,-0.009025442497019845,-0.008794891137329962
2021-01-27,-0.03425224570112071,-0.021231862836027897,-0.05486322335294688,-0.031140803504768798,-0.027715799907247977,-0.02568990468095619,-0.021231555561893115,-0.039592451580087375,-0.025281799620295378,-0.02407459378662992,-0.07662081540181952,-0.0654561468060034,-0.07679293516528816,-0.0757267269408778,-0.07348751012909588,-0.03952245490533237,-0.039431360483513436
2021-01-28,0.026071046857366935,0.000778265631774816,0.06940649008166219,0.02002686419814103,0.013747100635870303,0.010414456904308634,0.0007780713056418781,0.017539922231989247,0.009131244528288545,0.00844449488325524,0.10099905186354677,0.0921824086225359,0.08396454364733578,0.09998050120556204,0.09997541257996162,0.016349310527645974,0.01590329571332312
2021-01-29,-0.007470618717091114,-0.009708387050965597,0.010055688210654978,-0.007377268200942987,-0.00913524450798241,-0.014843771101669807,-0.009708626405909925,-0.005587810769749176,-0.012474863734371813,-0.011402662798893331,0.025439361240874866,0.03800956772165817,0.026225457423973152,0.026143805638104586,0.029246393568489036,-0.0054449592476168256,-0.00541041531081648
2021-01-30,,,,,,,,,,,0.07253570940506211,0.029309843679403674,0.007377823073041778,0.06666388560356287,0.0694449934333364,,
2021-01-31,,,,,,,,,,,-0.016329349395105386,-0.01972998104684931,-0.042391719148721974,-0.017261782532352703,-0.014856005119923122,,
2021-02-01,0.010204431715737183,0.001338829409481535,0.019698455484384994,0.008661463008582141,0.008323295900859149,0.008517686014717274,0.0013388071790257283,0.00369720718924103,0.007721595388297666,0.007067604616935796,0.018638160220836718,0.010790892142759207,0.05620258825524141,0.017951284335632894,0.014730106713109974,0.005777433712385452,0.005581115939549383
2021-02-02,0.02165809971638538,0.006847378855246987,0.038000565002936006,0.0183676962149421,0.01553838789344176,0.017461368582400643,0.006847123819890176,0.022770407569489122,0.015519408318118825,0.013706722923957712,0.042433276503177984,0.033189396736233855,0.0765838192692905,0.04265064822809827,0.04475776154213613,0.02247943531189376,0.022225694714903266
2021-02-03,0.009589675205373672,-0.0034102761466058428,0.017630756220525963,0.0040733800229631615,-0.0020749607752019246,0.001869028892936623,-0.003410106123694286,-0.011479655503575801,-0.001746739385574805,-0.0032920645509621526,0.04689380394391243,0.04219147150376054,0.06379673770117408,0.04765720349293389,0.05010591232044596,-0.009790570978937527,-0.009601290646560576
2021-02-04,0.00366481347617488,0.002022713899096354,-0.012978044842467153,0.0038224201190651197,0.0043895577647474916,0.009279172224145423,0.002022547321677921,-0.007304259150527384,0.007410576030400896,0.006915432031648238,-0.022295607178778383,-0.019937561311228768,-0.02605577156124747,-0.02254340885939346,-0.023763141585978288,-0.008494007970266245,-0.009072422053341841
2021-02-05,0.020351550259225547,0.01451598705404949,0.032315048005196564,0.01702296346332508,0.011767140667183366,0.006292140440644191,0.014515864634725185,0.0029496532937457777,0.007767168270136394,0.00852887350637566,0.08746080262147411,0.06741127441382427,0.09223339482743548,0.08449130543542888,0.08121700842159607,0.002036882377373048,0.0018099166310067498
2021-02-06,,,,,,,,,,,0.02757191105099962,0.006682831885499412,0.04268866489617094,0.024639623171390346,0.019330530668870246,,
2021-02-07,,,,,,,,,,,0.00019944480526961142,-0.0048443870127629005,-0.0011770653498354173,-0.0010988977169501478,-0.005155380534450872,,
2021-02-08,0.02566129467818855,0.0029259610927184583,0.06697869667486164,0.01956043614203188,0.011864081210548546,0.013472894033687228,0.0029258941694862966,0.021572259763462966,0.010246720989774298,0.007691360902397807,0.07760565153646581,0.12467687717424233,0.09153851960554271,0.08389185191291804,0.09160451385868498,0.022225350230286288,0.02264713153578889
2021-02-09,0.010060418581111223,-0.0013964236622931053,-0.001980389383972111,0.00649587412288541,0.0032566577021298383,-0.0028566363844635123,-0.0013961514691257532,-0.018525714886263943,-0.002885906225125778,-0.002051487256870842,0.0625844262586896,0.0712001688249498,0.014079932113775588,0.0627226862265383,0.06267774335650077,-0.015480256856865838,-0.015053700167513031
2021-02-10,0.01121330356879997,-0.0067591245196107225,0.0023928316512242527,0.00626559060677737,0.0007766640499194278,0.0018380613809191849,-0.006759119099101591,0.0006547818396748593,0.00028810232391844864,-0.0007559680864249404,0.05518613757971102,0.004231300403143677,0.06936665658952822,0.04773843496552922,0.03977161021264065,0.0023575213139332644,0.0025523243505544257
2021-02-11,0.014923915982378794,-0.004556487317461118,0.035114284313000454,0.01061234768147645,0.005003250828685369,-0.0011448702812422444,-0.004556609063774697,4.630673086745973e-05,-0.0013021069496044239,-0.0008781898437551712,0.07265675787478859,0.11813811670544405,0.033534759520241,0.07542986471572287,0.0837259995995813,0.001845998268940904,0.0024175644162513386
2021-02-12,0.013922858758989996,0.004269161645082224,0.03030815079770933,0.010194741794314368,0.005539783209078891,0.00456925706778937,0.004269134909117091,0.0024615914386956527,0.003980749445654631,0.003366503649514521,0.04505755537995469,0.006655962001295347,0.024654932636126024,0.04039649534790089,0.03488184627121978,0.001490326679869629,0.0012782347054202609
2021-02-13,,,,,,,,,,,0.09119036415089898,0.11640494214419425,-0.006822392592634482,0.09190687287221125,0.09290255530738659,,
2021-02-14,,,,,,,,,,,-0.03338887802924259,-0.023762798748133005,-0.019858321393288438,-0.03094874942639498,-0.03314703525207905,,
2021-02-15,,,,,,,,,,,-0.043090762430210004,-0.06027765150425705,-0.010351195369200903,-0.04379909556506021,-0.04729494451811268,,
2021-02-16,0.0008342773644169567,-0.009592552163814504,0.003270116725089123,-0.0019392897059053804,-0.004147473823361506,0.0013897038414903639,-0.00959250075648672,-0.004660642798222081,-0.002256787267706811,-0.0040167851940687786,-0.0008328998028954643,0.008592391197050103,0.009079299780557616,0.0005705863382223812,0.0026988319277202024,-0.0024136964326062003,-0.001905706686866352
2021-02-17,0.011514209321954762,0.006626576267619197,0.014556885218379221,0.009171159611663822,0.005692979825711129,0.0025314182146181355,0.006626587467536257,-0.011879957586529873,0.0026176931746052373,0.0031736269264451625,0.04158977278900458,0.048495252350595125,0.03808552819630364,0.04312342391414947,0.04545774390047921,-0.012738685735633382,-0.013211810035275197
2021-02-18,-0.004112435878182396,-0.00968956162497051,0.0024879660820809417,-0.0034107169904953427,-0.004109064831624729,-0.006636366116092682,-0.009689556108018181,-0.000100693947297124,-0.00497696616888979,-0.005001715735747578,0.002780592962763937,4.856943495216287e-05,0.020679496110142116,0.0022319887740092775,0.0033854106136532976,-0.000609914829827369,-0.000890663412268946
2021-02-19,0.012920433262515876,-0.007725310669591687,0.02607929153744208,0.007559161525377592,0.0013318003413105954,0.001755214269742609,-0.007725375729947759,-0.0023639536915664636,-0.0013691648440400917,-0.0037436656021429186,0.046367194161633624,0.07338409915809282,0.034107227423924205,0.048998343444688015,0.05272786119187075,-0.001260987033264963,-0.0008976269932490574
2021-02-20,,,,,,,,,,,-0.0037433658906487997,-0.025372088867428547,0.04628184465556293,-0.006075227198229154,-0.010706002446375516,,
2021-02-21,,,,,,,,,,,0.019545595987077766,0.030348543811417994,0.005567151930499415,0.020397016511339967,0.02038751069235134,,
2021-02-22,-0.013189509394386349,0.0014211474926157765,-0.04157673362761371,-0.01055380417006205,-0.006154480765924124,0.0031514621982570985,0.001421356492952584,-0.01670640665455138,0.0009576310171511281,-4.413114929415087e-05,-0.06251218887363905,-0.07592856874922325,-0.04780291663612386,-0.06413159016822129,-0.06635268447417686,-0.017429662642621892,-0.017559401480795583
2021-02-23,-0.0364204980956256,-0.006679786320535673,-0.07519394099742335,-0.026743625125651486,-0.013695515883416309,0.0007040167077609853,-0.00667972177009832,-0.011399764950211656,-0.00038672879188068453,-0.0012621440371263421,-0.1560759242388678,-0.14863442582139502,-0.12242674117248276,-0.15432393734586153,-0.1527578370157949,-0.01156719104158746,-0.011701422446463876
2021-02-24,0.02185891301140051,-0.0005828516077557727,0.02212766921341701,0.015511169307361131,0.008401218348379667,0.016122034613694283,-0.0005827894621173696,0.014859171654440072,0.010870503633733217,0.007342963588579353,0.04698911565310232,0.03572827950881516,0.053218604854514746,0.04512753381110239,0.044800657307683026,0.01578346007062947,0.016381230934402986
2021-02-25,-0.02519018638808798,-0.008848297439155333,-0.05213039538573008,-0.021626444352693633,-0.016700835250435437,-0.019177178544150526,-0.008848191390393646,-0.03146826945638388,-0.016775434646903988,-0.015075822897557802,-0.04345198003271488,-0.05910497348122813,-0.03935504777399693,-0.045004073039793674,-0.04817502251328089,-0.03519857981003384,-0.036307510219873704
2021-02-26,-0.007920962386525426,-0.017522350410980072,0.006890606084971268,-0.010423034113316368,-0.012701841956032625,-0.013518257118032433,-0.017522546275584184,0.003306405092806653,-0.01364356948790832,-0.013819780963255389,0.020954801133944784,-0.01658720853860517,0.04773815067844419,0.015901784440423623,0.009260728352559696,0.005328855810168036,0.005564785494731245
2021-02-27,,,,,,,,,,,0.03707054103927272,0.017469485770480284,0.03690997177895965,0.03390822907788191,0.0316508202354212,,
2021-02-28,,,,,,,,,,,-0.03878448741791682,-0.0373661708469341,-0.02577407821129892,-0.03817653221751649,-0.037720996954505676,,
2021-03-01,0.027648109503017666,0.009048491510200039,0.03350051133661208,0.023485983088056724,0.01858215511793425,0.019963326496913784,0.009048188894651678,0.0185891726848683,0.018045831870860535,0.01648184375565824,0.06607202453353705,0.0767919496955848,0.053082239295087576,0.06787448659983622,0.06744955826118437,0.01822692737397429,0.018069641729361305
2021-03-02,-0.005051223358201522,0.004953415955132686,-0.016883366751069995,-0.0032222966986967735,-0.0016859221775299615,-0.002806234801394803,0.004953376355123447,-0.008838012370781013,-0.0016410762389615773,-0.0007635241637986914,-0.0157906759639014,-0.020879093329176673,-0.03814545174163949,-0.016002999514876326,-0.01931555656684102,-0.009792665619483443,-0.009648601293073458
2021-03-03,5.691690167493411e-05,-0.012821639427684427,-0.0029721922084638185,-0.004294340143314087,-0.009015770937357788,-0.00686562246203485,-0.012821375577041976,-0.023189765538851024,-0.009579390768190994,-0.009933852606886536,0.03360946653570951,0.04329309856123359,0.02452253387304836,0.035098354729930406,0.03596331931158346,-0.02550259958960549,-0.026587795894588054
2021-03-04,-0.008937843035586902,-0.0036176924104358394,-0.0314379622340084,-0.008538044889410326,-0.008217280898535104,-0.00767822301159603,-0.0036175330978062852,-0.02091835779694491,-0.007994541453594562,-0.007615682561467584,-0.014803966327147297,-0.012003481533314016,-0.051348979231468986,-0.015200902036348803,-0.017449961058925878,-0.022612505069060384,-0.02335309910015616
2021-03-05,0.012893922421377215,0.015060392418632669,0.015651923727355674,0.014036015702266055,0.016173834734007804,0.017818035114266734,0.015060522543614199,0.013965642751320236,0.017280648843302892,0.017337136352271975,-0.010203817225251927,-0.00692840351574468,0.018004748441974826,-0.009526629827855689,-0.0071036737656915636,0.0123694273153573,0.011187122274327317
2021-03-06,,,,,,,,,,,0.010593244266252348,0.008425950659619087,-0.00028329173675792005,0.010752013210277996,0.011520792679928988,,
2021-03-07,,,,,,,,,,,0.02901243583316227,0.03576537317718234,0.029094940372311452,0.030147359415097046,0.030874366019926547,,
2021-03-08,0.005139067160578568,-0.004848248801469891,-0.01113233848427935,0.0031156247220899456,0.0008426231319876333,0.002415640111810529,-0.0048477596214174445,-0.02410910734738842,0.0009067926588572179,0.0008158122351759381,0.018834782666280483,0.02017150247582367,0.015576506594058783,0.019264604185851835,0.01956661079872743,-0.027601414089680438,-0.02877803917457099
2021-03-09,0.012274318469443256,0.006834462220133051,0.0314843844417189,0.011289572098629923,0.009830555633640641,0.005985780768517135,0.0068342180691196895,0.02001350407439942,0.00736520099320248,0.00668809242690014,0.04192374196527224,0.041951795846739845,0.049646602836471244,0.042007887934152194,0.042249169490023816,0.024279983081660725,0.025856775716960566
2021-03-10,0.0033894337117149217,0.00898053838702786,-0.003818074263770158,0.0043274296942167525,0.006370747580490321,0.0101448846756299,0.00898062609870526,0.0015739986023570306,0.008536291975266008,0.008913404508709324,-0.027403279685151584,-0.012222804054423695,-0.016334729751517573,-0.024972400580079726,-0.024077322039203056,-3.908257083932824e-05,-0.0009361016196641541
2021-03-11,0.004440027839439725,5.567477866805432e-05,0.01460091186685728,0.004110341143513772,0.004101492537793858,0.004733695242030586,5.5448166998687816e-05,0.019297293464109966,0.004232262990895408,0.003762367992855704,0.003336652293026067,0.014332564560654005,0.013561354807084276,0.0050022640777944065,0.006967670206195388,0.02154450786581856,0.022538040612499345
2021-03-12,0.002929897796534287,0.004941990711405315,-0.009196594117802147,0.003672311965494557,0.004700863634587067,0.007321322908661966,0.004942129606796736,0.006463495262227102,0.006416228852446774,0.005762547029815683,-0.017533039571117803,-0.015337674874258383,-0.035049799192074044,-0.016211716483892528,-0.014634160387740833,0.004493646567952474,0.003581459013849669
2021-03-13,,,,,,,,,,,0.0791083264789216,0.07843406395776767,0.06828934814264954,0.07888024719598025,0.07602251485978802,,
2021-03-14,,,,,,,,,,,-0.04867514984860219,-0.041956580020022644,-0.03548096137218948,-0.04788077237731864,-0.045738533607729254,,
2021-03-15,-0.0020005157583132334,0.013588964446804174,-0.021614193944203934,0.0022784548389420617,0.006124335523634734,0.005322672463124853,0.01358920707043669,0.0017730786448205602,0.007478702807693677,0.00753570660959023,-0.03807021569809843,-0.04169401029505859,-0.04124674696775463,-0.03916847776729268,-0.039470812263385,0.0036709157539655136,0.004474757259645232
2021-03-16,0.005728843658630815,0.005306527269702271,0.029108919673029584,0.005832805465482123,0.005572471066164121,-0.0006629149901878921,0.005306385968917817,0.0014121530262146166,0.0020192646699289884,0.0030204879174915273,0.037192086454468046,0.028093999035360005,0.07185260317198314,0.035343209535637986,0.03560135286832786,0.0024887749994413617,0.003196754716528424
2021-03-17,0.007090152205412339,-0.008632615364069554,0.02196975931248423,0.0035988225523897683,7.527464615145814e-05,0.0024525274775814045,-0.008632664330820392,0.00024055570589174603,0.0002565410326320302,-0.001971246654000555,0.02904080962540587,0.030864963255210237,0.05608715869609076,0.029124883210055,0.03100416255216321,-0.0004211512138261129,-0.0009958051129346267
2021-03-18,-0.014963008000333112,-0.0074058573215980035,-0.02453139150591231,-0.012576678969459906,-0.010289865940656668,-0.013330223758688135,-0.0074056048220035925,-0.016297906995207737,-0.011489956416882469,-0.010093698104801145,-0.022216277961206336,-0.017525638674264363,-0.04796124527285284,-0.021702908093050234,-0.02460112369006116,-0.018205520509975415,-0.018688403918906325
2021-03-19,-0.000865548652200023,-0.0021486877864913953,0.008144786725797874,-0.0015203920207192349,-0.0024229476695955907,-0.004960196790008944,-0.0021491054294322538,-0.002717999377121193,-0.004212677091832141,-0.004538901900550363,0.018726672040966733,0.02364905808523953,0.024086756296448485,0.019039898122268722,0.019627938628592398,-0.0007818821902833926,2.596701509537504e-05
2021-03-20,,,,,,,,,,,0.018628799989579697,0.017025679530456327,-0.02346850885753774,0.017646335604991202,0.013556777335853285,,
2021-03-21,,,,,,,,,,,-0.015429281330189195,-0.008182167020056657,-0.014762564205376251,-0.014678462834697602,-0.013731603609474164,,
2021-03-22,-0.0009142788616752393,0.008724897403556177,-0.01648335158498473,0.0022163747227226392,0.006205397271560704,0.005318652811677227,0.008725026267794953,0.011320344420871608,0.006642217203943318,0.007517672194291486,-0.029572436912092933,-0.03878411882235135,-0.05538535956520318,-0.031207228296544678,-0.034135035268537686,0.012294437004585861,0.012493953377573929
2021-03-23,-0.005798140521023983,-0.00035064002541730296,-0.002849710426477041,-0.004533667739509447,-0.0038884915471277906,-0.008369492885778741,-0.00035062155623237024,-0.0115673162134153,-0.005990604128515037,-0.004645684518531636,0.006650384194363035,0.0047133036904893795,0.0045045303594460845,0.006282319016864655,0.006681174431560629,-0.010896103053873809,-0.010262111624687362
2021-03-24,-0.014092748822480282,-0.00594634684857125,-0.022255743548044937,-0.011433890475822805,-0.008151307288796789,-0.0030626418984172673,-0.005946286503845346,-0.011613006339742426,-0.004313863601731737,-0.004271121391559229,-0.06784182680350045,-0.05616071412322229,-0.04253056618149009,-0.06595378317633742,-0.06263225000418192,-0.013948010962545,-0.01498294211391785
2021-03-25,0.005947801689248596,0.0022525099606219164,0.004320964396819629,0.0052011610204701535,0.005138723615335059,0.007372562002828899,0.0022525236057623897,0.0046588892534488655,0.00607776160157255,0.005872318357092544,-0.001349093973745958,-0.009223321279336375,-0.0015803879774959116,-0.0026430049491122376,-0.0034433805137034333,0.0034415239483605777,0.002679689134658871
2021-03-26,0.03065124167451566,0.017501086811423396,0.04680157809420553,0.02697711416019411,0.023208211274454972,0.019572563755066646,0.01750088965156079,0.02475991328833757,0.019403646500982794,0.018769137687463813,0.08868512965287728,0.09378874603924679,0.07806545462992259,0.08869451830821909,0.08593027937196793,0.024726813116713216,0.024672809040639766
2021-03-27,,,,,,,,,,,-0.0087706271147906,-0.0016361254372169367,-0.0028881092864154866,-0.007559854288685578,-0.005766525832881245,,
2021-03-28,,,,,,,,,,,0.003023007594352543,-0.0001637283186592608,0.0037663055744808246,0.002309316922563494,0.0022305837848845484,,
2021-03-29,0.007361535872945589,0.010937562172160496,0.012151923735100587,0.007388627777955269,0.007001430132089951,0.001166862291467606,0.01093754405316522,0.0038327700250792144,0.003467029603804493,0.004862487854011442,0.038142830540906496,0.03573652130715852,0.030568076270747545,0.03825878531987922,0.03877455644446878,0.003902772921876498,0.004061164694978311
2021-03-30,-0.0003770868341113976,-0.009575316882765281,0.006538462068281074,-0.002958923881843666,-0.005490522395288981,-0.0033567374259093805,-0.009575266421336465,0.00033349965132982375,-0.0052075091066547475,-0.005946343496340807,0.013792468763032374,0.018787335590479334,0.014205076807399304,0.014503464959801655,0.014889873753837607,-0.0008096039111320445,-0.0013056372761584007
2021-03-31,0.011821586274491263,0.0009786746608030986,0.0004998060619816709,0.008753380606105796,0.0033522392153860795,-0.0011654710318684406,0.000978674922005544,0.006891047457253809,-0.000541663570981187,-0.000749955100016182,0.07476771195515644,0.10168357492278168,0.001452355319552059,0.07624072183177592,0.06987640826088012,0.00858685362698958,0.008914116923248753
2021-04-01,0.01467257875786394,0.007238112953127031,0.001757844467439402,0.012256462758262998,0.010871848373925993,0.011919235422437929,0.008318864535830455,0.009074537815375533,0.01115072721272582,0.009883170057159059,0.02843929543499401,0.007754985464325268,-0.002261075694225215,0.0256511823663588,0.01896006941733684,0.00955170963065572,0.009616770006419997
2021-04-02,,,,,,,,,,,0.05440933458347258,0.04346488889112621,0.02677868550704733,0.05253196001055111,0.0465562468774456,,
2021-04-03,,,,,,,,,,,-0.05376361413632989,-0.03236737856697109,-0.01626512264100116,-0.05121732231581651,-0.04610365530266351,,
2021-04-04,,,,,,,,,,,0.08312106981173764,0.08063408782919185,0.05188095446766287,0.08180852461666899,0.07186472554520092,,
2021-04-05,0.023279357597136993,0.011750374812472618,0.004834504627861526,0.01704967367804727,0.012820799699021708,0.005152482779723814,0.011338643307439514,0.0031002136000448572,0.008099219655180241,0.009449306972439085,0.11225292552187854,0.05971838164972158,0.01744350095200946,0.10114983678040548,0.09087270884770132,0.0031033416472327686,0.003354651731728171
2021-04-06,0.0075876663480071585,-0.0007846952083497638,-0.0050565707143315625,0.004119542451957751,0.0018883386456262504,0.00029015905144857827,0.00035468806835509684,-0.0002843234623863143,0.0005106673829192735,0.0005154825439183953,0.036142698558448594,0.01168469105204153,-0.008785892530399764,0.031574048184211924,0.03054686878503527,0.00015632480100372516,-0.0002900945620256301
2021-04-07,-0.01604906034533606,-0.0020664761617345657,-0.018734324616091032,-0.00911355991978896,-0.005340736605329325,-0.0009851625251715208,-0.0008908750032570398,-0.0028059422247060884,-0.0012288596117860648,-0.0013811591904116188,-0.08315578674027278,-0.058932437382819065,-0.062028183027836754,-0.0789299062253965,-0.07222609534226405,-0.0025058122302031834,-0.002487692025270646
2021-04-08,0.010903703340729359,0.0005881666139679184,0.018500621394682733,0.005538719722552344,0.0009639760268937346,-0.0011896458588349858,-0.0007164187183775806,0.002612118805552394,-0.001021150420136447,-0.0009112619461374716,0.07009089363991487,0.0628815489321639,0.05333196724320895,0.0680461420450949,0.06404414461529717,0.002968035019811628,0.0026526715685735716
2021-04-09,-0.002921046595518197,0.003023557907147556,0.001082929508892991,-0.00033945095879861525,0.0024860778293665474,0.002584947891170619,0.0036112715501202914,0.005590620107946888,0.002691407783847709,0.0035176499441482486,-0.028058323803886127,-0.0230572750514729,-0.014243095085782448,-0.026818111219203418,-0.02467357784537436,0.005176749561849728,0.0053249817394549715
2021-04-10,,,,,,,,,,,0.11626167171656937,0.0829340166682745,0.031405854497436846,0.10862251608092355,0.10318209672249315,,
2021-04-11,,,,,,,,,,,0.009002524960666083,-0.0002458549156596555,0.011959014127238647,0.007692892256689156,0.006724010147709724,,
2021-04-12,3.663406188613924e-05,0.0018368076374220932,0.006629313485954216,0.0003339365330232084,0.0010688090607891255,-0.00037056396292804413,0.0012465490829382563,0.003076631758683829,5.929300232451035e-05,0.0013167640190211215,0.006211073995938822,0.006267090183263983,0.01613346439894166,0.004796390203055084,0.005574677531669656,0.002965257302865139,0.003165375797788578
2021-04-13,0.02268126409590627,0.0037436571151702952,0.021659544292855895,0.014162732548292327,0.00711795303988492,0.0018030353949632738,0.0022784384675124765,-0.002138189935239826,0.0029280750581831,0.003176040335604649,0.12214741351676298,0.10356945868099045,0.07731070933450378,0.1181370197742563,0.11181149990794743,-0.0020700519332752043,-0.0017654436270902922
2021-04-14,0.007794298856378145,-0.003126061472814529,-0.0017533615123723528,0.003031998819997616,-0.0013309918034953652,0.0029439118121921018,-0.0027077906547856925,-6.227899781139756e-05,9.670622627806118e-05,-0.001978001088303454,0.0249078985840884,0.011578787884717024,0.011780821461546579,0.02434619993832806,0.020588228687318955,0.00044845744391552606,-0.00021270741901834858
2021-04-15,0.019041860880005992,0.009148537969816432,0.0162456098921825,0.01698464493961726,0.013748795852667202,0.009653589624722807,0.007545146488200176,0.009216184277568158,0.011322425229050368,0.012159842150783775,0.0537361099606411,0.07251040727241233,0.03781813302034044,0.05599826510123497,0.05612856404562168,0.009253149451267994,0.009491039109174463
2021-04-16,0.014763272899412963,0.0015652757299808935,-0.011335312394117824,0.010411870060579947,0.0068652537411186465,0.0028845720106958775,0.001882806381060223,-0.00202550955752207,0.003221013313333871,0.004638720796871216,0.04859914615127717,0.03567015327716576,-0.031856306250093655,0.05014061268257925,0.04003882456332887,-0.00247475848567904,-0.00239269272784728
2021-04-17,,,,,,,,,,,-0.03070243970960835,-0.019224485138529857,-0.023185109492888167,-0.03034602841904978,-0.024590727796902686,,
2021-04-18,,,,,,,,,,,-0.07293856861006168,-0.07036274224563546,-0.07346521695473454,-0.07231563137997737,-0.07233502249099176,,
2021-04-19,-0.017627390955763378,-0.0021572112827524565,-0.00989529020258346,-0.011511582510470875,-0.006406344758013209,-0.003685581075592001,-0.0011006095182825623,-0.0019049236373635627,-0.0037967914969810794,-0.0038558673634972547,-0.06816358736362857,-0.056842242327987666,-0.041805471501640386,-0.06590009476048615,-0.061739556756281094,-0.001748946436281056,-0.00205546324477513
2021-04-20,1.2220841234531973e-05,0.005774668509946425,0.0007907169161714639,0.00018065365534592815,0.00045850062504335185,-0.008392591578321392,0.005414036023313288,-0.011213612748969093,-0.003830550392030089,-0.0016442848268800256,0.032089948176373305,0.023261378293186835,0.03919744378287318,0.03054113696562085,0.029509074231015196,-0.011928784876079351,-0.01136071587005771
2021-04-21,-0.0007908267866470753,0.003985088355709828,-0.00770260249154389,0.0020357975790057277,0.005112987202189657,0.010332327422379967,0.005072978839826251,0.01083138227650112,0.008045796649874369,0.007443428447128928,-0.04323321582231857,-0.04354977500050308,-0.03875769773073668,-0.04242753482987953,-0.041598870809050434,0.010708822839349045,0.010784181553587027
2021-04-22,-0.016687288036353692,-0.0007747932136610673,-0.022246245258742945,-0.011732675039705731,-0.008371762398432818,-0.00956673855724171,0.0005375793559340425,-0.011378950647045772,-0.0076973658918903076,-0.007210546448611551,-0.047468766153647805,-0.0338015286289402,-0.04089372013779209,-0.045318997554065904,-0.0396820424415069,-0.010990555608388589,-0.011126473179505575
2021-04-23,0.0034733603502323475,0.002542496681134115,0.007489619970745928,0.004086991073467316,0.004492153052066451,0.008828568661872389,0.0026028072659423414,0.010610407368189238,0.006845403821149785,0.005760762030110048,-0.016845975433996952,-0.01724914976666932,-0.007172847272634187,-0.01747168634261105,-0.016572251268704888,0.010956306181374416,0.010549214605006995
2021-04-24,,,,,,,,,,,-0.0741110252564574,-0.061934566204215134,-0.042919041834641694,-0.07203430068822518,-0.06821172585440305,,
2021-04-25,,,,,,,,,,,-0.009451553006648223,-0.008642750843556693,-0.0028541810699288343,-0.00923748968614843,-0.008375549322656608,,
2021-04-26,0.030800515598112886,-0.004511312083372904,0.035013992446404865,0.015608640727130883,0.002172189536608555,0.0008393950486170936,-0.0063231190170779505,0.005132375937858936,-0.001015235925761259,-0.0028827668941163844,0.15856508535725067,0.1396596713941569,0.11719056588533397,0.15365922093277723,0.14851337769279352,0.005583677477947864,0.005540719682599495
2021-04-27,0.009656461130173079,-0.004051264902325663,0.021788639456183943,0.0047435879690189775,0.00233408409264579,0.0009805905140328796,-0.004990652398436701,0.007923095163171771,-0.00028014171265013576,0.00012967505718724365,0.040631127405878695,0.03643858851556242,0.0451971117673845,0.04012579216834802,0.03916184993381787,0.006216856627428477,0.005873483191813484
2021-04-28,0.0013114896637035534,-0.0007031148372502508,0.004251140361124371,-0.0007796168387496159,-0.0033852423958760642,0.00037666134718443455,-0.00046826644632862245,0.00462900388285316,-0.0014636403510582749,-0.0028101896967561036,0.0024278948745885655,0.004146221253436069,0.008778792118588228,0.0030809945004707426,0.003936117942257835,0.004110448851576208,0.004005314837858142
2021-04-29,0.004789403755794166,0.0075642243572511935,-0.00022068725257706236,0.005844571950960174,0.006402674932712023,0.009013733656547535,0.007725263471452519,0.00848200745845978,0.008168732714892045,0.007999494724446912,-0.007972902053029928,-0.009819843122550242,-0.014896229822419756,-0.008832290357339023,-0.008694818123433694,0.008780651055084309,0.008460109463113237
2021-04-30,0.012333922440587338,4.46287022273454e-05,0.01736765738012328,0.006001512654421058,0.0014144438916218437,-0.006816810626382465,-0.0012252478599437675,-0.00622818262265471,-0.00471077076542712,-0.002883255019436782,0.08013744959907076,0.07031217255219857,0.04998818658499273,0.07889062132318966,0.07357152293074509,-0.006779014098757618,-0.006628774692739734
2021-05-01,,,,,,,,,,,0.03980355255574375,0.04463218750533882,0.015630201517004002,0.038374192121218696,0.03658976158112688,,
2021-05-02,,,,,,,,,,,-0.014113971477798243,-0.012343558045524925,-0.017038725999749964,-0.014632852904197398,-0.01498099101460347,,
2021-05-03,0.01544405454342334,0.008417171009074352,0.012103859279444745,0.010413279641129819,0.010869242497611283,0.00743764494814448,0.00818557997113065,0.007113702904613616,0.006391441044992899,0.0074097840799393026,0.058453226025894665,0.07541480259982991,0.05222762614518027,0.06016950033262905,0.06218333162543745,0.007555063483267528,0.007411599438926483
2021-05-04,-0.004839310008475974,-0.005742910622978293,-0.011068555380682176,-0.004405528420949351,-0.0037591589307171573,-0.002205629241720546,-0.004537065597667451,0.002791517297592113,-0.003540588063211965,-0.003607538171587323,-0.0086335215291681,0.0020397272754084303,-0.06635940216041777,-0.008523978864344292,-0.009835901887650284,0.003355735557041291,0.003041709207534335
2021-05-05,0.045892196771010293,0.004587879780699737,0.027029412033151116,0.0216361021763532,0.010292122345282019,0.006270642447277541,0.0021825370858487773,0.005597355426879244,0.0034349101581100626,0.0025389621385907895,0.2410064826871655,0.16626745735177872,0.11549604210984844,0.2296066344176921,0.19773013873966436,0.006025059719252912,0.006190249328919046
2021-05-06,0.031043948969687978,0.00727989288045143,0.009393631520336732,0.018674103131492217,0.01037858041446479,0.008144083604476942,0.007232431476783346,0.005759882335134736,0.008076722649134092,0.007565332024459913,0.1325943687628562,0.11547610816113868,0.027028098418651482,0.125581517442423,0.10916764485004829,0.006346446075578762,0.006405329300122562
2021-05-07,-0.0034424290476482676,0.000917069008830457,0.008164361891947115,0.0016664975751325317,0.0036290985430140893,0.009758339599586878,0.001275900991156939,0.010195365173492739,0.0076576790340417995,0.0061607869569388594,-0.052621742280351415,-0.03473675584792922,0.002584963809016452,-0.0494867800724376,-0.03964440195768864,0.010054103431856098,0.009784198587665037
2021-05-08,,,,,,,,,,,0.021109443986682713,0.0441181653427308,0.02890495363983664,0.0238251729407069,0.026952645474043368,,
2021-05-09,,,,,,,,,,,0.004464534576347717,-0.014828952046421828,0.02429782477082412,0.0037456796707890402,0.0031728252582093443,,
2021-05-10,-0.01802022494917461,0.0038360402641488787,-0.015199447036835168,-0.008962238311291316,-0.002693467559216036,-0.00416815586662013,0.005261477324376453,-0.0035767332070959583,-0.001981902719945084,-0.00018792658256419083,-0.06965668028978686,-0.05921185299780874,-0.04506912266128506,-0.0689255436585123,-0.06475780407493793,-0.0033233889191497694,-0.003405589729292489
2021-05-11,0.017975473947352688,-0.007503858696875648,-0.0002805816012391119,0.004606315933461165,-0.0016317225928936096,-0.009370387932132964,-0.008427978956581027,-0.00989974507776141,-0.007472191181812415,-0.006616031490706181,0.12497411941651485,0.06195839555840515,0.05081627932483798,0.11660837677147765,0.08802050760594801,-0.010175236614414046,-0.010468240544437714
2021-05-12,-0.05525447615310904,-0.015733902616972037,-0.03962746330694987,-0.0345281825869586,-0.02273164630124265,-0.01579045429726434,-0.013729565857143525,-0.016563942473919117,-0.01627657722115609,-0.016509744380382364,-0.19582912862675206,-0.16415933739103822,-0.11916122197179513,-0.19143268810591285,-0.17722700575691874,-0.016377389898348537,-0.0157550507214649
2021-05-13,0.01849782275138198,0.012514551286617215,0.027058111243703102,0.014318948297119154,0.0135320603771878,0.00860986437106621,0.012381699590537618,0.013485742633253021,0.010341865347304614,0.01246814846238894,0.06058256981134175,0.032160417935178306,0.07637349045934055,0.055935182642445985,0.05339146236408295,0.014033560440742703,0.013796261178807213
2021-05-14,0.023847551264784286,0.002917473973418215,0.00975682757854348,0.01546988985719219,0.009293123069265054,0.013974679855317626,0.0028970186875436543,0.01047341244232184,0.010701561829556594,0.008348344546100693,0.0684505205349063,0.07889634545762114,0.042981669647464964,0.06753570566580737,0.06666689758744071,0.010387955089727799,0.010401302722757246
2021-05-15,,,,,,,,,,,-0.04791199691431046,-0.06849239109613296,-0.01829674421354859,-0.05183022294328067,-0.05085229369083103,,
2021-05-16,,,,,,,,,,,0.00376969816422156,-0.005849474088884682,0.016915758642426445,0.0022057823335257416,0.0017904679014714821,,
2021-05-17,-0.010931679635632118,-0.002120351198610381,-0.012994647341071903,-0.005035866787155076,-0.001677160953622041,0.003747577613446719,-0.0008500738321210021,0.005619511556797137,0.0016830037733254072,9.00627510569005e-05,-0.06943475517465446,-0.06628537590116307,-0.08717668254360172,-0.06956426251225442,-0.06864864998870163,0.0058195023199007,0.0058438902131366256
2021-05-18,-0.004727438543206439,-0.003930323314235341,-0.007790978106990887,-0.004805209183927968,-0.0030890328585309193,-0.009097171754679109,-0.003942631025030604,-0.00883257245627294,-0.006417023214706671,-0.004888566367878294,0.012522522978504431,0.003786550778114569,0.003109594726813684,0.011266651681109194,0.0094657746794129,-0.008849973019275318,-0.008710038175729901
2021-05-19,-0.0655103175117707,-0.003797362128069869,-0.04030003922154322,-0.031279557598982766,-0.014728176109389611,-0.005935456398289735,-0.00015013789123438604,0.0024906488642543415,-0.0034153162076536406,-0.0032111689716116227,-0.3101348275898792,-0.2605106053087162,-0.2395297393085893,-0.3024111079682782,-0.28676938411252084,0.0013098730492221858,0.001505889890577706
2021-05-20,0.02959271108353936,0.01114251302648234,0.027412474661864875,0.019036334229689048,0.012723076538499502,0.008183759709366703,0.009960298162528521,0.008302080386213514,0.00951948297647071,0.009701410729167432,0.15952114886033342,0.15377956418183797,0.15499770488702658,0.1581040781431438,0.1555322190679095,0.007806941027272803,0.007751048660760667
2021-05-21,-0.020847722733069486,-0.0030581352691749345,-0.018115396710424125,-0.00957930545685742,-0.004849740644852715,0.002359981859232572,-0.0018453043466408951,0.0020398070941846135,0.0006726256603097057,-0.000524876584651989,-0.14143591859512797,-0.12069885770421099,-0.12279454921442848,-0.13796296784048218,-0.13203176546802542,0.0022622558648730438,0.0021518890303656776
2021-05-22,,,,,,,,,,,-0.06515879961807043,-0.044696003695866765,-0.03875132921804383,-0.060805348382875185,-0.054090754050072,,
2021-05-23,,,,,,,,,,,-0.11060563193142471,-0.09725483309610333,-0.09031557254734496,-0.10920423674008978,-0.10527502522240315,,
2021-05-24,0.04342141353808045,0.00028126174622587535,0.029430214762893456,0.021275014451913953,0.0085460004264447,0.0060864525345690045,-0.001369630687990865,0.008806067944668282,0.00445508048909646,0.003111272453328289,0.26650338931206174,0.2387153503364327,0.17716300476315144,0.2598326836409779,0.24465661362956656,0.008663840125352061,0.008380351375642822
2021-05-25,-0.0028222198947123306,-0.005571647334437893,-0.004983289481313927,-0.0037211906268042687,-0.005051994522592358,-0.005869998182363043,-0.005628583641152692,-0.005873269818785495,-0.005140708200371016,-0.004850965690956015,0.012343227892361777,0.022276256118193644,0.005020639727393428,0.012922583870600853,0.014174617212814097,-0.006096654459883322,-0.0061626420497661585
2021-05-26,0.01493820957073707,0.0015182037900183685,0.015604144956599855,0.007628804664414296,0.0033003407726127734,0.003776031442801286,0.0008811494161008413,0.004948485028831972,0.0025068906568352315,0.001841432483578636,0.06741164816493045,0.05010231987548731,0.0841294941201736,0.06550744949915337,0.06290428384773585,0.0048976923804045554,0.004928622859763131
2021-05-27,-0.004818460165022233,-0.0050493288535652225,-0.008465180256088282,-0.0032631861265293243,-0.0032909320860010994,0.0024923296656812186,-0.004545271155809996,0.0005444948262918097,-5.6012984787770894e-05,-0.0015946417354457706,-0.04089830475939857,-0.046781894902040475,-0.05385746218822756,-0.04045147611728131,-0.04527601712924842,0.0006681018325373745,0.0007294852134051906
2021-05-28,-0.012979098736480768,0.0005141378992507749,-0.008682117398297105,-0.0043288888108971545,3.5463212055042914e-05,0.002876537334263198,0.0015962677429705056,0.007603369306894588,0.0031537129884721183,0.0029406462215966333,-0.08524567084891002,-0.08819994867031491,-0.08744937442084574,-0.08571549477065407,-0.08531840424858197,0.00737465169663874,0.0071240619008486215
2021-05-29,,,,,,,,,,,-0.05683879164259028,-0.05010146018096951,-0.054643920882285965,-0.05523815848074042,-0.05504727720410408,,
2021-05-30,,,,,,,,,,,0.045599171056158114,0.043484221117929336,0.07209698182224317,0.0450121374235375,0.04829929904642782,,
2021-05-31,,,,,,,,,,,0.08775179669651514,0.08071097694252016,0.09550172731043548,0.08584480749923379,0.08519348564490728,,
2021-06-01,0.001932099105039457,-0.004342001710176266,0.004273192623484542,-0.00026251505245513274,-0.003283943463035624,0.006155867931106327,-0.004300079713028947,0.010454876743014707,0.0008820803766505709,-0.0032456625945262102,-0.019186745025294893,-0.020193479875868517,-0.01986494910517477,-0.01905948092737051,-0.021744244408274074,0.011461587877661775,0.011236843625604485
2021-06-02,0.005871720903786296,0.0012504863061495023,-0.0016296037038106394,0.003976204092747101,0.003710315245544225,0.003969831351910205,0.0011546568274229418,-0.005795709458347898,0.00306985612889542,0.0034867681256910226,0.01562687726546467,0.02326741591168795,0.017787015102209987,0.01696226665514331,0.018666248837009784,-0.005527573454729153,-0.006005593934985083
2021-06-03,0.006960525151493908,0.0043392257215612885,0.007457815520537389,0.0039254440745045355,0.0030460559728962976,0.0015788199979827806,0.004129690521427483,0.0048286796447513675,0.0019266199575181681,0.001872177674030841,0.034247495572000616,0.047013971362357077,0.047063979689658086,0.03624545524868257,0.037489996295253555,0.004951791502597036,0.005018172221917019
2021-06-04,-0.006410127532746653,0.00572302579060867,-0.00223019791627506,0.0022984401617671085,0.004415467919424361,0.006554730938169273,0.005976790714862344,0.006878797415825216,0.006728049263483872,0.005942112800241882,-0.07006971999786088,-0.060969985033510324,-0.06508552268709095,-0.06850926339585836,-0.06640349926347533,0.006464161007389224,0.007160861162410478
2021-06-05,,,,,,,,,,,-0.03136247876888473,-0.02933861824316331,-0.02744962427110916,-0.031292427349285376,-0.03138907463651514,,
2021-06-06,,,,,,,,,,,0.017950404525479552,0.019049012867638417,0.020330483279324855,0.017639901631652646,0.017619400069854265,,
2021-06-07,-0.014677621244462641,-0.0041747464314429335,-0.0074211536368852206,-0.0057157007685741355,-0.002866128317088518,-0.001991456404602489,-0.0038568965167658995,-0.0009372885633082038,-0.001508304448587896,-0.0012898010297859115,-0.081980219573537,-0.0627248543318727,-0.06299456736377111,-0.07884081006280058,-0.07750241116241152,-0.0009237397206867395,-0.0008479125091793917
2021-06-08,-0.0022920555433239695,-0.005300439884639598,-0.0009744955634572784,-0.0036942452625697998,-0.004884102979851427,-0.0025166232777746166,-0.005374352342687979,0.00041685070498178093,-0.0038185408352599676,-0.00434548748444793,-0.0010381124636069134,-0.006559235754178923,-0.006863414827590969,-0.001569771337157667,-0.0031929253527845183,0.0005967849672985903,0.0008649591354593902
2021-06-09,0.006059146717764939,0.0051490078965989935,-0.007551899449015682,0.002766102959181765,0.002922730652496097,-0.0027107162217694524,0.004999818220456441,-0.01492094968434562,-0.0002709462657113019,0.0012865014668256966,0.05651683176714645,0.06921340281395766,0.04218659523557909,0.06072523094571003,0.0671195363228768,-0.015033497228605398,-0.014522980750973769
2021-06-10,-0.004179762112068949,0.008179573567958679,-0.008097020781446137,0.0029050981424283548,0.007376674617314503,0.003564716778577709,0.008322896708075764,-0.003493694143290256,0.005496955425139272,0.00711821480717875,-0.04639135355711948,-0.03593883925627619,-0.0534313922661042,-0.04344845369777538,-0.039714963499504846,-0.003636507566004872,-0.0032727080880244797
2021-06-11,-0.005259946352155204,0.0016433793272698047,-0.0024827439930447115,-0.0020051848654207304,-0.0015414846635197117,-0.0002335275682293712,0.0018541300256420723,0.0010706446154434925,-0.0004053942013760967,-0.0008916911509849783,-0.034209328348716705,-0.019855586253288208,-0.04459295572035758,-0.030095805553178253,-0.02432822942435832,0.0010302003994917407,0.0012739401890284117
2021-06-12,,,,,,,,,,,-0.006958643277384333,-0.019401979933616042,0.007194427904964268,-0.010380292430928147,-0.016667825893536818,,
2021-06-13,,,,,,,,,,,0.061125870919920756,0.07431884077507532,0.059900016628177004,0.0645230475596007,0.06796909643268305,,
2021-06-14,0.000592425451645822,0.0005705356281349062,-0.005388258548485313,0.000601590814484617,0.00039014688568207246,-0.0014199066300114543,0.0005412930862550948,-0.0081883790387038,-5.951469555176404e-05,0.00035471606173096597,0.012509749058359918,0.018453568080197255,0.011473354249382797,0.014062988811913344,0.015237705708712463,-0.00842712331689731,-0.008124656297175353
2021-06-15,0.0005508898589561629,-0.004411860815183741,-0.0035717435795560256,-0.00235443259257829,-0.002728113945216433,-0.00147291081420799,-0.004441711291251534,-0.005914170198864617,-0.003184911368888579,-0.0029658899970008957,0.012393322406613469,0.012633993709971477,0.017557701160260578,0.012221879811621098,0.012620305476045306,-0.005252584758132237,-0.006144117813401034
2021-06-16,-0.01681817719542697,-0.01097102402954879,-0.014667141615015946,-0.012171363565708644,-0.010174256325090331,-0.007743520783867147,-0.01077296913747007,-0.009842637872091237,-0.009251489473477151,-0.009199100777460587,-0.06931794261698104,-0.06582553454394854,-0.07836619709341638,-0.06779715880568488,-0.06573847588639184,-0.00935311005254151,-0.009869261826278461
2021-06-17,-0.005996994018905908,-3.058667373439432e-05,-0.012245673482504008,-0.0035794904984981,-0.000618045416296253,-0.008576267296364641,-0.0002582769569194816,-0.013159838379605694,-0.004346754517275174,-0.0006129368519531189,0.009857307471182545,0.006572316064280274,0.0009305571901135458,0.008640010125848665,0.00922369521970774,-0.013016315682400234,-0.012510429099716888
2021-06-18,-0.021056399023819627,-0.011043743105225507,-0.010974633849588234,-0.016083169056659744,-0.014473569104432676,-0.014980241444400758,-0.010836590599028001,-0.007226698327674742,-0.01390084832848568,-0.013477964928961268,-0.0577300379138905,-0.0577476355112036,-0.05287135650254579,-0.057828830772772434,-0.05838645054443703,-0.007251018418862736,-0.0068826236648431224
2021-06-19,,,,,,,,,,,-0.019957523844990843,-0.013945543103220218,-0.020948062924466528,-0.01832450093713309,-0.016872840766685347,,
2021-06-20,,,,,,,,,,,0.010979299105752944,0.010712184551156221,0.023755969300998832,0.010431886491598761,0.007966251448141032,,
2021-06-21,-0.011228076069733542,0.009692845818992228,0.004518508245180541,0.005325956862914296,0.010071848232693165,0.01678714014012788,0.010471768592990203,0.020061031938882215,0.014305518013527833,0.013008320071025007,-0.18768992112529975,-0.15103247232910305,-0.1716186869507797,-0.1792975349380373,-0.174101053159524,0.020099637118599585,0.01983968762294509
2021-06-22,-0.0022507126393714275,-0.0011989775800275277,-0.00017517388447769468,-0.0005303182709787131,-0.0004652871369844717,0.0015589372176139633,-0.001037927378452651,0.0019957757743997587,0.0006247033574092683,0.00010105905998929253,-0.03174343261638164,-0.002685750621042612,-0.01940945987280706,-0.024794003673200907,-0.021517731828439295,0.0019985983492406523,0.0019835059442385697
2021-06-23,0.006043867928924043,-0.007056373823037489,0.004062094856319709,-0.001940600420096899,-0.005232833590969682,-0.0032648221050919435,-0.007274934608644952,-0.0006834551832689582,-0.004953706240918725,-0.0062047549515817455,0.0818916449508361,0.0589723595517199,0.07620807333332502,0.07614174141788041,0.07154868401378588,-0.0003510547955180536,-0.0004853997741147496
2021-06-24,0.014283745514719486,0.00554883265315286,0.013553508717352943,0.008482373980196512,0.005835647879014782,0.00805398133996189,0.005002319681271808,0.010747815103912595,0.00632186045750626,0.0050200176497925434,0.060706007935480304,0.045605687690098734,0.04284674868194016,0.0573457069591231,0.05648943500155268,0.010514725337166117,0.010416058038646453
2021-06-25,-0.0029970768460659144,0.011140116663623807,-0.0058091616300346574,0.004498257185866063,0.0079209713081882,0.007776346214146105,0.011649733348716752,-0.0005661575096509426,0.008172441858393432,0.009082070341804818,-0.08012658694113757,-0.08287611448545529,-0.08123767925221151,-0.08052406021863785,-0.08042610145276194,-0.0005669054339741761,-0.00056027484352558
2021-06-26,,,,,,,,,,,0.012000107318303649,0.012890422153833965,0.005025807820626608,0.012325652862117535,0.01326693554277289,,
2021-06-27,,,,,,,,,,,0.05398666620402333,0.06911484939101825,0.07098039883229557,0.0569588863786289,0.05823158475108522,,
2021-06-28,0.0002868634886845846,0.002059740256668062,0.001088526651561375,0.0015613420212354091,0.0014069559727057294,-0.0019288688029264647,0.001995242953128591,0.0016891552886129048,0.0010722344468446277,0.001351526285611034,0.01783018959553724,0.012079238110415554,0.01790545371933565,0.015785762261560234,0.015293832654561487,0.001380296799062315,0.0018748867728168865
2021-06-29,0.008056440129902696,-0.0028888951133712996,0.013575406529509195,0.0016260073530025077,-0.0006637471809274926,-0.000287545213088689,-0.0029591533916946415,0.0061806870735086825,-0.0009049676463637275,-0.001097964792863896,0.07125338589155049,0.046746798782269366,0.06392342836232176,0.065938174883328,0.06682797914955152,0.006025253593217099,0.0057543675595529585
2021-06-30,0.004860100399554911,0.007115095139338673,0.00399071865925238,0.003643207350162488,0.003969033083436141,0.004219853898124078,0.007115916016238544,0.0036169836409561183,0.0034950391855436496,0.0028041825623262443,0.009715609694382283,0.006667478956350595,0.025795818358012423,0.007390971467981741,0.005222400269421659,0.003715644930324758,0.0033275823150035796
2021-07-01,-0.0033192767515803833,0.003313492831160181,8.132877744984222e-05,0.0027512838551861027,0.004660980665671357,0.006588444236266209,0.003530961442179876,0.0035031029172046656,0.005526111127187051,0.005342988247044683,-0.052857881690813346,-0.05160505567137469,-0.05538291320356374,-0.05202180000907852,-0.052532611438513135,0.0036088596418536473,0.0033702838075230328
2021-07-02,0.004222600044422799,0.005168933932040918,0.004707891361767303,0.004559957879408303,0.005239279153541498,0.0037589984151255055,0.005109865362998711,0.004178427118187795,0.0044154907869495075,0.005084101690889702,0.0066860954046165915,0.01678124734036095,0.025261748518073737,0.008073183813770472,0.008353034971438545,0.004265249471961965,0.004341114511225485
2021-07-03,,,,,,,,,,,0.022580575165100043,0.02303715117399526,0.027067055921185076,0.02249064330133802,0.02403008493124508,,
2021-07-04,,,,,,,,,,,0.02193925610721183,0.026286132833567035,0.02994212332871288,0.022433318834943233,0.021214627672158065,,
2021-07-05,,,,,,,,,,,-0.04748763759147955,-0.04574955173909955,-0.04485780825026797,-0.04694624680853551,-0.04682505606099224,,
2021-07-06,-0.0044563689821470786,-0.001891886277636306,-0.0030280467520083726,-0.004016340032540455,-0.0029191531665461222,-0.008705132818467135,-0.0019085371128494176,-0.004203920162429725,-0.0051270605016956895,-0.003303457491965157,0.01814720806521399,0.025594101327977153,0.02896329363177224,0.018497910071082115,0.018394362959415683,-0.003130257145420381,-0.002587201165951252
2021-07-07,-0.0020641501185457546,0.0023920261633372233,0.0002559689902609482,0.0009550918749245851,0.002663982822151784,0.0001473798852486552,0.002400114188056009,0.0019310763053436899,0.0016337110273922978,0.0033393020662637815,-0.013438759111609203,-0.009145155962359913,-0.011750644752883491,-0.012808767197845076,-0.012898279103324892,0.001036220989320853,0.0007718616501483126
2021-07-08,-0.01382753806143881,-0.005207406866125265,-0.012307478695442171,-0.008345105747249294,-0.006089663704811905,-0.006891177591098055,-0.004932782157897783,-0.01084095424089641,-0.006400772540584422,-0.006123558298291354,-0.05013691830517991,-0.052179622338416325,-0.06318656405221275,-0.04918746486780405,-0.0479607256608036,-0.010294230392845513,-0.010204493548295362
2021-07-09,0.015066358575065747,0.0069109972731349785,0.016878994085987562,0.010681239002398119,0.008336071483175516,0.011886116594822253,0.006903340959598225,0.01708923517843989,0.009742332647940291,0.008584843638060174,0.03211209925567648,0.01988244482881279,0.01454714667451584,0.029831171563780602,0.030183259149660205,0.015928545869837007,0.015958841962184805
2021-07-10,,,,,,,,,,,-0.01645224974023969,-0.011625678837670685,-0.013506751709208023,-0.015206924210058804,-0.015248310002148192,,
2021-07-11,,,,,,,,,,,0.011145169885343652,0.015096674377764255,0.012162381916788886,0.01181797488225737,0.012605473608271182,,
2021-07-12,0.0003629499445549798,0.0021109604667331546,0.0061283028761509,0.0027521461611690464,0.003028919975183876,0.004306081787775152,0.002274873320055617,0.008419985686207615,0.003945664080484246,0.0037380215168902548,-0.021138746977014573,-0.03397281306222756,-0.0356495293641733,-0.02308543719281445,-0.023813932727189322,0.008281516933343403,0.008414564327774293
2021-07-13,-0.009152874003879208,-0.0028457884196843187,-0.010988162626031774,-0.0051015048512075825,-0.0025113391542711735,-0.004758785672821968,-0.0027778871947328056,-0.01049351686122801,-0.0038029663084826783,-0.0025729746024525735,-0.033091580497293105,-0.02681640783935318,-0.0400551944756445,-0.031183756995219074,-0.02969222611671486,-0.00988115504284396,-0.009879913644858594
2021-07-14,-0.000296711698232836,0.004100151987641384,-0.0012864780821554881,0.001537837891424987,0.0032727428023963355,-0.0011872127717577215,0.00395458046441817,-0.0019583112001501438,0.0012642016206255405,0.0032102355487018926,0.004873767237775257,0.010519654441477552,0.009947949441801517,0.005385374842305621,0.004818538803062841,-0.0018620852680916327,-0.001648660552918014
2021-07-15,-0.005926915110478166,0.0013687109790418183,-0.004549387881518949,-0.0008980098648833919,0.001607698918863693,-0.0010231912264077685,0.001585622749088134,-0.003341417338255541,0.000485328081208171,0.0019238909670712357,-0.03359344370394679,-0.03582249954042062,-0.03831482825728531,-0.033823105491584016,-0.03569968236326191,-0.0035117113794123525,-0.003486468086752436
2021-07-16,-0.011255169923300707,-0.0014584276203437451,-0.01345988847103877,-0.005910303771154494,-0.0034124259674659574,-0.009047969358912363,-0.0012835669321784125,-0.013498479874489395,-0.005238118492303223,-0.003491150884832551,-0.024211746396026197,-0.019919096311549915,-0.028662983556545965,-0.02358084847653939,-0.022958427003405193,-0.012597993529986376,-0.01235794767304187
2021-07-17,,,,,,,,,,,-0.0021712537709931467,0.004507650615306415,0.004024814751823618,-0.0012224560575843804,-3.234665954888165e-05,,
2021-07-18,,,,,,,,,,,0.002845497434809492,0.004254167206222909,0.005719856392635387,0.0032397272041859593,0.0036950141017830776,,
2021-07-19,-0.02163117561208524,-0.013874435931506092,-0.013259516018966397,-0.01609410929031449,-0.01290986004723053,-0.0169820696934967,-0.013615581114768877,-0.011503102098238667,-0.014656033962354669,-0.013990684034206797,-0.04873779067684788,-0.03891453697806624,-0.04069523322710056,-0.0468328328816084,-0.0435754432074417,-0.010614025443027206,-0.010843382262316107
2021-07-20,0.003822373440704012,0.0052961461367786785,0.012423691512888437,0.006859850137749591,0.006658282415544807,0.01095352150457917,0.005612400413791989,0.014152875436390683,0.008769937271021797,0.007421494065575535,-0.03978059603760933,-0.03423336453679932,-0.038744316318028556,-0.03910742583973274,-0.03981043654114953,0.013562720763065576,0.013639069761946874
2021-07-21,0.019475689775563694,-0.0014720832054303781,0.013002547212918181,0.007881434503293887,0.002592677372436876,0.009476477867411277,-0.001786105329319725,0.01014003549372648,0.004990126621098018,0.0030551542631274296,0.08403755994558004,0.08988284995218551,0.10308909847456363,0.08454865559760236,0.0836537434409831,0.010009918567038766,0.009647394204895438
2021-07-22,0.004038689909869517,-7.467694343737659e-05,0.0016728072544826787,0.0004827434903064542,0.00039807786902769013,-0.0011833126287486297,-0.00021030144307675116,0.0015237365003554673,-0.000733897623078499,0.000515728843732619,0.03456012906450562,0.014282519826925348,0.015041019196744387,0.030747925333914385,0.024330530862226196,0.0010752776186001315,0.0011073150232702523
2021-07-23,0.009003177527418568,0.010338163808659854,0.007853222428047861,0.008204413872301086,0.008636076615249942,0.0053920726524787545,0.010363247850952086,0.006903710590316105,0.00717257907201226,0.008269138140376832,0.030094808999921736,0.0365870313816241,0.03685485167501062,0.03112600347435246,0.03275282534630884,0.006922141215102457,0.007018525471602625
2021-07-24,,,,,,,,,,,0.020183893518800428,0.024549966526005655,0.033122664558081445,0.020765526920920655,0.022937066043957288,,
2021-07-25,,,,,,,,,,,-0.0010969836537202892,0.013900322095128068,-0.0008828001553057325,0.0022100224640298357,0.005511858433101797,,
2021-07-26,0.008081528935874056,0.0010418856013798224,0.00344599439838468,0.004094191643719295,0.0014902776235975635,0.005263367379403112,0.0009770743198384646,0.0023657217354967623,0.003107708962654587,0.00197205914932499,0.02440045544978696,0.03475546457736528,0.022596239817520368,0.02723953520840624,0.02979111507324213,0.0012966133429740128,0.0011565893098806658
2021-07-27,0.0025721215462906734,0.0015135195332337094,-0.004621746700810952,0.0011227414196141032,0.0014113305842384637,-0.0018026140060781425,0.0013906367271259057,-0.00608742519766514,-0.00030226359595006413,0.0011426652291178778,0.027187915098256785,0.038873720458967614,0.025907686964284252,0.0298746184790033,0.03298414892139112,-0.0062310926204578,-0.006143084947221038
2021-07-28,0.005801781497373433,-0.001198036675357228,0.0031907949229220264,0.0015183731071327158,-0.0011987592254485099,0.002008152787671694,-0.0011115089036332103,0.0034586683184065887,0.0006281720112822276,-0.0016339355592126942,0.025537003755347284,0.010351675576875396,0.003235487816054129,0.0229774264958591,0.021571026479785916,0.003286149900740024,0.003132393317487209
2021-07-29,0.008287916243945016,-0.00037545264132170404,0.008350991802617449,0.004864310021173279,0.00304347626091418,0.006309618739833487,-0.00045356826629643684,0.009206844629449058,0.004362081946745141,0.0034015221909942535,0.018549160082925314,0.014303396890891898,0.014980841694084156,0.01698748584819162,0.016380077920710882,0.008275725982591972,0.007900975787067296
2021-07-30,0.0002946503033161875,-0.0030676630891086857,-0.0006345006529414783,-0.002617674678661312,-0.0037399461037462118,-0.005238942743134161,-0.0032376627774618914,-0.002432225641220459,-0.004192539962850236,-0.003978712511051523,0.029352877607582567,0.041089141727030765,0.03230494411670627,0.031987003426243096,0.03462913066619598,-0.0028910217461108586,-0.0028408011805422387
2021-07-31,,,,,,,,,,,0.004510025780067699,0.004247725550645622,0.013791909523492334,0.003402494023872753,0.001512428662338626,,
2021-08-01,,,,,,,,,,,-0.022758807451950847,-0.017030668026848265,-0.009615106887100832,-0.02275637099023506,-0.023653056270967317,,
2021-08-02,-0.0004144954999887856,-0.001174447013475355,-0.0018466129941647285,-0.001127888230565584,-0.001684073324115571,-0.0025946151195928866,-0.0013331091517758934,-0.0018553370014505956,-0.0016521346504751644,-0.0016799892347907938,0.010521937802251365,0.0009788865605795446,0.002919058158554661,0.008161795541551125,0.007998581010156474,-0.0006255353210702151,-0.0008007636097256811
2021-08-03,0.0028288713338388777,0.000968047030147445,0.007405897491284572,0.0038243294882559504,0.005347583922708983,0.0065430526409699695,0.001225921594754576,0.00984810659840327,0.004855995873922715,0.005639138113708584,-0.015478056559122051,-0.02156991926864905,-0.012015286687250711,-0.01628447002082229,-0.020196452938079174,0.008964366706165672,0.008390293189928889
2021-08-04,-0.0007458405075578152,-0.007515374186181995,-0.00017228267485617577,-0.005103088688422932,-0.007432288120743886,-0.007947856433161217,-0.007808167355764235,-0.002663474868246047,-0.007094702188203113,-0.007864141764010077,0.035792952790395974,0.05261976665381917,0.046328742598550354,0.037634097758825896,0.04067308450785745,-0.0025713746199366267,-0.003080557391626434
2021-08-05,0.006739600736358058,0.004688837338656406,0.0070845680993761335,0.005223918505062636,0.00551549508908594,0.004729711210361382,0.004449694906794222,0.0053226469054394755,0.0043700757535282235,0.004860057318572622,0.016563109631113317,0.028942010341916215,0.022903192455803044,0.01822926525608476,0.020624687712969818,0.006553649148006269,0.006718570703172338
2021-08-06,0.006646527998350582,-0.0011887384168983513,0.004710605012360664,0.002453818176586407,0.0004393437443606816,0.0033489065998157383,-0.0014282451361789872,0.003779551623311328,0.0013428309585920822,-0.00012058533127711537,0.022344138627975095,0.03126913512258732,0.022465571209558284,0.02428697299306739,0.026494694671344445,0.004096022025248791,0.004188791620717624
2021-08-07,,,,,,,,,,,0.07046284962276333,0.059995466212304456,0.07496159378587183,0.06771625989234441,0.06679226962943899,,
2021-08-08,,,,,,,,,,,-0.045006426315019735,-0.03260808652984245,-0.03623614840261221,-0.042329645384225734,-0.040760815808309744,,
2021-08-09,0.007315313599437626,0.0009775881356985988,0.006829817948301343,0.001191695052832291,-0.0008910715295718048,-0.0025267697335256945,0.0007677595267002276,0.0051009676603652075,-0.0016142237644025947,-0.0012091077210300252,0.05321713411367008,0.05186705286416745,0.04544146766148016,0.05369203593837592,0.055177262636394504,0.004095699966205756,0.0048293733459002074
2021-08-10,0.008603524619973688,0.004668724056408772,0.012791881986914905,0.0049138467112984675,0.004216347974284468,0.006358216606883075,0.004692451585276691,0.015193743043729132,0.004336646377168924,0.0038707092578367515,0.01865412143785987,0.006233958333824393,0.032534242724509006,0.01616135532836581,0.007584976042928521,0.014099104030407782,0.014142212624208048
2021-08-11,0.018826363374261884,0.00509068054135464,0.008526857705302194,0.0102333682092586,0.007062271704546446,0.00872425838958547,0.004351579902184071,0.007317584066358497,0.007404001703435823,0.006642196391322691,0.06303866999996552,0.031770425307440474,0.032449723879663266,0.05689586593592414,0.050752509096595844,0.0069076067053780305,0.00712091515089625
2021-08-12,-0.0026252192063192835,0.002788991326485698,0.00440989653671944,0.0012039804348333116,0.001977732204157608,0.0018867578823303023,0.002715351725098152,0.006100225531709479,0.0024900361135164768,0.002278619607907429,-0.021396857726831815,-0.02001103087804634,-0.014588455297193381,-0.021113576355424962,-0.021781091361034358,0.005173465361090241,0.005434221957754223
2021-08-13,0.02012981743766485,0.004282385427164183,0.004876011280219312,0.00796079714439174,0.004923419878197204,0.0010013830616489106,0.003835028835897183,0.0011187911550670524,0.002604133377210713,0.00440522915742593,0.10170474778721936,0.0929639739195266,0.11380419480778504,0.1000933934969964,0.09371539970025283,0.0005888239626994599,0.00014108020950018404
2021-08-14,,,,,,,,,,,0.04765728939512953,0.002243547733497716,0.008298007232507839,0.039587829119362136,0.032584649590323485,,
2021-08-15,,,,,,,,,,,0.017884584242388875,0.0045174400438203815,0.01617730408724001,0.015644808500651954,0.01820780690577295,,
2021-08-16,-0.0102064178900371,0.006471097659029075,-0.0015615998960935165,-0.0008523346630915941,0.0036538072245622354,-0.0014171066135067875,0.006817983291419284,0.00018602736144879804,0.001725644113900626,0.0038365391889537167,-0.045386548201094445,-0.036137564619896895,-0.044494051266833985,-0.04349898144250597,-0.04218111567475126,0.001180024070759374,0.0013337205256080567
2021-08-17,-0.017326910114011038,0.002126043980638195,-0.011980697743239694,-0.005945463226617476,-0.0018979478504786602,-0.005470573643860242,0.0025541549095757176,-0.010390122544258269,-0.002542214563422276,-0.001641748671172805,-0.066262921474161,-0.04546763966238434,-0.05958588294815999,-0.06266037312140671,-0.05914753236129511,-0.009276265981818096,-0.008720683708546513
2021-08-18,-0.007485685653352496,-0.010878228184241728,-0.0056000956628508665,-0.010530468263219466,-0.011412152570461045,-0.012675200259877301,-0.01093470057587087,-0.006125151617821554,-0.01198910652529967,-0.011521969322436454,0.01538536588130484,0.013815197720808022,0.03787758417731358,0.015014521706222826,0.009758478475666313,-0.006727481484809929,-0.006435516131001625
2021-08-19,0.00893863188549058,0.0016534265891169756,-0.0025327854845057125,0.0022980916559572247,0.0006222227850810119,-0.00447328080450753,0.001373786793088055,-0.004857230486244055,-0.001337804833150473,2.2897281955862e-05,0.06510466016680454,0.06205747585781789,0.08813192587477381,0.06437957830607317,0.057108476760373436,-0.005017495739528812,-0.004736566331357091
2021-08-20,0.011897565649129091,0.004219245087000331,0.010962315784165023,0.007440908113088026,0.006065280860686761,0.0054841915157974735,0.004078178541163974,0.008725388141468652,0.0055949267652929445,0.00552439379482054,0.03682903786073069,0.0373828650923244,0.030191921479172004,0.037476247824791684,0.03951943575954344,0.008302667200842488,0.008025384928054762
2021-08-21,,,,,,,,,,,-0.023942933665413862,-0.015695764303638015,-0.015408015245699697,-0.022422346056934796,-0.022058060021747213,,
2021-08-22,,,,,,,,,,,0.022268585317769245,0.023773536084039794,0.04861393416618865,0.02275850518992803,0.01693300222990282,,
2021-08-23,0.012504528730857112,-0.0012065747816255314,0.008798301521007131,0.006135094075631631,0.0027312403094045144,0.009680123750783089,-0.0013523937932937327,0.009907151516175888,0.005314903614096722,0.0022033295819911852,0.023892907468608608,0.023939553043433696,0.04051018156374602,0.023422722250359206,0.01907717511418116,0.008362543813441693,0.007668744011042827
2021-08-24,-0.012694146727758468,-0.005508129005989045,0.0005650995711345614,-0.004940518578285964,-0.003431666722865795,0.0020043639405780338,-0.005068648313994624,0.004536218166741209,-0.0008290098525159035,-0.0027123916354379963,-0.06837301979596562,-0.05025086072779557,-0.05750056393902966,-0.06527371626408232,-0.0629914433191007,0.004221537352549672,0.004004369474516413
2021-08-25,0.004514588789403151,-0.0030004389252662757,0.0020793335398507844,0.0004704112846449028,-0.0015752427022254075,0.00034303500431423473,-0.003250805472809421,3.239671765569796e-05,-0.000902338370931154,-0.0021549978234509715,0.021042778331537268,0.021011147175396597,0.013231974454493098,0.02108082783491608,0.022353402380592136,0.0009135322435048156,0.0008897630736211522
2021-08-26,-0.01813169968994708,-0.006244924967696562,-0.009740960628722102,-0.008998372679592642,-0.006133740471784195,-0.006980986363108577,-0.005921159154833662,-0.007301081784139171,-0.005813547160454952,-0.005381866374900136,-0.06272903909830156,-0.04857976184798092,-0.057159594213341006,-0.060324705520470145,-0.05751723686142007,-0.006817822975306623,-0.006368526740591855
2021-08-27,0.023798953550937738,0.002240341161394807,0.01311663456930412,0.01155023486926272,0.0058496107786744165,0.011113697746322985,0.0017874384459026856,0.010750461391274998,0.007840383798748173,0.005189247696782062,0.07860740616821743,0.07046732771515965,0.10048949447711063,0.07681415244210815,0.06897079925861452,0.010167712018249628,0.010189409278174142
2021-08-28,,,,,,,,,,,-0.012880261856615812,-0.00986544075433494,-0.017259426403062886,-0.012131579733069367,-0.0087919773162968,,
2021-08-29,,,,,,,,,,,1.8198130666776096e-05,-0.0013385843851765348,-0.0018636190154544987,-0.0001770844162625781,-0.00018769145137914655,,
2021-08-30,-0.007717018870763672,0.003636120678051704,-0.0004713724929002903,-0.0008222481307101286,0.002191501273761855,-0.0008508688526370066,0.0039251546793511866,0.00191221983752866,0.0012545913180222776,0.003096320692665655,-0.03464356349668349,-0.02678490175320656,-0.028671921977600236,-0.03398439621951624,-0.03279919103826823,0.0010107105491206857,0.0009305726023600585
2021-08-31,0.006168923814696463,0.0038207026166129,-0.0025386910346605,0.00250457481763852,0.0015413907992812103,-0.0005868884250815777,0.003604560112833935,-0.004259981314700814,0.0006247223042499509,0.0011622224359356835,0.033953656031245394,0.02820956749815648,0.028807865815732775,0.03170767039227011,0.030778695309343365,-0.003341622673835533,-0.0025264167677485003
2021-09-01,0.0075310676994891764,0.0010621546332172296,0.0047373546404183686,0.002895420797211389,-0.000256724411081378,-0.002052550198318417,0.0008195049796289309,0.002058057718628936,0.00023645051051234336,0.0007185030429936897,0.055449157188527144,0.06578678572756387,0.058477011429306294,0.05562968504709409,0.057269397076744694,0.0035029126171078834,0.003194568219573304
2021-09-02,0.007683129462112262,0.006281759124107705,0.0039011201575192625,0.006182065115349577,0.005171703008088138,0.006855141706756001,0.005984879001199774,0.0025165400404640065,0.005756418220701984,0.005254243803430826,0.011597521090060684,0.01234042686095731,0.009915380670794813,0.011873117243584246,0.011146602994429057,0.0025198785528676585,0.0025005030643856004
2021-09-03,0.005255146579100716,-0.0011694896761142016,-0.002913139147042116,-0.0003415836477918135,-0.000783755113563927,-0.0034854095979250455,-0.0011897505654478138,-0.0036446118838579056,-0.0026035884320294027,-0.0020782560796177257,0.04638324818859847,0.028085337915436506,0.017467207317359904,0.04401281198411153,0.045830167786520416,-0.0033301552577557083,-0.0033891400375948753
2021-09-04,,,,,,,,,,,-0.009982250785505353,-0.008815149659442065,-0.024135321398675576,-0.009639423469380098,-0.007795444861289264,,
2021-09-05,,,,,,,,,,,0.05728278859763468,0.03226101812551485,0.033962512123479865,0.053945983121922,0.05328955178198165,,
2021-09-06,,,,,,,,,,,0.005332121877868979,-0.002686097142609846,-0.006556800184648896,0.00398868785112776,0.0013107210668385338,,
2021-09-07,-0.03887100606009322,-0.015231230070563073,-0.018631322183355066,-0.01931115294390676,-0.015538223346186581,-0.010039107318296967,-0.01378475121349651,-0.009549429004944206,-0.011255812235869172,-0.012986472220691585,-0.16918104782461926,-0.13206692523668112,-0.13206060310511586,-0.1627852357886283,-0.16027546064698062,-0.010372855964327172,-0.010146944983156226
2021-09-08,-0.001482358603031852,0.0052103817599303305,-0.0014069853636157392,0.0014044381143554793,0.002512853933417199,-0.001964255083443876,0.004546628480276333,-0.002653228968369781,0.0010116717901817432,0.003696458052220775,0.0004560030533264786,0.013268050915651667,-0.005412344402690305,0.0014694623078272372,0.004248464894650567,-0.00034920966200313055,-0.0008425281306936295
2021-09-09,-0.004918432983998439,-0.010959457493537151,-0.004992993148255854,-0.007642420816207456,-0.009992329064490693,-0.006293044893125629,-0.01093649111484631,-0.005623769874771137,-0.008002185269133237,-0.009396569829616334,0.0024288129228746368,-0.0013375058271311692,0.004395399296245757,0.0022719627393770533,0.0017211566727557742,-0.0074320039478006075,-0.0072614644783286055
2021-09-10,-0.009854849916388348,-0.007286117717983411,-0.0065765755024736715,-0.006289373715394397,-0.004216090752014115,-0.003748525331430732,-0.007006245663717747,-0.003674918707480805,-0.0045080942492493345,-0.004410203252052461,-0.041956373473458486,-0.04153375760773116,-0.04808703839297804,-0.04145976717627612,-0.03999962374561429,-0.004330706350589003,-0.004194619907358558
2021-09-11,,,,,,,,,,,0.02934661779993332,0.026996859811181148,0.04770771005130073,0.0285662362588949,0.024969559326297915,,
2021-09-12,,,,,,,,,,,0.040695432862280605,0.05132352553361631,0.008343993472607765,0.04066875299774566,0.04626730881543225,,
2021-09-13,-0.0020669330450443623,-0.0008263082776349268,-0.004560127212795086,0.0006506898013240656,0.0002884699731992244,0.005462647442534112,-0.00047443727598113917,-0.0026269451634478164,0.0025397113485255947,0.0014351564203183187,-0.043654446029462016,-0.04047190746411399,-0.04770371835572348,-0.04254901848990289,-0.0409426468916353,-0.002590405062889457,-0.002640448727789591
2021-09-14,-0.002197167554155135,-0.004815922008197294,-0.009068054660106482,-0.005730169064873697,-0.006955074511417254,-0.009581884755736054,-0.005589977142276802,-0.011533243925390017,-0.007945808541810933,-0.007645210072167768,0.04188838917185747,0.05643959820442784,0.023782118519323183,0.0434856014573515,0.04796902186387743,-0.010320491926814432,-0.010575645825729597
2021-09-15,0.012506311531714252,0.0029205007039529423,0.007372311400553375,0.006809695266362642,0.004743426297470083,0.008668950899265367,0.0025322022419715902,0.0060776023191208015,0.005559184712853282,0.004275596185583109,0.033237122993513335,0.03375477640400272,0.039604017353934005,0.03283300414851982,0.031811151635170704,0.00546799868832553,0.005741485766890183
2021-09-16,-0.0077474298618725405,-0.004932488871505289,-0.0063945073601048424,-0.005619535326332137,-0.005186649550224179,-0.004967130913694056,-0.004644508493730353,-0.0053541815227843535,-0.004775391691024552,-0.004550413733970758,-0.0229956954962776,-0.018338716220217117,-0.020055828076973408,-0.021950680527925065,-0.0208873711215455,-0.005266277066356394,-0.005215006406230141
2021-09-17,-0.014290287596920439,-0.008641352073485495,-0.01696408789939615,-0.011863462872719761,-0.009650522444435242,-0.011456549406665743,-0.008104830564566989,-0.016831656552950318,-0.010958873974488885,-0.010292655226737078,-0.030351747066181142,-0.040803951398552515,-0.02862557319865733,-0.03115740197655056,-0.03228172118435439,-0.016311396942474188,-0.016535003418632063
2021-09-18,,,,,,,,,,,0.014803654626692803,0.013900642583320614,0.012929597221813437,0.014776810731584482,0.015132128670059326,,
2021-09-19,,,,,,,,,,,-0.036275231539318914,-0.025246893541602422,-0.03085053428371306,-0.03411915457589208,-0.033019238212678284,,
2021-09-20,-0.03197326112246704,-0.009988792027614653,-0.022253805276677016,-0.018031488892772715,-0.011806301605548852,-0.017153708495714313,-0.00944152754222305,-0.019337145200807253,-0.013964543244207282,-0.010979578088037758,-0.11455086799587907,-0.10517983513672927,-0.10203733246182461,-0.11235351023276847,-0.11223892054977302,-0.016109177566820482,-0.0167594378720066
2021-09-21,-0.009154325818808665,-0.004193422238710747,-0.006306384328914861,-0.004229478357723052,-0.0016995601552417562,-0.0019734950395553274,-0.0039773775104631585,-0.003832637255423334,-0.0022790612558315298,-0.0021531386881467134,-0.053066491620967784,-0.04978655565957396,-0.050732014326456576,-0.05243242465533355,-0.05239162051888703,-0.0031518531362399165,-0.003253465600692524
2021-09-22,0.022285279756503518,0.0009735582497435499,0.012820606179854671,0.009105798540569886,0.0036218166081445394,0.009012739936000476,0.00033932738188271577,0.008361846688217909,0.005411962057106549,0.0030428593780559197,0.1084500959645397,0.09823568845110736,0.11444552827001345,0.10553170259055034,0.10234203631092889,0.0061627712063420355,0.006352556695840641
2021-09-23,0.012227496358637187,0.003215980668023294,0.009017122507828226,0.007944100229174552,0.006106878802996691,0.011529630846185374,0.003259358807723655,0.00877519427205311,0.007706247637104302,0.0052744306099752405,0.016122493568748304,0.022898363239111798,0.023692187450041313,0.017473658120259472,0.016761110728472646,0.005787556985809541,0.006162859630540474
2021-09-24,-0.010972191812396115,-0.0032583609576176753,-0.009477127251973357,-0.005595871402743429,-0.004693758269212232,-0.002247202793513517,-0.0027417889286139416,-0.0070298606043613645,-0.0032081193561441777,-0.0036268899690961856,-0.06274024907945294,-0.056454308516776894,-0.04550254840363594,-0.061184549680484535,-0.06203762315149279,-0.007458365100933073,-0.007204102135861104
2021-09-25,,,,,,,,,,,-0.004623144202073936,-0.004633592988635753,0.0014637961552636854,-0.004488764273650977,-0.005003235158552435,,
2021-09-26,,,,,,,,,,,-0.006632740083067718,0.0077521613310569774,-0.004426308431633153,-0.004572289072996444,-0.002734082731637402,,
2021-09-27,-0.0011300515451713139,-0.0035230125435268484,-0.0034628383476523663,-0.002207865044354656,-0.004926447049678022,0.0036372158958625812,-0.003543446257104883,-0.0018484416700744696,-0.0010522253917604008,-0.00410202457510688,-0.030804181885445116,-0.028810451980931233,-0.03252573598191588,-0.03024787404989614,-0.029334039760752717,-0.004578702911078484,-0.004161570770160423
2021-09-28,-0.01393146762526241,-0.0057856221352072116,-0.011971640088951716,-0.010887409196577588,-0.009445489159993561,-0.0109497376300456,-0.0057061522577712825,-0.012156914646159261,-0.010218290232860212,-0.009909609400042802,-0.03321084554869752,-0.03522050015023277,-0.03544519088218504,-0.033230730820169904,-0.03223863506914195,-0.010151986350569756,-0.010267183555556045
2021-09-29,0.006598131310457014,0.00881927563718516,0.0011347405983885173,0.006418606166697559,0.007048606542859026,0.0038438323889387407,0.00855130204592421,-0.0004900875317911744,0.0056026148659531535,0.006864481179423388,0.025318513427584656,0.018522034064061818,0.01408846862746864,0.02396893800288928,0.022727479471729626,0.001090468183167866,0.0007613645885748727
2021-09-30,-0.003551444615864401,-0.009220373615116122,-0.01088880470746706,-0.007821293812051811,-0.00910712866829741,-0.010301100036886297,-0.009479952140730288,-0.01293617972936622,-0.009557253907237766,-0.009788660429333317,0.04035634165545934,0.04840907942311848,0.03809355790210123,0.04190745222033947,0.04397551734120285,-0.0131772943293234,-0.013254901421130264
2021-10-01,0.024591481632230426,0.013268987770023288,0.015841544716666888,0.013571969742053379,0.01021960528532991,0.012342170182835961,0.013269123290428335,0.008909792134246936,0.010320786475604941,0.008100474017285761,0.08583803887920277,0.09068584160629087,0.08804482905693846,0.08660311966797023,0.0877520422602023,0.00809804386188055,0.00834233132853068
2021-10-02,,,,,,,,,,,0.013205110179119484,0.0036876733821519132,0.007635348839679569,0.011278050332736232,0.009004643713789428,,
2021-10-03,,,,,,,,,,,0.015996784410448606,0.008822627834630965,0.005378721801839037,0.014687805426667746,0.015574159801357526,,
2021-10-04,-0.004810819522684348,0.0022105810266801764,-0.007417287495797416,-0.0022297552822062396,-0.0013479166806273325,-0.0026742703526463794,0.0022116467754180816,-0.00829296014895464,-0.0018966021287941171,-0.0014583883982222951,-0.014842439426198555,-0.00187345671007517,-0.013313625309859198,-0.01241968344090763,-0.010294583050594476,-0.008151912135047895,-0.007765025700548775
2021-10-05,0.011483188086450932,0.0008185050180797493,0.01049733162151386,0.005420202886853228,0.002034806494502916,0.005617750743428091,0.000817164187884471,0.01016579165806166,0.003976524310424581,0.0023242596185289897,0.03922446252072277,0.040332486002360335,0.03398475108651995,0.03974846915066573,0.04104421202955789,0.008813166607288854,0.008631400304766284
2021-10-06,0.005587474761110264,0.002615972952620182,0.0049109579430392175,0.00400111476815164,0.004250888970168028,0.0009717107355535327,0.0026158113863384742,0.0034339422177136515,0.002785489146825522,0.0046121389659940825,0.026834988919051603,0.03556707255509404,0.017811544607123607,0.02960451126892754,0.029429907605864784,0.005041075928980692,0.005022780825274549
2021-10-07,0.0052389360784204034,0.008407871456017756,0.0063190667477183715,0.006345812538537129,0.005930999901186592,0.008006648558154618,0.008407595196135596,0.007211429056335421,0.007088972108091592,0.00548205009052282,-0.0071946468699734195,-0.008349600125478439,0.0038028440313956358,-0.007894725118710803,-0.00914396770649196,0.006707001848670777,0.006672013990339682
2021-10-08,-0.002374703040070127,-0.004908393858019031,-0.0017011507882322293,-0.002828578535157391,-0.004508285509126733,-0.0007260894772497136,-0.004908453388802494,-0.0015218700788141707,-0.002614143105592101,-0.004408602313792292,-0.010017456880233179,-0.0008094007354269169,-0.009338015639671307,-0.008607340936651735,-0.006324319247199698,-0.001975285627953881,-0.001818805865948391
2021-10-09,,,,,,,,,,,0.038863991237798615,0.017539842161437058,0.01511247402475947,0.03517460012273547,0.033910755101102766,,
2021-10-10,,,,,,,,,,,-0.03956780230390626,-0.024848125104149098,-0.02980062908777166,-0.036261344210145416,-0.03431998941934905,,
2021-10-11,-0.004296087379301863,-0.00839512479533645,-0.004262771811325873,-0.00737083317629356,-0.008421625164698826,-0.008942032694964195,-0.008394668333750374,-0.006231711818428623,-0.00869884694284604,-0.008577814535307392,0.016784502239875446,0.031074982421037935,0.018711676285676833,0.01970122426876944,0.021534843562444773,-0.005769939699390672,-0.005683247862973325
2021-10-12,-0.0050983220029617755,-0.0008095679255001554,0.004883668322597741,-0.0006700510647537032,-0.00016495137397793585,-0.0007150394873135913,-0.0008094416464276279,0.0069188886226151415,0.00044190574997501046,0.0007124938281872497,-0.02463160003597893,-0.02148241837506835,-0.021983834237221257,-0.02447225217533992,-0.02397726512443724,0.0073384105433465935,0.007380150969327632
2021-10-13,0.00840806527277546,0.0009072416442128757,0.007506498010584747,0.004996365878966324,0.004504047758920998,0.003199445563091726,0.0009068248022838306,0.0057891459750403045,0.0037881097937549945,0.0037456635688470287,0.03214908014140999,0.028038824010627038,0.02817544384250693,0.031237146720998355,0.027454023173384936,0.006687012848950647,0.006547210384722938
2021-10-14,0.011900060022269848,0.009047673676832228,0.014753880303863168,0.012139679834641587,0.012685257614933436,0.012679958244172515,0.009047486115387214,0.016375891510002002,0.012393498529671271,0.012607913548836468,0.008362974865736944,0.013756261714043812,0.013202458490466548,0.008407682704728931,0.008642019614888068,0.01727432850576933,0.01707308224473902
2021-10-15,0.007837285263774928,-0.0009405951897353004,0.007055127999871153,0.00367050703489332,0.0013942123564748721,0.004765137570803163,-0.0009411346028658761,0.004096845614769959,0.0026082457139515345,0.001175046655488168,0.02127522044759008,0.043700384844168286,0.02940597254756601,0.026464587822941997,0.031411313428637205,0.0024175870903133207,0.002254440266051464
2021-10-16,,,,,,,,,,,0.0034020009640285663,-0.009563481801942459,-0.011449068732736732,0.0010615147869741,-0.003224468986498632,,
2021-10-17,,,,,,,,,,,-0.015441833236591488,0.00462836393985989,-0.0021698657221993316,-0.011940851542740417,-0.009078546977772767,,
2021-10-18,-0.0005192856469341982,-0.0018451491196278937,0.005905089523956018,-0.0011691766716012092,-0.0038736428718239963,0.0005462587680141475,-0.0018461968836286434,0.0062967238354863266,-0.0009046133494386195,-0.0031260941116660252,-0.0051208262854508056,-0.006236796351655663,-0.011716084436908789,-0.004501442865630448,-0.003277534822808543,0.005983938430441313,0.006090382009925658
2021-10-19,0.010329647449427591,0.01324823406929792,0.003009846293828069,0.01077724780046239,0.011317631927801983,0.00957966100380038,0.013248923470371198,0.003202774314190237,0.010554280275486955,0.01088343580002651,0.01340226914958029,0.029611760061408463,0.01713728454876347,0.01619591263351126,0.019996748986323698,0.0033293692285230976,0.00328279550834747
2021-10-20,0.016666448080226375,0.010229253642107774,0.007884105015662777,0.01171473803127272,0.010770663833520969,0.008764338742140134,0.010229733735525288,0.005418142688398471,0.009809700119920857,0.010566034445802069,0.05120821676749571,0.04393889792483574,0.045497165124400746,0.04946337932336014,0.04885240314678391,0.00555135008507659,0.00572251520168562
2021-10-21,-0.006035184533763461,0.005554705536726042,-0.0032948706599560734,0.0013718830991651914,0.0028476680780172804,0.000888986091249067,0.005553774567568061,-0.0002057521268893423,0.0033756504418361337,0.002806863511104019,-0.03537977017451316,-0.04089267090875907,-0.02922425147339401,-0.03706119536972753,-0.037895696886952074,0.001451626121108323,0.0011769483902355881
2021-10-22,-0.0008630902758750762,0.0025299750375304486,0.007093865297200406,0.001081054319137022,0.001716445100156737,0.0013105339249409953,0.0025304322078925252,0.008937913155554674,0.001690796816466115,0.001141561762625788,-0.010277787646723735,-0.017515315465248267,-0.011069008113462366,-0.011795417905782342,-0.013762892257254074,0.008650594047592934,0.008807976055560853
2021-10-23,,,,,,,,,,,0.01984587208491522,0.02416642120592468,0.0230335355952842,0.019864530005725585,0.020166032620831515,,
2021-10-24,,,,,,,,,,,-0.014748330631815198,-0.014417509004993122,-0.016666735113479516,-0.014659641494898488,-0.01436246947254827,,
2021-10-25,0.008726217566526025,0.004203159418162263,0.010209371333942292,0.005387869017475154,0.0036900916344247752,0.00637993588890246,0.004202630699290775,0.010586722692813258,0.004705287269936676,0.0035828170292081314,0.01928361845895827,0.028801523897009306,0.021734683584341646,0.020961414703497362,0.021302633673157313,0.008835864489907471,0.008904136236158825
2021-10-26,0.0017232800081520144,0.00025794928653950235,0.010253156128658913,0.003981213081721161,0.004618715690114879,0.005304058631400444,0.000257513989651087,0.014336267610482352,0.00500056483596099,0.004077373317812472,-0.01418956638039906,-0.024453239596900312,-0.019430057353268925,-0.016228607331767404,-0.016865302845703808,0.014472442177655375,0.014092249319090174
2021-10-27,-0.029782978307383592,-0.010423198705533456,-0.022256227627557516,-0.016696979320695998,-0.011858483950226262,-0.016192859751054924,-0.010423297083691739,-0.01696573497908504,-0.013234512514056643,-0.010879164307690543,-0.09028086779685993,-0.05419214955446183,-0.07037430882754316,-0.08382992300687844,-0.07919470809684961,-0.016057971794883615,-0.016340684305003204
2021-10-28,0.016737681776321185,0.017633183509097483,0.01935445149994958,0.010981213770055408,0.008973040310504827,0.008344650983747575,0.017634026122260633,0.016028536838653688,0.008746302292474873,0.007868520051232444,0.05700979135719281,0.05753660345310704,0.05904975535706494,0.05596128704857488,0.05635046340708724,0.016158670082802938,0.01622593063567729
2021-10-29,0.0029266088222896286,-0.0009818662320587276,0.003142846399685571,-0.0013230534167617566,-0.0021723932239514385,-0.0028256392887496054,-0.000982265145471865,0.0029075418795224267,-0.002732824034485751,-0.0033657480638812835,0.029522239246540398,0.02831701567611688,0.02293520879137353,0.02926071844431499,0.0291009394516447,0.003280137440685239,0.0030763051737940535
2021-10-30,,,,,,,,,,,-0.010839313929972606,-0.010906166682038775,-0.018296257909520018,-0.010911392193654345,-0.009985964433260521,,
2021-10-31,,,,,,,,,,,0.01398833868628932,-0.005841349553413287,-0.00023642580896902042,0.010472508463246842,0.007964198599251614,,
2021-11-01,0.005496539455518861,0.005251106501875912,0.0030207435286927356,0.005143349581745307,0.003376665746335522,0.007461175731891199,0.005251586794945679,0.002701984821612583,0.005561873620223407,0.0033186859258265535,-0.004326641926342823,-0.0005220099689381905,-0.0016512021238644244,-0.003612179711693725,-0.0027431064729484473,0.0026918069835065823,0.002935966357795486
2021-11-02,0.009275863422753213,0.0044389294568895786,0.009562268480501223,0.00598446527558004,0.005734745780251342,0.004582309794136339,0.004438870150412729,0.00882444778264622,0.00487166681955617,0.005491984929416135,0.033021467433869245,0.043913534484380595,0.03403333749881642,0.03399430857592271,0.03582330689980666,0.009877773016806923,0.010063769628071203
2021-11-03,0.00699515637706649,0.0007539679952760711,-0.0009714595265147541,0.00495427771804082,0.006126380262633075,0.005054705923649991,0.0007541824014907915,-0.0017534715262422901,0.004719206370562051,0.005584717271278785,0.016542008029367172,0.005070620698481099,0.020902006938815172,0.014823298338019075,0.014300405676603688,-0.0030589546241710334,-0.0028825996865263423
2021-11-04,-0.00045052615204544923,0.0005739801820450715,0.0023997453188677343,0.002427226861880018,0.0009047993361865042,0.004676926318802623,0.0005752137191245951,0.005922888385521179,0.003925204842296528,0.0010564069586159045,-0.025392087126471376,-0.022670261109078382,-0.026955812364270176,-0.025082391785435143,-0.024788257386708798,0.006325591764804052,0.0072180845247953795
2021-11-05,0.0019122523554518168,-0.011214213158933053,-0.0123191059323596,-0.00012511557578573232,-0.0015874467050474399,0.004364928390093409,-0.011214993257900407,-0.013907102853157147,0.00018202278243487319,-0.0004232137129127605,-0.01038643240384535,-0.005988575156794216,-0.005940542530772615,-0.00960246034686307,-0.00995031361309413,-0.014445776439731299,-0.014681229994123602
2021-11-06,,,,,,,,,,,-0.004198260706764585,0.004670640070463689,0.006972005664532642,-0.0028424443680412767,-0.00040957882913110174,,
2021-11-07,,,,,,,,,,,0.02397336886852978,0.022756367632400867,0.01705647848015536,0.0237681791890709,0.02323966416529149,,
2021-11-08,0.01323533017800189,0.0011728790665332688,0.011634077185698227,0.0039001319356121826,-0.0015991371039584755,0.003949575710675319,0.0011750244428678,0.011166197753766715,0.0019053759919897988,-0.0017100546629860481,0.06044830975262812,0.05719909408048095,0.048582670716374045,0.06121435108873216,0.06117408946894189,0.010632027984500737,0.010950819376351862
2021-11-09,0.009391070491774352,0.0006000254634855515,-0.0004483703296467951,0.002425031131799039,0.0019893817606519036,-0.0007566975682508272,0.0006000249689710825,-0.003184978728307047,0.0003165769701396065,0.0008071131985735423,0.05767688846016249,0.01073281325492545,0.028452686094469812,0.051848929163132995,0.043455668351130974,-0.0020315865169630394,-0.0021279599105652074
2021-11-10,-0.01566562259300578,0.0005122215766982328,-0.008597149735058967,-0.0058099225402878955,0.00014737851522123285,-0.007784110102288109,0.0005108977081311999,-0.007099557607798271,-0.004120610214376421,7.368918764379356e-06,-0.05141632349133923,-0.036520594707643,-0.04945853827396349,-0.048684733640637225,-0.04489957638144578,-0.006783448475097779,-0.006945370626238784
2021-11-11,0.0030787305041743477,0.0020090715394217263,0.005919146022703387,0.0010609521455089781,-0.0008221538146733758,0.001316792215520654,0.00201104764095233,0.006749727574229486,0.0007994779065144517,-0.0011502637575682361,0.011466028512698692,0.008309820480169393,0.004862454053496024,0.010479995331502009,0.009202019738070165,0.006378954970420537,0.006601609446955883
2021-11-12,-0.0019728307779657236,0.002262641479484466,0.0029318190689632704,0.0013675617003714292,0.002014634784259231,0.002194501291658534,0.0022631489647992565,0.0038497180505016907,0.002336369015522757,0.0020451711635984075,-0.02158432611196184,-0.014939563350242597,-0.016637105388003073,-0.02083827468745278,-0.02076871987911338,0.002988196723940393,0.003043322756343493
2021-11-13,,,,,,,,,,,0.01240141864129842,0.007919064555228878,0.002211708341781613,0.01179301513778476,0.010135872039926906,,
2021-11-14,,,,,,,,,,,0.013546480301253192,0.012024160556304269,-0.0031129898522520914,0.01452038763214369,0.014717717859987392,,
2021-11-15,-0.0034175321827507343,-0.0025681145735078673,0.001739376117877943,-0.0021430378212472807,-0.0009890397994375272,-0.0008587087364836886,-0.0025689813257324615,0.00191675159113842,-0.0016566781084332819,-0.0004584913330913695,-0.015806124727361554,-0.012605337131890153,-0.016507288121002793,-0.016329332655753842,-0.016911049196871746,0.002929472267844787,0.0027694482161155073
2021-11-16,-0.014345148643287963,-0.004774458553267743,-0.004506071890429454,-0.004103656860442419,-0.0028298020209669766,0.00041268201794661505,-0.004773747321120897,-0.0007710362249714275,-0.0006335173486392315,-0.0021096883022610545,-0.087107272011969,-0.0736026417076599,-0.06953162206595712,-0.08505255842697546,-0.0816273726599102,-0.0022079426031681357,-0.002074860306804913
2021-11-17,-0.004478260478130939,-0.002731526370043963,-0.007716172423578896,-0.003996023160741281,-0.0028350278957847714,-0.006225458161504621,-0.002731793715565387,-0.009350977255584224,-0.004474371109420207,-0.003247546471711018,0.004875488068052185,0.008360363319929337,0.0071558982109376085,0.004970109010672919,0.0053767140651434266,-0.005680351371307787,-0.006026081546812695
2021-11-18,-0.01140763351194201,-0.0020757015199756967,0.005447260653778835,-0.004111081712919049,-0.0037665934945413197,-0.0008484705773919598,-0.0020752634424698086,0.008587744269454132,-0.0015187164151795104,-0.0030464616621599114,-0.06803270189568023,-0.06640336032121638,-0.056352109676199705,-0.0680446992010142,-0.0671651724453183,0.008814561915472759,0.0094538769441664
2021-11-19,0.0009863625708337474,-0.007550078223292147,-0.006096179936062057,-0.0038274114656353573,-0.0024892989421828734,-0.007689636759913476,-0.007549961309532602,-0.006494191504711406,-0.005596087945038189,-0.003830433881049587,0.05022773536757213,0.04388455740941152,0.05279838469736167,0.04850943829971797,0.04850023960421697,-0.007346414389013017,-0.006785324984496674
2021-11-20,,,,,,,,,,,0.016258540192956687,0.02553945258141262,0.025617906856524313,0.01809557905764003,0.01980300280683945,,
2021-11-21,,,,,,,,,,,-0.01879129034768216,-0.02046534426692829,-0.03210013396108015,-0.01892531787241641,-0.0202320924962774,,
2021-11-22,-0.0045812138677266195,0.0034470125291947112,0.002364177339300387,-0.0016351023452908081,-0.0003456089428809365,0.0014162766634133557,0.003446387159892571,0.004051650561863518,-0.00045498999655010355,0.00017978626539362714,-0.03722485195500029,-0.04236612471238489,-0.03863276569550994,-0.03827285058150534,-0.03921256613392271,0.0026774146705968857,0.0021125978304653028
2021-11-23,0.009431161960641383,0.006339066581383928,0.011621542162083612,0.006568231167799898,0.005033225061279114,0.007062857814890846,0.006338964718033411,0.010886168741915878,0.005856595716970836,0.004985681360382474,0.02276109844030042,0.029342115206812805,0.022826351161319525,0.023298247111442683,0.023889927466731794,0.010702186956256942,0.01050625807678966
2021-11-24,-0.0022593511768690556,-0.000561535169478189,0.0039820492247752,0.0007245044896134587,-0.00040538936882550565,0.0018731504042178546,-0.0005608155572164057,0.004578225046987787,0.001712819587818624,0.00029790403682442273,-0.02499393027984772,-0.02440302219357187,-0.02829946020128746,-0.02496015693705863,-0.025175721458044954,0.0070841919556284,0.00729310801218801
2021-11-25,,,,,,,,,,,0.009927629143091699,0.005378834363223756,-0.002981380407059518,0.010110790860694982,0.007049899848442013,,
2021-11-26,-0.02874274140039862,-0.014586519616275363,-0.02983344439958073,-0.02020381027484615,-0.016104302549789454,-0.02202977832936754,-0.014586397593382563,-0.027321460350749567,-0.018444892925526576,-0.016894882473432044,-0.06756615427206174,-0.06489379945964256,-0.06229571699178592,-0.06767199967641285,-0.06580529778000972,-0.028225616748652746,-0.0281088784411342
2021-11-27,,,,,,,,,,,0.011245581073994456,0.017939051088315623,0.014435202575163267,0.012272025377032914,0.012717255797019754,,
2021-11-28,,,,,,,,,,,0.021635863394063013,0.039756349966397944,0.03743292936124688,0.02440275767936905,0.027601033488592223,,
2021-11-29,0.009563416530891145,0.0004073547342215914,0.014179957735581554,0.007908640286476473,0.005895782549927576,0.008083930148740403,0.00040851162388080647,0.013726870971035789,0.007647248834482187,0.006314611689792639,0.018495569696167738,0.019501960269309535,0.01966324188118162,0.018362209099744124,0.018797520958877493,0.015326244039802418,0.015606238811385495
2021-11-30,-0.01887619516006675,-0.02202158398510972,-0.017162442985582785,-0.02152186859933817,-0.021514817488327162,-0.022771518595520165,-0.02202187416513045,-0.017512961712123198,-0.022307316002516397,-0.02267398766509552,0.0037759698311206433,0.005876274200336184,0.00574896131968429,0.0031182841012022617,0.003911202542245802,-0.01712720623975161,-0.01711576723076087
2021-12-01,-0.011750985011291236,-0.011555677589510316,-0.0076306250357377195,-0.01153586162815054,-0.011188567373448416,-0.013137975243081343,-0.011554461890288362,-0.007684563305277648,-0.0118977932811335,-0.010426482603439842,-0.004816033852340695,-0.0017765864586743595,-0.007530144183464803,-0.004090536352698302,-0.0016798754836776892,-0.007362786322259871,-0.007839435823162868
2021-12-02,0.018348690356704674,0.014111858339997486,0.02572465190431733,0.01894918262523252,0.01650891857835672,0.021465293991124994,0.014112341536490356,0.024084754031391667,0.019501431598468132,0.01774261578645382,0.0028959807188342467,0.003911807890223588,0.03346879988577135,0.0027917566886683544,-0.0037396743474797747,0.023975065031070705,0.023978325864925463
2021-12-03,-0.009867545697557163,0.008778420714003771,-0.008960105852370809,-0.0003310228526436398,0.00438520883916712,-0.000900754136866506,0.0087777765556602,-0.006249987689441837,0.0016702984373128146,0.0036633124856492554,-0.055149782369634456,-0.060049126660792394,-0.07315365786117334,-0.05589306063728828,-0.0543420875118959,-0.006503867875144136,-0.007017855633548666
2021-12-04,,,,,,,,,,,-0.09969534984332759,-0.06558629471136045,-0.06929060635523301,-0.09561146792183309,-0.09393667510434622,,
2021-12-05,,,,,,,,,,,-0.024755735840232142,-0.002174841217996742,-0.007196075563550059,-0.02164459421991123,-0.019242116402566744,,
2021-12-06,0.017871164734786345,0.010706914979836626,0.008172173196380778,0.014131665365540568,0.014171301203948768,0.013700797601592535,0.010707431032300811,0.007228130332360455,0.013190648262681142,0.013874702712884223,0.039646761491471665,0.03180606054838997,0.03266888549522701,0.03804539175889111,0.03671193080240437,0.007345627708443332,0.006923836354697553
2021-12-07,0.011332865091101601,0.0032486734420466372,0.02081142080493639,0.010982274506996351,0.007287426696621377,0.014639166742671003,0.0032495576064019037,0.021913213096988328,0.011635734981042888,0.008506160218061144,-0.005737168707727017,-0.0031021045834661747,-0.015265977843725404,-0.005081006625514094,-0.001148047691999209,0.021559161686379846,0.0223912547576714
2021-12-08,0.005435315248703915,0.000902450160042888,-0.002396320657709972,0.0012735042689949513,-2.0170629603328584e-05,-0.0006247389621425852,0.0009019160828675274,-0.0028472413227860504,3.6890656563953956e-05,-0.00015026245215582837,0.036518387677673236,0.013503792951059988,0.021682675412062615,0.031742057980123174,0.026545257056486117,-0.002142617418176687,-0.0024706813347509463
2021-12-09,-0.017063854676585402,-0.0029757925910415192,-0.00955545897749407,-0.007837917531186851,-0.0037044627275651036,-0.006624504675048626,-0.002975368313164704,-0.007579842467224096,-0.005674008418473273,-0.004125322401450767,-0.06978269783647252,-0.06121218921386571,-0.07519296809339387,-0.06831210078063515,-0.06447375780189757,-0.008268089897664725,-0.008607288679977147
2021-12-10,-0.0012832798183906547,0.007684613191124939,0.003544655914877864,0.004534779088305517,0.007270426432045912,0.005411903505497249,0.007685086616365295,0.004683824889219484,0.005964242981233584,0.007393824156341914,-0.037803320796057666,-0.031046235779705795,-0.050883278517335005,-0.035757634091664214,-0.029712859581809158,0.005373327505164209,0.005049880462293499
2021-12-11,,,,,,,,,,,0.061488830376714806,0.05414878518799202,0.0726858030296537,0.06000977182562619,0.05656686861827827,,
2021-12-12,,,,,,,,,,,0.00046427637586846354,0.008536770720854604,0.0028293273891388236,0.0019702284015974446,0.003454552718232036,,
2021-12-13,-0.01689950762356134,0.005496212015542434,-0.007560459937050474,-0.0034559133705002057,0.002491424905423709,-0.005806314676182593,0.0054961235093690984,-0.0053819996550569385,-0.0009061343032814307,0.0029927708985525185,-0.0802696431537091,-0.07617952263529357,-0.08910514445659923,-0.07952725818993263,-0.07659767555000306,-0.0031342070856192044,-0.004085805686878048
2021-12-14,-5.2137162015902815e-06,-0.0006445610981085956,-0.0005780347640572643,-0.002086596772556065,-0.0015292600551055952,-0.0020031239545274023,-0.0006451042029305685,-0.0003207159929884255,-0.002533692558825989,-0.0027490420847654518,0.011635942342404,-0.00309534291703279,-0.003998574360641956,0.009251477256868288,0.007817296923236237,-0.0012292355266481764,-0.0009894497252983397
2021-12-15,0.013767615231737735,0.012280913244456118,0.01760370306319484,0.011134680933670807,0.0095108516438195,0.008172930634757635,0.012280744279610428,0.01547395288572622,0.0099843815177443,0.009731171825003902,0.04835769391365222,0.05610157168474275,0.0680826912289546,0.04935677081271969,0.04740216954375414,0.01894456135157244,0.019242384367885404
2021-12-16,-0.0003713197112628649,0.010221516210024133,0.0014465326291467806,0.0053397717681021965,0.007368887474191959,0.005188184467772125,0.010222137280321376,0.002684528388032785,0.006386044446910355,0.007367029202793613,-0.032740853626502135,-0.02558661135245978,-0.032185123481268806,-0.03176671469496068,-0.029204514189109312,0.0012388061197237195,0.0005778012948901966
2021-12-17,-0.014212778090006659,-0.01199867827556677,-0.015678154945946075,-0.01188761407494886,-0.012113788815139016,-0.012404277764205432,-0.011998756012239837,-0.014663475985230882,-0.011403953670145864,-0.011062206614107908,-0.02524082782165887,-0.02959120986637504,-0.019854900087757907,-0.026091412096520036,-0.029553823543494884,-0.013937588049992431,-0.014064123778107354
2021-12-18,,,,,,,,,,,0.0201074230567077,0.017076426775600825,0.019840823614797155,0.019524669043906616,0.019254633690096095,,
2021-12-19,,,,,,,,,,,-0.002566489655616705,-0.004593025284568882,-0.004424779312926197,-0.0024273477563838478,-0.0021953060194477418,,
2021-12-20,-0.006425634270134799,0.0017470383548353764,-0.006401776294600285,-0.0044411320161799085,-0.0034264611717945417,-0.00793526818999775,0.0017460440408819152,-0.007292940830875011,-0.0047624810021681535,-0.0036968847100171546,0.0030108256306460384,0.0001574398473942818,-0.002492124852501421,0.0025205301947531437,0.0014519290591779748,-0.004962418601050549,-0.005272426306037187
2021-12-21,0.016484368649467247,0.0032777137321606765,0.008549765299828484,0.010050890636154641,0.007128068415312279,0.013635049801826376,0.0032776458299725373,0.008227676492441053,0.009375147929680607,0.0066133754185302655,0.03390433519024901,0.0331905031503104,0.027624922604627643,0.03385151657797286,0.034169365118680586,0.006439021586642548,0.007062956249538392
2021-12-22,0.005888571560852017,0.006324589327344568,0.009759219514801493,0.005843385721890274,0.006259238119561468,0.0059386648454824225,0.006325219765095235,0.009637947997925961,0.0059220413994207875,0.006404652824281667,0.005544826850801161,-0.00012406493370517753,0.012384065002601446,0.0045967178278631645,0.0020879218093419263,0.009661910937184237,0.009676497383872728
2021-12-23,0.011706470618425838,0.0017338360811937513,0.0022310575006501774,0.00533162056730641,0.0038578064392292676,0.004855126687119217,0.0017341022103921889,0.00035474928642537963,0.0038897399932048726,0.0032955761359571923,0.052815199691846976,0.04939624148333596,0.06716487580633151,0.05254143423398059,0.04853485281778639,-0.00036310895935903244,-0.0001679240516706369
2021-12-24,,,,,,,,,,,-0.027383883099688602,-0.016862457248761523,-0.029912953214014076,-0.025148502116453367,-0.020489870574395705,,
2021-12-25,,,,,,,,,,,0.012383620031686176,0.0070726795610905275,0.0256156828219919,0.010955037592952702,0.005395347867638352,,
2021-12-26,,,,,,,,,,,-0.0017186920522781633,0.001113419857017489,-0.002341456863310237,-0.0011339522130704633,-0.0004633665182817051,,
2021-12-27,0.011606147445799166,0.010622021585806536,0.02022374117012659,0.011530601784322933,0.010697631211960983,0.012365691105961932,0.01062260441498979,0.019879813998919714,0.011753909102683745,0.010702330608206584,0.007282014685246969,0.0013947472300640516,0.01213884596668938,0.006528203660062316,0.003411292070927849,0.0203755444810362,0.020580193337653516
2021-12-28,-0.008284994883057322,0.004447954851401467,-0.00437401218193476,0.0006152203256136704,0.003327349434778715,0.001893442554953201,0.004447329556532531,-0.0029763375167521024,0.0027618095846245905,0.0036802864675335,-0.06656202955908416,-0.06073744871991382,-0.06677772984737121,-0.06563135521630681,-0.06327024462964187,-0.0025358838916790475,-0.0028088667325400873
2021-12-29,-0.0035987556207627124,0.001376846976642956,0.0016846150247821112,0.0006438347278048806,0.002162475851509298,0.00053901214417082,0.0013766471777362141,0.002658552804034288,0.001497344448894725,0.0026154429133609203,-0.029440820402476954,-0.033077420591350576,-0.044276714931629255,-0.029346979928100314,-0.026485602669912803,0.0032614619489070968,0.0030633458167600184
2021-12-30,0.0011251445638984473,0.00071684815869318,-0.002846859928951099,3.246715635984087e-05,1.747962337677518e-05,-0.001374931812846655,0.0007167085726652008,-0.0033868854976820224,-0.0004607271036188494,-0.0002464903545037999,0.017111888894624085,0.019754874185398855,0.021378517923361394,0.017310257367552505,0.01723628609543002,-0.00294003108640902,-0.003096625636540935
2021-12-31,-0.00301617297240446,-0.0010141016390194796,-0.0008434638891815629,-0.0014523977746519704,-0.00014145005507621138,-0.001025881554362155,-0.0010137991310280084,-0.00028367142308286815,-0.0010062031230072235,-0.00021085663902548632,-0.015595269576255209,-0.01931045593171487,-0.021731568629306527,-0.01618475517553148,-0.016625299703905933,4.753897720626433e-05,-8.809864419662334e-05
2022-01-01,,,,,,,,,,,0.029122690504778358,0.0288302085193428,0.03381112445917764,0.0291745631474229,0.027641313791745142,,
2022-01-02,,,,,,,,,,,0.015533383540770012,0.004041419132044522,0.009076966966283417,0.013487431215666958,0.01112873898655872,,
2022-01-03,0.003123160162046699,0.0018409304138259726,-0.008759438544396918,0.0027128858443698804,-0.0003011090956720971,0.007893532580496583,0.001840576361827014,-0.007826364138467615,0.003756862079621724,0.0003805865772892233,-0.020677332852268925,-0.020728155534586786,-0.02856947483352103,-0.020645132154617357,-0.019908596160336522,-0.00937822642456209,-0.008664729148801517
2022-01-04,0.0052452858604819415,-8.16385473724297e-05,-0.0016922850158305302,0.004120952391770805,0.0014400258845281388,0.008557829538885776,-8.144449056858116e-05,-0.0014326795694955328,0.004590622127191205,0.0028520155193137503,-0.011899726521881674,-0.00516594520233806,-0.00438043415640065,-0.011384179359953612,-0.010645530503754481,-0.003602586967136034,-0.0034929512133011573
2022-01-05,-0.018096104556931017,-0.002083310739634861,-0.008967393615805105,-0.010546548067963835,-0.004930547638358064,-0.00971380391077853,-0.0020831356779243727,-0.008296733125656125,-0.008686492095371468,-0.0049773182227178855,-0.06210983361491226,-0.058102233134117665,-0.060759469378505016,-0.06120898742168684,-0.0617796021006045,-0.00973855955509164,-0.00911456991182881
2022-01-06,0.0005183915734026643,-0.0040107163334933615,0.0002157130809968275,-0.0010361787394166477,-0.002673888971770331,0.0007960560820971089,-0.004010677426026603,-0.00040318320829848143,-0.0010786016273965895,-0.00291468497293646,-0.0009292952176444308,-0.010270016064185391,0.0009348907855310611,-0.0018764191672704512,-0.00422450514712233,0.00012235551413794857,-0.00048132988116335665
2022-01-07,-0.004578147563009756,0.004681523486749413,-0.012645692995807884,0.0007267911716324566,0.0015683388490481513,0.0018716458788919504,0.004681091542052271,-0.012053837849517846,0.0021887513314633633,0.0014570293445803186,-0.040415107130955946,-0.04753230766609635,-0.0508787847783425,-0.04108800000923074,-0.04038219001633668,-0.013403311434618814,-0.013091479421793697
2022-01-08,,,,,,,,,,,-0.020804199673583688,-0.01495729252850143,-0.026005042129076766,-0.019271589728916863,-0.019177004190813175,,
2022-01-09,,,,,,,,,,,0.009360341562123575,0.007740061454103442,0.004869903078036782,0.008929064726022555,0.009142967400583932,,
2022-01-10,-0.009771789468378233,-0.0012655732955986695,0.0011283703756032742,-0.0065063867603468925,-0.004617885523153367,-0.006256184023373472,-0.0012651582765733761,0.0017053949750379053,-0.005612640394798384,-0.00583486135752708,-0.030122972020358966,-0.018831922999354565,-0.033070205814897745,-0.028225891788982795,-0.027088102856669977,0.002014791237726732,0.0018584509099826845
2022-01-11,0.013846979597974991,0.003214912600721574,0.007554910779814886,0.00764039250713365,0.004253772722802417,0.010438560625179439,0.0032151313092989835,0.006827243078090453,0.006865761616991219,0.00455514828808363,0.034130790610882616,0.03477588876561814,0.04753263452692459,0.03391357436423162,0.03223388786848439,0.006640136883836093,0.0065412070428087585
2022-01-12,0.010098321714047117,0.001064997351248472,0.006766769656222358,0.004304676449358609,0.002145193755086143,0.0025407852186011106,0.0010652378986304011,0.004968215878023028,0.0025378726288390473,0.0016220792289583633,0.05413123621162197,0.04523386381459063,0.06613753127134034,0.053024563833463996,0.04936597888123641,0.0051730202576593404,0.0049430695456056575
2022-01-13,-0.009303019034340627,-0.001840898603742592,-0.013023489558317346,-0.004992898798044827,-0.0019324557480061217,-0.004715426210225354,-0.0018408222283931262,-0.012544820742272826,-0.004060519137519992,-0.0022190980232888145,-0.03474498354737374,-0.03578993918558626,-0.04267939059282046,-0.0348711140689458,-0.03300794536505447,-0.012356135343480863,-0.013135811280535158
2022-01-14,0.0062386021988574784,-0.0021066301293263126,0.0006656225791654264,0.0010942633268771506,-0.001256103924086958,0.0027788486177522517,-0.002106347219008265,-0.0009494079219555906,0.0002979461894131335,-0.0018686552212162063,0.025598371641136965,0.020742229762082946,0.03612155049705503,0.024848379215795344,0.026096937545743354,-0.0012026713475229416,-0.0013702393499186688
2022-01-15,,,,,,,,,,,0.008823224156351327,0.0054995962941071005,0.009889084461200591,0.008186564251724045,0.010093955282040398,,
2022-01-16,,,,,,,,,,,0.006686067891792396,0.014277866664856025,0.03253808158258682,0.0074938631049408,0.0035927874677360787,,
2022-01-17,,,,,,,,,,,0.002658625789381707,0.0011796323625767047,0.03588785983194329,0.0031158469193886505,-0.0029589694312277676,,
2022-01-18,-0.011275193369427646,-0.008847150836050878,-0.010797143224911042,-0.009428354396879775,-0.009272509911636365,-0.010422173561390882,-0.00884746445304509,-0.011686666260075923,-0.009335664354760706,-0.0095514131805717,-0.01814225683648428,-0.02220104850183577,-0.03369744978887269,-0.01901336297897802,-0.016035639188845714,-0.010500112123431295,-0.011459893329527366
2022-01-19,-0.010568991198801716,-0.00027997349264793914,-0.01111605413804552,-0.005222251130749045,-0.0028739729786435245,-0.0072401585113884386,-0.00028015697610240045,-0.010349715466807017,-0.004437270042352354,-0.0023969124723195075,-0.030382424091961468,-0.02527163146822635,-0.05232192205798189,-0.029622501871946403,-0.025195349533822804,-0.009783188370616336,-0.010421402798125654
2022-01-20,-0.016353735957740635,-0.010792533145855092,-0.015843423232148553,-0.011571220237453772,-0.011385337046487618,-0.011773923035989214,-0.010792620277479433,-0.01490319262544475,-0.010610480412768047,-0.010391991139785122,-0.04301245358132802,-0.03260843614027148,-0.05169948783595374,-0.04152075385694492,-0.03898126977421699,-0.014139711019818197,-0.01498096975461034
2022-01-21,-0.028044954617635252,-0.004638689755999964,-0.012059274331120681,-0.013000508210693047,-0.00793946694971344,-0.013229841117012928,-0.004638612233815338,-0.010511328837644373,-0.009678051739253856,-0.007297172150255065,-0.1153660961888064,-0.11704889224883966,-0.12054246495987962,-0.11526171094347075,-0.11468182973513272,-0.00848249421382285,-0.009318493027228569
2022-01-22,,,,,,,,,,,-0.05866485955184994,-0.05095302510029287,-0.05717665307681388,-0.057217131832858696,-0.05716737740873697,,
2022-01-23,,,,,,,,,,,0.03864342468289457,0.0412795719565078,0.050336229172788544,0.03889244769673566,0.037081913242053496,,
2022-01-24,-0.0021099015775916303,-0.004742035249920817,-0.001865521422054992,-0.0005100614754480009,-0.00013134617848067562,0.00187826408052515,-0.004741810895787599,-0.0012593656224046232,0.0003134964852323711,0.0001580774015423473,-0.028686502525453163,-0.01924899010353029,-0.04182898760015587,-0.026508860565451185,-0.02455475640473072,-0.0021875965622288806,-0.0016712258922448953
2022-01-25,-0.0013661359313969876,-0.004339670353939334,0.0020267320843364587,-0.003461156588756787,-0.005346917934479385,-0.0016889833460317126,-0.0043390760711260355,0.001742272203742902,-0.0038014334115816072,-0.005233580814318239,0.00022355142306027887,0.003702524428483681,-0.007345675880975465,0.0005583569148604048,0.002064459881130413,0.0013722380146712668,0.0007052697682571105
2022-01-26,-0.006829781687431365,-0.016098253595146488,-0.009336116170866214,-0.010359060005714037,-0.01309813956482457,-0.008535256110923302,-0.01609858901676333,-0.009914095444640947,-0.010752106890608855,-0.011733403009272718,0.005290390934254094,0.005535032432778341,0.019563780910690803,0.005085468177554127,0.0032879739237525385,-0.010310793200198997,-0.010302715147165346
2022-01-27,-0.003382240062272521,0.0006197702886390554,-0.003088146487303898,-0.002125441704667434,-0.0008366463634266731,-0.002653213159819779,0.000619688690229412,-0.002858321026350598,-0.0020176730594998887,-0.0006410775554084326,-0.008864697005926733,-0.006767506649230964,-0.02236955125911957,-0.00824791669506401,-0.005438421184338554,-0.00427489093995207,-0.0038430258577119357
2022-01-28,0.016968758728294356,0.015294654557789014,0.029265140690251053,0.017011731478053058,0.016509230131439286,0.015718961857947633,0.015294440973260716,0.029664688570994475,0.016692170364400495,0.014995418098528043,0.02488044351196162,0.02477481802670271,0.02448721360759173,0.024306624651151132,0.024768019365631305,0.0313507870013034,0.03087792111174539
2022-01-29,,,,,,,,,,,0.014776244795502646,0.015968874214654583,0.010877282466446965,0.014815937928941474,0.015404700789338442,,
2022-01-30,,,,,,,,,,,-0.01730398062997084,-0.008791925254413246,-0.012784136779941339,-0.016320021385977358,-0.015184250820084812,,
2022-01-31,0.012658757908259238,0.01000146702472923,0.006856803517430732,0.011485969949415677,0.009906951887448357,0.01237437420411341,0.010001191419675298,0.0074764967843117085,0.011625669027527114,0.010269250544102094,0.014633622294132034,0.01894403721682915,0.02344944298714014,0.014966950186654887,0.014317678323476551,0.007683555575435957,0.008315292092267008
2022-02-01,0.012964162723813271,-0.0022015526628906762,0.004619560897492653,0.006810253461670751,0.006878623016694543,0.010950258432124882,-0.0022006894448254625,0.004140762284366621,0.0062305107355741865,0.005901553298065916,0.023033684182255224,0.02150480026156845,0.037889006035529596,0.022647996849000585,0.02039950467133802,0.002501150337269892,0.0029777909139787275
2022-02-02,0.001634657065697946,0.011005365492635697,0.02111042875451117,0.00806771066926137,0.007513661703090209,0.00992411953145162,0.01100499056913823,0.021841633439010633,0.010167152437729626,0.008784542959267987,-0.03932310586815733,-0.04364488681969894,-0.0366479621730948,-0.04036483554731162,-0.04113432764918855,0.021862898852410738,0.02176264128808825
2022-02-03,-0.005500623521787825,-0.005883590750420336,-0.004543668263060456,-0.007522583682205086,-0.007216603284625151,-0.009571662356480127,-0.005883922076091215,-0.0058788346836211505,-0.008486227304487174,-0.007227707052718184,0.015645292484482893,0.006487494880502124,0.035587137301498706,0.0143554535174265,0.011554371868548758,-0.00669203824162844,-0.006438980332367243
2022-02-04,0.013587287763032953,-0.00401357267548678,-0.002665328820978798,0.0006430623812221266,-0.00583286679923148,-0.0008988477450475379,-0.004014385645560361,-0.0036508953147657325,-0.0027900814229789876,-0.006107185620781084,0.0869634171319359,0.10477596954249893,0.07663927052312688,0.08964572378035665,0.09384520870406848,-0.0037259352619499445,-0.0035613405232393803
2022-02-05,,,,,,,,,,,0.00923296485579684,0.00427197793372107,-0.004482866244002908,0.008600168854847795,0.006809029456195706,,
2022-02-06,,,,,,,,,,,0.02450121645760349,0.021521579144946762,0.015422051788376686,0.024439014078215644,0.024377967848595625,,
2022-02-07,0.014417506283383608,-0.0005692917878281701,0.004901541431125739,0.004047513156054535,0.0009525392881269154,0.0024172070796756617,-0.0005689748873986613,0.0033816947625878065,0.0012256194720524686,0.0003301535032821511,0.07047949398482858,0.03678260875051316,0.061601155093713326,0.06628565745129894,0.05480710542986701,0.002489751986670374,0.0025694124899930063
2022-02-08,0.0028930988047512355,-0.0008697050962790247,0.002481917973429965,0.0030239766155324204,0.005043647042516538,0.004002567828544926,-0.0008696723596971475,0.0032291975815333203,0.0033400158322727342,0.003375111151662053,-0.0018289637445453987,-0.00038591345417961784,-0.01417113682662584,-0.0013108523564145662,-0.0013228647988638613,0.002252760777532051,0.002705842029906918
2022-02-09,0.013945624103941824,0.006310937271610976,0.01813600231030483,0.010515925581400229,0.008248700256313303,0.01265625070074087,0.006310187885467167,0.017922943324755088,0.010354802632805922,0.008605923985457967,0.019444109971459414,0.015601647517349387,0.03499264936958289,0.01857245856102606,0.016000300477839218,0.018486504739365098,0.018322350163056816
2022-02-10,-0.01854021553937214,-0.01698922975352944,-0.01803427712972959,-0.0183088142185522,-0.01786817411908906,-0.016801704370753828,-0.0169887697521703,-0.01874016887002566,-0.017943782704579178,-0.01746046023844945,-0.02620457570220089,-0.03170799463394625,-0.013997625701844062,-0.026682783317822166,-0.027633013032801107,-0.02089139515326366,-0.020440109722199735
2022-02-11,-0.019655095234888717,-0.003675928383364438,-0.00809645362966195,-0.010592848022345594,-0.008823808161865364,-0.010457606014640191,-0.003675965007436252,-0.008011912638040082,-0.008712303087021716,-0.009336946455484458,-0.060260009272664415,-0.04475439132599984,-0.05538833509593206,-0.05817586145603953,-0.053963040491718406,-0.007095293133027954,-0.0071411413689764485
2022-02-12,,,,,,,,,,,0.005496373818632155,-0.004394634405724291,-0.02275926744203625,0.0047243234064724025,0.0009846587176239505,,
2022-02-13,,,,,,,,,,,-0.0006777161083484937,-0.008026594243606132,0.009125241510923077,-0.0016330704910892506,-0.003646156902494305,,
2022-02-14,-0.006327859374551291,-0.007380614483465389,-0.007208493766648071,-0.006144855698590329,-0.004709703459047223,-0.006484181964311183,-0.007380400938999469,-0.006437571942709915,-0.006145855644303649,-0.005039387128449216,-0.005703055222069004,0.009878831275586895,-0.013618541699241028,-0.003617314170001774,0.0008979619389384765,-0.007221353457486144,-0.007234734256049286
2022-02-15,0.018567485505352574,0.0026541756968295176,0.004957595229341963,0.009432403256468467,0.007359972477028574,0.010562964709826789,0.002654477328367633,0.004758617953787378,0.007746957625991487,0.006358733615357459,0.055405485168744634,0.05978561461972955,0.06376283984586856,0.05517626673276749,0.05467816546030795,0.0033953646040416553,0.0035462664182590716
2022-02-16,-0.0032180176710967247,-0.0017550965123418565,-0.0001631507281260894,-0.0013925840472092574,-0.0007650056907453649,-0.00036046905209297564,-0.00175496780573211,0.0004841160076289844,-0.0007673519406933105,-0.0010328268039917162,-0.01590139532464463,-0.014581638363159555,-0.02559956226583195,-0.01593126379206472,-0.014217216458625715,-5.965475139828151e-05,-4.341381961047667e-05
2022-02-17,-0.026842270132284532,-0.0067327522071005605,-0.012435918551582235,-0.01512168785353657,-0.010545470129459625,-0.015425567951036698,-0.00673189116303056,-0.011671960487265445,-0.01250223380946162,-0.010059117138904464,-0.07825607659728477,-0.07524460714672397,-0.07628693025870666,-0.07771781258064242,-0.0763244397543876,-0.01229590849212887,-0.012446264880982816
2022-02-18,-0.00826825079563611,-0.005265868201888158,-0.007272119882320967,-0.007146517871199186,-0.005890191854355926,-0.008401983050542832,-0.005265360193793234,-0.007255381967728774,-0.0072100882911825355,-0.005883446971830335,-0.00718772478944096,-0.019234938831525945,-0.01848399433757608,-0.00827034359465235,-0.010648228611977334,-0.008094017953506345,-0.007880255197609702
2022-02-19,,,,,,,,,,,0.00654325950951297,7.893352076203787e-05,-0.0051156158133940305,0.00613454831327349,0.004382308151973805,,
2022-02-20,,,,,,,,,,,-0.043278622200302846,-0.04660044300869028,-0.052995042032284397,-0.0436068294404799,-0.04344284643120144,,
2022-02-21,,,,,,,,,,,-0.06340670448655748,-0.04038782402495764,-0.07167094714526881,-0.06060672321644086,-0.05388804162280621,,
2022-02-22,0.0010580186431956983,-0.004144032345420115,-0.004853803684180107,-0.0036070077040922218,-0.004687180320175511,-0.006932345335474342,-0.0041440982881275935,-0.006234573185858395,-0.005502876449140865,-0.00509515112864372,0.03915387632594673,0.03200537177351301,0.047690595339333626,0.038126907146010976,0.03686862106943822,-0.0057527265240326225,-0.005795898852069034
2022-02-23,-0.013016140102082633,-0.003368373326955657,-0.0003037731835914964,-0.010363791150745184,-0.010132652302588396,-0.011310469002434348,-0.0033688650306964818,-0.000727448375041352,-0.00999537863764803,-0.009925873023243303,-0.021009490073956735,-0.022573337978947682,-0.014232461555133176,-0.02135681314193817,-0.02235226642088413,-0.0011227888542584075,-0.001270421163745047
2022-02-24,0.0053563514285512055,-0.0010083554723547383,0.001977562859999831,0.004287891275201263,0.002023523240006306,0.006113009538672122,-0.0010092844595507534,0.0025585619468947245,0.004628536594008657,0.0024662905212596608,0.0023621010281470907,0.01074112583305774,-0.0054923807773564525,0.003904396331410411,0.006030025457116881,0.00290695451199805,0.002666543722175812
2022-02-25,0.028697082775133734,0.026293811153361407,0.03668714661482164,0.02643313975258029,0.025916818170228697,0.025590264373992797,0.026293818337036354,0.036387469742287216,0.0256677048400232,0.025929554568993426,0.04292477140997703,0.03979381029198041,0.05206643198496946,0.0418031547349484,0.036666582937514514,0.03552535759459604,0.03570488447212006
2022-02-26,,,,,,,,,,,0.002783707727839891,0.0007224488513442743,0.010701161325623721,0.0019423175401472568,0.0012931755266278547,,
2022-02-27,,,,,,,,,,,-0.04156077074680926,-0.0446980980047135,-0.04574144398740973,-0.04158735019364474,-0.041350214525725855,,
2022-02-28,0.016552828276776378,-0.005135073497214046,-0.0014774083248298437,0.00043192066061865843,-0.006150844050094658,-0.001876773622613395,-0.005135307625411999,-0.003454715189472181,-0.004092051221148952,-0.0069770308814182495,0.100499698693377,0.12249283731687258,0.10734328383102298,0.10387180997516472,0.10867586160744117,-0.0036866776965462735,-0.0038375735622735952
2022-03-01,-0.010226922298809879,-0.002279931126954473,0.00328631150206009,-0.009192757995433534,-0.008755609167683132,-0.012896231197349315,-0.0022799945117797727,0.002966684627602136,-0.009984772441226274,-0.009612951389250193,0.003119622193887295,0.017757658618127843,0.010267985481639572,0.0051189003679567606,0.009172174164709437,0.0031169731708090807,0.0027512764918715036
2022-03-02,0.013160670566247226,0.012270275179726557,0.016639602139052037,0.015553605191591852,0.014846624641370222,0.01967809946588129,0.012269723946353797,0.01784021856205706,0.01707641101371018,0.015342934995201195,-0.018906186104654513,-0.012391026675343975,-0.017644367139888838,-0.017982324493768343,-0.01625191303583804,0.01689745326093882,0.017198922324164187
2022-03-03,-0.0037821732115542353,0.008359039985391097,0.0072665657755917115,0.001975203722494362,0.003995490179083452,-0.00068954929827713,0.008359860023950907,0.006770431946160653,0.002674492231065366,0.004232717960457289,-0.01959682932097665,-0.034754495216958836,-0.01060279665556677,-0.021445908208961022,-0.024683889130717236,0.00867305825947827,0.008375768655725408
2022-03-04,-0.008975721310218135,0.007906864217621986,0.008269774895926289,0.0018308860375320006,0.002944357424564872,0.002677948828055771,0.007906047601238518,0.010081571336529992,0.004503001316420577,0.002914314733164051,-0.06971800084746718,-0.07089699486652645,-0.07568427097545485,-0.06995403023128108,-0.0701079939738695,0.010323037026251078,0.009995238071719948
2022-03-05,,,,,,,,,,,0.025353018036546646,0.016950914193397587,0.02381825351154384,0.02426947722665095,0.021406415816427805,,
2022-03-06,,,,,,,,,,,-0.03675708190506366,-0.033891850008616775,-0.0416735484209307,-0.03603660563064894,-0.03504307481662635,,
2022-03-07,-0.016758842699473392,-0.008206824025709065,-0.010532878635065196,-0.012578666478846557,-0.013726221398318986,-0.01661011808474173,-0.008205105677251892,-0.010579729872883595,-0.012636267936643929,-0.015677638467481388,-0.01750401966225548,-0.016273869050143955,-0.015494406050649528,-0.017266063856958773,-0.016547817664667487,-0.009072637964971795,-0.009472122404579321
2022-03-08,-0.001104900612091712,-0.013186203148921447,-0.021446295839176274,-0.007053203994451139,-0.00982003590994633,-0.004702170966391099,-0.013186386266818182,-0.02170198687903258,-0.007984164380721543,-0.01002880406899694,0.019065874781533827,0.021157606420482814,0.01865196241489837,0.019176951501483613,0.01985538501281081,-0.020765419830060104,-0.02062367502529811
2022-03-09,0.020795719363241334,0.004367645661109731,0.009278524809299091,0.01210892863991439,0.01007662545244413,0.013490126186327276,0.0043675309053655634,0.008980901807057991,0.01048882356318435,0.010487784439119524,0.06076424263829433,0.0672594256327523,0.05780724056889301,0.06207042184402978,0.06190743586539109,0.008858665647957334,0.009339045144445836
2022-03-10,-0.007427519862195578,0.002083469723393989,0.006370062648571248,-0.0014902472472902533,-0.0016276044836122843,-0.0002118163610091426,0.002084855529217558,0.007485372134177465,0.00021423618704512464,-0.0016494847868722161,-0.045142272179312604,-0.05019720125960005,-0.04549955069717722,-0.04601186910508338,-0.0469682754761376,0.00688468021728258,0.006905544847455829
2022-03-11,-0.005556651233217911,-0.005073365086061742,-0.007328028485657346,-0.006775232357562913,-0.006996065885946995,-0.0079407974882235,-0.0050732282647715865,-0.007351162807819412,-0.007345659397101939,-0.0070850887485807285,0.007942974203140754,-0.011549189277893874,0.01107979863571188,0.005609634916162808,-0.0013562274184431978,-0.008603701580721965,-0.008184601784398185
2022-03-12,,,,,,,,,,,-0.0006615723421764046,0.0027597103865689442,-0.005664564461234333,-0.00010713857770747095,0.0003026572745168097,,
2022-03-13,,,,,,,,,,,-0.026993478010026356,-0.021717785196108754,-0.029123643966038518,-0.026343753258084183,-0.024223140656633307,,
2022-03-14,-0.004241447797855116,-0.004527836642138879,-0.004233933845805992,-0.006381110838783128,-0.004160870168689075,-0.009772847058779503,-0.004528008761860594,-0.005560538898283328,-0.007851574933629441,-0.003217519113531445,0.02563331249375682,0.03230266290502953,0.022633075920439387,0.02683702004165581,0.028820791457242752,-0.00545479045892303,-0.0051876038876495275
2022-03-15,0.007571560001856378,0.0070833087757433974,0.011230673934931022,0.007984241197478092,0.010310039442999897,0.008476043351912039,0.007082509239145598,0.012035274510637139,0.008478257919859972,0.011437056195068825,0.0028525006024855883,0.0010782781435458217,0.0008867478716689492,0.002403640666734044,0.0015054798371391463,0.010900403917943474,0.01184591652814488
2022-03-16,0.018787145676463834,0.004919957072940881,0.006190494331645795,0.012537184245360374,0.010390483782073044,0.014508445572803983,0.0049201909992478985,0.005634398267174184,0.011666078472373432,0.011218337669806674,0.0410790576923301,0.045657347869296844,0.05206671505674529,0.04132943065672391,0.04240146631894439,0.006321956042424153,0.006231956169260713
2022-03-17,0.012209231244783946,0.011446157686216868,0.01742511113881535,0.013129811368644818,0.012575866391620772,0.015002773123964858,0.011445273505802888,0.017505356933910806,0.013674253360024506,0.012469315602948117,-0.0020842707183885882,0.002269552140565877,0.003117285067272372,-0.0018590197871108057,-0.0012689292177648346,0.018025205890771383,0.017574818114593896
2022-03-18,0.007351346412345916,0.0025786763212649853,0.009034094498832159,0.003873593276592438,0.0039726494323299175,0.004393717604026516,0.002578959039555663,0.009095720260061273,0.0032500293723777027,0.003958472651330504,0.02264603090076324,0.02759645057312711,0.03200373537316825,0.022887323930881956,0.02389737587383371,0.008847154428993769,0.008959248167397982
2022-03-19,,,,,,,,,,,0.04762864572076379,0.014086394714052392,0.08526625168421023,0.042558192163815886,0.036715142513195874,,
2022-03-20,,,,,,,,,,,0.0007667757982473067,-0.023055649320844515,0.03931581401607784,-0.0029580833432748662,-0.005795446322712864,,
2022-03-21,0.007466153625463745,0.0030445099073900467,0.012345374816651138,0.0038112595678096977,0.0007433360420431163,0.00428143541945368,0.0030436005057695205,0.012805808380995258,0.0029950034619339793,-0.0006808907118780122,0.023408826779020262,0.011700713916270186,0.015591973707691158,0.021248492541138045,0.01777261983885528,0.010554311308790084,0.010868352675647504
2022-03-22,0.014423199406002929,0.004123848947152379,0.004613986208732431,0.0068755277345119385,0.005713695387858278,0.004963677342199874,0.004123770359127439,0.000905842105023533,0.004776610547388659,0.005094253369942757,0.06603295898808584,0.0321790489985543,0.09738671813261382,0.06091525015511389,0.05703823946960107,0.0010762618880518033,0.001057946499347759
2022-03-23,-0.00566087984330208,-0.008702340120684177,0.00011846704767352878,-0.007508353529161474,-0.00883886696924362,-0.009105424807429359,-0.008701682821319327,0.0005371950059103319,-0.008536619302439367,-0.010528862693381448,0.009967880366907964,0.03105150583180695,-0.0011318887571289474,0.012754890416558735,0.017928183145470362,-0.00076471946805483,-0.0008045117477561584
2022-03-24,0.012871759114890323,0.006228859176240538,0.015281768872948057,0.009251620735531672,0.008324304060073284,0.01026883122364575,0.006228597853286744,0.014950514070123964,0.008761971213901248,0.008476688243423717,0.0262845445027089,0.023937972201618633,0.04389300655046359,0.02587859686829346,0.026526438282204884,0.013501534745501531,0.01419306510294693
2022-03-25,0.005485561762670619,0.008707978433055291,0.010904281272783917,0.008668262842062872,0.008113913701571003,0.00920199744910587,0.00870851290569587,0.011022983387848025,0.00941811086272458,0.007809662744906123,-0.011573364630100634,-0.0036725320813668846,-0.007725470907874626,-0.010570196172657184,-0.008421575855133836,0.010205638567143446,0.010069181300261531
2022-03-26,,,,,,,,,,,0.008402987483941521,0.015506787829739329,-0.004538880901043281,0.009429383301115604,0.010578494537009982,,
2022-03-27,,,,,,,,,,,0.041397041360058284,0.0477453834386764,0.029815223637955877,0.04214741801869927,0.04317767018610371,,
2022-03-28,0.0009579964662566596,0.005326101185026782,0.00040013429936895314,0.0025024199791495415,0.004624468745775004,0.00022991488118235528,0.005326120904414232,0.0007640794773998809,0.0024790121443021627,0.005468848040237801,0.0037587881027871563,0.005270115291847585,-0.0020106578573279013,0.0030542125156977342,0.0042482247542721995,0.0033160983652915613,0.0030536972932491903
2022-03-29,0.012377539046555208,0.012206810136232232,0.007328011081601685,0.01211330794770114,0.012999915167318653,0.011933388043900359,0.012206051015636755,0.0064834357296215915,0.012062373815972048,0.013239009290402679,0.015112494742400001,0.012698480428265553,0.025500497491586824,0.014549596173890724,0.01445617678554863,0.009707005654179611,0.009064677273058788
2022-03-30,-0.0015291453657374967,0.001170906180145709,0.0012487624019250575,-0.0012644667096850548,-0.0007757027337002431,-0.003828855655144526,0.0011715399929750113,0.0008235213325902419,-0.0018052944866752494,-0.001044327109536516,0.009346896128156723,3.477790979211984e-05,0.0027190679828250825,0.00814674445555504,0.006544595371396849,0.0006601285250942591,0.0007687229419625522
2022-03-31,-0.017273203993594673,-0.008622791079764758,-0.011161530642111858,-0.01289259967560525,-0.010932780912570678,-0.014221202142033082,-0.008622732660888324,-0.010209488438000808,-0.012134274436838226,-0.01076556954982516,-0.03154272228279541,-0.02897078282615296,-0.04365527069015879,-0.031150713585920448,-0.030634258877808705,-0.010631707130088167,-0.010476277822101369
2022-04-01,0.007345515668125023,0.009005123990532746,0.012115543285591663,0.0087731887480322,0.009978377131778975,0.006186125023239843,0.009008095836469387,0.01210602776868039,0.008412590951734637,0.010261919150171252,0.01314246889255092,0.026794750987092435,0.022648667778418674,0.014661930516846104,0.017391812631709712,0.013299248341303211,0.013108078467900356
2022-04-02,,,,,,,,,,,-0.010164723709190478,-0.007775157192179673,-0.014705623076193164,-0.0095631732275763,-0.010030075470073823,,
2022-04-03,,,,,,,,,,,0.019175007399507712,0.015642234758406297,0.024083299762236155,0.018661890085472387,0.017520532177508485,,
2022-04-04,0.000799529033779044,0.0025448370882014547,-0.004206414923945036,0.0006873869735223555,0.0007019899912593319,0.002276617550217415,0.002551713759845182,-0.004047179997666576,0.0012042326016225603,6.0302252425433345e-06,-0.006544536688453463,-0.000886354174175256,-0.0027352215176938022,-0.00620000390354444,-0.0036872829972588146,-0.004350593770468444,-0.004224993101400583
2022-04-05,-0.013597478849595144,-0.004280726828994192,-0.002785926755035313,-0.0076277503392855606,-0.005403985527520715,-0.010604681001322187,-0.004271722363189364,-0.002508602944291646,-0.006946181335409559,-0.0041115396566481005,-0.028529944757126623,-0.02678183385238113,-0.03472207486730311,-0.02782205355663101,-0.028136095956879575,-0.00254540239134438,-0.0027697965507509897
2022-04-06,-0.01572604460303535,0.011493636726344268,0.012726432807831409,0.0007697879926139786,0.00572046857396144,-0.0009029271017112798,0.011512271038249906,0.014366414416775462,0.004200339045506551,0.007813028080510175,-0.09124716475469033,-0.07031225300420212,-0.09542439403427075,-0.0876796965385577,-0.0834001309770251,0.01409391398085778,0.013843549568733354
2022-04-07,0.006745556202943714,0.0037195634489930966,0.011454967727868625,0.003195975535318087,0.002422338111212374,0.0016742166564927764,0.0037252746550742524,0.009712641659034408,0.002112707016176274,0.0013006133239321922,0.03506873213204701,0.017523787135668323,0.06322082280807854,0.03194850181106852,0.028555513088710613,0.007675115378260956,0.0077879228963958005
2022-04-08,-0.0035367066106616113,0.006765766817795541,0.004532125935214984,0.002637489547245579,0.0032332514193479317,0.0035065897723677514,0.006771568652198252,0.005067827281508544,0.004135363182629033,0.0039126466811357985,-0.04172381540517295,-0.02873313107872691,-0.04075953852171574,-0.03986036135133472,-0.03748135642914783,0.0047654187854690114,0.004848568699895239
2022-04-09,,,,,,,,,,,0.018362833934442074,0.017260269535644565,0.02561669749902518,0.01795691270812605,0.017980791220313076,,
2022-04-10,,,,,,,,,,,-0.01689368275730239,-0.015246206220696957,-0.021452501900081918,-0.016525609813631242,-0.016488555448701432,,
2022-04-11,-0.022142334618078185,-0.01427325702355313,-0.025395323400932444,-0.014098517935618185,-0.010522283057353997,-0.011929035170042929,-0.014254330542123078,-0.02416834864614708,-0.011708021200104678,-0.009247889270191545,-0.08024391032120566,-0.07269328568695838,-0.07891250116470139,-0.0789307510372929,-0.07724668849726442,-0.02351036205624226,-0.02372699443905827
2022-04-12,0.0033453973683306047,0.002367265354556018,0.005795758032941976,0.00048209881073757845,-0.0007013420811214811,-0.0007004274837974024,0.002354490156961977,0.005435901587723354,-0.0005449104238077801,-0.0013101024441429863,0.028025388219357437,0.02084097488070008,0.02430275472241544,0.02687381615226671,0.025170203901519188,0.007353271263523567,0.0073574558127021935
2022-04-13,0.012839470587404256,0.005802329861202904,-0.0025827906184695297,0.007921595131383663,0.0069167402343158725,0.008842244191448165,0.005793469750885332,-0.002044550571508555,0.007058863794715462,0.006350354669116992,0.036505405969364704,0.025985452414210013,0.018706457473636334,0.03516519276267019,0.03157315720870302,0.0009171684615478964,0.0009536983262400246
2022-04-14,-0.005005402969397079,0.0017234040744801653,0.002800338990627097,-0.0014143772535334244,-0.000872342996795425,-0.0017895739780087305,0.0017243253448162253,0.003030742383819533,-0.0007099602986319904,-0.0005092539486350187,-0.023580661734903925,-0.030429652843293093,-0.026803719028755835,-0.02446824996275024,-0.027023256899522362,0.001615867566311277,0.0015985645011248263
2022-04-15,,,,,,,,,,,0.03111574865810865,0.017209519721209616,0.022473787222345734,0.029329850772629895,0.025221312171844885,,
2022-04-16,,,,,,,,,,,0.014085636191893191,0.0010562223593537918,0.01027637982490126,0.011669764061955428,0.009478681413061053,,
2022-04-17,,,,,,,,,,,-0.03872011169463009,-0.023683615275983144,-0.03244434370454957,-0.03638311361801087,-0.032987373026809236,,
2022-04-18,0.0038952156562760487,-0.004479246379038974,0.003865667938609049,-0.0006868327611085218,-0.0036822599273364093,0.0007497079830465129,-0.004493572275282291,0.0040835451679724485,-0.0015572414755115926,-0.004293246655676883,0.02243902187752503,0.024827685971151477,0.015764466935612422,0.023105134886305084,0.023132989359391697,0.005580480851081882,0.005653494941131823
2022-04-19,0.013292032574333616,0.008179857441141022,0.0008135209792021906,0.010540532142073653,0.01108839996293881,0.011961508825629064,0.00817201985914693,0.00039378220085458586,0.010309500119062247,0.011174464991447856,0.02115004726511601,0.016983786159956403,0.017375280084068377,0.019854290939333517,0.02066845509231191,0.0027178144474374307,0.0024773814746609875
2022-04-20,-0.0001160681986520354,0.0033420460857678342,0.005387202998585791,0.0028320763110119985,0.0039509514927485445,0.0019334597261816005,0.003325929082493498,0.005434561897974069,0.0032186664221585787,0.004208376115593288,-0.0116293175622991,-0.008070643626084225,-0.022144410581971214,-0.011620337288444044,-0.009397314224980653,0.006379832777470132,0.0062493250763545755
2022-04-21,-0.01304927636208831,-0.009901942416171646,-0.018686053878206238,-0.010934548479678834,-0.007751721066818719,-0.01163613713024381,-0.009908158897325329,-0.01890470355127123,-0.01079372928586835,-0.005744747169501173,-0.022028913233882716,-0.0031801478844619945,-0.033777728227065595,-0.019046123115285293,-0.013926480532141138,-0.020760846439500873,-0.020964347389221368
2022-04-22,-0.02198390487180277,-0.01643925585472234,-0.024549559859225474,-0.02094452154924839,-0.02043071172843395,-0.023505755428103618,-0.01644387926052407,-0.025556846113323574,-0.02124077176822413,-0.02014816686307771,-0.013081005100776632,-0.020289692240631426,-0.0009296039356561613,-0.014094540028438074,-0.01668713949620987,-0.025145754960360173,-0.0251424860533907
2022-04-23,,,,,,,,,,,-0.012451070216792415,-0.006596834008222353,-0.01702191640144942,-0.011478978249288452,-0.009906466843340673,,
2022-04-24,,,,,,,,,,,-0.013706615650983134,-0.006658574873417158,-0.014627605796669805,-0.012410234093199909,-0.011011637513183813,,
2022-04-25,-0.001075830651820359,-0.0011339543088357109,-0.009196187306827693,-0.002492915100898601,-0.0011886810199385185,-0.003037606586353282,-0.0011364559667451947,-0.00911217949590919,-0.002846670420186984,-0.0011529001872489684,0.010266560704494405,0.020301001063682093,0.011847041712839136,0.011637452089015506,0.013977464497217986,-0.0105194471015244,-0.010581431488586968
2022-04-26,-0.02702868201880967,-0.015057407646899973,-0.011293534513518607,-0.019013944902332124,-0.01680136733133003,-0.019905870575549135,-0.015038919497883132,-0.01044533762369429,-0.01739466175361895,-0.015410477160297304,-0.06779230213358517,-0.062380614699364234,-0.0766129337295101,-0.06663680492390278,-0.06557626135106441,-0.01113868568238727,-0.011151518085594243
2022-04-27,0.004213469872425269,-0.002204283344216124,0.0034707055972723064,0.0013119681718174354,0.0016902130870570472,0.0008208542313641693,-0.0022085097866887783,0.0030419491502650573,0.0004732097902656134,0.0008910398160266626,0.02456718396841278,0.026224508032347986,0.023351475601706174,0.024769086500678765,0.025147323911901043,0.0025087346647333798,0.0025134055507634086
2022-04-28,0.015777264870657105,0.015216766892098756,0.02202081623883344,0.015251140306427461,0.014038600990750336,0.016911672779662296,0.015225934882372822,0.02263489407127823,0.01555934206516586,0.013883335857490634,0.009301843866554417,0.012455673884802957,0.003723139420411763,0.009717554868543938,0.010902385039560251,0.02527380490948935,0.02541136972577756
2022-04-29,-0.03501958670568317,-0.03160211788742537,-0.05126439983332455,-0.033725244281098084,-0.033757561543225165,-0.03491485544757718,-0.031601894193425684,-0.05090069386356515,-0.03374793470090797,-0.03267094847687948,-0.03557352721189387,-0.03173325329735023,-0.05078513547392056,-0.03494490780788147,-0.03328442308892236,-0.05066428197073779,-0.050413041981885565
2022-04-30,,,,,,,,,,,-0.051366495005846245,-0.02876141685950155,-0.059180397901792234,-0.047223639803235885,-0.04288505022384968,,
2022-05-01,,,,,,,,,,,0.047335770451658335,0.05245215363790736,0.05051211007751202,0.04654076184225541,0.047930021668494964,,
2022-05-02,0.0030438634196666243,-9.463641049537591e-06,-0.011860886046760558,0.0007327555554466727,-0.002360305503344852,0.004282752066340887,-9.173881601529533e-06,-0.011860834692853898,0.0012655345883673657,-0.0009724428909949421,-0.0034377967756839354,-0.006500693003928816,-0.0014542014424750744,-0.003303454302614815,-0.004291896393736796,-0.009402017084565863,-0.00872505926938608
2022-05-03,0.0035771896427388727,0.0028281298376446407,0.007639443831416431,0.004591297658707234,0.0033958101152508206,0.006453169685688456,0.002828227250199796,0.00763945137431243,0.005371941554688214,0.003843906032121173,-0.01038276963654633,-0.002350613077193628,-0.022062865320573905,-0.009937457704816764,-0.008840957417121289,0.009484420237550967,0.009853783993220733
2022-05-04,0.04177220186804468,0.024196376499015966,0.018205782514725884,0.030938641599268693,0.027096081583099674,0.030826143950610178,0.02419630104938021,0.018205910888036116,0.02806562018698217,0.027301382853633746,0.09903910800710858,0.09810236663068701,0.11269821710937263,0.09711929915768125,0.09978805377697314,0.02042239003728605,0.02080951344058968
2022-05-05,-0.036259663485585694,-0.014941805613740974,-0.02130792824801048,-0.024391351815505787,-0.02021268395625992,-0.025330554791964152,-0.014942038521759241,-0.021307860804981742,-0.021525907834402093,-0.019478783637236093,-0.08935104073891581,-0.09406058628627237,-0.0814015097657052,-0.0893666320674096,-0.09164542338821563,-0.020724211065461812,-0.02051635565043785
2022-05-06,-0.0009527199684605924,-0.005676159376242755,0.001194984409219859,-0.0024741733265783677,-0.003835497214620294,-0.003267578446473068,-0.005676483319414727,0.0011950982997853965,-0.0033694224355925416,-0.0043687496955856185,0.012308137026463238,0.0317542636928008,-0.014783567328179412,0.013029243066494913,0.015783451138569368,0.004736092564537061,0.005345876298010775
2022-05-07,,,,,,,,,,,-0.02630226575113037,-0.023299817602404748,-0.029561652415775158,-0.02570870432255777,-0.025064328268802064,,
2022-05-08,,,,,,,,,,,-0.01663422055399129,-0.012891532495835257,-0.029975645025221,-0.017244632175034334,-0.016862152487009667,,
2022-05-09,-0.052678036968289266,-0.01413525443979028,-0.05128555256371568,-0.03406230065273341,-0.023581114765722076,-0.03559861271205253,-0.014136535971084054,-0.05128533874295481,-0.0294836685562412,-0.02189678172493626,-0.13996664810367726,-0.13115109921336743,-0.1313105418023316,-0.13875112254040986,-0.1371716055377478,-0.055488501189571,-0.05518719697488157
2022-05-10,0.0018119611403135823,-0.007775893292142455,-0.005635130842813469,-0.0045761125384460935,-0.006956000704458308,-0.004178687715627578,-0.007775464122192159,-0.005635098606179018,-0.006027069832365176,-0.007263278970252895,0.03611480039212944,0.03766838294495942,0.03899007091916215,0.03616989381659892,0.03561344092155559,-0.003888765965998874,-0.003221786832932557
2022-05-11,-0.02474301837347821,0.006305805673105713,0.0006593555305724149,-0.006080529780121337,-0.0012561138334954737,-0.0033674548594865295,0.006306491974190383,0.0006593878020597355,-0.00039882864989202805,-0.0003963745421591082,-0.13982875192704688,-0.07981490555594095,-0.15198353634260697,-0.13298472320381338,-0.11911382685764924,0.0015614320695169414,0.0016587484889485104
2022-05-12,-0.004670253268342835,0.007301774987216362,0.006233574045881122,0.0016599398966357238,0.005390288672353378,0.0024514477622846493,0.007301509722195529,0.0062335684677431195,0.003565434894086907,0.005559481091749063,-0.05104619300945697,-0.046417452549186916,-0.052840483868153695,-0.04886710865830704,-0.048326860833899435,0.005983120629784065,0.006075220620828577
2022-05-13,0.02778838796375862,0.009865703510747406,0.016039235928319837,0.019022769712459673,0.01518899301660087,0.021987015580558752,0.009866061712161778,0.016039224210935687,0.017723640984303464,0.014376208051609702,0.0675456784849309,0.051860022517380686,0.06551950699272716,0.06482733177940482,0.06022669885914014,0.01750977524413052,0.017114378642158146
2022-05-14,,,,,,,,,,,0.01895234970551799,0.011244681699649477,0.025080125542325103,0.018523707312091832,0.016319965487420242,,
2022-05-15,,,,,,,,,,,0.039237719406513265,0.03159999251743055,0.05660487873966566,0.03902217789405665,0.039309297081886824,,
2022-05-16,-0.006165022113996645,0.006395137364311691,0.008192198108763867,0.0010645244497964747,0.0026006120907578235,0.0020556778233531384,0.006395538155597499,0.008192211428927728,0.0032587303632123157,0.003684900371208128,-0.05886220316791688,-0.05051151328571631,-0.05991201796567727,-0.057801609090848416,-0.055630856213294264,0.010495442257594887,0.010888581779071382
2022-05-17,0.022176845024691125,-0.002743899491994279,0.006134589702520036,0.014360511055413822,0.008017779246282334,0.019054264195207622,-0.0027423513087606885,0.006134571197219747,0.013775640509121688,0.0063872554872182906,0.04361504155793239,0.033033636929403115,0.039127584408374966,0.042071528039516234,0.0386731804574241,0.006997859777659031,0.007193567849001072
2022-05-18,-0.03404816398245744,-0.023328915598422418,-0.03175382024436433,-0.026190139062648148,-0.024323464929828034,-0.02766799351032163,-0.0233288434310652,-0.03175398596224008,-0.024589009594432266,-0.02541907743810179,-0.07648906908696562,-0.056157077016443284,-0.09397874569471246,-0.07445095877105681,-0.0705312687483794,-0.031118578547826747,-0.030729354254617015
2022-05-19,0.004168605554210166,-0.004994151163582733,-0.000785458808322221,-0.00044435402603105567,-0.0019929675915998364,-0.001905553046663729,-0.004994268468731838,-0.0007855675313241891,-0.0020468950238412636,-0.0033588256435453734,0.04676698996567687,0.04595316956593186,0.054082524568280985,0.0469580107642058,0.048062359659250584,-0.0007028444550505347,-0.0007266496824561469
2022-05-20,-0.003559211806169036,0.0030966312638999677,0.002893561275414359,0.0016637611012236876,0.005396618559309501,0.000653964813578004,0.003096326080721552,0.0028936133471001617,0.0027486468973421723,0.004299445902289952,-0.031792772298017365,-0.032150555677400834,-0.03071544504971604,-0.03189467990572131,-0.03222806875717488,0.0027233832285683706,0.0026349008999912616
2022-05-21,,,,,,,,,,,0.017542226545354745,0.0195485678021654,0.009467864481779052,0.017418706832112503,0.01750002827727567,,
2022-05-22,,,,,,,,,,,0.03596375236663422,0.03955053249349794,0.035257159954954834,0.03586578987763714,0.03658699254814499,,
2022-05-23,0.012703259911002877,0.01598373021694456,0.015718219730464104,0.01524562669651153,0.013635118128242139,0.019144835471557334,0.01598444458524864,0.01571831340083525,0.017082287168906567,0.014456131055539376,-0.03166886341711295,-0.03528659275613367,-0.010719878758561372,-0.033019241047148304,-0.0329888343845859,0.017745259528657298,0.01768701075989938
2022-05-24,0.004811757509458756,0.01006234517372583,0.004437054842933429,0.0063504789729556255,0.008471063188467165,0.0007774847368343307,0.010061977427722982,0.004437110708071134,0.0050541411142225965,0.006790753140590737,0.0350108457929507,0.029471512112699726,0.05447693462016791,0.03292148793671747,0.032856018977432046,0.0040280178758892405,0.0039363485979601615
2022-05-25,0.006938127474348708,0.005522264086809548,0.010665270622355403,0.006396027216573844,0.004618521635190176,0.008803887045134151,0.005522102770968476,0.0106652833946101,0.006911005949384856,0.00534410390682191,-0.005380294864427176,0.011837416898669175,-0.019492614341349516,-0.0037334682985651715,-0.00022810444722530434,0.011630992135012005,0.01194810998809973
2022-05-26,0.0069450616914635485,0.00482060655852903,0.008045777685040872,0.008077481950688017,0.005866026511855461,0.014748339934138802,0.004820487977368843,0.008045765034815158,0.010231062528770781,0.00811432745520715,-0.04888619171571611,-0.03262815725261117,-0.07020813741398343,-0.04620653643717119,-0.042550338307023,0.009125941924653155,0.009013774408778298
2022-05-27,0.013832664988986552,0.01063053071752431,0.016840152980769324,0.015115074234235967,0.014684956083496705,0.019151363469379977,0.010630536883731764,0.016840050401718064,0.016644279863936864,0.015096622345679172,-0.026625540272920488,-0.02777631374851414,-0.01629403696661321,-0.0273235386182313,-0.02679941171805282,0.016729291673059615,0.01636486443599818
2022-05-28,,,,,,,,,,,0.016737137278619495,0.010671173368091605,0.017283550292289788,0.015694139608067877,0.014278204378096876,,
2022-05-29,,,,,,,,,,,0.025155455185945058,0.01585080860177403,0.03574316329487475,0.02417363107181997,0.021719845465689742,,
2022-05-30,,,,,,,,,,,0.0781947726267209,0.07288300868689815,0.0898298193155142,0.07876009588339838,0.07923016885851827,,
2022-05-31,-0.006028189664139602,-0.009372252025454279,-0.016556369770277343,-0.00782144523803253,-0.007559273001895931,-0.007963899183436825,-0.009372086755503727,-0.01655641728896977,-0.008325578054787851,-0.007496802561283766,0.010869457811169648,0.008628952468598886,-0.011562635868566953,0.011454085010642292,0.010660023804357514,-0.0171543411253576,-0.01741245881562472
2022-06-01,-0.016220122078898155,-0.006020822397551795,0.0013675750503811905,-0.009109229369207411,-0.0071193599242972885,-0.005248085487194567,-0.005429292313887283,0.0013675753309467954,-0.005407672127603274,-0.006138480765179935,-0.0710803050374161,-0.053579175462461076,-0.040713168657961755,-0.06964991430854012,-0.06833552830355473,0.0036619418086280935,0.0032214327019346525
2022-06-02,0.01603856298368861,0.003135812827494788,0.0012670101659515128,0.011546900067081345,0.008265260489200952,0.014594936780382432,0.003184184297903639,0.0012670097276881957,0.011275352387852097,0.009257584619475364,0.02376824046478411,0.01469965523190498,0.013592162721126583,0.023141688010239643,0.024022715741266833,0.001481393071158087,0.001168995121564528
2022-06-03,-0.011167205710326871,-0.005230055938044844,0.0024484807296773297,-0.008323852231561398,-0.007205371125473008,-0.008328148069157593,-0.005170355488474566,0.002448480980794163,-0.00743056820246406,-0.007110981384498463,-0.026232300382332742,-0.029822863444181127,-0.031155485082596218,-0.02632949264847425,-0.025912057272168262,0.0026755589512767056,0.002839581337050199
2022-06-04,,,,,,,,,,,0.006966110552448512,0.006866228419412175,0.0006977496323728391,0.006787258514217921,0.0048168383660128,,
2022-06-05,,,,,,,,,,,-0.0041454721662176185,-0.0028918711211668195,0.006714326448839705,-0.0038630430973236552,-0.0019218029527534044,,
2022-06-06,0.004114461134851154,-0.003767015947403914,-0.0028176174363106522,0.0006917170069869776,-0.0013638867769294213,-0.00046420173971095213,-0.0041793716301587866,-0.0028176173740408466,-0.0008671307374880394,-0.001302711544766127,0.028935268659901363,0.03142002504032739,0.026674132734489934,0.029195721038708485,0.028902842441899584,-0.002668291313972921,-0.002749621938027
2022-06-07,0.006713171761886395,0.007344632096011488,0.013623813025470399,0.008020622070956945,0.008020328653929217,0.010267784720320059,0.007601749320816664,0.013623812860863154,0.009253281163209962,0.008613494551681337,-0.01185178189019458,-0.009706729575074874,-0.006058071557025873,-0.011556306672530582,-0.011225616410990041,0.013571511796402046,0.013784425198349094
2022-06-08,-0.012902858448558423,-0.01011267205595758,-0.008328606893915253,-0.0125292450786577,-0.011562839708984736,-0.01281062896471546,-0.0098652655142249,-0.008328606585868734,-0.012402391983978588,-0.012889027927271316,-0.013353960643774407,-0.023082315750472444,-0.02115465911174587,-0.014247770467315832,-0.012183756576315796,-0.009202133445118794,-0.00881845076287589
2022-06-09,-0.020856012455891262,-0.022353929229164113,-0.024587094637843636,-0.02138897823990516,-0.020632208082038455,-0.023577811131328494,-0.02253121477633331,-0.024587094632401437,-0.022344367007815745,-0.02100651378666274,-0.00624839484697207,-0.0020340377109002604,-6.639728398906766e-05,-0.0058886968589400715,-0.005163877478835558,-0.025064004170521695,-0.024966207542320262
2022-06-10,-0.030024250948289654,-0.009733498190128346,-0.012243769945994958,-0.021878902602924345,-0.01832674479273816,-0.02575906062703906,-0.009937166252148114,-0.012243769187765964,-0.020713509210580006,-0.018387209979715893,-0.052615484243620836,-0.040468778722455974,-0.03738815901565537,-0.05151302436507044,-0.051069521032692626,-0.011689462019927576,-0.011821478060780077
2022-06-11,,,,,,,,,,,-0.05839705019214692,-0.04506698438130651,-0.04085231075567598,-0.05698770566253601,-0.05554862835178916,,
2022-06-12,,,,,,,,,,,-0.057333533804463876,-0.04162566787115486,-0.030327336203183983,-0.05593099585125441,-0.05416998138101012,,
2022-06-13,-0.0538369821480716,-0.03358779400368211,-0.042436572102770895,-0.042153905082834106,-0.035626379773888425,-0.040448702934738845,-0.03269732371095018,-0.04243657270680645,-0.03749857876202839,-0.03539371172223324,-0.12700009164058357,-0.15906832629941986,-0.16328697721954566,-0.1297430777770274,-0.12937556099535052,-0.04580233556869891,-0.04483599729006453
2022-06-14,-0.003969530564505053,-0.013630424849342829,-0.008090626231107186,-0.008847259913843096,-0.010593160987865429,-0.006656390921949066,-0.01356844891337263,-0.008090626782774633,-0.009462407881828755,-0.010567232139128623,0.01045469750789893,-0.03645203163799915,-0.057528140867152966,0.006885298142184542,0.003396846319128694,-0.009032423954926847,-0.008550126192545566
2022-06-15,0.01878484593740649,0.0029825289380568283,-0.005395787852541622,0.011164340001121716,0.008662007267589419,0.010697439125869108,0.00292686406448088,-0.005395788318913403,0.008775430889239117,0.009217705252993869,0.0663535256365917,0.04202888981507978,0.06093765995757353,0.06412584333921269,0.06810036948829959,-0.0072550250157620375,-0.007015434458204859
2022-06-16,-0.040588988288525,-0.008985163464119008,-0.022443649771222804,-0.026509380946612784,-0.019564631640365968,-0.028691539898185053,-0.008561307654527879,-0.02244365036555957,-0.022633031916484747,-0.019407872275048733,-0.10583669931097578,-0.10153056185921634,-0.08854551664012562,-0.1053344235053637,-0.10248781299013487,-0.027729660223736026,-0.026583383935714022
2022-06-17,0.0016221205610190738,-0.004093279161969554,-0.021305195425206844,-0.0021651628813070777,-0.001109268318545733,-0.004024583730670721,-0.00425108147659669,-0.021305195531355268,-0.0038961064790549713,-0.001657333588182308,0.03503453587942809,0.023610872319823912,0.010492222984723801,0.03385661159874963,0.03046964961476969,-0.02482471440880843,-0.024250146992467383
2022-06-18,,,,,,,,,,,-0.041536723786775864,-0.04495374908257452,-0.03497701914940619,-0.041943780339613074,-0.04131165906642579,,
2022-06-19,,,,,,,,,,,0.07719286877554915,0.06220548734253497,0.056792530401423395,0.07616697653216889,0.07206701575862462,,
2022-06-20,,,,,,,,,,,0.0008443834031670026,-0.002166596882577078,-0.0015729563377957147,0.00033428487567273985,0.0023919826367974997,,
2022-06-21,0.018962991896126838,0.022795665831834067,0.03572579019823576,0.02116028865664376,0.021752569412543717,0.021254470138237225,0.02276270655255133,0.03572578937658619,0.021843670690943853,0.021334510390021502,0.0062469612305708,0.017550733749066676,0.028021867157547776,0.007168694848811472,0.008005376343692847,0.03474273935121613,0.03518503359334978
2022-06-22,-0.007612364090035384,0.003032765446115109,-0.0046972470713111435,-0.0012748502403082942,0.003118525179724244,-0.003003589050751786,0.003167160157771391,-0.00469724786886955,0.00023402257117278145,0.004037377825386318,-0.03467508341388642,-0.0395329223797839,-0.036287913686340434,-0.03479839917385868,-0.034032562720955735,-0.01056129888141112,-0.009449071865493975
2022-06-23,0.00940063045742406,0.013478892524015483,0.004109575942222838,0.009102986823417352,0.010620361947072412,0.003278364360115719,0.013072947243932822,0.004109575405726172,0.006993606185308332,0.010784411203226301,0.04660051429476651,0.04355953184798078,0.039794110757255224,0.046522538838389124,0.04441768988172414,0.0008618321003991225,0.0013422295011088427
2022-06-24,0.029787842223479265,0.013847113157882899,0.017710955719406132,0.023939579394179206,0.02091959978603753,0.028106950730770356,0.01412220279048789,0.017710955319914297,0.02358856358116363,0.02099782781841351,0.039535390572171134,0.023338446085281538,0.03012343852594294,0.03843210450086444,0.04145743307967206,0.01750796825273132,0.017557505404494994
2022-06-25,,,,,,,,,,,0.007558244467368572,0.0043578885808692215,0.0006026833335054955,0.007415836788395555,0.004560262990038636,,
2022-06-26,,,,,,,,,,,-0.02204996262688682,-0.018211299068454475,-0.014470368643606702,-0.022080061488910625,-0.020749101426296247,,
2022-06-27,-0.003959819635504114,-0.002591216195328987,0.012222971101636532,-0.0026969447792948597,-0.0023278933046155005,-0.0034467457392659195,-0.002444598520927657,0.012222971574651059,-0.0026053293021926827,-0.0024563220767542648,-0.006618167081880745,0.00023503714116364285,0.008195748613716813,-0.006233967862066701,-0.004737612343487477,0.013204210031188062,0.013075792723003528
2022-06-28,-0.01473252091149782,-0.008990079886765711,0.0007852741566021313,-0.011275831122341522,-0.010947981035134509,-0.009935317070791976,-0.009020530554352115,0.0007852756876145135,-0.009934869676008776,-0.010552097615016458,-0.042354937485265406,-0.030819852585833068,-0.022337428048630162,-0.04127677765475828,-0.03948360987532785,0.0048427936451959355,0.004108092436547924
2022-06-29,-0.006139851970863033,0.0007915343254655124,-0.005814405183158428,-0.002684297479219668,0.00043785865216983594,-0.004598591051314442,0.0008016592493938432,-0.005814405058165092,-0.002207420375626024,3.426975164066027e-05,-0.015122420457723443,-0.01460501692953324,-0.018434650146365555,-0.015139079225174476,-0.016904527175724937,-0.008917372033264533,-0.008272075797117886
2022-06-30,-0.0071226081384991894,-0.007150247723459324,-0.006051244564464577,-0.005920734826039694,-0.005715976041012216,-0.007309195796401207,-0.007224545803661606,-0.006051244035138497,-0.0061107220760237835,-0.004879934564720077,-0.00607163172980763,-0.013796119021602913,-0.011321640955742628,-0.006504780204605766,-0.006010057076918389,-0.004669383203918472,-0.005152354804576256
2022-07-01,0.005155360012899511,0.015021793399642516,0.017217532230629436,0.011140813437521052,0.014237585361607245,0.01073505233633957,0.015022338538727857,0.017217530414879535,0.01309626931050139,0.013625279605980907,-0.022743101604300778,-0.014981802913903622,-0.025488671404618482,-0.022147182670023507,-0.019629905176746995,0.017176538619666726,0.01705070598599478
2022-07-02,,,,,,,,,,,0.01029905701679791,0.006302409140713446,0.000945869214535448,0.009739838254427528,0.008066285301030556,,
2022-07-03,,,,,,,,,,,0.006092232651770541,0.007688211737891093,0.01751728915641927,0.00628355284419824,0.006472527183210581,,
2022-07-04,,,,,,,,,,,0.034407816259567195,0.0352113440590546,0.02430582317799348,0.034619567445623375,0.03641798331493597,,
2022-07-05,-0.008422948554401274,-0.004297567484581245,-0.017099791917316753,-0.008070642546024095,-0.006039951730743884,-0.0063939319528122885,-0.004297500307339493,-0.01709978861969287,-0.007243339168584691,-0.0061409398899514595,-0.018864337550294777,-0.005027806960299839,0.001402650175626479,-0.017579812002553256,-0.014249225457197322,-0.01796821817121875,-0.01777700942122671
2022-07-06,0.0026418560591317496,0.0014453112229854451,-0.0009595326058857295,0.0014782731243044636,0.0012015590586232046,-0.00011955787474479478,0.0014456618031662483,-0.0009595371330855273,0.0004893434216084626,0.0009542463979044604,0.01731348219061527,0.012630068486733613,0.007985788640874401,0.017012855209495328,0.0169835623939855,-0.00067368509818409,-0.0006963638569400723
2022-07-07,0.017800561605829865,0.002241701668448515,0.004127520171293737,0.010745581268203281,0.006305863346931777,0.013848664698403738,0.0022412764770550512,0.004127523370041658,0.009346789829144539,0.006346785788999331,0.0381976112224178,0.04003043801234481,0.028717208582606114,0.038399586805486205,0.03836270669957648,0.004772242408715486,0.004711330073591105
2022-07-08,-0.004394985112496568,-0.002558546981825281,-0.0009524723004272757,-0.0033240430598603403,-0.002513331900982029,-0.0033434671235589696,-0.0025586312370007172,-0.0009524726816714095,-0.003000753441975471,-0.002903274641852617,-0.00976138351006452,-0.0016637082103730578,0.0025095344535187025,-0.008947068527416596,-0.007367140660733472,-0.0013486177272889616,-0.0013201749443789886
2022-07-09,,,,,,,,,,,0.01363302523192627,0.0036164367759839336,0.007197212585207066,0.012561132206003823,0.009381890916145792,,
2022-07-10,,,,,,,,,,,-0.03980870909771142,-0.036059968031950496,-0.0414460686957714,-0.039514761365641346,-0.038231120308079555,,
2022-07-11,-0.015594308902634378,-0.00015344084408846093,7.01180044486888e-05,-0.007364339726912323,-0.003962844162577166,-0.007641223965006269,-0.00015306014059926292,7.011571719816527e-05,-0.004603818742085403,-0.002940639304430597,-0.05601117933721329,-0.049224830798794986,-0.03993647067784653,-0.0553104073598733,-0.05401588222539632,0.000665089078562257,0.0007932365377902162
2022-07-12,-0.006942971130113015,-0.005420181705973981,-0.00883791651461619,-0.005575837356701067,-0.004440177945861698,-0.003819230967396589,-0.00541993325610014,-0.008837918017308467,-0.00442656869765946,-0.0038542208248748887,-0.023744814569308756,-0.021753712063076743,-0.010375101341135576,-0.023666857804104373,-0.024875699091717482,-0.008681659623717995,-0.008631190305549097
2022-07-13,0.003753239519482254,-0.0018122649952469273,-0.0035162025999412793,-0.0010395344942435948,-0.0026722560903201793,-0.0036969149960810396,-0.0018123216872159063,-0.0035162031578319054,-0.0036744430485768577,-0.0037524825419345256,0.04419457275180465,0.042664460967428396,0.03442925992654101,0.044181752307028824,0.04464925330727278,-0.0037735192281729804,-0.003750592084345243
2022-07-14,0.0004897137258125408,-0.004095522525528795,-0.002706401449368057,-0.0025416635328059083,-0.00293554963348483,-0.0039207150040935215,-0.004095067754970915,-0.0027064044876990807,-0.004090944617667687,-0.0032986686932097607,0.023393174297318933,0.019048017891933076,0.01893906083497816,0.023241367505839473,0.02330045201394196,-0.002122568412573328,-0.0020655971238526254
2022-07-15,0.017626951167765685,0.010603555265593163,0.012654103069171058,0.01572065255866658,0.014650005757381632,0.01845927063757866,0.010603417415816451,0.012654103232144696,0.01602380045903098,0.01501771994474387,0.013530179044921124,0.01400634509122966,0.005322754026524087,0.013615576571975381,0.012919077430428461,0.01292434230405999,0.013002021620772497
2022-07-16,,,,,,,,,,,0.05204064234645277,0.03129581916265017,0.033597530917629,0.05025281744717265,0.044741918519149354,,
2022-07-17,,,,,,,,,,,8.492324944505032e-05,-0.015250737905327126,-0.020902929113277686,-0.0014881502332627378,-0.008506564929921292,,
2022-07-18,0.01505475943589294,-0.012057516785182423,-0.008901266993579291,-3.052134987499637e-05,-0.006458881033653574,-0.0034147286016938403,-0.0120576596614833,-0.008901261957734614,-0.006539140299812835,-0.00845699510816814,0.11449484682376383,0.07859245567306018,0.05275792748665866,0.11130504140697041,0.10286375467400247,-0.008500192124357653,-0.008720267701974836
2022-07-19,0.025719242676330637,0.0136102605162691,0.013917122036776156,0.021659571060900343,0.01988256329637547,0.027573424580895938,0.013609991665209658,0.013917127188415911,0.022343365528483053,0.020354591785576026,0.016200464433744538,0.023986033575710317,0.01645818284648406,0.016668845385023202,0.017730795159782396,0.013326647086277139,0.013121453739108698
2022-07-20,-0.003964918888452802,-0.005837326893805684,-0.008164816061435307,-0.003770800253167822,-0.003879011776009174,0.003198743203757322,-0.005837250360004595,-0.008164812517295086,-0.0011681821714163555,-0.0026519925275121717,-0.03790266649553833,-0.021557676064461757,-0.023757273802620004,-0.03625173736310912,-0.032017947265374304,-0.0076183719820595444,-0.007736693345701838
2022-07-21,0.009351686808786421,0.004131701987198568,-0.0038983638416745067,0.00549107888628102,0.0035505793596858305,0.005901582894834631,0.004131930833843717,-0.0038983648304906668,0.004424097141400383,0.003511334204928427,0.02850812424190323,0.007278552078497799,0.009072613506412806,0.02656412865405528,0.021009758223923862,-0.0039143067317409,-0.0038361034450112436
2022-07-22,-0.006199394750067578,0.00021389268006731163,0.0021183355705494114,-0.0029550846400999854,-0.0013259523065902372,-0.005628580633262105,0.00021424760873591236,0.002118331514302559,-0.002749356578394871,-0.001497327883639801,-0.009543388956063423,-0.015136947412646849,-0.018920516061051416,-0.01029620850406418,-0.008132215997059477,0.0026353784090567987,0.002677148409781186
2022-07-23,,,,,,,,,,,0.007830728643755776,-0.0049095946226703074,-0.0018374702600591928,0.006667771596650874,0.005492733948398346,,
2022-07-24,,,,,,,,,,,0.01973930982095301,0.01895061799469313,0.0009498449139360888,0.01959626501655056,0.01764190213350061,,
2022-07-25,-0.009862827201626317,-0.0017902456589334037,0.017848162440280285,-0.002644216546341932,0.000551915828370708,0.003675421527317044,-0.0017901277929640077,0.017848164200160214,0.002135862993086258,0.00314644733178262,-0.07483751989264331,-0.06536087998197682,-0.05408450073455435,-0.07400976627782152,-0.07177998907853954,0.01816681818071502,0.01806930508474049
2022-07-26,-0.003649809721155686,-0.004946658737303852,0.002220971011446472,-0.003058820433596075,-0.002056681209600725,-0.0054334554366425565,-0.004947159566478608,0.0022209692846428208,-0.003568638434269485,-0.0018042084586120236,0.006960387253387449,0.0022202328948724547,0.008392193645387038,0.0064256500218926385,0.0032977334795556033,0.0015542509090159333,0.0015700156461772087
2022-07-27,0.028833414021524607,0.0040900356724284884,0.0023682361817937425,0.014225890836376692,0.007821621149974636,0.011784392418515512,0.004089414241673197,0.0023682385963506945,0.00829843114754518,0.006503725524880188,0.12135708572219181,0.07613781396686156,0.061739569671247024,0.11725283765122244,0.10700418938457831,0.0025249304750709213,0.0025126010932416923
2022-07-28,0.02368833361901881,0.008694125781025254,0.00849910067017742,0.015278469172576525,0.011785460520936786,0.010181929366293432,0.008694822085890855,0.008499099654479588,0.010368045316992168,0.009915963607162345,0.09243342603978585,0.06247594827465519,0.030457675239190594,0.08928455347932049,0.07007580025710769,0.009167453027018319,0.008959614189436806
2022-07-29,0.007085481761083954,0.00375770579846358,0.015247588910228213,0.006507476014388414,0.003889428625189696,0.010052623439692779,0.003757314075432839,0.015247602749261478,0.007465204318323338,0.005476104023451984,-0.005727817331222408,-0.004844159763921935,-0.0079719277891638,-0.005642884813961377,-0.003470327422628325,0.016404198038264338,0.01589975011296518
2022-07-30,,,,,,,,,,,-0.00994657195075236,-0.011318190812241873,0.01852470325188439,-0.009860726859139728,-0.007634496530100931,,
2022-07-31,,,,,,,,,,,-0.021450323957659237,-0.013998014917412201,-0.011708934429986498,-0.020737439966409643,-0.01569075346596662,,
2022-08-01,-0.003463816514591548,-0.004814776090546877,-0.012482220617302253,-0.0032268125679606853,-0.0027072042466535495,-0.0016167632894356567,-0.00481456575160557,-0.01248224280244646,-0.002595072283562614,-0.0021627559754441136,-0.012699082640371007,0.0016331794395402712,-0.014827878286914939,-0.011163271220273014,-0.010232885383178446,-0.012493056903379748,-0.01251498947130736
2022-08-02,-0.011255808165092435,-0.005591042284538649,-0.006570550521265172,-0.009555915900563781,-0.009182167996218116,-0.009766373595193573,-0.005590893124300963,-0.006570533917932793,-0.0090410325876425,-0.009114906840720848,-0.018786574523241048,-0.019016716291780623,0.007051633119367804,-0.01923700441840526,-0.019547755416081176,-0.0066157240668062705,-0.006618840828913646
2022-08-03,0.004373514578355018,0.013097663288445478,-0.011088831522581681,0.006185303355362801,0.007321252903313658,0.0063906425985524335,0.013098143500095298,-0.01108888776174662,0.007012685787208831,0.00765090066107682,-0.005919092520044784,-0.005954971520725459,-0.011055198095066426,-0.005862173828240941,-0.0061045006105906845,-0.013576862356649273,-0.01379664958232589
2022-08-04,-0.0009256275051892937,-0.00677759948769726,-0.017968502191993592,-0.002011499231375652,-0.002100804542423673,-0.0013548306398488389,-0.006777989738921521,-0.01796857264446771,-0.002046973180432071,-0.0015970733951989162,0.001291545972862478,0.0013012059919324751,-0.008106455842735482,0.0015787471658469466,0.000759017706972545,-0.019540649066697592,-0.019693028069185235
2022-08-05,0.008418504690363232,-0.004611922888501969,0.005222222590982366,0.002530675775268201,0.0002947364645564305,0.0012453867441642144,-0.004612123471719727,0.005222237957095322,1.9997739158527468e-05,-0.0005862528072195729,0.04537539473907407,0.02828785576695284,0.05937068126562503,0.0433869188933757,0.04153706145064641,0.006359771436693789,0.0064756701047101045
2022-08-06,,,,,,,,,,,-0.00933909682050804,-0.007177672186710019,-0.0111070462783542,-0.009177004702600135,-0.008223377114589706,,
2022-08-07,,,,,,,,,,,0.006383834393511209,0.005578972240955484,0.0004974790073999547,0.006399948706329817,0.00719144914503255,,
2022-08-08,0.003619991058590741,0.004199590937238525,0.00619300517450644,0.0024193025831353745,0.0019884526333927054,-0.0002995871484246112,0.004199820014631949,0.006193022429614798,0.0009968275422761962,0.0010763413985801105,0.023081434620899087,0.021717007300227603,0.014630322946624589,0.023252242731316805,0.0227376858713116,0.00567388756183267,0.005663392882565722
2022-08-09,-0.008307027178909025,0.0021884161099522213,0.013415135147286525,-0.0013719857423027918,0.0016486048573744955,-0.0009765693351909404,0.0021876776916189312,0.013415158334151234,0.0011213972001106348,0.0018797074628912798,-0.04372071297256973,-0.03246891920397056,-0.034284065626119554,-0.042684892950999434,-0.04136878175951425,0.015098825720034237,0.015174540206912869
2022-08-10,0.022186269194869677,0.011417155088938487,0.004126855955019987,0.015798590954185808,0.01292552325517747,0.016693861603007894,0.011417774053554576,0.0041268478353467634,0.013980550050928884,0.012562384004110095,0.04962703924645055,0.03666957275958523,0.053739712990701904,0.04837430044298389,0.04681894842860659,0.00393655479382547,0.0039557244356375025
2022-08-11,0.007082189160881963,-0.0014528234691382135,0.01280632078285001,0.00391555236603113,0.0021001557169247594,0.005780713311737086,-0.0014524218502227895,0.01280636813638136,0.003490603070717797,0.0017594519305227647,0.013205672711347045,0.0015961684730270292,0.0401476686314053,0.01139783462797613,0.011346807109224026,0.014684890955987117,0.014829498512194249
2022-08-12,0.014861568906941161,0.014459165144209907,0.006897494606987272,0.014557673382357805,0.014007509766520817,0.014905165969355847,0.014459084964802166,0.006897491480531148,0.014643068986103645,0.014054329200710128,0.014572452750824949,0.011141252917109592,0.02078633565668117,0.014240272360308857,0.013520035016175602,0.006511021930429002,0.0064737521663754335
2022-08-13,,,,,,,,,,,0.007883917084293484,-0.0005322820329498495,0.0005360058438481083,0.007169709997287941,0.006590989163104803,,
2022-08-14,,,,,,,,,,,-0.01338354536225819,-0.005026031580952281,-0.021197792117090233,-0.012338866056940559,-0.010804961759238127,,
2022-08-15,0.0008374467051541526,0.011571389198358548,-0.007374757824236821,0.004079715456625503,0.006402952698455584,0.00439258391531658,0.011572159916420128,-0.0073747854313509975,0.005327525788562786,0.0065615830376292835,-0.016641079554927586,-0.013298721454127178,-0.007302003031101154,-0.01656592875724919,-0.015940860202579937,-0.008651460612722595,-0.008742801959006693
2022-08-16,0.0024541113629621674,0.012071517031704341,4.433752788449976e-05,0.004175382147865905,0.0056004559360986915,0.0028145708297887175,0.012071947171664772,4.4315454792741077e-05,0.004299864501254797,0.004986316255850876,0.000801009128748387,-0.0029079018547295893,-0.01932769344203131,0.0008146251005946214,0.00171133722780426,-0.0004888661287031923,-0.0005415187754199326
2022-08-17,-0.007830974910600554,-0.006238789810985242,-0.00032462556571432797,-0.007048853313520114,-0.006484455348961192,-0.00826071016336447,-0.006238851573518071,-0.0003246129740630798,-0.007244092518309526,-0.0065466228759337875,-0.006229210921159606,-0.019628784543478807,-0.01054151715407342,-0.007655163144904263,-0.0064176127510698205,0.00036845817497482434,0.00038190401918601125
2022-08-18,0.0003828015726132708,-0.0025225936336141777,0.011321929934324841,0.0007506330276113614,0.0001352917371197415,0.003813745801491206,-0.0025227604102908514,0.011321950510057894,0.0019029761554608879,0.0006626806249250373,-0.017012208084407884,-0.012439343542040944,-0.009136980720646722,-0.0165113322170967,-0.017456516324028767,0.012809205843960787,0.012903220281487701
2022-08-19,-0.025662499144877164,-0.004289289418112937,0.01410374954634081,-0.012647124636396823,-0.00708644053991303,-0.00898165469584749,-0.0042894583892010675,0.014103817035420955,-0.006944755702110611,-0.005755102147053097,-0.10925470030581663,-0.08520280292849487,-0.11496225356993484,-0.10656958831632234,-0.10454331161194669,0.01635294012191274,0.016461012275869394
2022-08-20,,,,,,,,,,,0.014892169048395867,0.0139124362825015,0.0050594388836572935,0.014717942176474453,0.017290244056270745,,
2022-08-21,,,,,,,,,,,0.03279410812491895,0.015485303208312802,0.016255181548027253,0.031165273791793933,0.03073826570979458,,
2022-08-22,-0.012963174834853054,-0.014321338843095515,-0.013227096666058674,-0.015025721085502207,-0.015827437888107088,-0.01935673846727022,-0.014321905456217306,-0.013227092638422616,-0.017280126012083133,-0.016709078565167408,0.025347282181931857,-0.0027884750921048124,0.0017733593425122672,0.02266326166267675,0.022068207551121283,-0.013407052578383538,-0.013421737754714502
2022-08-23,0.003668753622841684,-0.005010232119051882,0.01624075443836319,0.00021987880856539092,-0.0026364145423653663,0.0019486535738077052,-0.005010796444840993,0.016240813453781637,-0.00042830148904400485,-0.002797376829178381,0.01222844899449263,0.0165884070929611,0.012672434864155377,0.01263071830924938,0.009857554908080152,0.019903313869109072,0.02015493809733618
2022-08-24,0.0008730315596586686,0.0002887285657805099,0.002989033299615827,0.0010584531271267093,0.00043294706201024876,0.0024583820091130934,0.0002888917092034529,0.002989042472638391,0.0016461819238577848,0.000711538576945541,-0.00805958360989279,-0.012167097123782568,0.002363602564888285,-0.00868736484688738,-0.008793921553558192,0.004065420902144248,0.004126546003265136
2022-08-25,0.013227390181737625,0.006003182938097016,0.0053918034854142155,0.011076527815867857,0.010109870574247023,0.013695141798581084,0.006003273018351323,0.005391774475322316,0.011346686219549741,0.010235855200401028,0.00985807313468776,0.009242027777415639,0.02962395151277317,0.009512670234602515,0.00979202622194065,0.0046324954639180484,0.004625864555365565
2022-08-26,-0.03568844670681814,-0.018764694296804614,-0.014043716898748046,-0.027743613152464246,-0.024420853656226066,-0.027577299678903204,-0.01876467478307731,-0.014043701435580465,-0.025024495187108593,-0.02502007529446372,-0.07980382188364049,-0.06705564566500553,-0.08128963015857948,-0.07858594950692559,-0.07615795734485976,-0.01306664878133619,-0.013041294703546898
2022-08-27,,,,,,,,,,,0.001817386103776919,0.001461608173966335,-0.0050007418010701195,0.0019439660665117565,0.003487471112970481,,
2022-08-28,,,,,,,,,,,-0.03497527924303536,-0.023648315924705676,-0.04286610450766669,-0.033633159372194896,-0.035997015590330333,,
2022-08-29,0.0044868747741205715,-0.003903716390780191,0.00479445685671346,-0.0004423220992521266,-0.0030497194179322142,-0.0034928481816605458,-0.0039038742492942782,0.004794495875303074,-0.003326066621348168,-0.003818790108966291,0.049042800714085635,0.03785922426667367,0.06386101274660133,0.04777923570221489,0.04632850730053501,0.006911654760710953,0.006997361886976118
2022-08-30,-0.015858351226891047,-0.008384533569022516,-0.019617080482675207,-0.013120008277505939,-0.011345226111416438,-0.013645333641191412,-0.008384162706411076,-0.019617108121602004,-0.012363840736598441,-0.011303324373554097,-0.027912444798993977,-0.011101547677829528,-0.010540133087014644,-0.026347051171949153,-0.023859344277680525,-0.021642070207630964,-0.0217641016423611
2022-08-31,-0.005672496652686303,-0.002366834882153529,-0.011202331933908023,-0.005775947189972264,-0.005439977807621033,-0.007278695249996041,-0.002366343412782229,-0.011202329621100862,-0.00638714420555603,-0.00584990789788598,0.0027395568401229653,0.0012547318515421175,-0.002997893768133978,0.002764184410066525,0.0009700725165309263,-0.011301568771687013,-0.011324859563567926
2022-09-01,0.003488643667265685,0.011963491615818202,-0.0021276988624900506,0.005328082617055575,0.007672821074216056,-0.0006877551969647987,0.01196325209330729,-0.0021278393330498076,0.003799564270036721,0.007599031492829665,0.024370637988418112,0.004549785156091463,0.009338292463164321,0.022433006094737112,0.02014551626905048,-0.0029524009236794706,-0.003231214886472787
2022-09-02,-0.007038603499564758,-0.009745177203842867,0.0009733114660250008,-0.008904411869430319,-0.011054055279070624,-0.009613545886802997,-0.009744575212900175,0.0009734133213391055,-0.009829072806021542,-0.010967623530518361,0.00552116423393125,-0.00786674081892385,-0.010706307822410461,0.004313434888723241,0.001689191898285241,0.0016031958605293283,0.0017675124691163954
2022-09-03,,,,,,,,,,,0.0017424751879670805,0.00028899353985563413,-0.002013418863064051,0.0017909231008016414,0.0023960556421552554,,
2022-09-04,,,,,,,,,,,0.009475441481042245,0.007002181999842127,0.007752005060057453,0.009454621982682947,0.010052727415049593,,
2022-09-05,,,,,,,,,,,0.03068974490874455,-0.003530417102098696,0.0881875300061328,0.025566602629753393,0.023592065717536848,,
2022-09-06,-0.015641627090444456,-0.0022909743272632246,-0.006978975544263057,-0.007462481579991751,-0.004389978531550584,-0.0039005182992777917,-0.002290406144735738,-0.0069790168554526855,-0.0032238760548096122,-0.0032446344317161135,-0.07324070610409686,-0.04463640120183686,-0.07438890239084095,-0.06987501583069647,-0.06652940719321171,-0.007540728289832321,-0.007613959182020855
2022-09-07,0.02283897897406366,0.01656757320127075,-0.00017242982459786393,0.01900616759587232,0.018077066281707743,0.015960464864984227,0.016566879937426837,-0.00017252471417017034,0.016614170592546565,0.017536527031171943,0.05853995298373541,0.027814130023053465,0.047495535906885974,0.055025861645121785,0.05295099527206349,8.84230259907276e-06,-0.00032664118838175975
2022-09-08,0.0058232912441491475,0.0022025155391204396,0.0015302936798001182,0.004024106388538564,0.002832837758883006,0.006018702471834117,0.002202906202226177,0.0015302866147592423,0.0041172876323469,0.002583379987689775,0.005049555558427211,0.003831813164941319,-0.00460747239658691,0.00526503470982563,0.0016853776822543724,0.0009823933035951443,0.0010682243652200727
2022-09-09,0.021773441468979027,0.009085669136948816,0.013282887243588015,0.015302638033872586,0.011697053363588374,0.014423439717681825,0.009085828969680111,0.01328293084429376,0.012551112724158455,0.010770123216127383,0.05792736058310925,0.07080417868325248,0.04819035081875449,0.059066514697204836,0.06086232697897713,0.013424157002159706,0.013583057461660013
2022-09-10,,,,,,,,,,,0.018547334884776678,0.011970883008420193,0.0150948018288275,0.018129118589461736,0.0190096419650154,,
2022-09-11,,,,,,,,,,,-0.01177334026149269,-0.003565642521945467,-0.014311093428495217,-0.01089637423854107,-0.009525507829505755,,
2022-09-12,0.005615109873927533,0.008158118555235308,0.007477271837937871,0.007711495293485729,0.007639663171090067,0.008437920739043966,0.008158477351708273,0.007477359342061465,0.008601700520749005,0.008427329461213846,-0.007998636070758708,0.01117277999711968,-0.008480708572273945,-0.006495648375350913,-0.00502307287170574,0.008760779114093509,0.008745639653668036
2022-09-13,-0.04530563531448814,-0.029979355275292458,-0.02461896603860593,-0.03827116955571946,-0.036179619847356397,-0.03985345235372455,-0.029978577052489654,-0.024618915911482728,-0.036276215292700933,-0.03398653638942187,-0.07153731222901458,-0.07260248551328952,-0.05684665874935023,-0.07162851607078737,-0.07329265291986539,-0.024009130693783607,-0.024011333797305297
2022-09-14,0.006059883851888262,0.006124951681650795,0.02093370665897331,0.004622265888606469,0.003451929148945267,0.0031036886697662102,0.006125755559956552,0.020933763175096473,0.0036636515599286247,0.00308225949078609,0.02194979395441856,0.006344168334164664,0.048281137846559984,0.019869806764405792,0.019238446766845663,0.021689259647578875,0.021772781831296936
2022-09-15,-0.021677294216998655,-0.010706160603072694,-0.0169385885857985,-0.016837447833587885,-0.013722320138737658,-0.016145963616459452,-0.010705828104488134,-0.016938685997375275,-0.014951970507989236,-0.012385867706044919,-0.04957552145845348,-0.023557015583504023,-0.06388437019630257,-0.04688438644794624,-0.046043128443839204,-0.018845076173584798,-0.018706406099456133
2022-09-16,-0.003837622437246476,0.0008103030409451646,-0.00639954005149172,-0.003167079205579141,-0.00264687616906302,-0.007292396556558051,0.0008111185050221643,-0.006399641630065545,-0.00451781854366343,-0.0032374954261767627,0.01258672000786311,0.021729280836635435,-0.02349210558246779,0.01367554506103995,0.010419911108225644,-0.0074429929521952504,-0.007508064101176038
2022-09-17,,,,,,,,,,,0.03133232905762537,0.027833471034094427,0.015962550060623963,0.031170889289753,0.028742289568315406,,
2022-09-18,,,,,,,,,,,-0.07873613359915184,-0.03806389908729769,-0.08600934460446841,-0.0742971085224571,-0.07167120139951896,,
2022-09-19,0.009004582956041365,0.0036243770741746515,0.0021007687013360377,0.006454839426473767,0.005354168250195298,0.00626501671081487,0.0036245947388452437,0.0021007770522344952,0.005452554287408085,0.004854434175277568,0.02274724276734054,0.01797212461611445,0.014000587059956666,0.022115356179113206,0.019685524035320832,0.003048490106195402,0.0028949801463102965
2022-09-20,-0.012497707203421277,-0.013395410536797416,-0.008154166316550027,-0.013912360442371898,-0.014113776654510388,-0.0156037117533184,-0.01339573100781007,-0.00815416534560795,-0.015128165286077782,-0.013942835141786339,0.002436010692995809,0.0025372917669114377,-0.02790402834077066,0.0024882253208990766,-0.0037981407678350752,-0.008388397205995268,-0.00833482583924433
2022-09-21,-0.020910134617855146,-0.01283354898372563,-0.014386970383976953,-0.01749846873003055,-0.01606468835324723,-0.016928039373087095,-0.012833223562697438,-0.014386989727039484,-0.016102040043784113,-0.01566700645716368,-0.039425631461455515,-0.024543118023212192,-0.03107249462377341,-0.03780722310113875,-0.03597506664438101,-0.014531302723982339,-0.014543422696151153
2022-09-22,0.004779740878530839,0.0032125388305694284,0.0008623353947821362,-9.638558052989287e-05,-0.0022015554179332835,-0.009024928838551795,0.003213162979363093,0.0008623013985242966,-0.005264545371752723,-0.003123146061124114,0.07278172718703006,0.07986124664680214,0.02878532047075491,0.07346832702561322,0.06544245160699277,-0.0004852376626537215,-0.00042056146847129004
2022-09-23,-0.016008858734630458,-0.01634014138998327,-0.0351816393609851,-0.017739372982548175,-0.016209171186042134,-0.022376044828069694,-0.016341322417217828,-0.035181818223260185,-0.020092216718654424,-0.016866786326494927,0.012949808281889297,0.010647038162265922,0.005293650170190274,0.0126388781406401,0.008958953547295933,-0.03670868834531922,-0.03699723583406726
2022-09-24,,,,,,,,,,,-0.022603858410162672,-0.022037451616305936,-0.008092567981107537,-0.02259957128818215,-0.020883882188146345,,
2022-09-25,,,,,,,,,,,-0.012103084218687277,-0.0035854446562114755,-0.009873679391663292,-0.011353255473748276,-0.010713205091648878,,
2022-09-26,-0.013060181172159449,-0.01064008922374306,-0.016752669476507862,-0.014038492608238202,-0.013396762407916148,-0.015827350009298448,-0.010640117350372524,-0.01675272332085427,-0.014963158293670162,-0.014214087063114406,-0.0012554281917762171,-0.0064151232650534185,0.006288765959663519,-0.0015595497595179866,0.0013916770930944736,-0.017763370046683054,-0.017663421201395413
2022-09-27,-0.0063838131655827475,-0.0060764936954756064,-0.0017560541190479225,-0.00647686325527086,-0.006895284733965656,-0.00396765242999195,-0.0060761982839496,-0.0017559655391338456,-0.005544050197889436,-0.007112742541711757,-0.016746846370668107,-0.01494821595947469,-0.0058247633108725865,-0.016490385288601556,-0.014290199842944494,-0.002181842786504587,-0.0019175949161018748
2022-09-28,0.017099551578298247,0.021618803257318818,0.029467696208680328,0.01903868060468654,0.01863291514726391,0.02123671819398733,0.021619575893191464,0.02946775360880901,0.020608485406031433,0.01938091855398815,-0.0011219182992674333,0.006568718580813484,-0.0041914170575123675,-0.00026742211561363045,0.0006133810416297674,0.029727369798186992,0.02997361729003444
2022-09-29,-0.010667825099177403,-0.016464327712249642,-0.01004651162198667,-0.016065213041864333,-0.018615483501374125,-0.019499450361383015,-0.016463728546041074,-0.010046484987405567,-0.019318743095341165,-0.020116460857847622,0.028645750302138638,0.03250838560378013,0.011848534756704745,0.02891955928307564,0.02510551653229994,-0.011348498793288786,-0.010950768717677466
2022-09-30,-0.013114932780618177,-0.017103193820754252,-0.017877306826077778,-0.014785835131239631,-0.01615502369553198,-0.01509094026348772,-0.0171027434038143,-0.017877230667146093,-0.015513634646427753,-0.017203392188153126,-0.0046520397544241995,-0.004742494850371036,-0.0023487567935870533,-0.004584232871044983,-0.005429952215703661,-0.01718484999227773,-0.0171875711990774
2022-10-01,,,,,,,,,,,0.0008534505682332937,-0.003345442714577133,-0.008059701905859688,0.00040810882950593043,-0.0007407645088925885,,
2022-10-02,,,,,,,,,,,-0.025430440161420674,-0.011323769825204088,-0.01733828842902045,-0.02394428349589059,-0.020827792194649537,,
2022-10-03,0.030449618306372543,0.025571424589220904,0.03495507223356925,0.029667346107491253,0.02779008742326699,0.0321847780436476,0.025571246179790622,0.03495498011317266,0.030429396776686258,0.028516127004481605,0.02147455572209049,0.01825614776121664,0.0173855820365362,0.021071216614392967,0.02112932992477796,0.03687751115071493,0.03676060038276185
2022-10-04,0.028877504211823037,0.02113350171279569,0.024854771423590955,0.02636702963238391,0.023565788573393726,0.029716713772508625,0.021133607632187745,0.024854695549006184,0.02676025491220159,0.024175973178369545,0.024488604454256806,0.02679846340730305,0.02031617597170675,0.02484696865718586,0.024200190300139188,0.02607172437369809,0.025992332610495474
2022-10-05,-0.0032666765950058975,-0.004211277281819574,0.00856940963340732,-0.005090236571380721,-0.005847216945938436,-0.003080433110727426,-0.004211034803078684,0.008569339299383265,-0.004923547247893241,-0.0052997883010227715,-0.00430797924023171,-0.0005874812437201495,0.00015675153577635655,-0.0037082855843895025,-0.004806146903632641,0.008545904704942157,0.00850772737039624
2022-10-06,-0.010141035436298849,-0.00825103214694379,0.001713805059989991,-0.01212945106832154,-0.013951094679193365,-0.010930192552807838,-0.00825071037674202,0.0017136801576640784,-0.012376660345971496,-0.013555928729651254,-0.0060578276117783545,-0.0011445179098328127,0.006418246378485712,-0.005642489899674903,-0.004431590626089659,0.004210674697404643,0.004025625669239719
2022-10-07,-0.020192731820149988,-0.014309000841990683,-0.009707785194805873,-0.01958414777523614,-0.018922762603265236,-0.023419937888679253,-0.01430800269991694,-0.00970779562667742,-0.02098990163991679,-0.01988863857295782,-0.003913023511740476,-0.0025341714888026156,0.0037374355352111496,-0.0034629725729746798,-0.0068289381447316135,-0.01060368791468122,-0.010569260683823738
2022-10-08,,,,,,,,,,,-0.0028848543018891964,-0.003312313928086442,-0.010609055603695895,-0.002629244137298811,-0.004559292598375003,,
2022-10-09,,,,,,,,,,,0.010638807535803853,0.008474496835078895,0.00948209891706488,0.010580762040123187,0.008402194287350997,,
2022-10-10,-0.01231638154478398,0.001129172845752596,-0.011866860801873911,-0.006156879105244775,-0.0018101863727190315,-0.005956076655687656,0.0011288550544272702,-0.011866798021562628,-0.0036060455371029225,-0.0015126986609892098,-0.04353573325433588,-0.015850569814875436,-0.051422221366922656,-0.039807797426074334,-0.035044851053434335,-0.016213188896524827,-0.01596477996586466
2022-10-11,-0.005831707058143753,0.014829627836319728,0.005734578479775081,-0.0015532440850845434,0.003275211922473469,-0.0034076338240855517,0.01482981254831063,0.005734598696905333,-0.00047745811252441025,0.002686986422097015,-0.018863594226840634,-0.0170879459432388,-0.02054410768873518,-0.018871739400029328,-0.017067779363552485,0.0015670992320244083,0.001785794342797799
2022-10-12,-0.004097933364832379,-0.004655214654602089,-0.0021277165397999183,-0.006566308287343329,-0.007346252808695203,-0.005256500287898012,-0.004654763128213911,-0.002127742575766871,-0.00691920162769968,-0.007342511977362333,0.0019717821262591985,0.004229118465137764,0.00368705967423918,0.002277905177598459,0.0019184117807308234,-0.001957610446041433,-0.0019981798863039574
2022-10-13,0.02235174298992487,0.01980911732298732,0.03524604121139054,0.024898221872882147,0.024273873208342234,0.029823824173668884,0.019809202479892936,0.03524598851079795,0.027972417668761556,0.026289292620996538,-0.016674129443761822,-0.005128234079274534,-0.02094146097113207,-0.015430226633824793,-0.012164998889503691,0.037155037631734465,0.03705531882103276
2022-10-14,-0.015141824641345798,-0.011326454694055887,-0.012437466521896144,-0.014727682359792169,-0.0129042219516294,-0.018462524981440076,-0.011326712799498808,-0.012437419762116826,-0.016162396388487203,-0.013942771529615218,0.003049133491836871,0.017248636935465245,0.026748745489203543,0.0047370535205477635,0.006441419196764827,-0.014541436057241185,-0.014421368064375238
2022-10-15,,,,,,,,,,,-0.007938023448194682,-0.018165675163584645,-0.023571598904639987,-0.009225012161659408,-0.010658845787787894,,
2022-10-16,,,,,,,,,,,0.011320552309434458,0.004255491915597972,0.0034148090102866257,0.010651078159024725,0.01004472604972537,,
2022-10-17,0.01835114329991879,0.01175704562075535,0.011535651098596496,0.017548996333496884,0.017055739680784415,0.019579942251181773,0.011756846250347171,0.011535661090429377,0.01806349262612736,0.01646656115746131,0.011701825755899935,0.01256498475683326,0.01832351705619987,0.011567812834304626,0.012802173305091796,0.011336185471341211,0.011347800358048239
2022-10-18,0.0074877205933226824,0.010439877190546114,0.004996098927760723,0.010277779243959647,0.011021663392433975,0.011810061568663438,0.01043986669216311,0.004996111201846586,0.012005729886701733,0.011786218021485668,-0.015616173608409771,-0.012277887107233399,-0.016132098514290247,-0.015234459172167453,-0.014666981544444072,0.005924928797677856,0.0058854233194787706
2022-10-19,-0.009797062066869849,-0.00761084088778711,0.002565345505668671,-0.009660453083537069,-0.01101642957662096,-0.007276178074036377,-0.007610013598296738,0.002565245252369984,-0.00868983773577555,-0.009491293481039659,-0.023611829692957623,-0.01147348042666196,-0.025501657059014648,-0.02199128468007831,-0.02035195320136045,0.0053696380815344506,0.005201446643583336
2022-10-20,-0.0035544299979239327,-0.0029658125086872043,-0.0009062548681673006,-0.004063109710549142,-0.003318571566410161,-0.0037545364491887406,-0.0029657184750435514,-0.000906301369003489,-0.004171345507330101,-0.003426433368372681,-0.002210390843786046,-8.60915663985092e-05,-0.008963288768278023,-0.001779383000099334,-0.0016918385116492796,-0.0009100024882672099,-0.0009267082804219049
2022-10-21,0.022855399973065585,0.02043712857930928,0.02592582356369043,0.022383012569762842,0.020796279326712856,0.024666311338928347,0.020436796495234423,0.02592580748819702,0.023225387446892336,0.02234829840326963,0.012663961326254698,0.0026229843686387546,0.007852551132564358,0.011431555546646151,0.009824735366476375,0.025678924500704532,0.025682868571677994
2022-10-22,,,,,,,,,,,0.010109377491888456,0.002078012375621504,0.02061862648008269,0.008873631625764558,0.007685366671148579,,
2022-10-23,,,,,,,,,,,0.01895304045705193,0.010585633495866427,0.005924015619011338,0.01822543351193008,0.017699715235646358,,
2022-10-24,0.004079824650627539,0.01729009598400639,0.011552282266553257,0.008209197075978785,0.01250572081695555,0.008306729831362707,0.017290172826495892,0.01155232891194576,0.009962429271776457,0.012673852101449255,-0.01985229852491019,-0.012942449911641677,-0.021809981057162236,-0.018981896002938772,-0.016849634379440162,0.008536672449602632,0.008693509124988456
2022-10-25,0.0212580757744552,0.008303969885378532,0.0016837260736188263,0.016254481659711807,0.013538155022810165,0.016016301376917043,0.008304178173041887,0.0016837497572679177,0.014205514277256545,0.012150151920877799,0.05179501439949158,0.02604092464363253,0.043652314752079584,0.048795625143128026,0.048753709253393965,0.0029249011487888755,0.0028710523383662398
2022-10-26,0.007800824134907795,0.012285201323836715,0.014362568776041917,0.008272024974797102,0.009664403319606833,0.004910484672556122,0.012284949542448857,0.014362552818297715,0.007119599039636167,0.009269440762122626,0.023979615990061764,0.02327359211358449,0.021737254457016526,0.024003392484887993,0.025984374026366094,0.013675970776519823,0.013699156921247428
2022-10-27,-0.003190626177649614,0.001354761683552386,0.002087135368310375,-0.0011676059021983006,-5.4630026497692235e-06,6.750475335683389e-05,0.0013548967499017119,0.0020871289465962577,0.00019616414739227663,-0.00034112123091782545,-0.02123289331276901,-0.01567314109819453,-0.016184030341673455,-0.020692677273729733,-0.02034712525576826,0.0008619466206507283,0.0009210520797971676
2022-10-28,0.0228698728576713,0.02261242434506705,0.0031625327680692636,0.02249739950867835,0.02323720637452146,0.023408456192025452,0.022613804137571587,0.0031625400054081237,0.02270967869257983,0.024626695739377147,0.019714916725967438,0.013895974365928872,0.01948983628755291,0.01907893803677352,0.01881214988942873,0.0054368438247981345,0.005324720128562347
2022-10-29,,,,,,,,,,,0.01679420921327378,0.00831173403442922,0.007935600974724615,0.01619647606336124,0.01615730929117885,,
2022-10-30,,,,,,,,,,,-0.02291232111043537,-0.01448717640482521,-0.03143305061331732,-0.021731741666152105,-0.02079296143184598,,
2022-10-31,-0.0061729949685833604,-0.007559757885672363,-0.0008679296681022828,-0.00648612299880989,-0.0067117021637799704,-0.007439346393211251,-0.007559873900057773,-0.0008679711588117068,-0.007048452583246119,-0.0073511689069265754,0.0008749810285461016,5.139616799433892e-05,0.0005924197569124861,0.0007164995587925259,0.00036872303205424863,-0.00018346237016701305,-0.00023261726528877886
2022-11-01,0.0011665474279613673,-0.001219349481541353,0.007079980582169221,0.0009840751004018106,0.0004883124316164854,0.002382415505355267,-0.0011718426721052575,0.007079981770121846,0.001538272416266887,0.0009042826889080191,-0.004912792959008128,-0.004950203118749166,-0.007450719529263689,-0.004797862026477372,-0.005029077339109181,0.007904490873634559,0.007965271813778074
2022-11-02,-0.01667164133563183,-0.011471292916631785,-0.018107692500005733,-0.016209150327122612,-0.015919519008324882,-0.01712137262688236,-0.011518759633457758,-0.01810769211328017,-0.016526550278259326,-0.014912579012781951,-0.014406499472374597,-0.019285075768543332,-0.032443045822898295,-0.014422323801952332,-0.012143483823527996,-0.01953947356019111,-0.019644665028216136
2022-11-03,0.0007802362265033826,-0.004393274040273676,0.004758681977156241,-0.0015980240104027069,-0.0038632962627313354,-0.002230025980833633,-0.004488597052069013,0.004758678805689599,-0.003051445907156164,-0.004027567964113089,0.015900128175213052,0.0044706305089248066,0.021657580062908126,0.014296553012671137,0.014545667532478199,0.006654092206422333,0.006797845364765362
2022-11-04,0.02701595276648823,0.0137942088512689,0.01021076489308463,0.02007937373333421,0.015861149234640902,0.018554139073698996,0.013497370988101384,0.010210764603632804,0.01640200056753772,0.015048086680788407,0.06875929666861849,0.04822503846753905,0.0641852527117488,0.06683810674979168,0.06360574685717682,0.010651878018500323,0.010685824590591923
2022-11-05,,,,,,,,,,,0.0003063775224226052,-0.0024153821961919097,0.005371693121379923,-0.00042240021832809244,0.0012213606444954807,,
2022-11-06,,,,,,,,,,,-0.03904334343840588,-0.020624001949671986,-0.03976619983171765,-0.03692728443357634,-0.03567718352464147,,
2022-11-07,0.0063108755608462545,0.012773058718791565,0.01924952091407203,0.005692003116553237,0.006398485949296609,0.007642691898989187,0.012933953749754215,0.019249515094299733,0.006553569927238307,0.0066408701812382485,-9.527256796319924e-05,-0.009626766738687832,-0.0017500082286662924,-0.0011773375751759569,-0.0010052287969730012,0.018808696056328,0.01878087685630202
2022-11-08,-0.014596263292338443,0.009604353301935115,0.012493226994127334,-0.002305990883526334,0.004227851720561894,0.007187529304418124,0.01021742942471859,0.012493224231086472,0.007908122630345484,0.007775612056737085,-0.11768003541826744,-0.08540373440964304,-0.09986562227271542,-0.11441294480010689,-0.11121399186250569,0.00881280326641632,0.008549138966123944
2022-11-09,-0.04063839833182055,-0.012491292540545063,-0.024566975756654806,-0.02749292510370069,-0.018534490509496522,-0.021372852933680526,-0.011604335516682131,-0.024566977854006068,-0.018544245993575407,-0.016047952174452134,-0.14441806873640103,-0.12640720466927516,-0.13487894273718803,-0.14231082717320187,-0.13609243592582587,-0.031329648792645985,-0.03182811882748666
2022-11-10,0.06424290176374234,0.02297451316378404,0.012872128434540888,0.0498143531422916,0.040972365257078674,0.04928761538731936,0.022247593418272656,0.012872131033885091,0.04322138186385916,0.038152611356502594,0.15657727354207024,0.10827576819651306,0.14399224145245465,0.1512076038635732,0.1450236141108665,0.014763254653485387,0.01490247406718376
2022-11-11,0.007320612077648074,-0.004997618438202482,0.005695388548580911,0.005129096334731492,0.0022207671704902628,0.011639787227017714,-0.004734419634201245,0.005695394898833176,0.0073112385978464445,0.00455109217841542,-0.016847709914815764,-0.030251636784498513,-0.02762578834749984,-0.01797391377744594,-0.01775514298049498,0.011982420694042581,0.012454686430101367
2022-11-12,,,,,,,,,,,-0.0312994228131635,-0.021717112061505697,-0.03558935664166027,-0.030006699337282495,-0.028054860329428128,,
2022-11-13,,,,,,,,,,,-0.034561899367216854,-0.04968145119330436,-0.05254125641598073,-0.0365265660562692,-0.03783156128720988,,
2022-11-14,-0.0039864215252707665,-0.002048447338912532,0.004005643509321482,-0.006210787164568257,-0.005967440640972632,-0.008590830164419846,-0.0022751327253987146,0.004005637288556564,-0.00831358770522329,-0.007077154192715542,0.02170089402837111,0.012922201716806215,0.02220322476451525,0.020960330619987456,0.015672892755303498,0.002493104518514936,0.00238574076157222
2022-11-15,0.01056423338879462,0.006818480997162069,0.003849593429493148,0.00923882780926457,0.0076797104375886,0.009769950151148494,0.0066958892600179655,0.0038495943467897883,0.008753815387333354,0.008676833404452014,0.014917137485931237,0.015375279770659786,0.014066463974527918,0.015006930517554607,0.014370931005331706,0.004990504605637944,0.005075932882899242
2022-11-16,-0.012083712587783686,-0.0010060334916151283,-0.007037170246130707,-0.008115557318867275,-0.005027732523045292,-0.01097711023878445,-0.0009676422275481031,-0.0070371714179629855,-0.007681183488597091,-0.005305492835810726,-0.017980110565071976,-0.01455608465200503,-0.022212763920584938,-0.017430867337800426,-0.015624491999045463,-0.009448165774968985,-0.009625778693556193
2022-11-17,-0.0007720131980038527,0.0039281990793523505,0.005851476296817279,-0.0013412940243967089,-0.00030043861141521965,-0.0021553294150205918,0.003981092939847228,0.0058514758227639395,-0.001977606049517382,-0.0010449325829416673,0.007379737605382715,0.0013042291341127533,-0.003713138578181691,0.007151887401842988,0.007627366410000586,0.00468985733529669,0.004600592200599215
2022-11-18,0.004472640588719124,0.008620516448648936,0.002390031028257354,0.006348740162046406,0.007526377095200173,0.004875489548294266,0.008671575675848494,0.0023900267513511948,0.006464719938011439,0.007727527076863972,0.002289274039767928,0.0040966868835659795,0.0031498252073815483,0.0026574710547499322,0.00350893714348474,0.00046061225961994447,0.0003179426601855012
2022-11-19,,,,,,,,,,,0.008285227144646398,0.013637659281342297,0.01167106588391666,0.009051144247644916,0.01038711528566712,,
2022-11-20,,,,,,,,,,,-0.03989633632064677,-0.03625239078229609,-0.05532084558051799,-0.03920675038311991,-0.03736163484760051,,
2022-11-21,-0.0015233819110134054,0.003959133901610067,0.0005215595254299469,0.0010960782667061586,0.0030246311327769247,0.0005924241313309368,0.004160769724118619,0.0005215561682609224,0.0019818038543178065,0.0032524631599050477,-0.013490720894272432,-0.0034353899148376367,0.009591709317627995,-0.012275556945557996,-0.010134669910899318,-0.002423770507189807,-0.0026417831697475077
2022-11-22,0.018863512263259972,0.009170460196296009,0.016997448185027464,0.014955144986550829,0.012113028256691609,0.014796078622159953,0.009062897545761707,0.01699744833747658,0.013175255130546057,0.011931550357995778,0.04306788203716494,0.009962944916301338,0.008456637597968091,0.04006532354090283,0.0398116609127476,0.020245163811240474,0.020485802407984463
2022-11-23,0.010506031786719201,-0.0007414635235647557,-0.0071435931873748155,0.006013864764872714,0.003984319334110302,0.003432975946991168,-0.000911828934044248,-0.007143595467099448,0.0028784575532317122,0.0029785778274559853,0.05040292245522968,0.022656621401983733,0.052308421937912186,0.047163243285539204,0.049202996367536556,-0.007920717790526888,-0.00797684213562485
2022-11-24,,,,,,,,,,,0.009562621178351601,0.015490625751909546,0.01651784727497855,0.010634822727033737,0.009112081568363213,,
2022-11-25,-0.0010043940441359488,0.0010417403595740882,0.0003489418851428314,0.0007478539080665358,0.0019402936008960556,0.0006559898607796781,0.0010506226076861568,0.0003489401312246289,0.0014681562022924623,0.0020149219396459568,-0.010510871728818058,-0.00071472376099095,0.0013678320993142003,-0.009780130403619669,-0.011085284902857326,-0.0008402805458250253,-0.0009293765661758531
2022-11-26,,,,,,,,,,,-0.0021727080717610942,-0.00685085706552188,-0.011466871706467787,-0.002544349688647731,-0.0010186719856449759,,
2022-11-27,,,,,,,,,,,-0.002786745478191815,0.005176556786920082,0.0025261543905377923,-0.0020430790795839303,-0.0024524027657449607,,
2022-11-28,-0.018296740717162984,-0.009839577292399586,-0.014829216017549626,-0.01647075125771729,-0.014525940922458631,-0.01842763667913219,-0.00982416733840006,-0.014829223603632438,-0.016600964917384227,-0.013826534531949309,-0.017375060819403224,-0.011715910591274963,-0.014662703642779752,-0.01665730316777443,-0.015474490481015924,-0.01798927892891957,-0.018223701306648476
2022-11-29,0.006186443576615543,0.0029370553168340144,0.0038089238689312174,0.004771305395769818,0.002776253999698698,0.004221745751968521,0.002975048014655557,0.003808923501388016,0.003916218734704166,0.002848705371456666,0.01667455993742481,0.011196709788055335,0.010293842025271704,0.01632147353363421,0.015090447975060931,0.005099934596988657,0.005199091258073135
2022-11-30,0.025568178571001392,0.01750517735005087,0.014674711676566499,0.022547016748464738,0.021672371918636555,0.0239228148718615,0.017580395733682554,0.014674711412339754,0.021888371368615912,0.02039660747868867,0.034331808431184094,0.03110698484903472,0.030560724405691506,0.03391524084852132,0.03347546740073723,0.013345651724834729,0.013246413979871832
2022-12-01,-0.0035729309016658923,0.001123717493288641,-0.0019091350388269319,-0.0014614073506900548,-4.5306189127844194e-05,-0.00026709377345173873,0.00112487838913652,-0.0019091280695464753,2.2713026670341985e-05,0.00041276779397720183,-0.020102116542736657,-0.013484954828799273,-0.02039291919142912,-0.01928022524527064,-0.01722161785216808,-0.002067462847154203,-0.001840855833420524
2022-12-02,0.002696523102998625,0.0028822840712928663,0.0012698196699244746,0.002175560863922222,0.0026093518934800757,0.0015183411558823225,0.0028823038261251346,0.0012698469510511626,0.001712560349587848,0.0025023993986561105,0.008706676211496515,0.006209378574314006,0.0043511577251076315,0.008401670032047415,0.008627869296280514,0.0008052244124875613,0.0014520335903127788
2022-12-03,,,,,,,,,,,-0.019248231886332734,-0.013803340566051774,-0.022408332204154585,-0.018594375820532763,-0.017907630212804476,,
2022-12-04,,,,,,,,,,,0.011087940186571022,0.0045074483362022195,0.0036684049383343036,0.010142062674460231,0.009426044568743566,,
2022-12-05,-0.014667707926401026,-0.008490432963858232,-0.009159015656541853,-0.01432730479849803,-0.013405518069984659,-0.017184994613129712,-0.008493616397851315,-0.009159003127724934,-0.015512333502248907,-0.013825644069658716,-0.00195224105259607,-0.004468485113393242,-0.0011930706580486356,-0.00201180544436734,-0.003121253551100959,-0.010154439158089074,-0.008723752552121305
2022-12-06,-0.009151359407889486,-0.00991029840898695,-0.011841399762373424,-0.00848497827108996,-0.006789893847370045,-0.012274126807731047,-0.009913219596563317,-0.011841363826403519,-0.010005439969282506,-0.007813524522045812,0.006387555891018537,0.005546598743234305,0.006264789308756444,0.006254062925697544,0.007167185826894875,-0.012669278948035682,-0.011514492556864977
2022-12-07,-0.004211508569810514,0.0029554954671839693,0.005162929669438378,-0.0013127275102863649,0.0005320967577943203,-0.0011437305864305809,0.0029574171882176124,0.005162929816419094,1.0637638177228266e-05,0.0006920333594203306,-0.01924553691291223,-0.014202001097965322,-0.025575193229844487,-0.01854261136302856,-0.01611233583580837,0.004631975373673629,0.005364061984424684
2022-12-08,0.00946245307825965,0.004451915531974354,0.0025949773625755057,0.006946520011730453,0.005477161046472046,0.0070522068786633444,0.004448402251592081,0.002595021129838174,0.005810603339172335,0.005138440571393444,0.02145461052385653,0.023702758625905353,0.026006268604698728,0.021812907056523424,0.021952083378355226,0.002104654646191664,0.002637207696437202
2022-12-09,-0.009380742643873303,-0.015702314086539774,-0.017088139841411772,-0.010222568560293594,-0.010074610361552713,-0.010254785330439147,-0.015701484240961947,-0.01708811735320229,-0.010608133610098255,-0.010696681381548527,-0.005123155085662275,-0.003213800158212442,-0.0020480461706389045,-0.005111557766785499,-0.002903190662026454,-0.01674248646096646,-0.017256592400607732
2022-12-10,,,,,,,,,,,-0.0003801751243487026,0.0004001822314882175,-0.00038941330124388175,-0.00029271340315017736,0.0002478186480196448,,
2022-12-11,,,,,,,,,,,-0.01251751940703593,-0.010094162412647564,-0.013380200625623478,-0.012284436752395012,-0.011940520809944968,,
2022-12-12,0.013275269436103358,0.006989616587467367,0.009183284457497927,0.013762452482991573,0.013187673035132137,0.016563221778664483,0.006993686210099687,0.009183287805119497,0.015165055586859275,0.013380893932820962,-0.002729571747594039,0.0001326157001838757,-0.008153499712185902,-0.002185904988526767,-0.0028411341182844217,0.009879697531907107,0.008853826139842242
2022-12-13,0.011124259923503917,0.0031803104418951624,0.0017585896965377238,0.008402022029763426,0.005637584356258078,0.008761215922174305,0.00317861824920302,0.0017585781567898738,0.007361126810918196,0.004829489836081453,0.022898175901042046,0.02288867987632985,0.0259022204925485,0.022586886642656796,0.023607492001897695,0.00191703582590944,0.001633712234868888
2022-12-14,-0.009124198822031838,-0.00012837870438295166,0.0004678577695078068,-0.007055783455769026,-0.006160071638907515,-0.008771137905100746,-0.00013282402909509843,0.0004678586912856073,-0.006980614413086876,-0.005239868602354109,-0.010865802988641008,0.007278002850843273,-0.004521396911630343,-0.008508888123708041,-0.0051953164531443885,0.0002196854889957257,0.0006282774229522014
2022-12-15,-0.02185459941049559,-0.01528991941231887,-0.01389076258324215,-0.019477224430176143,-0.018738164208845682,-0.021577165257177157,-0.015293722856160251,-0.013890774297930114,-0.01951087163005615,-0.019349834208074863,-0.023305872739507485,-0.01267771101348909,-0.016480377282096,-0.02175680825665259,-0.02052110179365428,-0.013667122187707013,-0.013992938340359619
2022-12-16,-0.02143304119633394,-0.006193214630000509,-0.004737318579436741,-0.01429655237737534,-0.01008559737058987,-0.009633909748084897,-0.006185904071869812,-0.004737321109751096,-0.009099418429810522,-0.008007727133865522,-0.07967571451551808,-0.051948559162100325,-0.08111502503273715,-0.07590619821233185,-0.07222385281804442,-0.004595558389591147,-0.004707711625843823
2022-12-17,,,,,,,,,,,0.014573371870457218,0.021648399464610467,0.02362021288221009,0.015549223269659133,0.01724826914784683,,
2022-12-18,,,,,,,,,,,-0.0067001788884046365,-0.009130377720406925,-0.016310014587896663,-0.007101465096637224,-0.007668047266434309,,
2022-12-19,-0.010408435670843739,-0.0012985130019570771,0.0008639778968628036,-0.007004573602601791,-0.0059483098849071655,-0.006678064825197673,-0.0012990545135368216,0.0008639726309253173,-0.005459257761053276,-0.005449621466437401,-0.030210355946524395,-0.015781854439860504,-0.025659243934616608,-0.027958904708738772,-0.025402176946301043,0.0008690031063110584,0.0008328980223845211
2022-12-20,0.008289737527466146,0.0008006227440035257,8.483349215970175e-05,0.005026378507669672,0.0024060249669707015,0.003175297678679693,0.000795546984834699,8.480432844427174e-05,0.0028052713524412244,0.001512020634085932,0.03604731059721773,0.028020726930832282,0.03563651598010181,0.034845067805598914,0.03411594467683973,0.0004732594707327659,-0.00011830633889864384
2022-12-21,0.014351999990703964,0.011530320858846721,0.011050607868370971,0.01411611431875417,0.01372874441509617,0.017800293087814376,0.011534293992370687,0.011050611623425612,0.01573139250525178,0.014750896274220975,-0.0038916243147307174,-0.0053114235585744116,0.011924587315690623,-0.004606464423432129,-0.004248596036772781,0.011227215197935118,0.010941109760387589
2022-12-22,-0.008706915394914166,-0.004465425637670568,-0.006220399956235846,-0.007357910849286404,-0.0056608413690440295,-0.01146311503656168,-0.0044689136651244795,-0.006220379675252035,-0.008669680629581714,-0.006569497866835533,0.006122187829291338,0.007310355074606308,0.00481141863178141,0.006604263902415032,0.006191432936488546,-0.007201726332758768,-0.00582642799633058
2022-12-23,0.006253816071876321,0.0047021812456524165,0.007839342175792486,0.006652072064149668,0.005455117489172181,0.007719453178407677,0.004707682563388996,0.007839307714726377,0.007369768203567289,0.005853791215615932,-0.0014833560894181958,-0.010322544495958309,-0.010236582371978765,-0.002667066026250977,-0.004422996358219136,0.00884839458938624,0.007388407537120344
2022-12-24,,,,,,,,,,,-0.0007666952302482503,0.003612351667626302,0.004418977328853975,-0.00024063024153773228,0.0010164232861585003,,
2022-12-25,,,,,,,,,,,0.0002247022524161815,-0.0011200268948508806,-0.008479100137545582,0.00038773805819755473,4.494858881264182e-05,,
2022-12-26,,,,,,,,,,,0.015445862156183515,0.004711720199787661,0.009994698802098523,0.014345282696847268,0.010628466820497232,,
2022-12-27,-0.0012807742015875146,0.001692676688089132,0.0038255126284290134,0.001194581680026916,0.0020612209669167657,0.000602190548185646,0.0016947838980832727,0.0038255016562979242,0.002007260064964034,0.002148199488587939,-0.011430554569803733,-0.010000189914393835,-0.011361515459570797,-0.011084506017931105,-0.010579403861601167,0.004289366933637445,0.0036297604909030306
2022-12-28,-0.014904028652020848,-0.010102782181792454,-0.011415377168892347,-0.013061634532353442,-0.011944272978204514,-0.012830416580132975,-0.010104132322345222,-0.011415364608401837,-0.012264786525952679,-0.011604117597922167,-0.026127127280543422,-0.00907337409342152,-0.022266795142039466,-0.023764982758488214,-0.020507882018725117,-0.0119814087498514,-0.011189784553004309
2022-12-29,0.011096968925670608,0.006465303285084821,0.0036361039415369967,0.010345980979717107,0.010217669988381079,0.013300522362961403,0.00646801720480617,0.0036361064245793292,0.011425729661549651,0.010520694004079564,-0.0010374880077298632,-0.0005160386790703814,0.005247374773840871,-0.0016058167751378635,-0.0003248721441878985,0.0037751862071915923,0.003564014009271711
2022-12-30,-0.0016157088693379694,-0.0002517754502723397,0.0019747306611935913,-0.002062593559499677,-0.002996454230092407,-0.001956584148664913,-0.0002523855000221295,0.001974718627289311,-0.002193754374824844,-0.0025695212612961487,0.00040057249635531695,0.0016067866375404252,-0.00014266907548480135,0.0008395963529294957,0.0007532037067253987,0.0024401642308963523,0.0018145139306532034
2022-12-31,,,,,,,,,,,0.0011776344334143859,-0.0022250685286312544,0.0016749141328642788,0.000758161890821879,0.0006198331449636273,,
2023-01-01,,,,,,,,,,,0.007755602914296445,0.006837554880950279,0.006667402859784566,0.007593282990331723,0.007750464089005902,,
2023-01-02,,,,,,,,,,,0.018992347200735178,0.007854261437349951,0.02257495434387505,0.017921131950698416,0.014428569531098875,,
2023-01-03,0.001424910863188169,0.0007003953416278262,-0.012320885034409501,0.002658391504617977,0.0048746955882841255,0.002250905749167054,0.0006921500257286849,-0.012320886027408518,0.0030994149624798844,0.005135562375288305,-0.0026549767171907546,-0.0028881717931157104,-0.005682113141876475,-0.0025651038766508426,-0.002642919842522847,-0.015097529531210086,-0.014718554338959751
2023-01-04,0.021577846306090324,0.008782887962187066,0.005424002596715031,0.01720049102511097,0.015381036483314372,0.01854508288045782,0.008837438712729188,0.00542400479325111,0.016360602035397985,0.015571586628805187,0.03674250133395519,0.0049408964882763215,0.08080474380341698,0.030228743863207643,0.02877822597676982,0.004881192400127711,0.004955459472845829
2023-01-05,-0.008337131130038955,0.0011774988217695145,0.012217658394782465,-0.006405250902833041,-0.005917441548230751,-0.006906765570471075,0.001226416219305678,0.012217657535927249,-0.005700322451107588,-0.006856139450009126,-0.015422026395613204,-0.011018617334941536,-0.03253901727824887,-0.014525787032778993,-0.013251733286609248,0.01329885244626555,0.013150864855526533
2023-01-06,0.023623568522190757,0.015096573120175977,0.019507435278752535,0.021648503318424384,0.02085630501898559,0.023276105438488386,0.015183267978053631,0.01950743715505601,0.021798761315236306,0.02103199593090852,0.025476728813962814,-0.0008408279825900672,0.04963340815169073,0.020551024754734772,0.016362503772314924,0.01917016270242812,0.019216290721118807
2023-01-07,,,,,,,,,,,-0.003657045502465252,-0.002243258335420377,-0.011355555789384315,-0.003267393502465187,-0.003942462955699049,,
2023-01-08,,,,,,,,,,,0.022253530802003832,0.020184621968265516,0.02181413402238206,0.022278707135584663,0.02341971795423171,,
2023-01-09,0.004542415255479524,-0.016616050307771055,-0.021969754595727187,-0.0013996228854224475,-0.004147728726626242,3.0421508607487004e-05,-0.01667660939730914,-0.021969747824988582,-0.0034985150461545257,-0.0045149410409080545,0.02748155297339877,0.014341310146375044,0.011666885676611852,0.02683169609393536,0.02535435155381258,-0.02013059686720291,-0.0203821732826761
2023-01-10,0.007496925307921915,0.0023950831271923466,0.00739553874648321,0.006478230177544718,0.005837395849050794,0.0077821217067052815,0.0023876966693506794,0.007395531159464523,0.0066283083405672474,0.005982886145416661,0.006059753774143769,0.007341852771230402,0.0009923798329685637,0.006058920836638079,0.007351000757284447,0.007620524518328556,0.007589795528333322
2023-01-11,0.013092994763392849,0.002735169713447194,-0.000156873676810978,0.009861949489127563,0.007928016336583452,0.00990945781652475,0.0026562085801121313,-0.00015687439200977272,0.00826797556535075,0.0073836180338177505,0.028393843007752474,0.0291022909440192,0.024859447446330597,0.029020795264668154,0.027952156289235232,0.000663534301338576,0.0005515078718567519
2023-01-12,0.010497422961632492,-0.0026717695237469742,0.002310609875041123,0.006134094278325472,0.003053234239443886,0.007304297406839222,-0.0027050687677308174,0.002310613288682337,0.004638586721280806,0.0024084905367472106,0.025601243971867027,0.029118718634757262,0.01708261702809375,0.02579860612150087,0.026208537967898266,0.004670523794812991,0.0043485157442919205
2023-01-13,0.008842389638227878,0.0026127449905410916,0.0025280099052871798,0.005690880813664495,0.003979923957307862,0.003480063676094221,0.002480061376205334,0.0025280119673603474,0.003105775969277385,0.003032124784079174,0.03380662840035668,0.049397618450111466,0.033401255127826164,0.035261811165312934,0.03797461753522244,0.001901099736467344,0.001986466692206595
2023-01-14,,,,,,,,,,,0.03413023371146447,0.03970164790980152,0.03344120719613899,0.034256414273038244,0.03699873434115396,,
2023-01-15,,,,,,,,,,,-0.002726186527760515,0.0013521034123198617,0.00027573838025993355,-0.0023401629170917834,-0.0009679724596450378,,
2023-01-16,,,,,,,,,,,-0.004872180415146349,0.005565631540233362,-0.014862775948089685,-0.003477231302128457,-0.001891316865027787,,
2023-01-17,-0.0042565454493123465,-0.006860424111675618,-0.007570591057086918,-0.005450456383891816,-0.0059613593729190215,-0.00411263276688207,-0.006832066297213397,-0.007570589848871288,-0.0054062245317848395,-0.004980265036822158,-0.004971540394560167,-0.006940667319542989,-0.0014316521152002515,-0.005232400818110501,-0.005878460572552971,-0.006907849823195013,-0.006998150713165394
2023-01-18,-0.020821729268868744,-0.017476531281675943,-0.017411340387222373,-0.019075573548445794,-0.01815910547429861,-0.01589522743753153,-0.017405725895466795,-0.017411343546284423,-0.016840993213724065,-0.017618520959949965,-0.04319527015051389,-0.033875212754940695,-0.05462949660747583,-0.0418732282681861,-0.04165321339868794,-0.017116038829328287,-0.017156245643529765
2023-01-19,-0.0022152843872535934,-0.001441424511763415,0.003850593784339099,-0.003546665326543042,-0.005018733270672924,-0.00777637208161436,-0.0014986595695700507,0.0038505931758679697,-0.006110798731618775,-0.006256410741678235,0.023765608814149276,0.020210624110855963,0.01737837965303033,0.02357032773014365,0.02303377542040236,0.004815690681991265,0.004684305039932067
2023-01-20,0.024553033804452496,0.008721258359155541,0.007314011298978122,0.017278048586811236,0.013664547176687719,0.01559769747636787,0.008648081541179634,0.007314009939212257,0.01317059892386524,0.012577853547820955,0.06512565092547555,0.059343344901060746,0.06815316360739834,0.063822693371208,0.0644606425002171,0.00863852869280268,0.008458364302027871
2023-01-21,,,,,,,,,,,-0.009394063874993322,-0.0025471777367023904,-0.024662247242212682,-0.008697841531083581,-0.008200879853017182,,
2023-01-22,,,,,,,,,,,0.010135567816049518,-0.00040601640598872987,0.012863041861161264,0.008460908261703141,0.00894365254823368,,
2023-01-23,0.013565206495896681,0.0025511836288337657,-0.004726915414183195,0.009090764864712185,0.006901301387998545,0.011988523736075618,0.002510198861758593,-0.004726922325816854,0.008226078483604956,0.006947536941399029,0.019940461442676555,0.018928630098442922,0.016436842461316607,0.020296387355854796,0.016582459230887792,-0.004941810009422904,-0.004912614324670519
2023-01-24,-0.010302190446947627,-0.0023821324231603517,-0.005251307298683922,-0.006096391594738319,-0.0034213813655042135,-0.0029241967203046575,-0.002236793407715972,-0.005251308505315862,-0.0026657986893480106,-0.0029957281458649126,-0.04182478963599241,-0.0291658837633964,-0.051677857252822826,-0.04024093845490015,-0.038835389038844245,-0.005317521194401233,-0.005308516944943138
2023-01-25,0.007334892725346272,-0.0007297358904934203,-0.0027680560780730733,0.004575301095088299,0.004487439919424765,0.0021112797690974,-0.0007706102540824661,-0.002768049222722527,0.002150390394973988,0.003380631844503556,0.03072985149698263,0.02375732318486706,0.028497556545606706,0.030000495107243553,0.030451810745605185,-0.002728320087846771,-0.002733711273380095
2023-01-26,0.00683795956208914,-8.517409939822048e-05,0.00989619060999922,0.005133055830202097,0.0024687319454480246,0.008731238443590753,-5.6781791512605564e-05,0.009896188823854242,0.0060717807252179175,0.0031834953840454796,-0.001190637358273619,-0.0028162646188049797,-0.0021952217575980227,-0.0015717235620051014,-0.000991377131912618,0.01403257069535134,0.013470457671523673
2023-01-27,0.001024701456108765,-0.005515845708397502,-0.01087180753354849,-0.0007754915891966332,-0.0011643166404730863,-0.0011044634544705924,-0.0056173473530590455,-0.010871804959550462,-0.0018804889011274882,-0.0010508601642511214,0.010439978698039653,0.012801780375690693,0.013784187612236262,0.011092448560215691,0.011973932419479163,-0.011656739214477753,-0.01155044837725862
2023-01-28,,,,,,,,,,,-0.009124372796721009,-0.004200680380290501,-0.006586361328345999,-0.008607027851546805,-0.008838874563154523,,
2023-01-29,,,,,,,,,,,0.03239858462668821,0.022124742347917045,0.037281361917456214,0.030885120962036484,0.03002084246310386,,
2023-01-30,-0.017609592435152456,-0.003621793729689077,-0.01064203358283064,-0.01160980700207125,-0.007336848184108876,-0.010706329978273914,-0.0035657059288329218,-0.010642029231624101,-0.008417010569888828,-0.0064600390275352335,-0.047578652167482166,-0.03538591667084366,-0.04410092790049285,-0.04584879753630222,-0.04483676153851156,-0.01258271876969621,-0.012319734495187421
2023-01-31,0.013446790531768012,0.007774213722422682,0.011795731341267818,0.011839031174879501,0.010897733412633196,0.011942488332101174,0.007808075759636869,0.011795735411041857,0.01116741473801708,0.010753830516831517,0.02032307834810589,0.008198173737599844,0.013741108206965998,0.019053914809140697,0.017386976040302378,0.0123472642868039,0.012272402594350529
2023-02-01,0.009731505056982965,-0.01738567143699535,0.0028182858590598903,0.0033796299640786107,-0.00021300491347040905,0.006518284067217186,-0.01748148612058397,0.002818237115426541,0.001854796611783552,8.892851039878644e-05,0.025797610005811867,0.019870088792797898,0.03143905206765732,0.025091501385628663,0.023842054276635237,0.000762595445930863,0.001624347798144304
2023-02-02,-0.0003165818495885315,-0.011912510248951354,-0.023100877464747267,-0.0030034515784449368,-0.004151403299181473,0.0004622065711983379,-0.012003898482645423,-0.02310095863063861,-0.002661797650197638,-0.004532486235123064,-0.004137339362064006,-0.0018840762557116222,-4.5838225067647113e-05,-0.0037651993432001167,-0.0029420988971674274,-0.023968831213718227,-0.02335236685860074
2023-02-03,-0.008436295092939508,-0.009008487914677845,0.003705014706004965,-0.009906432597938063,-0.010804230871936077,-0.012949497310195889,-0.009109761463929094,0.0037050809992808477,-0.012022400485201458,-0.009897400578732491,0.013807865467613019,0.004249062312063772,0.019530275739939693,0.01233044175983182,0.011540935684214349,0.0027680295118466397,0.0025689863539594656
2023-02-04,,,,,,,,,,,0.0008855258180995538,-0.0034378065249743685,0.0063934886016697445,-0.00013891951451679618,-0.0005283881726978115,,
2023-02-05,,,,,,,,,,,-0.021614453014425588,-0.009421389380093336,-0.01898034731629639,-0.0197595712210974,-0.017335210428065812,,
2023-02-06,-0.006955920478255129,-0.001102841425769168,-0.0036828867155855836,-0.004169583265922938,-0.003941411759570391,-0.004753319540309474,-0.0010912321625126625,-0.0036827887555696453,-0.003247623946806201,-0.002278080606289832,-0.017547227909628545,-0.013500026957886376,-0.019415196418486623,-0.0167873952817554,-0.016174447964304006,-0.0033747229622449427,-0.0042865315897119395
2023-02-07,0.0155204536505037,0.007854501703057218,0.010785041629451774,0.010810693004196025,0.007380892400252326,0.010736627026255635,0.007731505446541117,0.01078504817031058,0.008636950683998052,0.005655765291670616,0.038788206144113366,0.032240686371586565,0.04557672864470157,0.038065660772728216,0.037694520353746236,0.013775966337540796,0.012978116181816329
2023-02-08,-0.01054356158776204,-0.007182655469909903,-0.0014627806410205805,-0.009660524994260917,-0.008707425985939498,-0.009588321735836031,-0.0072980685862065985,-0.001462770853077072,-0.009319814040820572,-0.008555159865073911,-0.015006172445075659,-0.0013622431169639402,-0.007121414663130928,-0.012966557382726795,-0.010766848558805246,-0.002174128684437537,-0.0020780706808490815
2023-02-09,-0.018081240640713918,-0.0015734612546249088,-0.003980060066248879,-0.01254981353131482,-0.00922549602598738,-0.009693282094659651,-0.001252259740116107,-0.003980031517373554,-0.008537968247016647,-0.006980048097771946,-0.05797060988047874,-0.05644212535619975,-0.07007558277243502,-0.05754886874207587,-0.05783612466538712,-0.0035399943459124197,-0.003828630256299589
2023-02-10,0.005848146581872968,0.012498365992778785,0.019246004468859438,0.00908328097483512,0.00919133483400288,0.007181624715616184,0.01249882308989074,0.01924600797862011,0.009645705805901926,0.010012637616602114,-0.0007931382209818197,0.0016745706783760504,0.010324473792742091,-0.00042461698956553135,-0.0005397541012646818,0.021674421519714774,0.02100249089932337
2023-02-11,,,,,,,,,,,0.011050110038862545,0.008261642475042266,0.01360897940050162,0.010452072466266442,0.010899840417788938,,
2023-02-12,,,,,,,,,,,-0.014201962715441512,-0.004113311764929007,-0.01224118318732238,-0.01295604440509806,-0.010967052265836727,,
2023-02-13,0.0068472720238671346,0.00812354096253622,0.008220052627413241,0.007393233744794814,0.008893112099747422,0.008827761579968455,0.008025016935454477,0.0082200469019189,0.008195893870495193,0.009158624890736721,-0.0030291175413077586,0.012161444357896222,0.0018822103796610826,-0.000741289579140699,0.0013461217063591522,0.006588871301746312,0.007110414282759312
2023-02-14,0.004566798574443218,-0.007224463425991775,-0.0015765447216628526,-0.0007293074283524451,-0.004085828753110806,-0.0003612301921311564,-0.007390670860216313,-0.0015766270247018449,-0.003017147765520471,-0.005013856884553096,0.029656404809021857,0.017065256020690305,0.027180421040820205,0.028355540119998163,0.02748290794563902,-0.00155428114346531,-0.0010598242850713238
2023-02-15,0.011133095782415996,-0.00019204145473351408,-0.009271462679998082,0.005277998521182485,0.0027184530529719064,0.00017669496084403143,-0.0004680285189077155,-0.009271439401579366,6.707197495135504e-05,0.0001327200215425443,0.0654339876708519,0.07169949735289846,0.06238676422332062,0.06592927295321871,0.06813164946346915,-0.010023218017651882,-0.009783987086381188
2023-02-16,-0.019444903854261387,-0.012752010913381821,-0.008201985727953425,-0.015260174199420534,-0.012323356953953113,-0.014195348622545763,-0.012482246602002794,-0.008202016732665442,-0.012689906919281405,-0.011369057275501257,-0.043915834843173046,-0.04206156993907174,-0.0489207664731174,-0.04391173561037781,-0.04411807299295947,-0.007675733386817528,-0.007573708908752769
2023-02-17,0.005975289632497063,0.013503671452861327,0.00023706599300531237,0.005067199518974757,0.006373877439309407,-0.0028890962180575302,0.013187387273824415,0.00023713557693601315,0.0008290653394159173,0.004574326298202052,0.04862438092600618,0.04640678151903973,0.043853081629048815,0.04813443420239028,0.05130745366474885,-0.0035170992070221877,-0.0031146783454418514
2023-02-18,,,,,,,,,,,0.007926777402877325,0.002139227478794149,0.0008664805903263572,0.006968591031200731,0.006556319950091092,,
2023-02-19,,,,,,,,,,,-0.01050141852017766,-0.0063753784781105756,-0.005775598481730808,-0.009915299116801727,-0.00856332959824375,,
2023-02-20,,,,,,,,,,,0.02493566788824467,0.025724479334569356,0.017885495336262578,0.024843146208643564,0.023692895757005453,,
2023-02-21,-0.018026190903352314,-0.00480922771873732,-0.009272030015088466,-0.015274748593512378,-0.013427800266474364,-0.017682778803168778,-0.004656161050756382,-0.009271984915310368,-0.015073973201255579,-0.013187348754773318,-0.019542738784336607,-0.02014458210161963,-0.025147901625367793,-0.019920643880108575,-0.022459940781706628,-0.008767044918318466,-0.009200208773863777
2023-02-22,-0.005777713031364514,-0.00452891782429043,-0.00655946595438767,-0.005790191508375163,-0.004971125658649994,-0.0054353695870858944,-0.004524621328678239,-0.006559477324094072,-0.005633479166314759,-0.004829598321105977,-0.007707594722403665,-0.008572219797025942,-0.0027869509413625385,-0.007358888867025292,-0.007335662968760582,-0.007489791850612198,-0.00718750660177286
2023-02-23,0.002641855206609934,0.0025330332452469847,3.2233232670556e-05,0.0017682880899118148,0.0002892135873386295,0.005760612896976144,0.002551052438142863,3.219936675074794e-05,0.0031036317677954634,0.001041949377043864,-0.011753206242561246,-0.006016783905981243,-0.006217993821062218,-0.010838483818370413,-0.00965960906619255,0.0007683041865852412,0.000437070272859167
2023-02-24,-0.013898130275132451,-0.006853227080355149,-0.007029579186540658,-0.010225618073365758,-0.008008510240033451,-0.009383516029478768,-0.0067627689668549405,-0.00702960869213299,-0.008150211740748165,-0.007086900529504972,-0.03504429301949148,-0.027326210181294115,-0.034649173753227985,-0.0338837604470661,-0.033775467373591495,-0.006220627636677752,-0.00619022122261426
2023-02-25,,,,,,,,,,,-0.0025002829045570997,-0.0022753635649395408,0.0013724361960656282,-0.002265478693647874,-0.0027274029013106627,,
2023-02-26,,,,,,,,,,,0.01792286858585941,0.018997981235787394,0.022357076720239257,0.018095058055308776,0.01912397950715918,,
2023-02-27,0.0007153760494190717,-8.875995854226606e-05,0.0004046049242846933,0.0005252427995784074,0.00032585741126710255,0.0018285851470658007,-7.569041537895801e-05,0.00040458894482803915,0.0010391784209017765,0.00017967520811837476,-0.0045726546890275475,-0.002432374864512709,-0.004841751413338202,-0.004308360048210909,-0.003840177409653202,3.196475838806198e-05,0.00021194183013632426
2023-02-28,-0.005776214328606235,-0.01031069698751283,-0.00795380540925437,-0.006304929383324986,-0.006010622654488982,-0.004411038409913709,-0.010301451473080573,-0.007953853649674353,-0.005673978429930559,-0.005931943155076979,-0.01235466589135947,-0.011452188519717391,-0.013271380774372118,-0.01184662795510467,-0.01125994067780988,-0.008138062268006884,-0.0077267530583528515
2023-03-01,0.003474361581112661,-5.681829954536479e-05,0.004929982688670515,0.0006082162665583296,-0.000670928103310675,-0.001058031993739652,-5.677128435620932e-05,0.004930055299521489,-0.0015038401911320063,-0.0020953169482048908,0.02613632945537423,0.0164692214074158,0.02524758941809956,0.02490004469856985,0.02490987564193791,0.004838619700805022,0.004309781841098005
2023-03-02,0.008197848482987158,0.006018839119934227,0.005724697512942581,0.00853362617437546,0.007763213082835178,0.01193595239608564,0.006018876151381946,0.00572472018487836,0.010300062530806946,0.009650390467387835,-0.009997340462054933,-0.006276583444694332,-0.011495031899430092,-0.009760670938901381,-0.008050774004676858,0.005341318258884871,0.005127277866724608
2023-03-03,0.007156371150729757,0.004163791029710027,0.010378657053151653,0.009020502974557552,0.008680528701573117,0.013022516039795422,0.0041638145178300445,0.010378651725036315,0.011871224385001789,0.010409484171363524,-0.022029633684743446,-0.03629178594098203,-0.039168608116664644,-0.023728613531394042,-0.024136021156757996,0.010205278566291706,0.010182143497232763
2023-03-04,,,,,,,,,,,-0.01992692907160365,-0.006890500021888854,-0.013351457296495815,-0.018199151079347064,-0.01782695146036447,,
2023-03-05,,,,,,,,,,,-0.0020254273351250013,0.002407937101640675,0.002820940552098084,-0.0013933026715704715,0.0002224602834844415,,
2023-03-06,-0.002210598913876606,0.009006706628655822,0.008567502360706778,-0.00014581601736905194,0.001550180625765102,-0.0018683339450611628,0.009006689812244296,0.008567501325285444,-1.3601116643741779e-05,0.0011489816072815895,-0.0039627559291017175,0.002525887168212827,-0.008889731555491215,-0.0031540578400415724,-0.0030955112236512204,0.008974364902771446,0.009380898883132753
2023-03-07,-0.01579344955971177,-0.011017286805282083,-0.012567301286664468,-0.016014885914540172,-0.015295842221420658,-0.017102287608685124,-0.011017528100510196,-0.012567339633419886,-0.01665365552417436,-0.015455082321053725,-0.008951188324059525,-0.010019976365318262,-0.017501902257729143,-0.008738931733446817,-0.010274555511803824,-0.01236142089364628,-0.012015942849877465
2023-03-08,-0.0017458602355268165,-0.006702712806710017,-0.006654323840784826,-0.001343009965435074,-0.0021908492073150557,0.003192957178142676,-0.006702574952595361,-0.006654242356528471,0.0008186253813017327,-0.000961668810097658,-0.02689639545342886,-0.015385113540857077,-0.03329750395592492,-0.02489075154260849,-0.02571281817202832,-0.006931937510749994,-0.007306497107429255
2023-03-09,-0.024067529760063718,-0.011517775440705924,-0.014751265647982799,-0.019323674929343053,-0.015935802183743453,-0.01718543896284886,-0.01151770483027357,-0.014751295160206422,-0.015896595182515176,-0.014269493072851176,-0.060553078388715965,-0.07718458955277624,-0.08367827414015988,-0.06283958680549802,-0.06548964465683657,-0.014710178718518074,-0.014349743045202054
2023-03-10,-0.011654437713488402,-0.003225902760590634,-0.009416394062559412,-0.010599665467913019,-0.007756317699372109,-0.013030084597309703,-0.003226024983891692,-0.009416485759048515,-0.011164618957913947,-0.009717922642985002,-0.004166146474441491,-0.00871362284317959,-0.018486276033239477,-0.005455372712882504,-0.006080634710626455,-0.009033611175259039,-0.008066484997196855
2023-03-11,,,,,,,,,,,0.0017446242878389785,0.022879273481662965,0.002838779682604783,0.004522367917442335,0.007079491268544046,,
2023-03-12,,,,,,,,,,,0.06629218010688848,0.07326282631081416,0.09103452134678966,0.0667660780410948,0.07045628710990673,,
2023-03-13,0.003896627683151664,0.006279885427638349,-0.008872378318129034,0.002560941974417595,0.0043010874693720285,-0.0031597945663550415,0.006280318987859846,-0.00887240328563554,-0.0007443734220990942,0.0027046864849630324,0.04342494080443299,0.05526039600446039,0.04877447744316592,0.044277732686046824,0.048356052757007134,-0.008571166319831118,-0.008556338131078287
2023-03-14,0.01543448776751518,0.006976660503672856,0.010249258097066642,0.012758490649802563,0.010254479035392556,0.014563255790028037,0.006976525106265019,0.010249209848432875,0.012383984913933208,0.010289962854082128,0.01990905728203472,0.014819187236123965,0.0181288476863247,0.018853927445468457,0.017038688714357646,0.010398701382965093,0.01054338394430748
2023-03-15,-0.015733653075184054,0.0043667708388416306,-0.02058617120312021,-0.008964425503025075,-0.0018368068665788957,-0.008860534960167206,0.004367117087957461,-0.02058623797008737,-0.005849280295056776,-0.0018400110921856867,-0.05104320084633799,-0.025912938157467875,-0.06532679094402204,-0.0476372968327431,-0.0429531976957837,-0.018696647723746358,-0.018443342625640784
2023-03-16,0.015072340931199954,0.0016324092304782765,0.003209371886160741,0.01064867573597672,0.007632810842209897,0.014486195870694399,0.0016322508143181591,0.0032093707217545637,0.010368605728627358,0.007863871593677364,0.017976974864146348,0.014380821557395815,0.015132701524046083,0.0172960356744829,0.017070574520016264,0.0030739925831732183,0.003026123543349168
2023-03-17,0.000665430606340034,-0.012864009442597081,-0.019200116632910352,-0.006314319323519193,-0.008430837497315782,-0.011278523801250183,-0.012863646472090966,-0.019200184660114215,-0.011771578568996858,-0.010918875973949332,0.06569563670767414,0.062435662379497686,0.06318363954549969,0.0644125838158704,0.06594725301334745,-0.019745052452337562,-0.019887379991327517
2023-03-18,,,,,,,,,,,-0.0225621569734793,-0.022418273560588967,-0.012809999116533428,-0.023373341706343857,-0.02372314224839795,,
2023-03-19,,,,,,,,,,,0.0286214165384847,0.02844221642795562,0.016343141269580107,0.028452592632403437,0.028564978424018648,,
2023-03-20,0.0032963413019339036,0.013149524934466097,0.02106658368161835,0.008092607124871375,0.010565825040738391,0.010574870312222068,0.013149357440534581,0.02106663138595255,0.01138110547781269,0.011570574894927719,-0.03353977206107461,-0.017585822867703448,-0.053523606195852585,-0.03137580167047836,-0.027846174996472663,0.021066101445922872,0.02102989049997004
2023-03-21,0.018200006240798716,-0.0015426820812771025,0.012377308140099408,0.009775901730119406,0.003211673262302597,0.007112954768541914,-0.0015430067686084488,0.012377323505332372,0.004506225985224348,0.0020546303003926344,0.07494940703328715,0.04754399637265057,0.05113794232628169,0.07251981875609484,0.059436255831842866,0.011283108716598761,0.011204100276383619
2023-03-22,-0.024900709250967736,-0.014741090722147642,-0.017604583148109153,-0.021712359196009855,-0.018209769244113324,-0.019482661723618323,-0.01474100809328914,-0.017604588830309083,-0.0188891042293245,-0.01832210547974663,-0.051120967141984504,-0.0669421463430367,-0.04400773725489707,-0.053743235097418275,-0.05501449075370789,-0.01723956040245614,-0.01720084029883096
2023-03-23,0.00955396813714356,0.005427515443007177,0.0006041807580032988,0.004971823981821694,0.004278756340343208,0.0024555631422803633,0.005427527397968919,0.0006041725831518146,0.001559487742035256,0.0018314616221051766,0.045626564811247564,0.05353770765159081,0.06737676594626935,0.047245500358362225,0.04930564836497932,0.0008785582309279042,0.0008887331681544618
2023-03-24,0.0017582217101399047,0.016285688469301143,0.00524171433482974,0.007472823805452711,0.01085559036856836,0.007734433012731466,0.016285769715554232,0.005241697499308242,0.010371455273602415,0.011989955122705686,-0.027702777405866602,-0.031252501383909365,-0.02023473082476973,-0.02813875530004148,-0.02743713427618078,0.0053025172327320624,0.0055734752250914555
2023-03-25,,,,,,,,,,,-0.0016074192542606565,0.007267447212327019,-0.007838522674514618,-0.00010415042299703574,-0.002671237019606427,,
2023-03-26,,,,,,,,,,,0.013824859039504889,0.013205699658139608,0.014423599298404477,0.013528892700475165,0.014092414686680342,,
2023-03-27,5.056430159389516e-05,0.005277778364682655,0.011705425572909586,0.002610875381511956,0.003272336392381147,0.0036365621656743977,0.005277715223226424,0.011705419875433618,0.004144068952594614,0.0038956423724847856,-0.017802079323683072,-0.0116367839641321,-0.02782677056292749,-0.01627135949507471,-0.02058952643782016,0.011328298689251049,0.011474848927418681
2023-03-28,0.006270288870840616,-0.0009213761867703882,0.006665701734512712,0.0038389061180709935,0.0013553617859971042,0.001344008802234866,-0.0009212473642339031,0.0066657136416688485,0.0014909229854133707,0.0006450975572283575,0.03126532592279897,0.018402213040520348,0.011519307208922979,0.02990609107779532,0.026079666681566943,0.006444851055685886,0.006531909121728393
2023-03-29,0.018039999357188065,0.006695183945431038,0.006252311075328289,0.014776959445549855,0.011727343343580278,0.015592519241283987,0.006695122557098289,0.006252356683952598,0.013565951688229414,0.012179545826977386,0.03003549704610546,0.028255003115082788,0.01551498269821948,0.02960251761230917,0.027672698410675444,0.006002585401617907,0.005841247734864162
2023-03-30,0.0040803439928459775,0.004361169605156399,0.0057890691519504505,0.004030470605999182,0.0039041058540881363,0.005176542784378534,0.004361236362886739,0.005789072967554836,0.004490240439499065,0.004274618875667203,-0.001842875724199999,0.0022609044449356562,-0.010371920309177522,-0.0012796108409774995,-0.0006360173225966204,0.005712700819013972,0.005666951294632541
2023-03-31,0.014052401270395521,0.006816919370916292,0.009783869598870017,0.012266784271919046,0.011013610472061182,0.012312761242483188,0.006816871521915582,0.00978385460080975,0.011477590785525007,0.011553481627186371,0.02268890918057519,0.01978721604891988,0.014254649395814088,0.02210431720484892,0.021115111304796114,0.009985779948509183,0.009761363626550381
2023-04-01,,,,,,,,,,,-0.004093416876705502,-0.0009110032459760716,0.012885650063843495,-0.003852370133882157,-0.0012036916131944887,,
2023-04-02,,,,,,,,,,,-0.007280393505856886,-0.01392939524364403,-0.007044635584595028,-0.007655580352086709,-0.007341560083316073,,
2023-04-03,0.005473537217209085,0.010412291531070548,0.021375945336163982,0.0065873031400693095,0.0059703426967370205,0.006940014431519135,0.01041354667678858,0.021375943555682675,0.007292317218393962,0.006399535757265235,-0.0019729478224692126,-0.003622114776659773,-0.0053054364540013645,-0.0022117817600567436,-0.0031905148589973023,0.021680522077851882,0.021583020700999274
2023-04-04,-0.0028597975805733193,0.005461308259861032,-0.007242852003483931,-0.0021417063034596608,-0.0003265608314044835,-0.005147652373407161,0.00545996355456365,-0.007242870875618795,-0.003069156490751437,-0.0019333683640926464,0.008671623381966018,0.004908249033947193,0.0006064012006566683,0.007939904477579812,0.006873694673081963,-0.008214740345658429,-0.008040726611649868
2023-04-05,0.003963165046574712,0.015221775743010854,0.013685693818739644,0.007236412456478398,0.008657142159997421,0.003823707215428133,0.015221799171275885,0.013685686463177636,0.007156943995869469,0.008439725971542017,0.004564301417984071,0.0039634437256247275,0.003104491878095943,0.004595016351637437,0.0037512481482949896,0.01177732644275508,0.011953519465514045
2023-04-06,-0.001738571975603477,0.0003114583557824231,-0.004453052501433374,-0.00035984228295993616,0.0005673004637892446,-0.00022899060380659802,0.0003113274819389481,-0.004453055264833485,0.00028440095566586077,0.0009879478606208867,-0.009080694410887342,-0.004419674680845885,-0.008672887626337507,-0.00840880704782729,-0.006680512202493778,-0.004971882109626125,-0.004891638445474893
2023-04-07,,,,,,,,,,,-0.0009323356361592996,-0.00013784368443749845,0.002683418455686969,-0.0006232079037602555,-0.0004413990529705239,,
2023-04-08,,,,,,,,,,,-0.007566446210532353,-0.0029546838478169864,-0.005703391669615919,-0.007118476221268325,-0.007266594876147118,,
2023-04-09,,,,,,,,,,,0.008632922376989677,0.009320357617936287,0.006262024480807724,0.008609939234524189,0.008618944498810167,,
2023-04-10,0.006668235918680417,-0.001536546819056222,-0.0012975627348214209,0.00342124500613376,0.001562675375216058,0.003305528673422659,-0.001536196580371693,-0.001297556384688719,0.0018074761202980388,0.0015945630954029013,0.02366873128257353,0.025050294717824467,0.022863106895938828,0.023704725594847813,0.023309252476810857,-0.0005840561682264314,-0.0006639927729667121
2023-04-11,0.0027582739087814593,-0.0003897122225729911,0.001492281866520179,0.0023791805249818955,0.0018275870843222097,0.0025354861715741637,-0.00038940999647903927,0.001492285873390143,0.002285055809564958,0.001846234790726732,0.0038681087961089902,0.0018743824692742583,-0.003544000841798005,0.0030543850633981797,0.0023050095965967184,0.0010663233272308844,0.0011361428522797363
2023-04-12,-0.0025137734982581795,0.0009696519726704367,0.0018810344638026258,-0.0015451069521856473,-0.0007373812459466294,-0.0021173351006915013,0.0009698753569173372,0.0018810341027497754,-0.0012646261410675652,-0.0005035647009401405,-0.004626272808578608,-0.011199626787224411,-0.020503020739653495,-0.005960373172805963,-0.008665398139089536,0.0018630955868815364,0.0018696764305822552
2023-04-13,0.009797738614448782,0.009190255836623591,0.009416921900076465,0.008438535136365473,0.008741381217747958,0.006992451831331535,0.009190192748948648,0.00941692528967173,0.007313908561587356,0.008139239642550571,0.02360984473641619,0.007128426664006829,0.012257099687929079,0.021728698843545655,0.019731092404032598,0.008600292485401624,0.00868404355810024
2023-04-14,-0.0021518481613174113,-0.004362738778010579,0.0016332658052273523,-0.0042657401100934435,-0.005217644555265825,-0.005797086851696218,-0.004362156129005345,0.0016332724564619948,-0.005987215680146868,-0.005435202276015182,0.015401382763837925,0.009854281246783808,0.019360582880700583,0.015283643709601214,0.013882055550299258,0.0025384129658418634,0.0024393289526715937
2023-04-15,,,,,,,,,,,-0.00025954952835574824,-0.004636076597805583,-0.000999671382321641,-0.0005067619029115336,-0.001637586663346058,,
2023-04-16,,,,,,,,,,,0.007900648125643412,0.004630563731425908,0.018363569411566267,0.007794699292227784,0.008275651686606258,,
2023-04-17,-0.0001789875449442229,0.0001789976176462284,0.0006927447452106444,0.0020358033130998877,0.0033037531395106175,0.004862982713123602,0.00017903703090079207,0.0006927585087822229,0.004369961149910125,0.004353912199496509,-0.023991779537662856,-0.022028075629831674,-0.01490419273146176,-0.023513219939525362,-0.022043066257040507,0.0014006107713076719,0.0013054821583718898
2023-04-18,0.0036955475627650303,-0.0019101219439237507,0.007235869790414275,0.0009538332240321733,-0.00012467460934789784,0.00028719818363245506,-0.0019102405617309704,0.00723586898848036,-0.0006664983969577393,-0.0006410557363730168,0.020403758878687575,0.022718625106215196,0.027140627907521545,0.020898365275455397,0.021260039255090526,0.008556541770602255,0.00839365588494875
2023-04-19,-0.01037755217078172,-0.00048487900755419394,-0.0011530542361170393,-0.003516107319260964,-7.173492898532492e-05,0.0021720707585582413,-0.00048476083658624645,-0.0011530572229997232,0.0022518672959711025,0.0017045470674599953,-0.07066854249270105,-0.040884057232526305,-0.06757889528184725,-0.06748899209849357,-0.0659004515146594,-0.0005816715521385297,-0.000663749641258155
2023-04-20,-0.008598427396778796,-0.0054547643672114825,-0.01169708126283603,-0.007831408593118734,-0.008870105628872232,-0.007077377016030322,-0.005453794290688894,-0.011697024161926781,-0.007074284012216085,-0.007199260899040755,-0.016305722867053226,-0.014825378070450788,-0.009897146971210464,-0.01607308746537814,-0.015760369014058265,-0.010867639741432575,-0.011308200750589505
2023-04-21,-0.00665228255633466,0.005487403127603735,0.010958392153641146,-0.0019017890683701592,0.001999164990572153,-0.0009659452215853709,0.005487388797292923,0.010958385287968013,0.0007227061964358587,0.0026025995260996974,-0.03631678274331773,-0.02238395943292303,-0.03378692025410189,-0.034784615309754865,-0.033259861559901446,0.009669970363019247,0.009871564360082002
2023-04-22,,,,,,,,,,,0.027235329818514117,0.020360900187123103,0.0235451419446941,0.02618507775790015,0.02620535410442533,,
2023-04-23,,,,,,,,,,,-0.011196525254087531,-0.0016012864761443335,-6.925054987175433e-05,-0.009818497245076862,-0.0090601024358173,,
2023-04-24,0.0006551150759545677,0.00200628596183855,0.00279672341909048,0.0013816993330972931,0.0006982473755045183,0.0019529810196173471,0.0020068156408305955,0.002796749420212983,0.001984151747444591,0.0013255605825184436,-0.006132087710811956,-0.006256165820162444,0.002142334431013965,-0.005928320054779755,-0.005285674281230937,0.003134527547200991,0.0029601969716927545
2023-04-25,-0.009822316580608257,-0.0006210544192729983,-0.007939045456036319,-0.009212985405648778,-0.007501870789040313,-0.014704495440667046,-0.0006209262094253008,-0.007939044934590777,-0.011463818523567147,-0.00954759693807428,0.016825254454531025,0.012423225168908113,0.014035121125876465,0.01606979494551225,0.014552968799501138,-0.008981810857547318,-0.008847861014962216
2023-04-26,-0.012743349436160534,-0.019437536869772787,-0.017509187804033096,-0.01459569039267216,-0.015076362779597653,-0.012827861743642189,-0.01943736095050691,-0.017509151896242477,-0.014634252030593594,-0.01482469754325323,-0.012425741463984171,-0.00525275175546295,-0.020185719072258197,-0.011730989810258746,-0.013909013555511527,-0.018070660846717598,-0.01797483147934049
2023-04-27,0.014505228032548464,0.004460124315181876,0.012421030982578303,0.012194458668430276,0.01014450792963563,0.014347282786500572,0.0044585237478687685,0.01242102675898457,0.012182710873915096,0.011532475588969512,0.015332668473291913,0.020603886879644963,0.012380741784891658,0.015457766045282019,0.013873070789389281,0.013155700195501762,0.013123593063654826
2023-04-28,0.008237788794501657,0.003617672208884137,0.003103077579090574,0.00683922754220285,0.005294672208799993,0.009198899033564956,0.0036182524607073297,0.0031030889044463272,0.007199910741344958,0.0060629133720636235,0.0031708007550155333,0.005094839793289326,0.01103317831122844,0.0037687949285985373,0.006068284814382274,0.003871087857010797,0.00381022706856375
2023-04-29,,,,,,,,,,,0.005944348961112653,0.008228686523820616,0.013443409702142358,0.006466374544097719,0.0074254602616763655,,
2023-04-30,,,,,,,,,,,-0.013780549199663608,-0.005849433813250447,-0.017703698104613856,-0.012993127109124397,-0.013070007010124927,,
2023-05-01,-0.005701460638165661,0.0010163870002693487,-0.001583103180090431,-0.0038620565637686255,-0.001716514961638976,-0.003422566579296094,0.0010168912290760854,-0.001583138334078082,-0.0028026850173940637,-0.001477458600864549,-0.017095930932513506,-0.013283543481089167,-0.003934827741556521,-0.016154941470912156,-0.013579041449794757,-0.0018332543579577735,-0.0024182639722022913
2023-05-02,-0.011747208359544011,-0.007696499402999146,-0.006924270664038369,-0.013138539998215643,-0.011786475131091097,-0.016629829055402945,-0.007696302350666273,-0.006924277379885847,-0.015407004364391408,-0.013510589025211796,0.013005510418303534,0.01455986052304064,0.012038532807809733,0.013223117060860115,0.01308610868708606,-0.008155540063580583,-0.0084747010671909
2023-05-03,-0.008970442194808557,-0.008989846548272677,-0.023548551901194016,-0.009200736283320469,-0.008753672987513006,-0.012219442723836592,-0.008989803670649391,-0.023548554658010624,-0.010734921166741598,-0.00981120105188793,0.007018691166026684,0.0045463056414404715,0.005671756202996903,0.006477571140882222,0.0059226749319292935,-0.023951464150588346,-0.021832022538480076
2023-05-04,-0.006272280245434501,0.00047081257939934483,-0.010887010026853045,-0.004413471483002753,-0.0035844090169053324,-0.005387040267944116,0.0004705581343029736,-0.010887014163890747,-0.003999322992856597,-0.003187640045983941,-0.010545538137000848,-0.0013780070331438931,-0.003224965923050058,-0.009472544670925127,-0.009134276957822724,-0.01157691556190805,-0.011905485417060171
2023-05-05,0.017790757893055016,0.01068176245432347,0.01486106762326125,0.01560756313322954,0.01342978736352247,0.017180999340013478,0.010681914046754358,0.014861059290150296,0.015267390478712907,0.013407754527565348,0.020749548887649967,0.02057662255537593,0.01408256420131695,0.020747304027887305,0.019884176062445358,0.015418004182380566,0.015152817895049782
2023-05-06,,,,,,,,,,,-0.029729270450531222,-0.016060366422450324,-0.03319152192596517,-0.028096942116870652,-0.02667214324792205,,
2023-05-07,,,,,,,,,,,-0.011535987765275505,-0.013189248661167075,-0.008639729591256553,-0.01172118369494832,-0.01197110640149725,,
2023-05-08,-0.006565942383559852,-0.0002990702908727066,0.00045163160016573793,-0.004142183242329645,-0.0022942909687562346,-0.0005680833791005673,-0.00029889124106759614,0.00045162500286595117,-0.0012636199498403501,-0.0010632225323960048,-0.03549950539476186,-0.02154840866188118,-0.036599315508873576,-0.03426171653572575,-0.03514921882931425,0.0010618661008093937,0.0009154947730996219
2023-05-09,-0.0009591240054541959,-0.004604496477451854,-0.0018050313160385702,-0.0024986008977696044,-0.004002764152942916,-0.004328358042743126,-0.004604388280170301,-0.0018050209323982737,-0.0041095543028900755,-0.004430652714413615,0.015962816922713983,0.0034847706181616016,0.019257261577016342,0.015055289087878804,0.018195758123990005,-0.0016096987070414264,-0.0015791375434862482
2023-05-10,-0.0017262503055987333,-0.0004950527886277859,-0.005868535782072749,-0.0014245985112178517,-0.0008372094662876129,-0.0016591148260532284,-0.000494939280854602,-0.005868547603569795,-0.0014009410117297783,-0.0005075079053723285,-0.0021196860591883512,0.0010504257618241047,0.008072733934018656,-0.0021146470264826888,-0.003492440431275197,-0.006565435870380582,-0.006648953885643426
2023-05-11,-0.010998564861436883,-0.00202173550007719,-0.004088189600942232,-0.00871855091990345,-0.006799516978281296,-0.008963126949554982,-0.002020998301759013,-0.004088192575629251,-0.007797295301013297,-0.007095360032282215,-0.020981720552182045,-0.018697219135202565,-0.018345980601289738,-0.020491933633009808,-0.020942265094607566,-0.004819351753624524,-0.004703793129729222
2023-05-12,0.0003923147950569166,0.0013212307661217683,-0.0027065166934440695,0.00041258242506873486,0.0004330367733471697,-0.0008871261050615236,0.001321225583487435,-0.0027065126133748864,-0.00018682723780987675,6.575824730674671e-05,0.0067939310007507185,0.005365131888902046,0.007255184846914894,0.007026398725894361,0.007403812979199249,-0.002603053258257564,-0.002790516824026549
2023-05-13,,,,,,,,,,,-0.006664542238448471,-0.00035587576931049645,-0.00026357543641617473,-0.0060086725617099985,-0.0053657681443130874,,
2023-05-14,,,,,,,,,,,0.009379189365333438,0.003164612183332887,0.014880022849964498,0.008897474355239984,0.008947638080678458,,
2023-05-15,0.005038405708650573,-0.002971218482071947,0.007227618070342946,0.002552598481744186,0.0006634583343994448,0.004358360238366724,-0.00297152349775781,0.0072276082681270466,0.002221679626088739,0.0007539653218991704,0.008449716567244171,0.007718330571854948,0.023699140247727783,0.008541365194170225,0.009883215766134759,0.008461803690945952,0.007958275771842875
2023-05-16,-0.01163177493375045,-0.015302502427108424,-0.009432288375672056,-0.014431076935943928,-0.015346402959274977,-0.015696428003992194,-0.015302026696245464,-0.009432304623143583,-0.016440492575613516,-0.01626354121688113,0.00835608034045036,-0.00023156092715523368,0.014293625764128308,0.007922761388817572,0.008953686841008784,-0.010348994863618708,-0.010179858120473985
2023-05-17,0.01256814166987443,-0.001266685477364888,0.008677246661385165,0.00933890349242969,0.006395007820491594,0.012076639919893295,-0.0012669336493523475,0.00867723978692178,0.00902865846674908,0.007077044872486132,0.014981577414507579,0.009661244038748584,0.023804342060677254,0.014409778286641377,0.014552670761748125,0.010312017896620387,0.010061935317818483
2023-05-18,0.003073199291981781,0.0008888515783996897,0.0025480627624980805,0.002172581703114947,0.002121740972579746,0.006180413523317434,0.0008897787155574808,0.002548040014264833,0.0036647120564948328,0.001991686279333501,-0.011870021093676072,-0.012158324904922673,-0.021195343122856758,-0.011741583600451843,-0.012292417933512665,0.0035123331998881415,0.002978153526356596
2023-05-19,-0.0015513905797365339,0.00017211712798992427,0.002766025750437522,-0.001065169962030725,-0.000615811087924809,-0.0025869926868791896,0.00017182067606329567,0.0027660356126915017,-0.001616742262078377,-0.0014863354563267855,0.0035076558794350995,0.004350527663857944,0.00712917404952038,0.0038470425848175106,0.004434667631341784,0.0022649216421887328,0.002958373889926285
2023-05-20,,,,,,,,,,,0.0052667693402335385,0.014774485374853208,0.01468273951944718,0.0066166463679667,0.008407125181373905,,
2023-05-21,,,,,,,,,,,-0.009831202677729602,0.00784669080531149,0.00988232725065849,-0.007353773653943825,-0.005222223605044448,,
2023-05-22,0.0021126444487768853,-0.005854154894710961,-0.008750952539551337,0.0006148851371632721,-0.0014568330516256845,0.0007540434259480237,-0.005854187370190646,-0.008750957396529023,-0.00014767463439510696,-0.0010517721628016772,0.008903566883474746,0.019565144927517278,0.014532780241424594,0.010230634644763885,0.011381289243790045,-0.008689418553046092,-0.008353964752780194
2023-05-23,-0.004500023913253846,-0.0036643301530607463,-0.010481541968019327,-0.005354816531498927,-0.006858821894664689,-0.0072094083254667565,-0.0036643558525658784,-0.010481528221926578,-0.006737415193865429,-0.007708382495018634,0.00844209262498115,0.007014986979819407,0.00582328317107899,0.00824848992363602,0.007949328362227873,-0.010629752594722585,-0.009766067932964717
2023-05-24,-0.012668313780372566,-0.006617972034612975,0.0010349559272782832,-0.010487550725397607,-0.00915392274692654,-0.009130113339869607,-0.006617907677064792,0.0010349639220176763,-0.008782195706061863,-0.009028443390252605,-0.029436565420175292,-0.024601935740253378,-0.03817093812906958,-0.0288697193011005,-0.029217654895463678,0.0008543766049779254,0.0013223647716772684
2023-05-25,0.0014412299486323897,-0.012756573564384258,-0.01001994562701463,-0.004793066612761139,-0.008363058317772152,0.0016355279500846927,-0.012756105884568755,-0.01002009084248254,-0.0049012948852094045,-0.0073608256648496385,0.0005266829952407286,0.0023946090722802545,0.0014092543763161236,0.0007550350561278322,0.0010548180311567095,-0.009263314709821651,-0.009664328103678883
2023-05-26,0.01004912496754094,-0.0009412878301175173,-0.0021135889518773612,0.006332976466034395,0.003623101076178481,0.00936154023655126,-0.0009412184201570372,-0.0021136102955406828,0.0060730615368776554,0.004435013930523218,0.01290088251437498,-0.002546290633148188,-0.0015083244439055357,0.010928670962609457,0.009770608306183367,-0.0013078106502334276,-0.0017736524859172306
2023-05-27,,,,,,,,,,,0.008967452336227673,0.012837924773093345,0.01735606178886867,0.009586786101297502,0.010592895365071827,,
2023-05-28,,,,,,,,,,,0.026720103558437167,0.019433535471454055,0.017713225624070954,0.025629715858158358,0.02374511122590559,,
2023-05-29,,,,,,,,,,,-0.006326922904919307,-0.010626922610795897,-0.011370798356950006,-0.006674521553183016,-0.007274682672594736,,
2023-05-30,0.00036054996338356486,-0.0037550459479482384,-0.009270305606733779,-0.001614384946888881,-0.003661054314222047,-0.0016030583374567922,-0.0037549821365243266,-0.00927033363695871,-0.0026571432364423907,-0.00347041322066432,0.009797978686754727,0.004241444464106063,0.00609665850289897,0.009709152413973774,0.010154233528274381,-0.008742076239177176,-0.008971376420527056
2023-05-31,-0.006696212824183308,0.006759357848907586,-0.0016934727450611034,-0.0028877136062207508,-0.00025668646122769666,-0.00580277765973624,0.006759548206836957,-0.0016934389472823648,-0.0023382620746079373,-0.00024750270314148224,-0.010985713421783457,-0.009864148564337025,-0.016478301211014165,-0.01090440817290577,-0.011922280485738698,-0.0032134940606280524,-0.0029452959272138887
2023-06-01,0.0031227568803515173,-0.0022411103631348466,0.011117188453697746,0.0018771489774358871,0.0011174122913347438,0.005148317863618266,-0.0022408911073328692,0.014917719478058056,0.0029985420180946593,0.0013007823153611594,-0.0070050480359822205,-0.011799061949487747,0.006102946177076303,-0.0073390368653009925,-0.007469346347377841,0.016762035196383425,0.016560776179796354
2023-06-02,0.02128275104364482,0.010920408108079442,0.014661705008477372,0.019049888306158037,0.016595823912700182,0.019480527192096298,0.010920303478896052,0.011761872241596319,0.01756438880511456,0.017113226989298954,0.030404158303645325,0.05139526533430961,0.026634069498414764,0.03517168363342897,0.04363969558908383,0.011411662314281222,0.011416221052028167
2023-06-03,,,,,,,,,,,-0.0032951782272979046,-0.007282582677511714,-0.0036733658463936657,-0.003984520470793776,-0.0047854756745533255,,
2023-06-04,,,,,,,,,,,0.0017577867379209489,-0.002473027581945611,0.004859954985486238,0.001362173083925447,0.0009203558159512246,,
2023-06-05,-0.014304147821427554,0.002080447989549189,-0.00987608142090213,-0.008449822169048878,-0.004905951459711217,-0.006075971611307451,0.0020804002075102976,-0.004816963273373875,-0.00421711767813242,-0.003139586178784163,-0.05554486287436846,-0.042890475108619305,-0.054768303521840256,-0.05373879970009901,-0.053052824232338466,-0.005896215115113385,-0.0057300418589019625
2023-06-06,0.009172227573481831,-0.006497283800211416,-0.003964494923403486,0.004077111782928846,-0.00020909575523711012,0.004443072471725296,-0.006497218096238738,-0.009245923959763147,0.0017149002571086468,0.0002598869739025197,0.03418717566936598,0.02535941715200539,0.03693566031695681,0.031851153307220256,0.02744043842061216,-0.008536362679039528,-0.0087695693647627
2023-06-07,0.0015316519773347984,0.0012482644279015777,-0.0047829949191114255,0.00491128446879524,0.0053159574685748695,0.008389084864273729,0.0012484559975213159,-0.0031985364663452824,0.008283623921486252,0.008158286623943396,-0.03358017203621018,-0.025839404840141994,-0.022627006078958387,-0.03244269795189831,-0.032182929380555746,-0.0030554910699849367,-0.0032191886607604824
2023-06-08,0.0043572137670026875,0.006376871664340986,0.01663662088930616,0.004405293174168457,0.004654425038784316,0.003794077573800139,0.006376819988442584,0.01816728948550493,0.004140745309574416,0.003992974117343074,0.007395661428313384,0.006050638901588269,0.003685480573248614,0.007329097757582205,0.00796743425505004,0.01801037047348498,0.018106725589698107
2023-06-09,-0.004144730837880431,-2.9229272746179023e-05,0.004435209589523391,-0.0038549467557563374,-0.003144629575283584,-0.002844631567123883,-2.9246465979195955e-05,0.0018464240153481133,-0.002928403700799458,-0.0025652451063989993,-0.010925826213308834,-0.0259868669858687,0.011744491125194245,-0.014724788732754221,-0.02245094119480068,0.0017952482066581094,0.001800517048596818
2023-06-10,,,,,,,,,,,-0.08331482096227748,-0.03765125120934813,-0.08403208433918857,-0.07714347721462494,-0.07545035697815626,,
2023-06-11,,,,,,,,,,,0.002420693880391566,0.007461220120281334,0.012863615272385956,0.0032463122497530584,0.0036329321778541517,,
2023-06-12,0.004500408396145134,-0.0023809773217842315,0.003915274512510956,0.0027871833778401467,0.0019177696203285036,0.005284171612457428,-0.0023809479074354536,0.003974860417866869,0.00319309687519058,0.0021946732156863293,0.0006230259053354564,0.0032945583013196775,0.002135446870478914,0.0013794484163320965,0.002899313623039507,0.004554002365800969,0.004457315528013919
2023-06-13,0.006663197524819841,0.0063118984323046155,0.00601042367993828,0.006192727999624101,0.005623616833138511,0.007481329417958426,0.006311855273713984,0.008878605650214765,0.0065803749301333245,0.006001267195424402,0.0022555914940089084,0.003987417028267228,-0.005258617665634205,0.0027295627425032755,0.003218946446926164,0.009243102657506289,0.009279249213679472
2023-06-14,-0.006748479297363784,0.001215257464052439,-0.00757909916016624,-0.004245991000269043,-0.0018471653904728515,-2.654541376915735e-06,0.0012153362510125098,0.0027016212483087607,-0.0007927649685172225,-0.0009644043867367083,-0.04310164946468973,-0.025309102103455633,-0.06286853676632186,-0.04086456969976279,-0.038600442574390395,0.0025454317827643107,0.0026967692971080646
2023-06-15,0.009369873786270492,0.009509961349451588,0.005543258002660298,0.010189842757767121,0.010762197997290269,0.009949952278302535,0.00951006793113944,0.005946491880780655,0.01058409051262564,0.01047059103496777,0.005971676192569179,0.00024556075857805993,0.00846592309878766,0.00487128888459716,0.004071807737819362,0.005688263133421573,0.005694190710401719
2023-06-16,0.002125011142701508,0.0004326588623352716,-0.0008896509361462862,0.0019642483257431495,0.00202397171541261,0.0004959624312415149,0.00043256123992532324,-0.00038959607573690663,0.0011912341791838594,0.0016477950471695299,0.0117617981435237,0.012066039480371583,0.009262870818430526,0.010836064896109008,0.007319459348362694,0.00033021041142775563,0.0002655816148025205
2023-06-17,,,,,,,,,,,0.009136133682172953,0.014321489453134328,0.009285632673917705,0.009818155759457235,0.010896504881128227,,
2023-06-18,,,,,,,,,,,-0.004933153317490495,-0.011407684870727002,0.0068842134523208545,-0.005885319387346948,-0.007942194103945612,,
2023-06-19,,,,,,,,,,,0.006648603278044471,0.008348469272245737,0.007961022576632105,0.006313200838954185,0.005541384179139951,,
2023-06-20,-0.006671144902549473,-0.007848621050116068,-0.006589801129379066,-0.008621371986366424,-0.008985598304085267,-0.012710568969964474,-0.007848636594344267,-0.0066778160763266104,-0.011733465194466934,-0.010919476870235919,0.02731794577457226,0.033282541483945105,0.019522854889975773,0.026731802445383354,0.024080764232260993,-0.006935237030459604,-0.006735483604286339
2023-06-21,0.008252052759138184,-0.001879451081576152,0.0028255248064096078,0.003996092714820109,0.0008493710123738134,-0.0033136857767980445,-0.0018794641583408924,0.0006587428645243131,-0.0018781849646639726,-0.001821133455554561,0.0700142947537179,0.04431123223200062,0.04036129994770055,0.06674603454774482,0.057671752258394604,0.00037030209759038156,0.0003519380587381798
2023-06-22,-0.005417455296094482,0.00774909082527901,0.0014612176031553196,-0.0035929264124110764,-0.0007479063299894212,-0.005672063010697706,0.0077489510996441475,0.002549853351545374,-0.003635497271939036,-0.0017184147927202858,-0.004312426414197193,-0.004225820728079423,-0.0022829154707436185,-0.004288907638981413,-0.0037086662043067185,0.0013422723921657411,0.0015669121102120506
2023-06-23,0.007775744277373209,-0.005247334613772616,-0.004071332199956045,0.00016929377209264984,-0.003878787808824871,-0.007193413999764748,-0.005247357032877248,-0.005454176868205183,-0.00720622567443979,-0.006951818725072512,0.08102939924158811,0.023740815911023096,0.027206509873730727,0.07429828128616535,0.05990742329205257,-0.006005115798117994,-0.005952095964921245
2023-06-24,,,,,,,,,,,0.022398464631835972,-0.004532227982098988,-0.015668264686561118,0.019947558571547057,0.009569967255160638,,
2023-06-25,,,,,,,,,,,-0.018050729070370634,0.006321713973967728,-0.0016405766608886489,-0.014992563562370819,-0.009194029745476128,,
2023-06-26,0.008146444805190995,0.0010212208116630972,-0.010357216129284728,0.006957986229494253,0.005306746058809755,0.006585998076306899,0.0010213526068526377,-0.009624260523613237,0.006175054606307004,0.0050745470848369756,0.016874428829990726,0.0009495699599315123,-0.017171141843928504,0.016195635902463697,0.00917254013004789,-0.009720286870256917,-0.009857657809441572
2023-06-27,0.010101255284288846,0.0028158343334661025,0.006564805390445078,0.006665818024015075,0.00457669978890731,0.007338063190960923,0.002815855887738301,0.006519890278723527,0.0051433301014311,0.0035804567567645548,0.023629299510732824,0.030078055161675832,0.010222146431649369,0.02412025319512516,0.020685883757938173,0.007657603742973364,0.00756358713455884
2023-06-28,-0.008358012784749704,-0.003270711874894949,-0.0020053877462210498,-0.00539822158004785,-0.00373663539424316,-0.001755250978370287,-0.0032706473414289834,0.0015508874913105737,-0.0021856500594712803,-0.002581545031082418,-0.036522095975471916,-0.015111932607465286,-0.04389023162982393,-0.033415585705828435,-0.03302354241651937,0.0017578496839530684,0.0016094446256469616
2023-06-29,0.011886076866978661,-0.00010217456535538427,0.0038358436112839395,0.008531446124713678,0.005672774339244962,0.00631724723102799,-0.00010213775513180569,0.0013733992956885715,0.005667584555555563,0.0054043765246477625,0.03897888271980671,0.012591021003934125,0.018916381485658523,0.03691927768841062,0.030208874612084283,0.0015714549925476982,0.0015509433329421222
2023-06-30,0.026428017492046516,0.00688431341108197,0.015499574203117865,0.017429085182864467,0.011684443901177656,0.008296112019194937,0.006884391457182696,0.017566685818140595,0.008355297687961534,0.008010000750232567,0.10622683925971949,0.026132201026810277,0.11823462669861998,0.09723420521010824,0.08534300296943162,0.017690272528314923,0.017729004717588183
2023-07-01,,,,,,,,,,,-0.00184494094243921,0.0011765986208479365,-0.021763585981010792,-0.000857642991073629,0.002484806220417239,,
2023-07-02,,,,,,,,,,,0.004976863534683968,-0.00597136789900439,0.029312542512046957,0.003921818288731645,8.84691229248555e-06,,
2023-07-03,0.003877257598172459,0.004041703786967561,-0.00525422687535935,0.004498117536495538,0.004537168816876528,0.005677130992006776,0.0036904780935604394,-0.0031954837954698487,0.005249578685341363,0.004617810948221716,-0.005147186439581879,0.011662313624473534,-0.026254537268376923,-0.00210728348960747,0.0026161890767307586,-0.0040324963988697445,-0.0035896649174979645
2023-07-04,,,,,,,,,,,-0.019098329312728757,-0.010282047798347885,-0.031020928417506404,-0.017109918414051704,-0.014801588341621576,,
2023-07-05,-0.006054391780700198,0.0020520848643240846,-0.0008634730051360932,-0.003381186573886306,-0.002317681576463338,-0.004251848765599571,0.0020477315503418005,-0.000336412725765747,-0.0025161285824139472,-0.001935257816813831,-0.015279189118588558,-0.008531478214228394,-0.010539199297574946,-0.014350926733043298,-0.012852386544298586,-0.0003949724272744022,-0.00048399660433880306
2023-07-06,-0.01415762396062973,-0.008140562521334788,-0.009504713731723102,-0.012743341021232445,-0.01104038534634471,-0.012072997639928928,-0.00837497064089059,-0.010072952070774806,-0.011734818120061868,-0.010760045120785329,-0.025123865676998317,-0.015664887856990974,-0.022006011712637177,-0.023192308008048734,-0.018399555993156964,-0.010579330168898412,-0.010438794088311129
2023-07-07,0.003407494681015789,-0.012615166069698341,-0.007154092888871577,-0.0005468144703405699,-0.004519279391571639,0.0006215754590248514,-0.01349102203011896,-0.006005998974689688,-0.0020848061125377775,-0.004901218305666442,0.017931690297458548,0.016711973474350335,0.013178923770256975,0.01770656939855719,0.018105142982161496,-0.006689101124255258,-0.007141592530738039
2023-07-08,,,,,,,,,,,0.0017076157080559554,0.010068709379384682,-0.01078571365402862,0.003715121400457328,0.006233117445437922,,
2023-07-09,,,,,,,,,,,-0.013725428788935727,-0.01576957858439589,-0.01769345192367973,-0.0145817082777649,-0.01693239502760523,,
2023-07-10,0.005987818875117202,0.0010755771617805656,0.012238559093252393,0.00486310135020763,0.004292907599088984,0.004690524035945817,0.0012739979529414068,0.009819400976830386,0.004255227305566282,0.0038497050131729737,0.012372824807645745,0.005275563786850273,0.021032262390595018,0.01116306844142479,0.009671778906818671,0.010093974496215973,0.009562087183537675
2023-07-11,0.011998215886061803,0.008718569756664156,0.0012575649549271671,0.01179159694989842,0.01172345404429587,0.014299911669048834,0.009264862602075883,0.0038342800878483478,0.013133717202651768,0.012384311791520946,0.0004661014772484428,-0.0007906049099627962,-0.00038824666881100297,0.00027279295444906926,0.0002502714986886048,0.0034286387362838285,0.0031752424489555897
2023-07-12,0.006223740308397321,-0.0021568360068188203,0.0052281824383861985,0.005662649156975763,0.004132352285754503,0.008231720754254292,-0.0023362613161485913,0.005009911289439047,0.0066853676315061054,0.004680339770501491,-0.0044467650936727875,-0.0045229402751003935,0.008873142816170913,-0.004220292562486101,-0.003119807732468589,0.004606139840633207,0.005189222852038337
2023-07-13,0.03553837192057654,0.0027587919834180115,0.03338748724472753,0.020972300761192608,0.008380482178616856,0.005697379485609181,0.001527294340676378,0.006031088621413036,0.004405258432432175,0.003665644641901833,0.1946096314294475,0.14479303293642615,0.04585194819827362,0.19410036037516962,0.191742346360683,0.00610151177390201,0.006733494164967275
2023-07-14,-0.017871205378667473,0.001991298728957188,-0.011322430576746803,-0.01132608993416974,-0.005435774674814863,-0.006642226951845117,0.0027423934586451233,-0.0013638300648240015,-0.005128424638589657,-0.0035784929275574193,-0.06755813010612674,-0.05385552749387399,-0.04839716067259944,-0.0660744765993965,-0.06284658365182022,-0.0012457792512133813,-0.0011098450291852327
2023-07-15,,,,,,,,,,,-0.010449570746368805,-0.007092139772301708,-0.018192267150314297,-0.009537214695451574,-0.006417678116297255,,
2023-07-16,,,,,,,,,,,-0.0023788741514775644,0.0012357333702604665,-0.009031232865960413,-0.0014290972958556736,-0.00218439387250841,,
2023-07-17,-0.0036224395871024126,-0.004884295157538215,-0.0006521731945273646,-0.0050972086016887515,-0.005873615286627942,-0.0034132899030326854,-0.004719788651213804,0.002411184525737735,-0.0048999931890885825,-0.005265195563901167,-0.004427085882939692,-0.0051537438008784535,-0.01499469462511543,-0.004804807919609456,-0.003767733130676942,0.002193045978132367,0.0024335763617945377
2023-07-18,0.0055988923662494035,0.0011568216067239239,0.008596309096853634,0.004918324718832656,0.0037133694436194365,0.006090662173107136,0.0011999905631616416,0.00629542333621278,0.004998853030394236,0.0038497692900799005,0.003922464330182333,0.002875541900352052,0.0009401409985502619,0.004787415691775427,0.005161078922149943,0.0067714642777796505,0.007055145154893248
2023-07-19,0.010870329992811501,0.007370364368314766,0.0012984303154741168,0.009241158303481397,0.007048820903046639,0.005788033210893857,0.007113450480874058,-0.002685227033481166,0.006228581938890423,0.006588551330615152,0.034981972449767015,0.04127942140950343,0.004091516200413932,0.035916220355711084,0.03345949228163392,-0.0027606656356960408,-0.002605152120749407
2023-07-20,0.0012228144668174766,0.015163653560270779,0.004999657789128952,0.004960712238372409,0.006646932788754234,0.001556261531398349,0.015157530874233478,0.006859045629509553,0.005007381621514989,0.00706968152972713,-0.0008437888939616962,0.011225702069361125,-0.001822228039966531,-4.389226478363883e-05,-0.0015177705660311138,0.006817757957114213,0.006173713332793578
2023-07-21,0.0025546112327882167,0.005848434177178758,-0.0017084224530164757,0.004388004004382721,0.005481916407956694,0.004182597164530412,0.005902945022557241,-0.0019219637042399173,0.005414158527365432,0.005779510516210397,-0.005238735914569848,-0.00916837895543807,0.007154388137984011,-0.006240883767174104,-0.006622502219789002,-0.0014642701605696454,-0.0015763411560039153
2023-07-22,,,,,,,,,,,-0.014173806683542432,0.010995735612626636,-0.02239907006955632,-0.010192280252961733,-0.00472164059411033,,
2023-07-23,,,,,,,,,,,0.011694092866230212,0.002120718374396744,0.023412289109413523,0.009976457486396136,0.008021551095437342,,
2023-07-24,-0.0027657687744185237,0.0007564913232367377,-0.010636951788260149,-0.0001838038165091786,0.001865620322640883,0.005468579506111398,0.001475767097746954,-0.004643296498449596,0.004280279080080116,0.0035052824790562176,-0.04047617360865697,-0.0360181751383118,-0.038094731401127874,-0.03959362542399313,-0.03768526307815627,-0.006339564588979417,-0.006177589394648703
2023-07-25,0.002854006849608448,-0.002421905840840081,0.01316857585283939,0.001675484587750001,0.001265090797606383,0.00331556884176289,-0.002616100712853251,0.014547797685939251,0.0018949372658931965,0.0008276574344248415,0.0008039824967041553,0.0018080660412582916,0.0010794512683073077,0.001257034228990677,0.0017949491954414912,0.014586814758419121,0.013536043890275292
2023-07-26,0.004721951529379689,0.0030533368972242847,-0.0021432886576412706,0.003525523975037439,0.002830670095901276,0.002150961114901359,0.0028815726095353386,-0.003547738283741945,0.002010188519930816,0.00224084774919677,0.016802931976992917,0.020736250689502814,0.012507027408165599,0.01679355004728786,0.01455712420081287,-0.003996936895081751,-0.0037482550715057933
2023-07-27,-0.0033061844101043153,-0.006099074326661673,-0.0020243685097649207,-0.004209717081572311,-0.005301210972131737,-0.004601791984464934,-0.006426642393442903,-0.002804541274244678,-0.005011658806906785,-0.006186717200489748,0.0026351348395493254,0.0042201437171873486,0.001820197446698524,0.0027334294649510676,0.0026062462415422393,-0.003119418291001659,-0.0031151544156833508
2023-07-28,0.004861743914619557,0.0033706994893413313,0.003618665940067378,0.0037840840217742097,0.0034194664497642605,0.004367127240576106,0.0026124505924772497,0.005517142778662318,0.003378647642873601,0.0032448655585125474,0.007465158891742032,0.015220268605952648,0.0007869621682898417,0.0091486759562209,0.01205123719573191,0.005640726840797149,0.006117626190102865
2023-07-29,,,,,,,,,,,0.002041502303204435,-0.010599717227192036,0.010644160821773456,-0.00032007252081117654,-0.0037910910270376064,,
2023-07-30,,,,,,,,,,,-0.003951361386920025,-0.019452729739720714,0.011375228682875731,-0.007329085415658776,-0.011445125816063103,,
2023-07-31,0.0003139295589044879,-0.004679662250306406,-0.002199774074277922,0.00030393627193996,-6.203773552101153e-06,0.004233558177479611,-0.003935626568500225,0.0001467049088975643,0.002512673921157077,0.0005057065217055105,-0.01793219753938917,-0.020465928229402398,-0.013532985657490209,-0.01847847349064804,-0.019434619981052687,-0.00011278567745199772,-0.00015480897479797605
2023-08-01,-0.001676767319656945,-0.005149934381836259,-0.00752694456407154,-0.0037347476893407707,-0.00501568510663937,-0.003631701024004783,-0.005359854509807456,-0.00831305128533368,-0.004801832965112356,-0.005185887199091322,0.008097901202082248,0.01056988301729292,0.002990172194740002,0.00824967523209172,0.007429305613007586,-0.008107832281507727,-0.008110447817330528
2023-08-02,-0.017682873787711904,-0.008864426626633545,-0.012372010329380557,-0.013457280104158253,-0.011655771028511036,-0.013746221050211577,-0.008423804128204763,-0.009472563815674845,-0.011454487941509654,-0.010933760264298188,-0.03713711522123378,-0.027672274629185208,-0.052507094827340055,-0.035574397855756876,-0.03294783728572449,-0.010841287606314125,-0.010955264664625982
2023-08-03,-0.007006023077331102,-0.006223877806176013,-7.422095537768303e-05,-0.006358871324247799,-0.006601887804143873,-0.0049963286593417925,-0.006543415273386732,0.0024790080071721778,-0.005495763212527288,-0.005812118528866711,-0.017178845305883237,-0.0006232875538380845,-0.030111185782630872,-0.014054366539028522,-0.009177119257005338,0.002439997759207149,0.002572012681625883
2023-08-04,-0.003071386616543979,-0.0047857449045338694,0.0016218777245347563,-0.0027675257108220335,-0.003434652960756148,-0.00225111844132205,-0.004571326215361068,0.004471979295211908,-0.0024153751829526634,-0.0028292280402955794,-0.007274948820143056,-0.004410064291553316,-0.015310099026724177,-0.006353264553992918,-0.004791379367089033,0.0046113476859452295,0.00426885352594176
2023-08-05,,,,,,,,,,,0.0043108496224609095,0.004446502445358629,-0.002349225309801208,0.0045216225795282824,0.0045469579095713895,,
2023-08-06,,,,,,,,,,,-0.005332228036232716,-0.00421362584232811,-0.012256896138794358,-0.0053041990440050426,-0.005666429436040375,,
2023-08-07,0.007938148797194558,0.01194668050744166,0.015414799700423629,0.008967444998915849,0.008998893196878483,0.008185103574475567,0.012300269710871177,0.014302214611909198,0.009039844619959683,0.00954214815370511,0.006583704948536065,0.005775725484604312,0.026305958718420598,0.006203424739007497,0.004652692208284561,0.014539149996816395,0.014367551362588823
2023-08-08,-0.0004702881177856672,-0.002963668329041694,-0.001539703562541514,-0.0008433888352646021,-0.001866183647711359,-0.003391373105570694,-0.003127054308972146,-0.0038347164757076345,-0.0023552548748432623,-0.0026633394893311895,0.01453441254084658,0.010608414187673948,0.019732330332764003,0.01353927939079211,0.011989973210116977,-0.004410186281394089,-0.004220690450324091
2023-08-09,-0.0019722463911961735,0.002249331013032088,-0.007258234162795935,-0.000532644358122221,0.0003876223551923198,-0.001885374652470124,0.0022436048786103058,-0.007829599510865405,-0.00046229569042342133,-0.00017944829288475068,-0.002436713254187576,-0.003962968723247697,-0.0016017384661532969,-0.002431041215103599,-0.00178877685759259,-0.009480555795246474,-0.009234751313441605
2023-08-10,-0.0008371069219845785,-0.0015031497762885157,-0.0022099102100061065,-4.59373398354542e-05,0.0006577711733701268,0.0010105465767160124,-0.001732585801784558,-0.0007501902645031478,0.0008169530696326441,0.0010485811395389462,-0.010166175909217305,-0.0017591310643182566,-0.01950803359935346,-0.008430756211917672,-0.006065190690876762,-0.0008101926041726663,-0.0009965554186848096
2023-08-11,0.0010559489054877164,0.005986949566052056,0.0024539461001681926,0.0028062540810425973,0.00377677057037555,0.0017668655801793818,0.006118745818002447,0.002552076873596469,0.0032267401173233846,0.0035495326316523274,-0.00254671303229758,-0.001406112687239252,-0.004847907307694327,-0.002448693518701796,-0.0029472712421101986,0.0011341829672851266,0.0010420315023932842
2023-08-12,,,,,,,,,,,0.00010190111917514648,0.001215622476560152,-0.0035046713112074357,0.00045769262449091774,0.001277641836273817,,
2023-08-13,,,,,,,,,,,-0.006197628497143711,-0.004585233062230205,-0.004963846068590461,-0.006000000320180157,-0.0058275158854426785,,
2023-08-14,0.0015802657905637442,-0.00035442414755205867,0.012253582111883064,0.0004287310291489539,0.0002357089221850795,0.0014966100940485023,-0.00040012873040574915,0.01273286929407348,0.0003669883947832179,0.00011792777820183293,0.001944835452440038,0.0035204079533750457,0.00830747324486655,0.0022856973589756692,0.002951863640087257,0.014736005350474146,0.014653622547744188
2023-08-15,-0.015531967440824504,-0.006266045704319738,-0.008228022363627203,-0.012816945543202986,-0.011017906023257076,-0.013096050541263757,-0.006065787313988883,-0.006537155087947517,-0.0117101295094789,-0.010918728925375234,-0.028140340067988365,-0.013205902826807172,-0.024824319464912686,-0.025347856190731856,-0.02314722108738641,-0.005854255592291235,-0.006030791349140087
2023-08-16,-0.013079900370537429,-0.00313976505249829,-0.010092282510990785,-0.009409631785113393,-0.0063079845816776375,-0.008241152819028787,-0.002672366355247845,-0.005966875662392354,-0.006877373209714221,-0.005671312713877073,-0.038343802547016796,-0.023805997079143784,-0.06328028114856159,-0.035956365891810046,-0.033515234190096235,-0.006065489973933571,-0.006086027809161319
2023-08-17,-0.017546229673732358,-0.005784133579007687,-0.020950635397291844,-0.01093763765142038,-0.007603657020227985,-0.004686343809791277,-0.005425208500865126,-0.011232375626224634,-0.0045790825600178706,-0.005533184279424553,-0.08669427808551793,-0.05708161927469381,-0.12536998460965623,-0.07992989836044595,-0.06890581279632477,-0.011119491669193692,-0.010953117699836395
2023-08-18,0.0023248234226341193,0.0035615768743868957,0.004003445166224515,0.0018963916472865422,0.001554337370136628,0.0017492224539475505,0.0035171830326434584,0.003579796442897059,0.0016868903953714326,0.0016071415667563377,0.00570113781465127,-0.0073329632901980345,0.002169124836962366,0.0036936176856703458,0.004551547785005995,0.003424269445520728,0.0035092540480420598
2023-08-19,,,,,,,,,,,0.014237881776365504,0.009515422730253575,0.009385550458877075,0.013163812811021653,0.012198634305410207,,
2023-08-20,,,,,,,,,,,0.01662836844321553,0.015438960744919577,0.022636428363890758,0.016362413060159956,0.01592279425190393,,
2023-08-21,-0.0020173833045386757,-0.0032136291432106863,0.009297733202452942,-0.0023942174853087803,-0.0022483999968870793,-0.0006476406998453042,-0.00291971018043137,0.012612713601724697,-0.0016387768822847563,-0.0020407282311938717,-0.010399715718214419,-0.0077036120047775086,-0.011378636630640747,-0.009865965821979072,-0.009778553991708315,0.015366218610975644,0.015350523408955687
2023-08-22,-0.006287204764311435,-0.005785724126558058,-0.011292931280478728,-0.005354205805337636,-0.003908818154100964,-0.004996775127307371,-0.005918672066828422,-0.0116648054916205,-0.004773242516184523,-0.0038161365898584324,-0.014009685603370188,-0.0035355413958865767,-0.012600614443409194,-0.011911351577156046,-0.008476989144698525,-0.012156998416069736,-0.012311839078907538
2023-08-23,0.01066044120790572,0.010804408959768447,0.02251020569290703,0.008937534713753342,0.008533158559446807,0.007182512046445334,0.010469767217687439,0.021678085330437354,0.007211785120756809,0.007620586154851281,0.03153824737876455,0.024885733341882238,0.028901662759400752,0.03046742035459795,0.030356669392178886,0.02196673317719344,0.02194785877564582
2023-08-24,-0.012189576307120104,-0.0094978119193442,-0.012614229899111547,-0.011015162687889029,-0.010919588802087906,-0.012235983019700802,-0.009519275864938856,-0.01240639517047961,-0.011066449355617384,-0.010798257306684395,-0.012157476028172517,-0.011846754656030741,-0.008832762519963056,-0.01193249667345282,-0.011356743066155871,-0.011743545077928063,-0.011699270793003992
2023-08-25,0.0039436894141443,0.0028084727959168977,0.0011459937431852127,0.004283641178221611,0.004334908761200379,0.0048601902001878545,0.002744828883709488,0.00038015930454716367,0.00469164501423189,0.004709225216555382,-0.0012517724069457054,0.0012104779564892558,0.00121474265439409,-0.000790943065032048,-0.00021654983966330754,-0.000399355464826352,-0.0006807377777938287
2023-08-26,,,,,,,,,,,-0.005403088518150433,-0.0008961586478057392,-0.006402376130716458,-0.004302261107782526,-0.0025949124434232035,,
2023-08-27,,,,,,,,,,,0.008897209420568528,0.00405710494592019,0.01839945632229877,0.008139539101833841,0.007602806446045378,,
2023-08-28,0.006168449211012774,0.0025913932931363433,0.0058014713918673536,0.005674608934132811,0.005117988528924616,0.008234120625703572,0.002948994270901699,0.008160016706549969,0.006821362942950754,0.006072645353341017,-0.005979339914693697,-0.008230209797538494,-0.015982166522850068,-0.0065846712096216745,-0.007585837564503014,0.008061049208904448,0.008462701885770358
2023-08-29,0.018003183464310304,0.005850761462735851,0.020806604870321283,0.013884428823697021,0.010988048634310393,0.011958259719208716,0.005656050432889937,0.015522275745629106,0.010799427431250612,0.009924697372123217,0.05358799995483158,0.04348678036291694,0.09573392167955808,0.05085479255560699,0.04519691276827248,0.016568363343380247,0.016551187225521822
2023-08-30,-0.0019844834195806692,0.0012251487809115179,-0.0005168199395556221,-0.0004983845758110246,0.00043241434550135105,0.0016303783814023282,0.001772673593987822,0.0021896306528318542,0.0013812728871394578,0.0012406068620225688,-0.022500426850743792,-0.019962687194550223,-0.027668636673316753,-0.02196856219402689,-0.022372239877440483,0.002359031086990096,0.0026993143355090363
2023-08-31,-0.008033212263134347,-0.004576125259160508,-0.00479049253620647,-0.0064795490882096855,-0.005763915007803152,-0.0030476882857766573,-0.004939134045082178,-0.002306052334852748,-0.004115368985532516,-0.004481549012953735,-0.03712673964985978,-0.021603809144507782,-0.04011887771315936,-0.033061296590700395,-0.025152023286910595,-0.0022295054362315428,-0.0020003948844906686
2023-09-01,0.001219440181121436,0.0005073235980146123,-0.003334836724436515,0.0018259431627243197,0.0016490220918370148,0.004049068438607959,0.0007722909991838317,-0.0007197483304257681,0.0032574909646919973,0.0025356237208732898,-0.01292870110631118,-0.008131481673896922,-0.0242463718933221,-0.012088423073604589,-0.011161309916551523,-0.0007672536994607815,-0.0007497873732012267
2023-09-02,,,,,,,,,,,0.002215539918379872,0.005925836148606117,-0.005412276323248391,0.0030987308982152843,0.004926180475313728,,
2023-09-03,,,,,,,,,,,0.006080229501204411,0.0024850732667263476,0.00614791743025924,0.004966916680744704,0.002364765004342598,,
2023-09-04,,,,,,,,,,,0.003404718518299828,-0.000594206568474861,-0.0031807752339938246,0.0025547176416972294,0.0013808754252665708,,
2023-09-05,-0.007496349048565309,-0.009349766497965397,-0.010091678331185211,-0.008949545302472498,-0.009832700521393522,-0.00866072058290145,-0.009558292789079041,-0.010246508991735676,-0.009550358698805095,-0.01041784958631669,-0.0016892433662041796,-0.0006928747332865218,-0.004872902225410443,-0.0013127527864989783,-0.0007935608645015137,-0.010037367901489055,-0.010153930107055488
2023-09-06,-0.0032520573177904806,-0.002206537339840454,-0.005712834740097074,-0.0035101286681007713,-0.0031399208985055265,-0.004177960672444923,-0.0027376894434686565,-0.006289165526913093,-0.00410182704750545,-0.002862303333158963,0.0015129185588309067,0.007344586609105159,0.004869614069512563,0.002754183440631965,0.005420296795392218,-0.00792687489238435,-0.007314125650072504
2023-09-07,0.0010731399332673756,0.006672015971765163,0.0008133198803289116,0.002771344238498734,0.0034494242089042355,-0.0002231574162743188,0.006728548802632153,0.0003963175236703165,0.002143169958538344,0.00405939987564475,0.00763083749373233,0.009905272587930773,0.00416975437306278,0.007690241996558902,0.006398761888228348,-0.00026411181685939743,0.0001862916783567526
2023-09-08,0.0013473272911345303,0.0037536312724732175,0.0003992281347007145,0.003073739459232721,0.003387954792535174,0.0026374729269918284,0.0038853531052736433,0.0006223065023758124,0.003778798317627106,0.003485439153899955,-0.004939399874302218,-0.005624157520722778,-0.001736509873657043,-0.005021863564839335,-0.005133692518315641,0.0003073142859470355,0.0005196272685406428
2023-09-09,,,,,,,,,,,0.004025973577093725,0.0005221403461951687,-0.0005181278910247024,0.003217381270933869,0.001505419761384772,,
2023-09-10,,,,,,,,,,,-0.013112358576017448,-0.007181228862880697,-0.010933235783845753,-0.012649227610034505,-0.01318004449290492,,
2023-09-11,-0.00315758541558392,0.003144625200990528,0.001073243493457994,0.00014315315515634885,0.0028682726101946377,0.0028016683013838374,0.003392915022697167,0.0041267120154881536,0.0031792281984512217,0.0036748828345583556,-0.033153214879587924,-0.02210256923368361,-0.03175107537856264,-0.030797708232552193,-0.02676883697925226,0.0032286974442545407,0.003423685136379178
2023-09-12,0.005239686446758539,-0.00037814844272205945,0.005550096659770197,0.0038972989412391266,0.001984072835592747,0.0023925045473656105,-0.001319735491160503,0.0023083590433375105,0.002062899926121639,0.0009864576958617051,0.018716605983053657,0.03308025504618101,0.04733051002751174,0.02221943860667446,0.028356945587321287,0.002144613381300189,0.002180550508625909
2023-09-13,0.0009130435567677912,0.000376793548242705,-0.003694159767903859,0.0005531933891256341,0.0007377646998770718,-0.0010406922939882519,0.00026951626162982287,-0.004261326897400641,-0.00042137988065265864,9.664185623696416e-05,0.010669642218085657,0.0096525020008189,0.006637194540731887,0.01054599106801326,0.01022761269085298,-0.0037542922994270992,-0.0038463439651058376
2023-09-14,0.01282120276044659,0.009179852580571959,0.011634292756222273,0.012862779698599454,0.011785224429669061,0.012318705031342742,0.008408379831378173,0.010646783039639219,0.012361521284564025,0.010842802096982589,0.015003121265690651,0.020386883492417844,0.02727785662651536,0.016548730035019305,0.019105997736888137,0.010463838830564993,0.010433433463017632
2023-09-15,-0.0057493185476937825,-0.008392734611213206,-0.00829528797045146,-0.006910051899733177,-0.0071167236992334135,-0.010396618037459775,-0.008737144397671395,-0.012296780186918124,-0.009205226133475847,-0.008177199332578204,0.01732442502994289,0.005505406532751145,0.025074585978355202,0.015407599981579517,0.01404019175967804,-0.013771152363627838,-0.0132258815179433
2023-09-16,,,,,,,,,,,-0.004004845277374597,-0.004152139747993338,-0.005928654293706894,-0.004108267063647312,-0.0044292257039972045,,
2023-09-17,,,,,,,,,,,-0.01631172530825258,-0.003749286050674548,-0.014177722134789487,-0.014199215016735286,-0.011545538768549087,,
2023-09-18,0.0032098002317065017,0.0011348017674274293,0.004494998632780832,0.0017906290613674699,0.00044825517381868985,-0.0001755626192346401,0.0009717088283282642,0.0026459689968314874,9.550899672108629e-05,0.0001709573873771432,0.019554767235376663,0.009583941093377187,0.022652981970272847,0.0179423659360428,0.01643114558432353,0.0029886984975503184,0.002762551270482007
2023-09-19,-0.00153410907256986,0.0006132947207651651,-0.0029508490892252936,-0.0019566974028238787,-0.0019769999074817856,-0.004352956537590352,0.00046641905558503943,-0.004406568797578381,-0.0033572368626741825,-0.0026946511786222383,0.011905952687184258,0.010484322937218288,0.012102892792494485,0.011500112956021925,0.010708705897385453,-0.0048541098314334,-0.004662792815311616
2023-09-20,-0.006168549932764769,0.0016959716814065314,-0.007378907825710208,-0.003733588027076173,-0.0019877908707247724,-0.005174190529454844,0.001522998754641887,-0.007801754960853053,-0.0032139624845451773,-0.0020818952093659623,-0.01071041269869252,-0.00416060116347542,-0.003454727818280594,-0.00993098395634303,-0.008862269297618788,-0.008767082492460916,-0.00827340043303224
2023-09-21,-0.018634865428599948,-0.013849863938065088,-0.015845754259839105,-0.01701633653794626,-0.01564506707142563,-0.01840727123002388,-0.014023070800265349,-0.014768881777442391,-0.016897376886623627,-0.015734267845278052,-0.019840022444533936,-0.02000258442555655,-0.025967520528948452,-0.01955957329803695,-0.019415604428336543,-0.014971225125263318,-0.014784356025210207
2023-09-22,-0.002614743887827872,-0.0017508816748186785,-0.0008379541163133048,-0.0029075240795676475,-0.0032341007140631413,-0.0033939441023224464,-0.0018746706235919471,-0.0008274064731682936,-0.0033072481532048933,-0.003307944749179824,0.0012233993811192163,0.002253636374724145,0.0020705200464916393,0.0012814037965336832,0.0012211007645046893,-0.000240778203953843,-0.00037966011720414524
2023-09-23,,,,,,,,,,,0.0025585308492516376,0.0015047498101886042,-0.0009963787560870832,0.0026612728064273105,0.0029553568374605307,,
2023-09-24,,,,,,,,,,,-0.012934745282132513,-0.006967741985182967,-0.010802245500454105,-0.011720508248005298,-0.009716993833502273,,
2023-09-25,0.003252157224244968,-0.0005855344794138662,0.005712495138392866,0.0021158251793605503,0.0009212554570359548,0.0020707034061604613,-0.00101795872029059,0.004905733089197922,0.0014024867744458689,0.0004682443780069487,0.008746886477226807,0.007414035946858227,0.015125820244666499,0.00878731835588264,0.009859698441020423,0.005098941695551719,0.004971677384168532
2023-09-26,-0.010399747698289613,-0.0059128333789221395,-0.006560691326586017,-0.010269206772322606,-0.010081272178892223,-0.01200012916069913,-0.006189836184813037,-0.007580086145381117,-0.01113084944207324,-0.010499851269749762,-0.0030055184762032457,-0.0002232163051475828,0.0051525311384872634,-0.0023591921296971115,-0.0015023977120868382,-0.00735687406577859,-0.007304463057663057
2023-09-27,0.0006402958683797823,-0.0056704590152976495,0.004791937766177458,-0.001677024085651296,-0.00482117751394521,-0.0013670892214583277,-0.006008578659614063,0.0025787861474611032,-0.0028787228437644518,-0.005085305687527563,0.00964748610912114,0.008568424068794721,0.028843232109883116,0.00966015034777754,0.010120673742967256,0.0029011160082025767,0.0025917146015516637
2023-09-28,0.007786180332635636,0.0025729199264171864,0.009961654654384613,0.0046490227010760644,0.003563483927726034,0.003947234722531331,0.002436653704717916,0.007565760210809124,0.0026885904977621347,0.0021415053021448245,0.025222587421543458,0.02267113088362322,0.030000450355146722,0.02467049232122498,0.023506334502936023,0.0075118727821235146,0.007427782559623472
2023-09-29,-0.00031391070100898776,-0.004377074729058383,-0.011007730710267154,-0.002018444727353767,-0.002302807441689935,-0.0015647446333802786,-0.005201254507267601,-0.01208977171224151,-0.002832904916492113,-0.0034871724637960356,0.005356666205641762,0.010503425192961156,0.004797650436630116,0.006773814965896685,0.010062020368146846,-0.011378571514025493,-0.011648736637140479
2023-09-30,,,,,,,,,,,0.003808566065341808,-0.0010799024471799708,-0.005663753387246937,0.0030425552529482745,0.0029993122285092598,,
2023-10-01,,,,,,,,,,,0.029508245626091823,0.028529803192045428,0.027384011066451684,0.02939904873422069,0.028458138942907628,,
2023-10-02,-0.015670879792627778,-0.007323885219322561,0.000258064168560285,-0.015233093933359344,-0.012824175518679547,-0.014277794548844161,-0.006915301492913572,-0.00015282635972721357,-0.014395388936581967,-0.0123485943718008,-0.022623329658021968,-0.023970097796047196,-0.007092914658591892,-0.022959281015909862,-0.023619183805442808,0.00015425427052153973,0.00015602992238585977
2023-10-03,-0.007303737467810602,-0.006892841544148383,-0.015220267975440592,-0.007201439751689255,-0.007409592796660591,-0.008737447189766875,-0.008034916783252313,-0.012348357620670243,-0.008153570380728975,-0.0087700263056721,-0.00020639601042332298,0.01199825570563021,-0.013883946855551419,0.0013803979230509215,0.0033370700122498345,-0.012395450800368715,-0.012392615856476392
2023-10-04,0.0001697075817244961,0.005296880091670023,0.003978817733965573,0.0011820021174389276,0.002788979889676682,0.0014861904195193711,0.006125730812566409,0.003279846259782296,0.0019683625929826864,0.003965022445755563,-0.006364907181539388,-0.004191535053134769,-6.573087378473983e-06,-0.0063869608689235465,-0.00810669535499222,0.0024057427942606097,0.0024640695461757085
2023-10-05,-0.003339514990116087,-0.00897447275228674,0.0013224321553047635,-0.0032108251999011074,-0.002957721474198185,-0.0017993164430961676,-0.00860687208539219,0.0013636472215258575,-0.0023577653912100678,-0.002726986186314932,-0.01107473368496983,-0.012758643891661004,-0.009611260360630987,-0.011022212327100146,-0.009669977136759768,0.0005617142938649164,0.00031233184823788347
2023-10-06,0.01042545630167468,0.0033149232803522206,0.011894459118327224,0.009226670317404654,0.007656319834844076,0.010562235035083519,0.003879316519868903,0.01206414315395336,0.009435760462002514,0.007700819012804521,0.009782130535935483,0.006320458642434144,-0.0011281310665122203,0.008814129169442924,0.005943491724899463,0.013965981900736337,0.0139122674904538
2023-10-07,,,,,,,,,,,-0.004330954673990025,0.003212261182521066,0.002913776921334576,-0.003012966200893379,-0.0011452093448778796,,
2023-10-08,,,,,,,,,,,-0.004799654681893785,-0.0014803139486459895,-0.0045418808867629746,-0.004255536348757757,-0.0039035230452667377,,
2023-10-09,0.0021487898160614007,0.0042283867467684715,0.0012512158505003763,0.005443413915333987,0.0061922231624734975,0.008618105599254033,0.004976052970354228,0.003955528524498466,0.008730533168314838,0.006729039041522377,-0.030765302672163382,-0.020624915643616022,-0.02748018379894986,-0.029187274030979114,-0.027608551469947975,0.003157218583384107,0.0030207527464218946
2023-10-10,0.005695234832265445,0.008646699796320344,0.003059897505321025,0.0066586805060798535,0.007689989869620685,0.008175075293704533,0.0087073500275192,0.005092566463314835,0.007955423585915632,0.008802134668683676,-0.007397170486480278,-0.004074315455909305,-0.01161727409219411,-0.006634058050892414,-0.0048895220178207174,0.006557651406082838,0.00674631537226992
2023-10-11,0.0014398492689030886,0.0025354888901426113,0.012448693034713415,0.0026407131941133407,0.0029444473570739305,0.003405430597009822,0.002894406803537153,0.012235199294846405,0.0035700389608765955,0.0030836049668748187,-0.009161726099787772,-0.00945772282002389,-0.0024650759387441204,-0.00883136897504741,-0.007620848299194438,0.012177374639770689,0.012019526726679637
2023-10-12,-0.008207640861943994,-0.003954127179984434,-0.0034746096335490353,-0.007935290479016942,-0.006730049651848536,-0.008177812077289359,-0.0036498001717872068,-0.003305071517827317,-0.007857188574813795,-0.007330985053137524,-0.008356920704146422,-0.009398710368464097,-0.006473968477705614,-0.008609193866959425,-0.009024225973168246,-0.004559199597747706,-0.004657768354618029
2023-10-13,0.001800937738675463,0.0029080703251270624,-0.007465422442407185,0.002631689242827482,0.0021175526235020095,0.0008539952818469674,0.0029002585212999604,-0.008455962156705885,0.002175220847504073,0.001988068726156404,0.0069754717953033766,0.006285881917403896,0.009651371398890513,0.006954923608285271,0.007083486014787732,-0.010269461482332137,-0.010298211067658703
2023-10-14,,,,,,,,,,,0.0014881374631526003,-0.0017152588253449503,-0.006675503447038186,0.0007377312844263871,-0.000511882494370724,,
2023-10-15,,,,,,,,,,,0.0061497430311389,0.013082599597170685,0.010985727942501853,0.007294796802275623,0.008575077876312247,,
2023-10-16,0.013137942420117434,0.0061741068687668895,0.009686347331870347,0.011019827660920673,0.009237570661647827,0.010054401801848065,0.0057591547965022746,0.006287812885505588,0.009303596462792517,0.00892210507161165,0.029813099943589414,0.03619716512809451,0.049929811114680686,0.030777736888911195,0.030676152581484758,0.006341496583535109,0.006361418708561106
2023-10-17,-0.0006917087826885204,0.004254910757704702,-0.0071197878560789,0.001112702300689597,0.0027972215469314974,0.002685309412875975,0.004394131128872552,-0.00578453871493279,0.002793088625175788,0.003351166139322937,-0.01863611424832179,-0.007832408864334858,-0.010177250604606182,-0.016752649725588323,-0.014277879476712399,-0.006000136507794031,-0.005878283272774296
2023-10-18,-0.013077910958333716,-0.007239785380145639,-0.019237712499965164,-0.012108639191264585,-0.010687142906260208,-0.014230273413928558,-0.007692103420818065,-0.02005998358326497,-0.012793500519619852,-0.011930568552791551,-0.00680370402587115,0.0009403729890122925,0.0028910532426759637,-0.005490645587169099,-0.004295217972246042,-0.021656809838208196,-0.021612612522556977
2023-10-19,-0.005176034348267214,-0.0056718756301328815,-0.00923085571971039,-0.0071366954714251925,-0.007150663351692405,-0.009305594370400684,-0.006238231901926734,-0.010195457242167616,-0.009173286403134195,-0.008962346521518737,0.017017503738544486,0.010213598209649344,0.0068571101630662285,0.01497707778850894,0.011121494094889274,-0.00976077323286747,-0.009753200869633313
2023-10-20,-0.004201803240117234,-1.96596503218658e-05,-0.001569766969017854,-0.004683450182383629,-0.0038382238339719136,-0.009081863328990969,-0.0002971554462924803,-0.0056559446312731115,-0.007187238321663635,-0.005326506422303109,0.02138823248561281,0.02190098659457616,0.03290300544100031,0.021686719318147987,0.021723031543857893,-0.008010777214408512,-0.008207501733321554
2023-10-21,,,,,,,,,,,0.01840078196680588,0.010363796641226795,0.010235929605794074,0.017139777665844177,0.016311685927294078,,
2023-10-22,,,,,,,,,,,0.004571418619308195,-0.0017615568220742182,-0.004879957708630234,0.00342395167974312,0.0011457524820144135,,
2023-10-23,0.003924553753978005,-0.0034396381904902044,0.01170282899341644,-0.0011296063660871244,-0.004033380245231328,-0.006638668904780638,-0.004065194536494971,0.00830336065924366,-0.006605456748907677,-0.005770547135163999,0.057796200496971914,0.06277365933808915,0.05788636627966098,0.057564375980603634,0.052641091516429823,0.009637982070294591,0.009712031122178128
2023-10-24,0.008855076247597855,0.01386523686433962,0.014100600390822901,0.009971407910693498,0.011556810890338871,0.01067225634497537,0.013990315867261417,0.016454070815276278,0.010816515128552986,0.012102084784804405,0.00021353693728263547,0.011753235575021883,-0.007882752382712285,0.0014648481823953678,0.0005676924727685631,0.019444068024545857,0.019809097078945525
2023-10-25,-0.009434401062925514,-0.0018913286129825465,-0.014255623247632606,-0.008130058100621748,-0.007819205142035837,-0.012202086934438765,-0.002368868142695945,-0.01576992266364438,-0.009742120983517424,-0.00887372517479907,0.003941608690810101,0.012933632424803016,0.01251930965795716,0.005481068408634177,0.0068948822545033366,-0.01810934421891453,-0.01819954501461788
2023-10-26,-0.0019911215770202022,-0.002192952202448497,-0.014395024960654553,-0.0014470511658141339,-0.0028268121255275837,-0.0022385106114812744,-0.0021959839184765876,-0.014020302159088466,-0.0015332248265293184,-0.002876732528659617,-0.0006868243280830533,-0.006423006511817025,-0.015120296738439197,-0.0014091843527518,-0.0013687013620678722,-0.016720819779797808,-0.01723383958248132
2023-10-27,-0.010344366523265706,-0.016782273833962198,-0.015807199326779618,-0.012597543653310131,-0.013233818552480322,-0.010265573942721826,-0.017078982233178705,-0.013939972168374122,-0.012637356694391318,-0.012923545207195483,-0.010626673154282847,-0.001972283297737891,-0.010946602496652887,-0.008904649969904622,-0.006175150330376079,-0.012720516844683862,-0.012463928255500769
2023-10-28,,,,,,,,,,,0.011764547802879308,0.007397101943142529,0.012857783097034114,0.011201286591350168,0.011459688909603437,,
2023-10-29,,,,,,,,,,,0.01237611934338352,0.00946424558218063,0.007433338052416064,0.0116222886518626,0.010409445524823261,,
2023-10-30,0.01025101970249221,0.004578767996089431,0.013197077765962621,0.009207593162394227,0.009604298670602817,0.009873107151553416,0.003993720661320704,0.014184987434877476,0.009053401070666474,0.009481003309031882,0.01198657239491133,0.003736863499673143,0.0023830422817909453,0.01031049621471096,0.008318045434610882,0.01636317314772287,0.016586667574659333
2023-10-31,0.006520622652073762,0.005888292658679116,-0.011734592603524541,0.005503010240996085,0.0049323238034034555,0.005956443679252162,0.005667314763751751,-0.011943379980480378,0.00525603220620899,0.005805488623332658,0.009092523575478767,0.009532052418344194,0.005577489321344898,0.008603931163304164,0.007906653425266582,-0.013334165349343763,-0.01320587487881242
2023-11-01,0.0074731466890766395,0.004500302010493033,0.00760360725775514,0.006128631154534691,0.005776362840694401,0.004883111660390649,0.0042748053658676795,0.007761312063130521,0.004856015950891229,0.0043704056676375546,0.020423321832506593,0.02494676596442988,0.020072387580820087,0.021548112784525432,0.024191989761925083,0.01033026116267479,0.009485398050668021
2023-11-02,0.01961090539855488,0.0145308044690939,0.007128430094604222,0.020229093414329734,0.01864682500463309,0.02571160574756406,0.014730782329009243,0.011365276086850014,0.022990940094886954,0.020781271026731954,-0.010428053035924324,-0.01408531090759026,-0.01879577242429238,-0.010556386889521123,-0.009044329107479043,0.012479227475521083,0.012111667951205713
2023-11-03,0.011714272862667262,0.0018116213825082486,0.012408493355166705,0.01003483042833819,0.00771656347300264,0.012890217249610085,0.0019799785876221925,0.01248565806808975,0.010693270276754678,0.00850393117437502,0.005712634073299406,-0.007354031088361195,-0.007264009904037617,0.003340742944935122,-0.0010025222157141332,0.013518829609662743,0.01291612447513596
2023-11-04,,,,,,,,,,,0.009130722749863669,0.008534467819449061,0.008386440829740426,0.00895661575482154,0.008368512418179834,,
2023-11-05,,,,,,,,,,,0.022574800945481394,0.0052486050786375105,-0.0009469705527173347,0.01950492729454298,0.016060195930659375,,
2023-11-06,0.0012484544929962846,0.0006655861678930253,0.011111609943523565,-0.001257106844660418,-0.0023158724048261384,-0.004416477626457302,0.000652393241701266,0.008407772798805153,-0.0036180760496755276,-0.002858144637154369,0.030796565826995113,2.546144808555944e-05,0.002947848276370268,0.02559243631240625,0.019772012690689372,0.008664727750951114,0.007307946487632153
2023-11-07,-0.00563943766291531,0.0012877322980542941,0.00047320328738933374,-0.0042706732446641145,-0.0027237777359988297,-0.003574772707582172,0.0013733521790481938,0.0010272109851543624,-0.003387824866604673,-0.0022690171141976183,-0.016149700396544394,-0.0013640911798368993,0.0017693627395763472,-0.013908354486721435,-0.012346452383437088,0.001896035520569149,0.0012560722407157963
2023-11-08,0.0006631869205043772,-0.0004948310567593126,0.005000491674316972,-0.0006479876062117111,-0.0022864781692028893,-0.0010367018021812308,-0.0005336485680938309,0.004409361816016528,-0.0014162487211783325,-0.002132975899520188,0.009197813222814058,0.010426487910401462,0.010480298054339067,0.00972952063591594,0.011639248142165444,0.004555888242482998,0.0034173176141457395
2023-11-09,-0.004291326168093749,-0.010026791753194444,-0.006677768508167762,-0.00812974811648079,-0.009366672891878411,-0.008860343964443552,-0.010089285331266719,-0.005566467529804586,-0.010141223818810524,-0.010078146140079139,0.018483954202138726,0.029920877795992656,0.006773618558049146,0.020628056367145077,0.021790832074493456,-0.004825927795208117,-0.005564665558862127
2023-11-10,0.011748119038008459,0.005527076086007842,0.015245187481894072,0.009967272252582883,0.008461008744669679,0.010826555111601258,0.00510492477883411,0.016398257737875295,0.009164117327065712,0.00886215909715405,0.01605629046836945,0.03350507341272511,0.03339105683240281,0.02017819674098103,0.030470782733231283,0.01695123406123008,0.016465783334565255
2023-11-11,,,,,,,,,,,-2.86274729134812e-06,0.003452941895322993,0.0008617852728851261,0.0007866757043638842,0.002714846996331109,,
2023-11-12,,,,,,,,,,,-0.0006789980592911663,0.000392884890023211,0.0006314375736439837,-0.0003528511447282762,0.0006165613098947037,,
2023-11-13,-0.003742927150921185,0.0030089033286772393,0.0044403426698968775,-0.002162951783057923,-0.0005933312266225535,-0.0012120591519519694,0.0031402634808857664,0.005224893710568534,-0.0008444235368685461,-4.120926649821407e-05,-0.015971552935516324,-0.01043440747412322,-0.011917816894832888,-0.015877856797675772,-0.01781412278618537,0.005219362729439349,0.0048019084922842365
2023-11-14,0.015042690533108178,0.007285911041573872,0.007734013394477378,0.016814836564872395,0.015231962479485366,0.024687450084704514,0.0077170098429378735,0.010417968380076647,0.021197055286929504,0.01825325347057851,-0.03227941120393558,-0.03616076923769898,-0.030477453652309208,-0.03247649007118543,-0.03255176284152442,0.01087959885277754,0.010246102374274585
2023-11-15,0.011370312341051448,0.003453051222220396,-0.00010133541594451855,0.007391663101223942,0.006007654315133405,0.0053937813541817,0.0033692850765698456,-0.0027035381329549176,0.0045335462028009196,0.005459533326449851,0.042322487274733214,0.04158527179209069,0.03869242402219802,0.04179136743086077,0.039350456605677014,-0.0037175957929031804,-0.002522228783080516
2023-11-16,-0.004645276579931256,-0.013483604982164924,-0.00997084879968219,-0.002879127413133723,-0.00479602694858825,0.0010921748663441325,-0.013439046694795544,-0.007688143636354384,-0.00023542456819092912,-0.00422139737684642,-0.03344338071863871,-0.03365129030583965,-0.02791134523794119,-0.03263152610296151,-0.028936428596469162,-0.00783586344667431,-0.009519517998784291
2023-11-17,0.0022783545081475893,0.00012757236046985113,-0.0013176115192358047,0.002147710800979039,0.0015685362829618806,0.002986404718840333,3.789057999292815e-05,0.00024480917093306904,0.002365592931589713,0.001785238444012758,-0.0013422077433372483,0.00983788204488143,0.0042917215530554765,0.00017876521417640426,0.0015620039632456594,-0.0004168871241132729,-0.0005168223834534582
2023-11-18,,,,,,,,,,,0.0015739549411869494,-0.002527369481403143,-0.004361126375688312,0.0010251924348563036,0.0003153597902457745,,
2023-11-19,,,,,,,,,,,0.017621457509202985,0.015281035946940583,0.0134530357905287,0.016864916963187437,0.014621566936109073,,
2023-11-20,0.0018547464294218286,0.0038803332384865523,0.007840320185680366,0.002811997818355493,0.0037711513430363254,0.004563278235892127,0.004071528181894676,0.010825195800484135,0.004143501059781049,0.00399414952542023,-0.012315163102475357,-0.008478421042383763,-0.01161779631709944,-0.012061831550190808,-0.01369051937654824,0.011645742683498645,0.011224317733449956
2023-11-21,-0.010679648038462577,0.0027449866718533174,-0.006827527024372843,-0.005410529392008589,-0.0019421820385080385,-0.0026567024424664996,0.003069920360347613,-0.0036031925787460986,-0.0015836805105648426,-0.00016884674668038945,-0.053229418839690235,-0.04667596710250926,-0.04509704140415807,-0.052408817265191136,-0.05271069950969587,-0.0039778727289517925,-0.003980484227012328
2023-11-22,0.008774662838357653,-0.0001265483572610263,-0.005125967007499533,0.00491144004333062,0.003248484472081929,0.0017565054393906226,-0.0004344318462816,-0.007555032092877112,0.0015339593846396176,0.0016154477192171454,0.04794012593266045,0.050657287117524194,0.044543538428334736,0.0484702585379486,0.04892555349807165,-0.008749500903269496,-0.008323779263697092
2023-11-23,,,,,,,,,,,0.0033705234848844514,0.0013552056661457173,0.0027913051382589477,0.0033141826119880654,0.004276869992278425,,
2023-11-24,0.0037157355269466317,0.004473680531262167,-0.001179499274738305,0.003274134449736549,0.0031334495275976535,0.0024257399861027113,0.004339422326717448,-0.0014577103546517271,0.0025723339044629824,0.0029109512100666517,0.010471788691152329,0.016744013462473933,0.015391725403554494,0.011708228900234876,0.014114952958395738,-0.002718876094873147,-0.002071935851219947
2023-11-25,,,,,,,,,,,0.015096392819622254,0.01757787562873404,0.01638317431182369,0.016220048612255525,0.020308136468037565,,
2023-11-26,,,,,,,,,,,-0.0110091940309481,-0.008553266420648874,-0.007240517666835674,-0.010688883540076695,-0.010722792822166073,,
2023-11-27,-0.0033956296229704494,-7.849895999292151e-05,-0.0001624689771815047,-0.00171604730769678,-0.0007612014952542764,0.0005686227715852705,0.0002715151283081813,0.0007596342674672383,0.0002597186719947955,-2.0187697191194657e-05,-0.024495901328258667,-0.028070741377226358,-0.026195414256369308,-0.02582987068970688,-0.030357769581908004,0.0015294133215990177,0.0009210034307798593
2023-11-28,0.0033733926529285222,-0.0004968845007030452,-0.0032035858805475248,0.0021262717272644118,0.0018640944643261931,0.0019367620270540813,-0.0005534771877818202,-0.0034693566791873004,0.0014085266532605342,0.0014891459951564571,0.011177493405200571,0.011808203905629217,0.009659323451512151,0.01112848912655383,0.010707597669316019,-0.003525106743512557,-0.003342890837422926
2023-11-29,0.003913315418092788,-0.0012751409055505973,-0.000591134928385556,0.0035209673840068444,0.002823592775530941,0.004991001233244942,-0.0013019459180068963,-0.0003065389352793035,0.003971539345008162,0.0025462916261598085,-0.0018654921961470472,0.0008489391793046227,0.0019165727642961594,-0.0014173608384035977,-0.000577480141044641,-4.771080394911373e-05,-0.0004351200743137663
2023-11-30,0.004693887794526763,0.009108943663243042,0.0008455052413283594,0.006731189380113379,0.00839177665803943,0.006265115907290458,0.009131900172723284,0.0022190036618106364,0.007440667750181153,0.007946979747839162,-0.003853845581370821,-0.00012447140217949036,-0.0034009588456061658,-0.0033336696974498193,-0.0033962862954564715,-0.0009690350445521342,-0.00048150439486951697
2023-12-01,0.010431243938583391,0.0038149942655537005,0.0046818598337753205,0.009324576665082233,0.008123708009215823,0.009225927380084264,0.003566307359143064,0.001309104557931398,0.008592516781219358,0.0073589605850439685,0.01645782673107902,0.012377719636823496,0.012074427409647343,0.01572970780035661,0.01378977146718886,0.0010487547407631206,0.0009232473485741523
2023-12-02,,,,,,,,,,,0.019703734519923216,0.015984539406879987,0.011465880394448675,0.0191482711738453,0.017595401223975824,,
2023-12-03,,,,,,,,,,,0.00448858112953874,0.007266733128235361,0.006256647364928121,0.004734737928251623,0.003855127608033186,,
2023-12-04,0.0026272127782617626,0.0020670217208951297,-0.0008011663295248801,0.001685288303181319,0.0011672974256316027,-0.0017582468630449508,0.0011658264819694986,-0.0120552506218626,-0.0008517051185727215,5.904771387248137e-05,0.024456828521678402,0.02766908902405521,0.03714265968215642,0.025177613754882047,0.02352822052043918,-0.013446997213924398,-0.013562076819762178
2023-12-05,-0.001189283086037646,0.0032396775405192117,0.005436647480628752,-0.0016723642466957992,-0.0015808923280400875,-0.005279051190612241,0.002630165277875825,-0.0003234003396953293,-0.0038339028809196924,-0.0028485962297548203,0.018703910550354273,0.024591272365381802,0.02023452440393445,0.019548488467693425,0.018269844762215867,0.000784824195158529,0.0008907523616442175
2023-12-06,-0.0003529058806410263,-0.002306832915238398,-0.006446331835409189,6.048842099988142e-05,0.0005594275899064658,-0.0006334092051961215,-0.0025824428367045007,-0.003765730387571908,8.088558775239059e-06,0.0005869181451735148,0.0008999192259118078,-0.004284429324367917,-0.0023432677916107327,-0.00047501606632472477,0.0005525997460348788,-0.004493029264499475,-0.00477458263297031
2023-12-07,0.008169124287219009,0.00011347920293976481,0.0045517857081523415,0.004720390160387218,0.002047778264599076,0.004791250836244424,0.00041256141736860873,0.005116280738054752,0.003052257399099275,0.0014699938318512948,0.024354890200771633,0.004296432457058958,-0.00437989862660095,0.022235602955907437,0.020696074091469098,0.0073582196194478325,0.007470087150291018
2023-12-08,0.011199976001627462,-0.0011533312273235624,0.011186505208444055,0.00634483584013098,0.00258723146405836,0.003223287681120715,-0.0018622707995136314,0.008440010338658595,0.0023276906323448994,0.0017177818728022465,0.04801274746534503,0.017881504191561308,0.023595431255591517,0.043917643218883,0.045063268466439876,0.008380480655829112,0.008509303898116735
2023-12-09,,,,,,,,,,,0.008048153459247285,-0.005727858757431826,-0.005891175835682409,0.006876412154266877,0.007079176456097977,,
2023-12-10,,,,,,,,,,,0.0023975263679839186,0.005415101268152661,0.003663802884376263,0.0029017587348632093,0.004836348478524678,,
2023-12-11,-0.0066552692707541414,0.005231417892483653,-0.011118236353156879,-0.0003857626900834474,0.004288380355981453,0.006827058068376081,0.006698124965402657,0.000766894525458783,0.006724779186664866,0.0072581930425676,-0.06653605044439631,-0.04970327358900897,-0.05396850696771503,-0.06413643342531969,-0.06139026531702073,0.0018414933281603926,0.001794399450679979
2023-12-12,0.0020715127998191417,0.003915101952988678,0.009607958174036688,0.001713740156202766,0.0022824973640347317,0.0009476746672545511,0.0038732313592455413,0.010548647184804924,0.0012643475025265298,0.002259426900910304,0.00793807259612938,-0.0004996568281664996,0.0023788053922940413,0.006999546319266017,0.0074385232505059734,0.008967814190011494,0.00932192315878827
2023-12-13,0.0231688171403776,0.01487257370026394,0.012281789321047298,0.02132026202088943,0.018916518030610705,0.02087639168672023,0.014813953838815133,0.010564187157504418,0.020073716070387923,0.017814095294616326,0.035483234850266734,0.0222452511916735,0.020045634864390698,0.033903955693832574,0.03530211232872494,0.010653877610075456,0.010566737568032149
2023-12-14,0.012722580266266829,-0.002738500037559576,-0.0076408038918582,0.009905607132805166,0.006689870254599905,0.014595779068877952,-0.003027376033053213,-0.00992540715223586,0.010497260524852293,0.005906880486812007,0.0035261726155272153,0.01233079346193589,0.009008703050776999,0.004603726789779706,0.00421663545406873,-0.012087121962961352,-0.011955454416951207
2023-12-15,-0.009637332445956923,-0.005290600190517318,-0.0012734609276409579,-0.007562035371985158,-0.005416133333404198,-0.0029875010146680893,-0.00448233581366362,0.003628429892616156,-0.003954142982620647,-0.003920245242327478,-0.041523172750636744,-0.03491313583956092,-0.034472560043649694,-0.041110846583726574,-0.04243131114085979,0.0040518893003754376,0.003999370936714753
2023-12-16,,,,,,,,,,,0.018773588087143078,0.008314609911940305,0.009630784186462203,0.017723151901807357,0.01703090408380833,,
2023-12-17,,,,,,,,,,,-0.020400302727504885,-0.013939623745533883,-0.014290243024196052,-0.019410104244804386,-0.019312949304583365,,
2023-12-18,-0.0006932231056585058,0.0038694101971868417,0.011699762978259295,-0.00023177501872279402,0.0003039112614055422,-0.0016647325267448259,0.0037802881770660785,0.007995202671961904,-0.000716350428207475,0.00020351773297556187,0.003983609501427284,0.010104215744820302,0.009906396862871114,0.00444436563075538,0.0039060482554482594,0.009972332223707882,0.009959637768970877
2023-12-19,0.004221252456811316,0.0035679865409702677,0.0029777458016903976,0.00518010052509396,0.005455558548909742,0.008157793757598827,0.003880110671951071,0.0054786566138023286,0.007200072479510189,0.006126515527426069,-0.015326039948230478,-0.008346709266486944,-0.007192955348777379,-0.014445528017957157,-0.013960130076852569,0.0043124615416050135,0.004316499184319811
2023-12-20,-0.009156585546862462,-0.011966906194846343,-0.012827828618851945,-0.01106876576082419,-0.012419177366381692,-0.014850677593572906,-0.01300448412327913,-0.019697767514899517,-0.014171983003581084,-0.01410500686764899,0.019577503648628175,0.024106578480153754,0.025722625779451346,0.020046699404402395,0.019981509418953276,-0.02062723418700981,-0.02057406921194588
2023-12-21,0.011941213180798188,0.007822947206646492,0.014166701495201408,0.00947655291239406,0.008073526602375213,0.008232135847797428,0.00778919934509276,0.014462690359472122,0.007681119446786709,0.007686589872193723,0.03080574528340675,0.012680277923129072,0.012150216144755142,0.029024788713387234,0.029513219472395172,0.01342093368358166,0.013593145642952468
2023-12-22,0.004243675462445157,0.0064170937022237605,0.00247330535785491,0.004274931678280276,0.004060646044767467,0.0017961345326030756,0.006510871624050077,0.0011713914766256794,0.0030414700990175005,0.003860735052710576,0.015529163135972992,0.010462262546539229,0.00668882855432023,0.015033084776484847,0.014104515225500875,0.0011292643098653784,0.0012189899751409976
2023-12-23,,,,,,,,,,,-0.0095639986441738,0.001785969762117702,-0.0004549733179735468,-0.008013418288778452,-0.005905683977614757,,
2023-12-24,,,,,,,,,,,-0.018762091554654765,-0.012028635226803717,-0.011506122132990501,-0.01803907947100431,-0.01734112700945087,,
2023-12-25,,,,,,,,,,,0.0319526665896168,0.005158618971663692,0.010173377832161178,0.02786811411125761,0.023330085066732415,,
2023-12-26,0.0015313233332592989,0.0024019593020736755,0.0024851566616277965,0.0027899357738833393,0.003193078301685656,0.006694788903153798,0.0031966057598417316,0.007518841290003566,0.005495170407703462,0.004325916190122554,-0.022628999930097884,-0.02457560314121701,-0.026244159394201633,-0.02240050593269394,-0.02249539271075087,0.008312533028418487,0.00837849457412693
2023-12-27,0.010330503028107781,0.004019611715156083,0.012145848963300808,0.006511130289607003,0.0043656637500913125,0.001613632617548883,0.003599867623309102,0.0012047373102079414,0.0019349468892465194,0.0022571620067208436,0.05173267889784122,0.031033578996229272,0.04123698018553043,0.04971745658989853,0.048139064979320974,0.001148514624083767,0.0011249455381885888
2023-12-28,-0.0006514886312369279,0.0017305116851732902,-0.0007925662471173717,0.0005635263536893096,0.0015917182550808013,0.0012615334683205742,0.001993924986464856,0.002160059950408355,0.001648775936571353,0.0021351098290902197,-0.009959621066870886,-0.009720155202227989,-0.008232908623301786,-0.010202039735238694,-0.009302078735718543,0.0022455305293010326,0.002151529807214096
2023-12-29,-0.005893460689153147,-0.000325648035200189,-0.004638168189150247,-0.0038420113718651764,-0.002133819375867075,-0.0031501740577642113,-0.0001996643248575082,-0.001463436415998057,-0.0023482122828704247,-0.0013931277876171454,-0.018553998474023618,-0.009055344876802675,-0.010648825299299253,-0.017279838397648527,-0.014867267269526602,-0.001130901264789613,-0.001129416108634189
2023-12-30,,,,,,,,,,,0.006707291273368926,0.001235737616089418,0.011771863120486713,0.00599668980665727,0.0048352711971631915,,
2023-12-31,,,,,,,,,,,-0.012380289704493638,0.005847053822406566,-0.000729519625598382,-0.009756311018765548,-0.006760649912850023,,
