fund_id,date,asset,weight
combined_equal_weight,2021-01-04,ABBV,0.016666666666666666
combined_equal_weight,2021-02-01,ABBV,0.016666666666666666
combined_equal_weight,2021-03-01,ABBV,0.016666666666666666
combined_equal_weight,2021-04-01,ABBV,0.016666666666666666
combined_equal_weight,2021-05-03,ABBV,0.016666666666666666
combined_equal_weight,2021-06-01,ABBV,0.016666666666666666
combined_equal_weight,2021-07-01,ABBV,0.016666666666666666
combined_equal_weight,2021-08-02,ABBV,0.016666666666666666
combined_equal_weight,2021-09-01,ABBV,0.016666666666666666
combined_equal_weight,2021-10-01,ABBV,0.016666666666666666
combined_equal_weight,2021-11-01,ABBV,0.016666666666666666
combined_equal_weight,2021-12-01,ABBV,0.016666666666666666
combined_equal_weight,2022-01-03,ABBV,0.016666666666666666
combined_equal_weight,2022-02-01,ABBV,0.016666666666666666
combined_equal_weight,2022-03-01,ABBV,0.016666666666666666
combined_equal_weight,2022-04-01,ABBV,0.016666666666666666
combined_equal_weight,2022-05-02,ABBV,0.016666666666666666
combined_equal_weight,2022-06-01,ABBV,0.016666666666666666
combined_equal_weight,2022-07-01,ABBV,0.016666666666666666
combined_equal_weight,2022-08-01,ABBV,0.016666666666666666
combined_equal_weight,2022-09-01,ABBV,0.016666666666666666
combined_equal_weight,2022-10-03,ABBV,0.016666666666666666
combined_equal_weight,2022-11-01,ABBV,0.016666666666666666
combined_equal_weight,2022-12-01,ABBV,0.016666666666666666
combined_equal_weight,2023-01-03,ABBV,0.016666666666666666
combined_equal_weight,2023-02-01,ABBV,0.016666666666666666
combined_equal_weight,2023-03-01,ABBV,0.016666666666666666
combined_equal_weight,2023-04-03,ABBV,0.016666666666666666
combined_equal_weight,2023-05-01,ABBV,0.016666666666666666
combined_equal_weight,2023-06-01,ABBV,0.016666666666666666
combined_equal_weight,2023-07-03,ABBV,0.016666666666666666
combined_equal_weight,2023-08-01,ABBV,0.016666666666666666
combined_equal_weight,2023-09-01,ABBV,0.016666666666666666
combined_equal_weight,2023-10-02,ABBV,0.016666666666666666
combined_equal_weight,2023-11-01,ABBV,0.016666666666666666
combined_equal_weight,2023-12-01,ABBV,0.016666666666666666
combined_equal_weight,2021-01-04,ABT,0.016666666666666666
combined_equal_weight,2021-02-01,ABT,0.016666666666666666
combined_equal_weight,2021-03-01,ABT,0.016666666666666666
combined_equal_weight,2021-04-01,ABT,0.016666666666666666
combined_equal_weight,2021-05-03,ABT,0.016666666666666666
combined_equal_weight,2021-06-01,ABT,0.016666666666666666
combined_equal_weight,2021-07-01,ABT,0.016666666666666666
combined_equal_weight,2021-08-02,ABT,0.016666666666666666
combined_equal_weight,2021-09-01,ABT,0.016666666666666666
combined_equal_weight,2021-10-01,ABT,0.016666666666666666
combined_equal_weight,2021-11-01,ABT,0.016666666666666666
combined_equal_weight,2021-12-01,ABT,0.016666666666666666
combined_equal_weight,2022-01-03,ABT,0.016666666666666666
combined_equal_weight,2022-02-01,ABT,0.016666666666666666
combined_equal_weight,2022-03-01,ABT,0.016666666666666666
combined_equal_weight,2022-04-01,ABT,0.016666666666666666
combined_equal_weight,2022-05-02,ABT,0.016666666666666666
combined_equal_weight,2022-06-01,ABT,0.016666666666666666
combined_equal_weight,2022-07-01,ABT,0.016666666666666666
combined_equal_weight,2022-08-01,ABT,0.016666666666666666
combined_equal_weight,2022-09-01,ABT,0.016666666666666666
combined_equal_weight,2022-10-03,ABT,0.016666666666666666
combined_equal_weight,2022-11-01,ABT,0.016666666666666666
combined_equal_weight,2022-12-01,ABT,0.016666666666666666
combined_equal_weight,2023-01-03,ABT,0.016666666666666666
combined_equal_weight,2023-02-01,ABT,0.016666666666666666
combined_equal_weight,2023-03-01,ABT,0.016666666666666666
combined_equal_weight,2023-04-03,ABT,0.016666666666666666
combined_equal_weight,2023-05-01,ABT,0.016666666666666666
combined_equal_weight,2023-06-01,ABT,0.016666666666666666
combined_equal_weight,2023-07-03,ABT,0.016666666666666666
combined_equal_weight,2023-08-01,ABT,0.016666666666666666
combined_equal_weight,2023-09-01,ABT,0.016666666666666666
combined_equal_weight,2023-10-02,ABT,0.016666666666666666
combined_equal_weight,2023-11-01,ABT,0.016666666666666666
combined_equal_weight,2023-12-01,ABT,0.016666666666666666
combined_equal_weight,2021-01-04,ADBE,0.016666666666666666
combined_equal_weight,2021-02-01,ADBE,0.016666666666666666
combined_equal_weight,2021-03-01,ADBE,0.016666666666666666
combined_equal_weight,2021-04-01,ADBE,0.016666666666666666
combined_equal_weight,2021-05-03,ADBE,0.016666666666666666
combined_equal_weight,2021-06-01,ADBE,0.016666666666666666
combined_equal_weight,2021-07-01,ADBE,0.016666666666666666
combined_equal_weight,2021-08-02,ADBE,0.016666666666666666
combined_equal_weight,2021-09-01,ADBE,0.016666666666666666
combined_equal_weight,2021-10-01,ADBE,0.016666666666666666
combined_equal_weight,2021-11-01,ADBE,0.016666666666666666
combined_equal_weight,2021-12-01,ADBE,0.016666666666666666
combined_equal_weight,2022-01-03,ADBE,0.016666666666666666
combined_equal_weight,2022-02-01,ADBE,0.016666666666666666
combined_equal_weight,2022-03-01,ADBE,0.016666666666666666
combined_equal_weight,2022-04-01,ADBE,0.016666666666666666
combined_equal_weight,2022-05-02,ADBE,0.016666666666666666
combined_equal_weight,2022-06-01,ADBE,0.016666666666666666
combined_equal_weight,2022-07-01,ADBE,0.016666666666666666
combined_equal_weight,2022-08-01,ADBE,0.016666666666666666
combined_equal_weight,2022-09-01,ADBE,0.016666666666666666
combined_equal_weight,2022-10-03,ADBE,0.016666666666666666
combined_equal_weight,2022-11-01,ADBE,0.016666666666666666
combined_equal_weight,2022-12-01,ADBE,0.016666666666666666
combined_equal_weight,2023-01-03,ADBE,0.016666666666666666
combined_equal_weight,2023-02-01,ADBE,0.016666666666666666
combined_equal_weight,2023-03-01,ADBE,0.016666666666666666
combined_equal_weight,2023-04-03,ADBE,0.016666666666666666
combined_equal_weight,2023-05-01,ADBE,0.016666666666666666
combined_equal_weight,2023-06-01,ADBE,0.016666666666666666
combined_equal_weight,2023-07-03,ADBE,0.016666666666666666
combined_equal_weight,2023-08-01,ADBE,0.016666666666666666
combined_equal_weight,2023-09-01,ADBE,0.016666666666666666
combined_equal_weight,2023-10-02,ADBE,0.016666666666666666
combined_equal_weight,2023-11-01,ADBE,0.016666666666666666
combined_equal_weight,2023-12-01,ADBE,0.016666666666666666
combined_equal_weight,2021-01-04,AEP,0.016666666666666666
combined_equal_weight,2021-02-01,AEP,0.016666666666666666
combined_equal_weight,2021-03-01,AEP,0.016666666666666666
combined_equal_weight,2021-04-01,AEP,0.016666666666666666
combined_equal_weight,2021-05-03,AEP,0.016666666666666666
combined_equal_weight,2021-06-01,AEP,0.016666666666666666
combined_equal_weight,2021-07-01,AEP,0.016666666666666666
combined_equal_weight,2021-08-02,AEP,0.016666666666666666
combined_equal_weight,2021-09-01,AEP,0.016666666666666666
combined_equal_weight,2021-10-01,AEP,0.016666666666666666
combined_equal_weight,2021-11-01,AEP,0.016666666666666666
combined_equal_weight,2021-12-01,AEP,0.016666666666666666
combined_equal_weight,2022-01-03,AEP,0.016666666666666666
combined_equal_weight,2022-02-01,AEP,0.016666666666666666
combined_equal_weight,2022-03-01,AEP,0.016666666666666666
combined_equal_weight,2022-04-01,AEP,0.016666666666666666
combined_equal_weight,2022-05-02,AEP,0.016666666666666666
combined_equal_weight,2022-06-01,AEP,0.016666666666666666
combined_equal_weight,2022-07-01,AEP,0.016666666666666666
combined_equal_weight,2022-08-01,AEP,0.016666666666666666
combined_equal_weight,2022-09-01,AEP,0.016666666666666666
combined_equal_weight,2022-10-03,AEP,0.016666666666666666
combined_equal_weight,2022-11-01,AEP,0.016666666666666666
combined_equal_weight,2022-12-01,AEP,0.016666666666666666
combined_equal_weight,2023-01-03,AEP,0.016666666666666666
combined_equal_weight,2023-02-01,AEP,0.016666666666666666
combined_equal_weight,2023-03-01,AEP,0.016666666666666666
combined_equal_weight,2023-04-03,AEP,0.016666666666666666
combined_equal_weight,2023-05-01,AEP,0.016666666666666666
combined_equal_weight,2023-06-01,AEP,0.016666666666666666
combined_equal_weight,2023-07-03,AEP,0.016666666666666666
combined_equal_weight,2023-08-01,AEP,0.016666666666666666
combined_equal_weight,2023-09-01,AEP,0.016666666666666666
combined_equal_weight,2023-10-02,AEP,0.016666666666666666
combined_equal_weight,2023-11-01,AEP,0.016666666666666666
combined_equal_weight,2023-12-01,AEP,0.016666666666666666
combined_equal_weight,2021-01-04,AMD,0.016666666666666666
combined_equal_weight,2021-02-01,AMD,0.016666666666666666
combined_equal_weight,2021-03-01,AMD,0.016666666666666666
combined_equal_weight,2021-04-01,AMD,0.016666666666666666
combined_equal_weight,2021-05-03,AMD,0.016666666666666666
combined_equal_weight,2021-06-01,AMD,0.016666666666666666
combined_equal_weight,2021-07-01,AMD,0.016666666666666666
combined_equal_weight,2021-08-02,AMD,0.016666666666666666
combined_equal_weight,2021-09-01,AMD,0.016666666666666666
combined_equal_weight,2021-10-01,AMD,0.016666666666666666
combined_equal_weight,2021-11-01,AMD,0.016666666666666666
combined_equal_weight,2021-12-01,AMD,0.016666666666666666
combined_equal_weight,2022-01-03,AMD,0.016666666666666666
combined_equal_weight,2022-02-01,AMD,0.016666666666666666
combined_equal_weight,2022-03-01,AMD,0.016666666666666666
combined_equal_weight,2022-04-01,AMD,0.016666666666666666
combined_equal_weight,2022-05-02,AMD,0.016666666666666666
combined_equal_weight,2022-06-01,AMD,0.016666666666666666
combined_equal_weight,2022-07-01,AMD,0.016666666666666666
combined_equal_weight,2022-08-01,AMD,0.016666666666666666
combined_equal_weight,2022-09-01,AMD,0.016666666666666666
combined_equal_weight,2022-10-03,AMD,0.016666666666666666
combined_equal_weight,2022-11-01,AMD,0.016666666666666666
combined_equal_weight,2022-12-01,AMD,0.016666666666666666
combined_equal_weight,2023-01-03,AMD,0.016666666666666666
combined_equal_weight,2023-02-01,AMD,0.016666666666666666
combined_equal_weight,2023-03-01,AMD,0.016666666666666666
combined_equal_weight,2023-04-03,AMD,0.016666666666666666
combined_equal_weight,2023-05-01,AMD,0.016666666666666666
combined_equal_weight,2023-06-01,AMD,0.016666666666666666
combined_equal_weight,2023-07-03,AMD,0.016666666666666666
combined_equal_weight,2023-08-01,AMD,0.016666666666666666
combined_equal_weight,2023-09-01,AMD,0.016666666666666666
combined_equal_weight,2023-10-02,AMD,0.016666666666666666
combined_equal_weight,2023-11-01,AMD,0.016666666666666666
combined_equal_weight,2023-12-01,AMD,0.016666666666666666
combined_equal_weight,2021-01-04,AMGN,0.016666666666666666
combined_equal_weight,2021-02-01,AMGN,0.016666666666666666
combined_equal_weight,2021-03-01,AMGN,0.016666666666666666
combined_equal_weight,2021-04-01,AMGN,0.016666666666666666
combined_equal_weight,2021-05-03,AMGN,0.016666666666666666
combined_equal_weight,2021-06-01,AMGN,0.016666666666666666
combined_equal_weight,2021-07-01,AMGN,0.016666666666666666
combined_equal_weight,2021-08-02,AMGN,0.016666666666666666
combined_equal_weight,2021-09-01,AMGN,0.016666666666666666
combined_equal_weight,2021-10-01,AMGN,0.016666666666666666
combined_equal_weight,2021-11-01,AMGN,0.016666666666666666
combined_equal_weight,2021-12-01,AMGN,0.016666666666666666
combined_equal_weight,2022-01-03,AMGN,0.016666666666666666
combined_equal_weight,2022-02-01,AMGN,0.016666666666666666
combined_equal_weight,2022-03-01,AMGN,0.016666666666666666
combined_equal_weight,2022-04-01,AMGN,0.016666666666666666
combined_equal_weight,2022-05-02,AMGN,0.016666666666666666
combined_equal_weight,2022-06-01,AMGN,0.016666666666666666
combined_equal_weight,2022-07-01,AMGN,0.016666666666666666
combined_equal_weight,2022-08-01,AMGN,0.016666666666666666
combined_equal_weight,2022-09-01,AMGN,0.016666666666666666
combined_equal_weight,2022-10-03,AMGN,0.016666666666666666
combined_equal_weight,2022-11-01,AMGN,0.016666666666666666
combined_equal_weight,2022-12-01,AMGN,0.016666666666666666
combined_equal_weight,2023-01-03,AMGN,0.016666666666666666
combined_equal_weight,2023-02-01,AMGN,0.016666666666666666
combined_equal_weight,2023-03-01,AMGN,0.016666666666666666
combined_equal_weight,2023-04-03,AMGN,0.016666666666666666
combined_equal_weight,2023-05-01,AMGN,0.016666666666666666
combined_equal_weight,2023-06-01,AMGN,0.016666666666666666
combined_equal_weight,2023-07-03,AMGN,0.016666666666666666
combined_equal_weight,2023-08-01,AMGN,0.016666666666666666
combined_equal_weight,2023-09-01,AMGN,0.016666666666666666
combined_equal_weight,2023-10-02,AMGN,0.016666666666666666
combined_equal_weight,2023-11-01,AMGN,0.016666666666666666
combined_equal_weight,2023-12-01,AMGN,0.016666666666666666
combined_equal_weight,2021-01-04,AMT,0.016666666666666666
combined_equal_weight,2021-02-01,AMT,0.016666666666666666
combined_equal_weight,2021-03-01,AMT,0.016666666666666666
combined_equal_weight,2021-04-01,AMT,0.016666666666666666
combined_equal_weight,2021-05-03,AMT,0.016666666666666666
combined_equal_weight,2021-06-01,AMT,0.016666666666666666
combined_equal_weight,2021-07-01,AMT,0.016666666666666666
combined_equal_weight,2021-08-02,AMT,0.016666666666666666
combined_equal_weight,2021-09-01,AMT,0.016666666666666666
combined_equal_weight,2021-10-01,AMT,0.016666666666666666
combined_equal_weight,2021-11-01,AMT,0.016666666666666666
combined_equal_weight,2021-12-01,AMT,0.016666666666666666
combined_equal_weight,2022-01-03,AMT,0.016666666666666666
combined_equal_weight,2022-02-01,AMT,0.016666666666666666
combined_equal_weight,2022-03-01,AMT,0.016666666666666666
combined_equal_weight,2022-04-01,AMT,0.016666666666666666
combined_equal_weight,2022-05-02,AMT,0.016666666666666666
combined_equal_weight,2022-06-01,AMT,0.016666666666666666
combined_equal_weight,2022-07-01,AMT,0.016666666666666666
combined_equal_weight,2022-08-01,AMT,0.016666666666666666
combined_equal_weight,2022-09-01,AMT,0.016666666666666666
combined_equal_weight,2022-10-03,AMT,0.016666666666666666
combined_equal_weight,2022-11-01,AMT,0.016666666666666666
combined_equal_weight,2022-12-01,AMT,0.016666666666666666
combined_equal_weight,2023-01-03,AMT,0.016666666666666666
combined_equal_weight,2023-02-01,AMT,0.016666666666666666
combined_equal_weight,2023-03-01,AMT,0.016666666666666666
combined_equal_weight,2023-04-03,AMT,0.016666666666666666
combined_equal_weight,2023-05-01,AMT,0.016666666666666666
combined_equal_weight,2023-06-01,AMT,0.016666666666666666
combined_equal_weight,2023-07-03,AMT,0.016666666666666666
combined_equal_weight,2023-08-01,AMT,0.016666666666666666
combined_equal_weight,2023-09-01,AMT,0.016666666666666666
combined_equal_weight,2023-10-02,AMT,0.016666666666666666
combined_equal_weight,2023-11-01,AMT,0.016666666666666666
combined_equal_weight,2023-12-01,AMT,0.016666666666666666
combined_equal_weight,2021-01-04,BA,0.016666666666666666
combined_equal_weight,2021-02-01,BA,0.016666666666666666
combined_equal_weight,2021-03-01,BA,0.016666666666666666
combined_equal_weight,2021-04-01,BA,0.016666666666666666
combined_equal_weight,2021-05-03,BA,0.016666666666666666
combined_equal_weight,2021-06-01,BA,0.016666666666666666
combined_equal_weight,2021-07-01,BA,0.016666666666666666
combined_equal_weight,2021-08-02,BA,0.016666666666666666
combined_equal_weight,2021-09-01,BA,0.016666666666666666
combined_equal_weight,2021-10-01,BA,0.016666666666666666
combined_equal_weight,2021-11-01,BA,0.016666666666666666
combined_equal_weight,2021-12-01,BA,0.016666666666666666
combined_equal_weight,2022-01-03,BA,0.016666666666666666
combined_equal_weight,2022-02-01,BA,0.016666666666666666
combined_equal_weight,2022-03-01,BA,0.016666666666666666
combined_equal_weight,2022-04-01,BA,0.016666666666666666
combined_equal_weight,2022-05-02,BA,0.016666666666666666
combined_equal_weight,2022-06-01,BA,0.016666666666666666
combined_equal_weight,2022-07-01,BA,0.016666666666666666
combined_equal_weight,2022-08-01,BA,0.016666666666666666
combined_equal_weight,2022-09-01,BA,0.016666666666666666
combined_equal_weight,2022-10-03,BA,0.016666666666666666
combined_equal_weight,2022-11-01,BA,0.016666666666666666
combined_equal_weight,2022-12-01,BA,0.016666666666666666
combined_equal_weight,2023-01-03,BA,0.016666666666666666
combined_equal_weight,2023-02-01,BA,0.016666666666666666
combined_equal_weight,2023-03-01,BA,0.016666666666666666
combined_equal_weight,2023-04-03,BA,0.016666666666666666
combined_equal_weight,2023-05-01,BA,0.016666666666666666
combined_equal_weight,2023-06-01,BA,0.016666666666666666
combined_equal_weight,2023-07-03,BA,0.016666666666666666
combined_equal_weight,2023-08-01,BA,0.016666666666666666
combined_equal_weight,2023-09-01,BA,0.016666666666666666
combined_equal_weight,2023-10-02,BA,0.016666666666666666
combined_equal_weight,2023-11-01,BA,0.016666666666666666
combined_equal_weight,2023-12-01,BA,0.016666666666666666
combined_equal_weight,2021-01-04,CAT,0.016666666666666666
combined_equal_weight,2021-02-01,CAT,0.016666666666666666
combined_equal_weight,2021-03-01,CAT,0.016666666666666666
combined_equal_weight,2021-04-01,CAT,0.016666666666666666
combined_equal_weight,2021-05-03,CAT,0.016666666666666666
combined_equal_weight,2021-06-01,CAT,0.016666666666666666
combined_equal_weight,2021-07-01,CAT,0.016666666666666666
combined_equal_weight,2021-08-02,CAT,0.016666666666666666
combined_equal_weight,2021-09-01,CAT,0.016666666666666666
combined_equal_weight,2021-10-01,CAT,0.016666666666666666
combined_equal_weight,2021-11-01,CAT,0.016666666666666666
combined_equal_weight,2021-12-01,CAT,0.016666666666666666
combined_equal_weight,2022-01-03,CAT,0.016666666666666666
combined_equal_weight,2022-02-01,CAT,0.016666666666666666
combined_equal_weight,2022-03-01,CAT,0.016666666666666666
combined_equal_weight,2022-04-01,CAT,0.016666666666666666
combined_equal_weight,2022-05-02,CAT,0.016666666666666666
combined_equal_weight,2022-06-01,CAT,0.016666666666666666
combined_equal_weight,2022-07-01,CAT,0.016666666666666666
combined_equal_weight,2022-08-01,CAT,0.016666666666666666
combined_equal_weight,2022-09-01,CAT,0.016666666666666666
combined_equal_weight,2022-10-03,CAT,0.016666666666666666
combined_equal_weight,2022-11-01,CAT,0.016666666666666666
combined_equal_weight,2022-12-01,CAT,0.016666666666666666
combined_equal_weight,2023-01-03,CAT,0.016666666666666666
combined_equal_weight,2023-02-01,CAT,0.016666666666666666
combined_equal_weight,2023-03-01,CAT,0.016666666666666666
combined_equal_weight,2023-04-03,CAT,0.016666666666666666
combined_equal_weight,2023-05-01,CAT,0.016666666666666666
combined_equal_weight,2023-06-01,CAT,0.016666666666666666
combined_equal_weight,2023-07-03,CAT,0.016666666666666666
combined_equal_weight,2023-08-01,CAT,0.016666666666666666
combined_equal_weight,2023-09-01,CAT,0.016666666666666666
combined_equal_weight,2023-10-02,CAT,0.016666666666666666
combined_equal_weight,2023-11-01,CAT,0.016666666666666666
combined_equal_weight,2023-12-01,CAT,0.016666666666666666
combined_equal_weight,2021-01-04,CCI,0.016666666666666666
combined_equal_weight,2021-02-01,CCI,0.016666666666666666
combined_equal_weight,2021-03-01,CCI,0.016666666666666666
combined_equal_weight,2021-04-01,CCI,0.016666666666666666
combined_equal_weight,2021-05-03,CCI,0.016666666666666666
combined_equal_weight,2021-06-01,CCI,0.016666666666666666
combined_equal_weight,2021-07-01,CCI,0.016666666666666666
combined_equal_weight,2021-08-02,CCI,0.016666666666666666
combined_equal_weight,2021-09-01,CCI,0.016666666666666666
combined_equal_weight,2021-10-01,CCI,0.016666666666666666
combined_equal_weight,2021-11-01,CCI,0.016666666666666666
combined_equal_weight,2021-12-01,CCI,0.016666666666666666
combined_equal_weight,2022-01-03,CCI,0.016666666666666666
combined_equal_weight,2022-02-01,CCI,0.016666666666666666
combined_equal_weight,2022-03-01,CCI,0.016666666666666666
combined_equal_weight,2022-04-01,CCI,0.016666666666666666
combined_equal_weight,2022-05-02,CCI,0.016666666666666666
combined_equal_weight,2022-06-01,CCI,0.016666666666666666
combined_equal_weight,2022-07-01,CCI,0.016666666666666666
combined_equal_weight,2022-08-01,CCI,0.016666666666666666
combined_equal_weight,2022-09-01,CCI,0.016666666666666666
combined_equal_weight,2022-10-03,CCI,0.016666666666666666
combined_equal_weight,2022-11-01,CCI,0.016666666666666666
combined_equal_weight,2022-12-01,CCI,0.016666666666666666
combined_equal_weight,2023-01-03,CCI,0.016666666666666666
combined_equal_weight,2023-02-01,CCI,0.016666666666666666
combined_equal_weight,2023-03-01,CCI,0.016666666666666666
combined_equal_weight,2023-04-03,CCI,0.016666666666666666
combined_equal_weight,2023-05-01,CCI,0.016666666666666666
combined_equal_weight,2023-06-01,CCI,0.016666666666666666
combined_equal_weight,2023-07-03,CCI,0.016666666666666666
combined_equal_weight,2023-08-01,CCI,0.016666666666666666
combined_equal_weight,2023-09-01,CCI,0.016666666666666666
combined_equal_weight,2023-10-02,CCI,0.016666666666666666
combined_equal_weight,2023-11-01,CCI,0.016666666666666666
combined_equal_weight,2023-12-01,CCI,0.016666666666666666
combined_equal_weight,2021-01-04,CMCSA,0.016666666666666666
combined_equal_weight,2021-02-01,CMCSA,0.016666666666666666
combined_equal_weight,2021-03-01,CMCSA,0.016666666666666666
combined_equal_weight,2021-04-01,CMCSA,0.016666666666666666
combined_equal_weight,2021-05-03,CMCSA,0.016666666666666666
combined_equal_weight,2021-06-01,CMCSA,0.016666666666666666
combined_equal_weight,2021-07-01,CMCSA,0.016666666666666666
combined_equal_weight,2021-08-02,CMCSA,0.016666666666666666
combined_equal_weight,2021-09-01,CMCSA,0.016666666666666666
combined_equal_weight,2021-10-01,CMCSA,0.016666666666666666
combined_equal_weight,2021-11-01,CMCSA,0.016666666666666666
combined_equal_weight,2021-12-01,CMCSA,0.016666666666666666
combined_equal_weight,2022-01-03,CMCSA,0.016666666666666666
combined_equal_weight,2022-02-01,CMCSA,0.016666666666666666
combined_equal_weight,2022-03-01,CMCSA,0.016666666666666666
combined_equal_weight,2022-04-01,CMCSA,0.016666666666666666
combined_equal_weight,2022-05-02,CMCSA,0.016666666666666666
combined_equal_weight,2022-06-01,CMCSA,0.016666666666666666
combined_equal_weight,2022-07-01,CMCSA,0.016666666666666666
combined_equal_weight,2022-08-01,CMCSA,0.016666666666666666
combined_equal_weight,2022-09-01,CMCSA,0.016666666666666666
combined_equal_weight,2022-10-03,CMCSA,0.016666666666666666
combined_equal_weight,2022-11-01,CMCSA,0.016666666666666666
combined_equal_weight,2022-12-01,CMCSA,0.016666666666666666
combined_equal_weight,2023-01-03,CMCSA,0.016666666666666666
combined_equal_weight,2023-02-01,CMCSA,0.016666666666666666
combined_equal_weight,2023-03-01,CMCSA,0.016666666666666666
combined_equal_weight,2023-04-03,CMCSA,0.016666666666666666
combined_equal_weight,2023-05-01,CMCSA,0.016666666666666666
combined_equal_weight,2023-06-01,CMCSA,0.016666666666666666
combined_equal_weight,2023-07-03,CMCSA,0.016666666666666666
combined_equal_weight,2023-08-01,CMCSA,0.016666666666666666
combined_equal_weight,2023-09-01,CMCSA,0.016666666666666666
combined_equal_weight,2023-10-02,CMCSA,0.016666666666666666
combined_equal_weight,2023-11-01,CMCSA,0.016666666666666666
combined_equal_weight,2023-12-01,CMCSA,0.016666666666666666
combined_equal_weight,2021-01-04,COP,0.016666666666666666
combined_equal_weight,2021-02-01,COP,0.016666666666666666
combined_equal_weight,2021-03-01,COP,0.016666666666666666
combined_equal_weight,2021-04-01,COP,0.016666666666666666
combined_equal_weight,2021-05-03,COP,0.016666666666666666
combined_equal_weight,2021-06-01,COP,0.016666666666666666
combined_equal_weight,2021-07-01,COP,0.016666666666666666
combined_equal_weight,2021-08-02,COP,0.016666666666666666
combined_equal_weight,2021-09-01,COP,0.016666666666666666
combined_equal_weight,2021-10-01,COP,0.016666666666666666
combined_equal_weight,2021-11-01,COP,0.016666666666666666
combined_equal_weight,2021-12-01,COP,0.016666666666666666
combined_equal_weight,2022-01-03,COP,0.016666666666666666
combined_equal_weight,2022-02-01,COP,0.016666666666666666
combined_equal_weight,2022-03-01,COP,0.016666666666666666
combined_equal_weight,2022-04-01,COP,0.016666666666666666
combined_equal_weight,2022-05-02,COP,0.016666666666666666
combined_equal_weight,2022-06-01,COP,0.016666666666666666
combined_equal_weight,2022-07-01,COP,0.016666666666666666
combined_equal_weight,2022-08-01,COP,0.016666666666666666
combined_equal_weight,2022-09-01,COP,0.016666666666666666
combined_equal_weight,2022-10-03,COP,0.016666666666666666
combined_equal_weight,2022-11-01,COP,0.016666666666666666
combined_equal_weight,2022-12-01,COP,0.016666666666666666
combined_equal_weight,2023-01-03,COP,0.016666666666666666
combined_equal_weight,2023-02-01,COP,0.016666666666666666
combined_equal_weight,2023-03-01,COP,0.016666666666666666
combined_equal_weight,2023-04-03,COP,0.016666666666666666
combined_equal_weight,2023-05-01,COP,0.016666666666666666
combined_equal_weight,2023-06-01,COP,0.016666666666666666
combined_equal_weight,2023-07-03,COP,0.016666666666666666
combined_equal_weight,2023-08-01,COP,0.016666666666666666
combined_equal_weight,2023-09-01,COP,0.016666666666666666
combined_equal_weight,2023-10-02,COP,0.016666666666666666
combined_equal_weight,2023-11-01,COP,0.016666666666666666
combined_equal_weight,2023-12-01,COP,0.016666666666666666
combined_equal_weight,2021-01-04,CVX,0.016666666666666666
combined_equal_weight,2021-02-01,CVX,0.016666666666666666
combined_equal_weight,2021-03-01,CVX,0.016666666666666666
combined_equal_weight,2021-04-01,CVX,0.016666666666666666
combined_equal_weight,2021-05-03,CVX,0.016666666666666666
combined_equal_weight,2021-06-01,CVX,0.016666666666666666
combined_equal_weight,2021-07-01,CVX,0.016666666666666666
combined_equal_weight,2021-08-02,CVX,0.016666666666666666
combined_equal_weight,2021-09-01,CVX,0.016666666666666666
combined_equal_weight,2021-10-01,CVX,0.016666666666666666
combined_equal_weight,2021-11-01,CVX,0.016666666666666666
combined_equal_weight,2021-12-01,CVX,0.016666666666666666
combined_equal_weight,2022-01-03,CVX,0.016666666666666666
combined_equal_weight,2022-02-01,CVX,0.016666666666666666
combined_equal_weight,2022-03-01,CVX,0.016666666666666666
combined_equal_weight,2022-04-01,CVX,0.016666666666666666
combined_equal_weight,2022-05-02,CVX,0.016666666666666666
combined_equal_weight,2022-06-01,CVX,0.016666666666666666
combined_equal_weight,2022-07-01,CVX,0.016666666666666666
combined_equal_weight,2022-08-01,CVX,0.016666666666666666
combined_equal_weight,2022-09-01,CVX,0.016666666666666666
combined_equal_weight,2022-10-03,CVX,0.016666666666666666
combined_equal_weight,2022-11-01,CVX,0.016666666666666666
combined_equal_weight,2022-12-01,CVX,0.016666666666666666
combined_equal_weight,2023-01-03,CVX,0.016666666666666666
combined_equal_weight,2023-02-01,CVX,0.016666666666666666
combined_equal_weight,2023-03-01,CVX,0.016666666666666666
combined_equal_weight,2023-04-03,CVX,0.016666666666666666
combined_equal_weight,2023-05-01,CVX,0.016666666666666666
combined_equal_weight,2023-06-01,CVX,0.016666666666666666
combined_equal_weight,2023-07-03,CVX,0.016666666666666666
combined_equal_weight,2023-08-01,CVX,0.016666666666666666
combined_equal_weight,2023-09-01,CVX,0.016666666666666666
combined_equal_weight,2023-10-02,CVX,0.016666666666666666
combined_equal_weight,2023-11-01,CVX,0.016666666666666666
combined_equal_weight,2023-12-01,CVX,0.016666666666666666
combined_equal_weight,2021-01-04,D,0.016666666666666666
combined_equal_weight,2021-02-01,D,0.016666666666666666
combined_equal_weight,2021-03-01,D,0.016666666666666666
combined_equal_weight,2021-04-01,D,0.016666666666666666
combined_equal_weight,2021-05-03,D,0.016666666666666666
combined_equal_weight,2021-06-01,D,0.016666666666666666
combined_equal_weight,2021-07-01,D,0.016666666666666666
combined_equal_weight,2021-08-02,D,0.016666666666666666
combined_equal_weight,2021-09-01,D,0.016666666666666666
combined_equal_weight,2021-10-01,D,0.016666666666666666
combined_equal_weight,2021-11-01,D,0.016666666666666666
combined_equal_weight,2021-12-01,D,0.016666666666666666
combined_equal_weight,2022-01-03,D,0.016666666666666666
combined_equal_weight,2022-02-01,D,0.016666666666666666
combined_equal_weight,2022-03-01,D,0.016666666666666666
combined_equal_weight,2022-04-01,D,0.016666666666666666
combined_equal_weight,2022-05-02,D,0.016666666666666666
combined_equal_weight,2022-06-01,D,0.016666666666666666
combined_equal_weight,2022-07-01,D,0.016666666666666666
combined_equal_weight,2022-08-01,D,0.016666666666666666
combined_equal_weight,2022-09-01,D,0.016666666666666666
combined_equal_weight,2022-10-03,D,0.016666666666666666
combined_equal_weight,2022-11-01,D,0.016666666666666666
combined_equal_weight,2022-12-01,D,0.016666666666666666
combined_equal_weight,2023-01-03,D,0.016666666666666666
combined_equal_weight,2023-02-01,D,0.016666666666666666
combined_equal_weight,2023-03-01,D,0.016666666666666666
combined_equal_weight,2023-04-03,D,0.016666666666666666
combined_equal_weight,2023-05-01,D,0.016666666666666666
combined_equal_weight,2023-06-01,D,0.016666666666666666
combined_equal_weight,2023-07-03,D,0.016666666666666666
combined_equal_weight,2023-08-01,D,0.016666666666666666
combined_equal_weight,2023-09-01,D,0.016666666666666666
combined_equal_weight,2023-10-02,D,0.016666666666666666
combined_equal_weight,2023-11-01,D,0.016666666666666666
combined_equal_weight,2023-12-01,D,0.016666666666666666
combined_equal_weight,2021-01-04,DD,0.016666666666666666
combined_equal_weight,2021-02-01,DD,0.016666666666666666
combined_equal_weight,2021-03-01,DD,0.016666666666666666
combined_equal_weight,2021-04-01,DD,0.016666666666666666
combined_equal_weight,2021-05-03,DD,0.016666666666666666
combined_equal_weight,2021-06-01,DD,0.016666666666666666
combined_equal_weight,2021-07-01,DD,0.016666666666666666
combined_equal_weight,2021-08-02,DD,0.016666666666666666
combined_equal_weight,2021-09-01,DD,0.016666666666666666
combined_equal_weight,2021-10-01,DD,0.016666666666666666
combined_equal_weight,2021-11-01,DD,0.016666666666666666
combined_equal_weight,2021-12-01,DD,0.016666666666666666
combined_equal_weight,2022-01-03,DD,0.016666666666666666
combined_equal_weight,2022-02-01,DD,0.016666666666666666
combined_equal_weight,2022-03-01,DD,0.016666666666666666
combined_equal_weight,2022-04-01,DD,0.016666666666666666
combined_equal_weight,2022-05-02,DD,0.016666666666666666
combined_equal_weight,2022-06-01,DD,0.016666666666666666
combined_equal_weight,2022-07-01,DD,0.016666666666666666
combined_equal_weight,2022-08-01,DD,0.016666666666666666
combined_equal_weight,2022-09-01,DD,0.016666666666666666
combined_equal_weight,2022-10-03,DD,0.016666666666666666
combined_equal_weight,2022-11-01,DD,0.016666666666666666
combined_equal_weight,2022-12-01,DD,0.016666666666666666
combined_equal_weight,2023-01-03,DD,0.016666666666666666
combined_equal_weight,2023-02-01,DD,0.016666666666666666
combined_equal_weight,2023-03-01,DD,0.016666666666666666
combined_equal_weight,2023-04-03,DD,0.016666666666666666
combined_equal_weight,2023-05-01,DD,0.016666666666666666
combined_equal_weight,2023-06-01,DD,0.016666666666666666
combined_equal_weight,2023-07-03,DD,0.016666666666666666
combined_equal_weight,2023-08-01,DD,0.016666666666666666
combined_equal_weight,2023-09-01,DD,0.016666666666666666
combined_equal_weight,2023-10-02,DD,0.016666666666666666
combined_equal_weight,2023-11-01,DD,0.016666666666666666
combined_equal_weight,2023-12-01,DD,0.016666666666666666
combined_equal_weight,2021-01-04,DIS,0.016666666666666666
combined_equal_weight,2021-02-01,DIS,0.016666666666666666
combined_equal_weight,2021-03-01,DIS,0.016666666666666666
combined_equal_weight,2021-04-01,DIS,0.016666666666666666
combined_equal_weight,2021-05-03,DIS,0.016666666666666666
combined_equal_weight,2021-06-01,DIS,0.016666666666666666
combined_equal_weight,2021-07-01,DIS,0.016666666666666666
combined_equal_weight,2021-08-02,DIS,0.016666666666666666
combined_equal_weight,2021-09-01,DIS,0.016666666666666666
combined_equal_weight,2021-10-01,DIS,0.016666666666666666
combined_equal_weight,2021-11-01,DIS,0.016666666666666666
combined_equal_weight,2021-12-01,DIS,0.016666666666666666
combined_equal_weight,2022-01-03,DIS,0.016666666666666666
combined_equal_weight,2022-02-01,DIS,0.016666666666666666
combined_equal_weight,2022-03-01,DIS,0.016666666666666666
combined_equal_weight,2022-04-01,DIS,0.016666666666666666
combined_equal_weight,2022-05-02,DIS,0.016666666666666666
combined_equal_weight,2022-06-01,DIS,0.016666666666666666
combined_equal_weight,2022-07-01,DIS,0.016666666666666666
combined_equal_weight,2022-08-01,DIS,0.016666666666666666
combined_equal_weight,2022-09-01,DIS,0.016666666666666666
combined_equal_weight,2022-10-03,DIS,0.016666666666666666
combined_equal_weight,2022-11-01,DIS,0.016666666666666666
combined_equal_weight,2022-12-01,DIS,0.016666666666666666
combined_equal_weight,2023-01-03,DIS,0.016666666666666666
combined_equal_weight,2023-02-01,DIS,0.016666666666666666
combined_equal_weight,2023-03-01,DIS,0.016666666666666666
combined_equal_weight,2023-04-03,DIS,0.016666666666666666
combined_equal_weight,2023-05-01,DIS,0.016666666666666666
combined_equal_weight,2023-06-01,DIS,0.016666666666666666
combined_equal_weight,2023-07-03,DIS,0.016666666666666666
combined_equal_weight,2023-08-01,DIS,0.016666666666666666
combined_equal_weight,2023-09-01,DIS,0.016666666666666666
combined_equal_weight,2023-10-02,DIS,0.016666666666666666
combined_equal_weight,2023-11-01,DIS,0.016666666666666666
combined_equal_weight,2023-12-01,DIS,0.016666666666666666
combined_equal_weight,2021-01-04,DOW,0.016666666666666666
combined_equal_weight,2021-02-01,DOW,0.016666666666666666
combined_equal_weight,2021-03-01,DOW,0.016666666666666666
combined_equal_weight,2021-04-01,DOW,0.016666666666666666
combined_equal_weight,2021-05-03,DOW,0.016666666666666666
combined_equal_weight,2021-06-01,DOW,0.016666666666666666
combined_equal_weight,2021-07-01,DOW,0.016666666666666666
combined_equal_weight,2021-08-02,DOW,0.016666666666666666
combined_equal_weight,2021-09-01,DOW,0.016666666666666666
combined_equal_weight,2021-10-01,DOW,0.016666666666666666
combined_equal_weight,2021-11-01,DOW,0.016666666666666666
combined_equal_weight,2021-12-01,DOW,0.016666666666666666
combined_equal_weight,2022-01-03,DOW,0.016666666666666666
combined_equal_weight,2022-02-01,DOW,0.016666666666666666
combined_equal_weight,2022-03-01,DOW,0.016666666666666666
combined_equal_weight,2022-04-01,DOW,0.016666666666666666
combined_equal_weight,2022-05-02,DOW,0.016666666666666666
combined_equal_weight,2022-06-01,DOW,0.016666666666666666
combined_equal_weight,2022-07-01,DOW,0.016666666666666666
combined_equal_weight,2022-08-01,DOW,0.016666666666666666
combined_equal_weight,2022-09-01,DOW,0.016666666666666666
combined_equal_weight,2022-10-03,DOW,0.016666666666666666
combined_equal_weight,2022-11-01,DOW,0.016666666666666666
combined_equal_weight,2022-12-01,DOW,0.016666666666666666
combined_equal_weight,2023-01-03,DOW,0.016666666666666666
combined_equal_weight,2023-02-01,DOW,0.016666666666666666
combined_equal_weight,2023-03-01,DOW,0.016666666666666666
combined_equal_weight,2023-04-03,DOW,0.016666666666666666
combined_equal_weight,2023-05-01,DOW,0.016666666666666666
combined_equal_weight,2023-06-01,DOW,0.016666666666666666
combined_equal_weight,2023-07-03,DOW,0.016666666666666666
combined_equal_weight,2023-08-01,DOW,0.016666666666666666
combined_equal_weight,2023-09-01,DOW,0.016666666666666666
combined_equal_weight,2023-10-02,DOW,0.016666666666666666
combined_equal_weight,2023-11-01,DOW,0.016666666666666666
combined_equal_weight,2023-12-01,DOW,0.016666666666666666
combined_equal_weight,2021-01-04,DUK,0.016666666666666666
combined_equal_weight,2021-02-01,DUK,0.016666666666666666
combined_equal_weight,2021-03-01,DUK,0.016666666666666666
combined_equal_weight,2021-04-01,DUK,0.016666666666666666
combined_equal_weight,2021-05-03,DUK,0.016666666666666666
combined_equal_weight,2021-06-01,DUK,0.016666666666666666
combined_equal_weight,2021-07-01,DUK,0.016666666666666666
combined_equal_weight,2021-08-02,DUK,0.016666666666666666
combined_equal_weight,2021-09-01,DUK,0.016666666666666666
combined_equal_weight,2021-10-01,DUK,0.016666666666666666
combined_equal_weight,2021-11-01,DUK,0.016666666666666666
combined_equal_weight,2021-12-01,DUK,0.016666666666666666
combined_equal_weight,2022-01-03,DUK,0.016666666666666666
combined_equal_weight,2022-02-01,DUK,0.016666666666666666
combined_equal_weight,2022-03-01,DUK,0.016666666666666666
combined_equal_weight,2022-04-01,DUK,0.016666666666666666
combined_equal_weight,2022-05-02,DUK,0.016666666666666666
combined_equal_weight,2022-06-01,DUK,0.016666666666666666
combined_equal_weight,2022-07-01,DUK,0.016666666666666666
combined_equal_weight,2022-08-01,DUK,0.016666666666666666
combined_equal_weight,2022-09-01,DUK,0.016666666666666666
combined_equal_weight,2022-10-03,DUK,0.016666666666666666
combined_equal_weight,2022-11-01,DUK,0.016666666666666666
combined_equal_weight,2022-12-01,DUK,0.016666666666666666
combined_equal_weight,2023-01-03,DUK,0.016666666666666666
combined_equal_weight,2023-02-01,DUK,0.016666666666666666
combined_equal_weight,2023-03-01,DUK,0.016666666666666666
combined_equal_weight,2023-04-03,DUK,0.016666666666666666
combined_equal_weight,2023-05-01,DUK,0.016666666666666666
combined_equal_weight,2023-06-01,DUK,0.016666666666666666
combined_equal_weight,2023-07-03,DUK,0.016666666666666666
combined_equal_weight,2023-08-01,DUK,0.016666666666666666
combined_equal_weight,2023-09-01,DUK,0.016666666666666666
combined_equal_weight,2023-10-02,DUK,0.016666666666666666
combined_equal_weight,2023-11-01,DUK,0.016666666666666666
combined_equal_weight,2023-12-01,DUK,0.016666666666666666
combined_equal_weight,2021-01-04,EA,0.016666666666666666
combined_equal_weight,2021-02-01,EA,0.016666666666666666
combined_equal_weight,2021-03-01,EA,0.016666666666666666
combined_equal_weight,2021-04-01,EA,0.016666666666666666
combined_equal_weight,2021-05-03,EA,0.016666666666666666
combined_equal_weight,2021-06-01,EA,0.016666666666666666
combined_equal_weight,2021-07-01,EA,0.016666666666666666
combined_equal_weight,2021-08-02,EA,0.016666666666666666
combined_equal_weight,2021-09-01,EA,0.016666666666666666
combined_equal_weight,2021-10-01,EA,0.016666666666666666
combined_equal_weight,2021-11-01,EA,0.016666666666666666
combined_equal_weight,2021-12-01,EA,0.016666666666666666
combined_equal_weight,2022-01-03,EA,0.016666666666666666
combined_equal_weight,2022-02-01,EA,0.016666666666666666
combined_equal_weight,2022-03-01,EA,0.016666666666666666
combined_equal_weight,2022-04-01,EA,0.016666666666666666
combined_equal_weight,2022-05-02,EA,0.016666666666666666
combined_equal_weight,2022-06-01,EA,0.016666666666666666
combined_equal_weight,2022-07-01,EA,0.016666666666666666
combined_equal_weight,2022-08-01,EA,0.016666666666666666
combined_equal_weight,2022-09-01,EA,0.016666666666666666
combined_equal_weight,2022-10-03,EA,0.016666666666666666
combined_equal_weight,2022-11-01,EA,0.016666666666666666
combined_equal_weight,2022-12-01,EA,0.016666666666666666
combined_equal_weight,2023-01-03,EA,0.016666666666666666
combined_equal_weight,2023-02-01,EA,0.016666666666666666
combined_equal_weight,2023-03-01,EA,0.016666666666666666
combined_equal_weight,2023-04-03,EA,0.016666666666666666
combined_equal_weight,2023-05-01,EA,0.016666666666666666
combined_equal_weight,2023-06-01,EA,0.016666666666666666
combined_equal_weight,2023-07-03,EA,0.016666666666666666
combined_equal_weight,2023-08-01,EA,0.016666666666666666
combined_equal_weight,2023-09-01,EA,0.016666666666666666
combined_equal_weight,2023-10-02,EA,0.016666666666666666
combined_equal_weight,2023-11-01,EA,0.016666666666666666
combined_equal_weight,2023-12-01,EA,0.016666666666666666
combined_equal_weight,2021-01-04,GE,0.016666666666666666
combined_equal_weight,2021-02-01,GE,0.016666666666666666
combined_equal_weight,2021-03-01,GE,0.016666666666666666
combined_equal_weight,2021-04-01,GE,0.016666666666666666
combined_equal_weight,2021-05-03,GE,0.016666666666666666
combined_equal_weight,2021-06-01,GE,0.016666666666666666
combined_equal_weight,2021-07-01,GE,0.016666666666666666
combined_equal_weight,2021-08-02,GE,0.016666666666666666
combined_equal_weight,2021-09-01,GE,0.016666666666666666
combined_equal_weight,2021-10-01,GE,0.016666666666666666
combined_equal_weight,2021-11-01,GE,0.016666666666666666
combined_equal_weight,2021-12-01,GE,0.016666666666666666
combined_equal_weight,2022-01-03,GE,0.016666666666666666
combined_equal_weight,2022-02-01,GE,0.016666666666666666
combined_equal_weight,2022-03-01,GE,0.016666666666666666
combined_equal_weight,2022-04-01,GE,0.016666666666666666
combined_equal_weight,2022-05-02,GE,0.016666666666666666
combined_equal_weight,2022-06-01,GE,0.016666666666666666
combined_equal_weight,2022-07-01,GE,0.016666666666666666
combined_equal_weight,2022-08-01,GE,0.016666666666666666
combined_equal_weight,2022-09-01,GE,0.016666666666666666
combined_equal_weight,2022-10-03,GE,0.016666666666666666
combined_equal_weight,2022-11-01,GE,0.016666666666666666
combined_equal_weight,2022-12-01,GE,0.016666666666666666
combined_equal_weight,2023-01-03,GE,0.016666666666666666
combined_equal_weight,2023-02-01,GE,0.016666666666666666
combined_equal_weight,2023-03-01,GE,0.016666666666666666
combined_equal_weight,2023-04-03,GE,0.016666666666666666
combined_equal_weight,2023-05-01,GE,0.016666666666666666
combined_equal_weight,2023-06-01,GE,0.016666666666666666
combined_equal_weight,2023-07-03,GE,0.016666666666666666
combined_equal_weight,2023-08-01,GE,0.016666666666666666
combined_equal_weight,2023-09-01,GE,0.016666666666666666
combined_equal_weight,2023-10-02,GE,0.016666666666666666
combined_equal_weight,2023-11-01,GE,0.016666666666666666
combined_equal_weight,2023-12-01,GE,0.016666666666666666
combined_equal_weight,2021-01-04,GILD,0.016666666666666666
combined_equal_weight,2021-02-01,GILD,0.016666666666666666
combined_equal_weight,2021-03-01,GILD,0.016666666666666666
combined_equal_weight,2021-04-01,GILD,0.016666666666666666
combined_equal_weight,2021-05-03,GILD,0.016666666666666666
combined_equal_weight,2021-06-01,GILD,0.016666666666666666
combined_equal_weight,2021-07-01,GILD,0.016666666666666666
combined_equal_weight,2021-08-02,GILD,0.016666666666666666
combined_equal_weight,2021-09-01,GILD,0.016666666666666666
combined_equal_weight,2021-10-01,GILD,0.016666666666666666
combined_equal_weight,2021-11-01,GILD,0.016666666666666666
combined_equal_weight,2021-12-01,GILD,0.016666666666666666
combined_equal_weight,2022-01-03,GILD,0.016666666666666666
combined_equal_weight,2022-02-01,GILD,0.016666666666666666
combined_equal_weight,2022-03-01,GILD,0.016666666666666666
combined_equal_weight,2022-04-01,GILD,0.016666666666666666
combined_equal_weight,2022-05-02,GILD,0.016666666666666666
combined_equal_weight,2022-06-01,GILD,0.016666666666666666
combined_equal_weight,2022-07-01,GILD,0.016666666666666666
combined_equal_weight,2022-08-01,GILD,0.016666666666666666
combined_equal_weight,2022-09-01,GILD,0.016666666666666666
combined_equal_weight,2022-10-03,GILD,0.016666666666666666
combined_equal_weight,2022-11-01,GILD,0.016666666666666666
combined_equal_weight,2022-12-01,GILD,0.016666666666666666
combined_equal_weight,2023-01-03,GILD,0.016666666666666666
combined_equal_weight,2023-02-01,GILD,0.016666666666666666
combined_equal_weight,2023-03-01,GILD,0.016666666666666666
combined_equal_weight,2023-04-03,GILD,0.016666666666666666
combined_equal_weight,2023-05-01,GILD,0.016666666666666666
combined_equal_weight,2023-06-01,GILD,0.016666666666666666
combined_equal_weight,2023-07-03,GILD,0.016666666666666666
combined_equal_weight,2023-08-01,GILD,0.016666666666666666
combined_equal_weight,2023-09-01,GILD,0.016666666666666666
combined_equal_weight,2023-10-02,GILD,0.016666666666666666
combined_equal_weight,2023-11-01,GILD,0.016666666666666666
combined_equal_weight,2023-12-01,GILD,0.016666666666666666
combined_equal_weight,2021-01-04,GS,0.016666666666666666
combined_equal_weight,2021-02-01,GS,0.016666666666666666
combined_equal_weight,2021-03-01,GS,0.016666666666666666
combined_equal_weight,2021-04-01,GS,0.016666666666666666
combined_equal_weight,2021-05-03,GS,0.016666666666666666
combined_equal_weight,2021-06-01,GS,0.016666666666666666
combined_equal_weight,2021-07-01,GS,0.016666666666666666
combined_equal_weight,2021-08-02,GS,0.016666666666666666
combined_equal_weight,2021-09-01,GS,0.016666666666666666
combined_equal_weight,2021-10-01,GS,0.016666666666666666
combined_equal_weight,2021-11-01,GS,0.016666666666666666
combined_equal_weight,2021-12-01,GS,0.016666666666666666
combined_equal_weight,2022-01-03,GS,0.016666666666666666
combined_equal_weight,2022-02-01,GS,0.016666666666666666
combined_equal_weight,2022-03-01,GS,0.016666666666666666
combined_equal_weight,2022-04-01,GS,0.016666666666666666
combined_equal_weight,2022-05-02,GS,0.016666666666666666
combined_equal_weight,2022-06-01,GS,0.016666666666666666
combined_equal_weight,2022-07-01,GS,0.016666666666666666
combined_equal_weight,2022-08-01,GS,0.016666666666666666
combined_equal_weight,2022-09-01,GS,0.016666666666666666
combined_equal_weight,2022-10-03,GS,0.016666666666666666
combined_equal_weight,2022-11-01,GS,0.016666666666666666
combined_equal_weight,2022-12-01,GS,0.016666666666666666
combined_equal_weight,2023-01-03,GS,0.016666666666666666
combined_equal_weight,2023-02-01,GS,0.016666666666666666
combined_equal_weight,2023-03-01,GS,0.016666666666666666
combined_equal_weight,2023-04-03,GS,0.016666666666666666
combined_equal_weight,2023-05-01,GS,0.016666666666666666
combined_equal_weight,2023-06-01,GS,0.016666666666666666
combined_equal_weight,2023-07-03,GS,0.016666666666666666
combined_equal_weight,2023-08-01,GS,0.016666666666666666
combined_equal_weight,2023-09-01,GS,0.016666666666666666
combined_equal_weight,2023-10-02,GS,0.016666666666666666
combined_equal_weight,2023-11-01,GS,0.016666666666666666
combined_equal_weight,2023-12-01,GS,0.016666666666666666
combined_equal_weight,2021-01-04,INTC,0.016666666666666666
combined_equal_weight,2021-02-01,INTC,0.016666666666666666
combined_equal_weight,2021-03-01,INTC,0.016666666666666666
combined_equal_weight,2021-04-01,INTC,0.016666666666666666
combined_equal_weight,2021-05-03,INTC,0.016666666666666666
combined_equal_weight,2021-06-01,INTC,0.016666666666666666
combined_equal_weight,2021-07-01,INTC,0.016666666666666666
combined_equal_weight,2021-08-02,INTC,0.016666666666666666
combined_equal_weight,2021-09-01,INTC,0.016666666666666666
combined_equal_weight,2021-10-01,INTC,0.016666666666666666
combined_equal_weight,2021-11-01,INTC,0.016666666666666666
combined_equal_weight,2021-12-01,INTC,0.016666666666666666
combined_equal_weight,2022-01-03,INTC,0.016666666666666666
combined_equal_weight,2022-02-01,INTC,0.016666666666666666
combined_equal_weight,2022-03-01,INTC,0.016666666666666666
combined_equal_weight,2022-04-01,INTC,0.016666666666666666
combined_equal_weight,2022-05-02,INTC,0.016666666666666666
combined_equal_weight,2022-06-01,INTC,0.016666666666666666
combined_equal_weight,2022-07-01,INTC,0.016666666666666666
combined_equal_weight,2022-08-01,INTC,0.016666666666666666
combined_equal_weight,2022-09-01,INTC,0.016666666666666666
combined_equal_weight,2022-10-03,INTC,0.016666666666666666
combined_equal_weight,2022-11-01,INTC,0.016666666666666666
combined_equal_weight,2022-12-01,INTC,0.016666666666666666
combined_equal_weight,2023-01-03,INTC,0.016666666666666666
combined_equal_weight,2023-02-01,INTC,0.016666666666666666
combined_equal_weight,2023-03-01,INTC,0.016666666666666666
combined_equal_weight,2023-04-03,INTC,0.016666666666666666
combined_equal_weight,2023-05-01,INTC,0.016666666666666666
combined_equal_weight,2023-06-01,INTC,0.016666666666666666
combined_equal_weight,2023-07-03,INTC,0.016666666666666666
combined_equal_weight,2023-08-01,INTC,0.016666666666666666
combined_equal_weight,2023-09-01,INTC,0.016666666666666666
combined_equal_weight,2023-10-02,INTC,0.016666666666666666
combined_equal_weight,2023-11-01,INTC,0.016666666666666666
combined_equal_weight,2023-12-01,INTC,0.016666666666666666
combined_equal_weight,2021-01-04,KO,0.016666666666666666
combined_equal_weight,2021-02-01,KO,0.016666666666666666
combined_equal_weight,2021-03-01,KO,0.016666666666666666
combined_equal_weight,2021-04-01,KO,0.016666666666666666
combined_equal_weight,2021-05-03,KO,0.016666666666666666
combined_equal_weight,2021-06-01,KO,0.016666666666666666
combined_equal_weight,2021-07-01,KO,0.016666666666666666
combined_equal_weight,2021-08-02,KO,0.016666666666666666
combined_equal_weight,2021-09-01,KO,0.016666666666666666
combined_equal_weight,2021-10-01,KO,0.016666666666666666
combined_equal_weight,2021-11-01,KO,0.016666666666666666
combined_equal_weight,2021-12-01,KO,0.016666666666666666
combined_equal_weight,2022-01-03,KO,0.016666666666666666
combined_equal_weight,2022-02-01,KO,0.016666666666666666
combined_equal_weight,2022-03-01,KO,0.016666666666666666
combined_equal_weight,2022-04-01,KO,0.016666666666666666
combined_equal_weight,2022-05-02,KO,0.016666666666666666
combined_equal_weight,2022-06-01,KO,0.016666666666666666
combined_equal_weight,2022-07-01,KO,0.016666666666666666
combined_equal_weight,2022-08-01,KO,0.016666666666666666
combined_equal_weight,2022-09-01,KO,0.016666666666666666
combined_equal_weight,2022-10-03,KO,0.016666666666666666
combined_equal_weight,2022-11-01,KO,0.016666666666666666
combined_equal_weight,2022-12-01,KO,0.016666666666666666
combined_equal_weight,2023-01-03,KO,0.016666666666666666
combined_equal_weight,2023-02-01,KO,0.016666666666666666
combined_equal_weight,2023-03-01,KO,0.016666666666666666
combined_equal_weight,2023-04-03,KO,0.016666666666666666
combined_equal_weight,2023-05-01,KO,0.016666666666666666
combined_equal_weight,2023-06-01,KO,0.016666666666666666
combined_equal_weight,2023-07-03,KO,0.016666666666666666
combined_equal_weight,2023-08-01,KO,0.016666666666666666
combined_equal_weight,2023-09-01,KO,0.016666666666666666
combined_equal_weight,2023-10-02,KO,0.016666666666666666
combined_equal_weight,2023-11-01,KO,0.016666666666666666
combined_equal_weight,2023-12-01,KO,0.016666666666666666
combined_equal_weight,2021-01-04,MMM,0.016666666666666666
combined_equal_weight,2021-02-01,MMM,0.016666666666666666
combined_equal_weight,2021-03-01,MMM,0.016666666666666666
combined_equal_weight,2021-04-01,MMM,0.016666666666666666
combined_equal_weight,2021-05-03,MMM,0.016666666666666666
combined_equal_weight,2021-06-01,MMM,0.016666666666666666
combined_equal_weight,2021-07-01,MMM,0.016666666666666666
combined_equal_weight,2021-08-02,MMM,0.016666666666666666
combined_equal_weight,2021-09-01,MMM,0.016666666666666666
combined_equal_weight,2021-10-01,MMM,0.016666666666666666
combined_equal_weight,2021-11-01,MMM,0.016666666666666666
combined_equal_weight,2021-12-01,MMM,0.016666666666666666
combined_equal_weight,2022-01-03,MMM,0.016666666666666666
combined_equal_weight,2022-02-01,MMM,0.016666666666666666
combined_equal_weight,2022-03-01,MMM,0.016666666666666666
combined_equal_weight,2022-04-01,MMM,0.016666666666666666
combined_equal_weight,2022-05-02,MMM,0.016666666666666666
combined_equal_weight,2022-06-01,MMM,0.016666666666666666
combined_equal_weight,2022-07-01,MMM,0.016666666666666666
combined_equal_weight,2022-08-01,MMM,0.016666666666666666
combined_equal_weight,2022-09-01,MMM,0.016666666666666666
combined_equal_weight,2022-10-03,MMM,0.016666666666666666
combined_equal_weight,2022-11-01,MMM,0.016666666666666666
combined_equal_weight,2022-12-01,MMM,0.016666666666666666
combined_equal_weight,2023-01-03,MMM,0.016666666666666666
combined_equal_weight,2023-02-01,MMM,0.016666666666666666
combined_equal_weight,2023-03-01,MMM,0.016666666666666666
combined_equal_weight,2023-04-03,MMM,0.016666666666666666
combined_equal_weight,2023-05-01,MMM,0.016666666666666666
combined_equal_weight,2023-06-01,MMM,0.016666666666666666
combined_equal_weight,2023-07-03,MMM,0.016666666666666666
combined_equal_weight,2023-08-01,MMM,0.016666666666666666
combined_equal_weight,2023-09-01,MMM,0.016666666666666666
combined_equal_weight,2023-10-02,MMM,0.016666666666666666
combined_equal_weight,2023-11-01,MMM,0.016666666666666666
combined_equal_weight,2023-12-01,MMM,0.016666666666666666
combined_equal_weight,2021-01-04,MRK,0.016666666666666666
combined_equal_weight,2021-02-01,MRK,0.016666666666666666
combined_equal_weight,2021-03-01,MRK,0.016666666666666666
combined_equal_weight,2021-04-01,MRK,0.016666666666666666
combined_equal_weight,2021-05-03,MRK,0.016666666666666666
combined_equal_weight,2021-06-01,MRK,0.016666666666666666
combined_equal_weight,2021-07-01,MRK,0.016666666666666666
combined_equal_weight,2021-08-02,MRK,0.016666666666666666
combined_equal_weight,2021-09-01,MRK,0.016666666666666666
combined_equal_weight,2021-10-01,MRK,0.016666666666666666
combined_equal_weight,2021-11-01,MRK,0.016666666666666666
combined_equal_weight,2021-12-01,MRK,0.016666666666666666
combined_equal_weight,2022-01-03,MRK,0.016666666666666666
combined_equal_weight,2022-02-01,MRK,0.016666666666666666
combined_equal_weight,2022-03-01,MRK,0.016666666666666666
combined_equal_weight,2022-04-01,MRK,0.016666666666666666
combined_equal_weight,2022-05-02,MRK,0.016666666666666666
combined_equal_weight,2022-06-01,MRK,0.016666666666666666
combined_equal_weight,2022-07-01,MRK,0.016666666666666666
combined_equal_weight,2022-08-01,MRK,0.016666666666666666
combined_equal_weight,2022-09-01,MRK,0.016666666666666666
combined_equal_weight,2022-10-03,MRK,0.016666666666666666
combined_equal_weight,2022-11-01,MRK,0.016666666666666666
combined_equal_weight,2022-12-01,MRK,0.016666666666666666
combined_equal_weight,2023-01-03,MRK,0.016666666666666666
combined_equal_weight,2023-02-01,MRK,0.016666666666666666
combined_equal_weight,2023-03-01,MRK,0.016666666666666666
combined_equal_weight,2023-04-03,MRK,0.016666666666666666
combined_equal_weight,2023-05-01,MRK,0.016666666666666666
combined_equal_weight,2023-06-01,MRK,0.016666666666666666
combined_equal_weight,2023-07-03,MRK,0.016666666666666666
combined_equal_weight,2023-08-01,MRK,0.016666666666666666
combined_equal_weight,2023-09-01,MRK,0.016666666666666666
combined_equal_weight,2023-10-02,MRK,0.016666666666666666
combined_equal_weight,2023-11-01,MRK,0.016666666666666666
combined_equal_weight,2023-12-01,MRK,0.016666666666666666
combined_equal_weight,2021-01-04,MS,0.016666666666666666
combined_equal_weight,2021-02-01,MS,0.016666666666666666
combined_equal_weight,2021-03-01,MS,0.016666666666666666
combined_equal_weight,2021-04-01,MS,0.016666666666666666
combined_equal_weight,2021-05-03,MS,0.016666666666666666
combined_equal_weight,2021-06-01,MS,0.016666666666666666
combined_equal_weight,2021-07-01,MS,0.016666666666666666
combined_equal_weight,2021-08-02,MS,0.016666666666666666
combined_equal_weight,2021-09-01,MS,0.016666666666666666
combined_equal_weight,2021-10-01,MS,0.016666666666666666
combined_equal_weight,2021-11-01,MS,0.016666666666666666
combined_equal_weight,2021-12-01,MS,0.016666666666666666
combined_equal_weight,2022-01-03,MS,0.016666666666666666
combined_equal_weight,2022-02-01,MS,0.016666666666666666
combined_equal_weight,2022-03-01,MS,0.016666666666666666
combined_equal_weight,2022-04-01,MS,0.016666666666666666
combined_equal_weight,2022-05-02,MS,0.016666666666666666
combined_equal_weight,2022-06-01,MS,0.016666666666666666
combined_equal_weight,2022-07-01,MS,0.016666666666666666
combined_equal_weight,2022-08-01,MS,0.016666666666666666
combined_equal_weight,2022-09-01,MS,0.016666666666666666
combined_equal_weight,2022-10-03,MS,0.016666666666666666
combined_equal_weight,2022-11-01,MS,0.016666666666666666
combined_equal_weight,2022-12-01,MS,0.016666666666666666
combined_equal_weight,2023-01-03,MS,0.016666666666666666
combined_equal_weight,2023-02-01,MS,0.016666666666666666
combined_equal_weight,2023-03-01,MS,0.016666666666666666
combined_equal_weight,2023-04-03,MS,0.016666666666666666
combined_equal_weight,2023-05-01,MS,0.016666666666666666
combined_equal_weight,2023-06-01,MS,0.016666666666666666
combined_equal_weight,2023-07-03,MS,0.016666666666666666
combined_equal_weight,2023-08-01,MS,0.016666666666666666
combined_equal_weight,2023-09-01,MS,0.016666666666666666
combined_equal_weight,2023-10-02,MS,0.016666666666666666
combined_equal_weight,2023-11-01,MS,0.016666666666666666
combined_equal_weight,2023-12-01,MS,0.016666666666666666
combined_equal_weight,2021-01-04,NEE,0.016666666666666666
combined_equal_weight,2021-02-01,NEE,0.016666666666666666
combined_equal_weight,2021-03-01,NEE,0.016666666666666666
combined_equal_weight,2021-04-01,NEE,0.016666666666666666
combined_equal_weight,2021-05-03,NEE,0.016666666666666666
combined_equal_weight,2021-06-01,NEE,0.016666666666666666
combined_equal_weight,2021-07-01,NEE,0.016666666666666666
combined_equal_weight,2021-08-02,NEE,0.016666666666666666
combined_equal_weight,2021-09-01,NEE,0.016666666666666666
combined_equal_weight,2021-10-01,NEE,0.016666666666666666
combined_equal_weight,2021-11-01,NEE,0.016666666666666666
combined_equal_weight,2021-12-01,NEE,0.016666666666666666
combined_equal_weight,2022-01-03,NEE,0.016666666666666666
combined_equal_weight,2022-02-01,NEE,0.016666666666666666
combined_equal_weight,2022-03-01,NEE,0.016666666666666666
combined_equal_weight,2022-04-01,NEE,0.016666666666666666
combined_equal_weight,2022-05-02,NEE,0.016666666666666666
combined_equal_weight,2022-06-01,NEE,0.016666666666666666
combined_equal_weight,2022-07-01,NEE,0.016666666666666666
combined_equal_weight,2022-08-01,NEE,0.016666666666666666
combined_equal_weight,2022-09-01,NEE,0.016666666666666666
combined_equal_weight,2022-10-03,NEE,0.016666666666666666
combined_equal_weight,2022-11-01,NEE,0.016666666666666666
combined_equal_weight,2022-12-01,NEE,0.016666666666666666
combined_equal_weight,2023-01-03,NEE,0.016666666666666666
combined_equal_weight,2023-02-01,NEE,0.016666666666666666
combined_equal_weight,2023-03-01,NEE,0.016666666666666666
combined_equal_weight,2023-04-03,NEE,0.016666666666666666
combined_equal_weight,2023-05-01,NEE,0.016666666666666666
combined_equal_weight,2023-06-01,NEE,0.016666666666666666
combined_equal_weight,2023-07-03,NEE,0.016666666666666666
combined_equal_weight,2023-08-01,NEE,0.016666666666666666
combined_equal_weight,2023-09-01,NEE,0.016666666666666666
combined_equal_weight,2023-10-02,NEE,0.016666666666666666
combined_equal_weight,2023-11-01,NEE,0.016666666666666666
combined_equal_weight,2023-12-01,NEE,0.016666666666666666
combined_equal_weight,2021-01-04,NEM,0.016666666666666666
combined_equal_weight,2021-02-01,NEM,0.016666666666666666
combined_equal_weight,2021-03-01,NEM,0.016666666666666666
combined_equal_weight,2021-04-01,NEM,0.016666666666666666
combined_equal_weight,2021-05-03,NEM,0.016666666666666666
combined_equal_weight,2021-06-01,NEM,0.016666666666666666
combined_equal_weight,2021-07-01,NEM,0.016666666666666666
combined_equal_weight,2021-08-02,NEM,0.016666666666666666
combined_equal_weight,2021-09-01,NEM,0.016666666666666666
combined_equal_weight,2021-10-01,NEM,0.016666666666666666
combined_equal_weight,2021-11-01,NEM,0.016666666666666666
combined_equal_weight,2021-12-01,NEM,0.016666666666666666
combined_equal_weight,2022-01-03,NEM,0.016666666666666666
combined_equal_weight,2022-02-01,NEM,0.016666666666666666
combined_equal_weight,2022-03-01,NEM,0.016666666666666666
combined_equal_weight,2022-04-01,NEM,0.016666666666666666
combined_equal_weight,2022-05-02,NEM,0.016666666666666666
combined_equal_weight,2022-06-01,NEM,0.016666666666666666
combined_equal_weight,2022-07-01,NEM,0.016666666666666666
combined_equal_weight,2022-08-01,NEM,0.016666666666666666
combined_equal_weight,2022-09-01,NEM,0.016666666666666666
combined_equal_weight,2022-10-03,NEM,0.016666666666666666
combined_equal_weight,2022-11-01,NEM,0.016666666666666666
combined_equal_weight,2022-12-01,NEM,0.016666666666666666
combined_equal_weight,2023-01-03,NEM,0.016666666666666666
combined_equal_weight,2023-02-01,NEM,0.016666666666666666
combined_equal_weight,2023-03-01,NEM,0.016666666666666666
combined_equal_weight,2023-04-03,NEM,0.016666666666666666
combined_equal_weight,2023-05-01,NEM,0.016666666666666666
combined_equal_weight,2023-06-01,NEM,0.016666666666666666
combined_equal_weight,2023-07-03,NEM,0.016666666666666666
combined_equal_weight,2023-08-01,NEM,0.016666666666666666
combined_equal_weight,2023-09-01,NEM,0.016666666666666666
combined_equal_weight,2023-10-02,NEM,0.016666666666666666
combined_equal_weight,2023-11-01,NEM,0.016666666666666666
combined_equal_weight,2023-12-01,NEM,0.016666666666666666
combined_equal_weight,2021-01-04,NKE,0.016666666666666666
combined_equal_weight,2021-02-01,NKE,0.016666666666666666
combined_equal_weight,2021-03-01,NKE,0.016666666666666666
combined_equal_weight,2021-04-01,NKE,0.016666666666666666
combined_equal_weight,2021-05-03,NKE,0.016666666666666666
combined_equal_weight,2021-06-01,NKE,0.016666666666666666
combined_equal_weight,2021-07-01,NKE,0.016666666666666666
combined_equal_weight,2021-08-02,NKE,0.016666666666666666
combined_equal_weight,2021-09-01,NKE,0.016666666666666666
combined_equal_weight,2021-10-01,NKE,0.016666666666666666
combined_equal_weight,2021-11-01,NKE,0.016666666666666666
combined_equal_weight,2021-12-01,NKE,0.016666666666666666
combined_equal_weight,2022-01-03,NKE,0.016666666666666666
combined_equal_weight,2022-02-01,NKE,0.016666666666666666
combined_equal_weight,2022-03-01,NKE,0.016666666666666666
combined_equal_weight,2022-04-01,NKE,0.016666666666666666
combined_equal_weight,2022-05-02,NKE,0.016666666666666666
combined_equal_weight,2022-06-01,NKE,0.016666666666666666
combined_equal_weight,2022-07-01,NKE,0.016666666666666666
combined_equal_weight,2022-08-01,NKE,0.016666666666666666
combined_equal_weight,2022-09-01,NKE,0.016666666666666666
combined_equal_weight,2022-10-03,NKE,0.016666666666666666
combined_equal_weight,2022-11-01,NKE,0.016666666666666666
combined_equal_weight,2022-12-01,NKE,0.016666666666666666
combined_equal_weight,2023-01-03,NKE,0.016666666666666666
combined_equal_weight,2023-02-01,NKE,0.016666666666666666
combined_equal_weight,2023-03-01,NKE,0.016666666666666666
combined_equal_weight,2023-04-03,NKE,0.016666666666666666
combined_equal_weight,2023-05-01,NKE,0.016666666666666666
combined_equal_weight,2023-06-01,NKE,0.016666666666666666
combined_equal_weight,2023-07-03,NKE,0.016666666666666666
combined_equal_weight,2023-08-01,NKE,0.016666666666666666
combined_equal_weight,2023-09-01,NKE,0.016666666666666666
combined_equal_weight,2023-10-02,NKE,0.016666666666666666
combined_equal_weight,2023-11-01,NKE,0.016666666666666666
combined_equal_weight,2023-12-01,NKE,0.016666666666666666
combined_equal_weight,2021-01-04,NUE,0.016666666666666666
combined_equal_weight,2021-02-01,NUE,0.016666666666666666
combined_equal_weight,2021-03-01,NUE,0.016666666666666666
combined_equal_weight,2021-04-01,NUE,0.016666666666666666
combined_equal_weight,2021-05-03,NUE,0.016666666666666666
combined_equal_weight,2021-06-01,NUE,0.016666666666666666
combined_equal_weight,2021-07-01,NUE,0.016666666666666666
combined_equal_weight,2021-08-02,NUE,0.016666666666666666
combined_equal_weight,2021-09-01,NUE,0.016666666666666666
combined_equal_weight,2021-10-01,NUE,0.016666666666666666
combined_equal_weight,2021-11-01,NUE,0.016666666666666666
combined_equal_weight,2021-12-01,NUE,0.016666666666666666
combined_equal_weight,2022-01-03,NUE,0.016666666666666666
combined_equal_weight,2022-02-01,NUE,0.016666666666666666
combined_equal_weight,2022-03-01,NUE,0.016666666666666666
combined_equal_weight,2022-04-01,NUE,0.016666666666666666
combined_equal_weight,2022-05-02,NUE,0.016666666666666666
combined_equal_weight,2022-06-01,NUE,0.016666666666666666
combined_equal_weight,2022-07-01,NUE,0.016666666666666666
combined_equal_weight,2022-08-01,NUE,0.016666666666666666
combined_equal_weight,2022-09-01,NUE,0.016666666666666666
combined_equal_weight,2022-10-03,NUE,0.016666666666666666
combined_equal_weight,2022-11-01,NUE,0.016666666666666666
combined_equal_weight,2022-12-01,NUE,0.016666666666666666
combined_equal_weight,2023-01-03,NUE,0.016666666666666666
combined_equal_weight,2023-02-01,NUE,0.016666666666666666
combined_equal_weight,2023-03-01,NUE,0.016666666666666666
combined_equal_weight,2023-04-03,NUE,0.016666666666666666
combined_equal_weight,2023-05-01,NUE,0.016666666666666666
combined_equal_weight,2023-06-01,NUE,0.016666666666666666
combined_equal_weight,2023-07-03,NUE,0.016666666666666666
combined_equal_weight,2023-08-01,NUE,0.016666666666666666
combined_equal_weight,2023-09-01,NUE,0.016666666666666666
combined_equal_weight,2023-10-02,NUE,0.016666666666666666
combined_equal_weight,2023-11-01,NUE,0.016666666666666666
combined_equal_weight,2023-12-01,NUE,0.016666666666666666
combined_equal_weight,2021-01-04,NVDA,0.016666666666666666
combined_equal_weight,2021-02-01,NVDA,0.016666666666666666
combined_equal_weight,2021-03-01,NVDA,0.016666666666666666
combined_equal_weight,2021-04-01,NVDA,0.016666666666666666
combined_equal_weight,2021-05-03,NVDA,0.016666666666666666
combined_equal_weight,2021-06-01,NVDA,0.016666666666666666
combined_equal_weight,2021-07-01,NVDA,0.016666666666666666
combined_equal_weight,2021-08-02,NVDA,0.016666666666666666
combined_equal_weight,2021-09-01,NVDA,0.016666666666666666
combined_equal_weight,2021-10-01,NVDA,0.016666666666666666
combined_equal_weight,2021-11-01,NVDA,0.016666666666666666
combined_equal_weight,2021-12-01,NVDA,0.016666666666666666
combined_equal_weight,2022-01-03,NVDA,0.016666666666666666
combined_equal_weight,2022-02-01,NVDA,0.016666666666666666
combined_equal_weight,2022-03-01,NVDA,0.016666666666666666
combined_equal_weight,2022-04-01,NVDA,0.016666666666666666
combined_equal_weight,2022-05-02,NVDA,0.016666666666666666
combined_equal_weight,2022-06-01,NVDA,0.016666666666666666
combined_equal_weight,2022-07-01,NVDA,0.016666666666666666
combined_equal_weight,2022-08-01,NVDA,0.016666666666666666
combined_equal_weight,2022-09-01,NVDA,0.016666666666666666
combined_equal_weight,2022-10-03,NVDA,0.016666666666666666
combined_equal_weight,2022-11-01,NVDA,0.016666666666666666
combined_equal_weight,2022-12-01,NVDA,0.016666666666666666
combined_equal_weight,2023-01-03,NVDA,0.016666666666666666
combined_equal_weight,2023-02-01,NVDA,0.016666666666666666
combined_equal_weight,2023-03-01,NVDA,0.016666666666666666
combined_equal_weight,2023-04-03,NVDA,0.016666666666666666
combined_equal_weight,2023-05-01,NVDA,0.016666666666666666
combined_equal_weight,2023-06-01,NVDA,0.016666666666666666
combined_equal_weight,2023-07-03,NVDA,0.016666666666666666
combined_equal_weight,2023-08-01,NVDA,0.016666666666666666
combined_equal_weight,2023-09-01,NVDA,0.016666666666666666
combined_equal_weight,2023-10-02,NVDA,0.016666666666666666
combined_equal_weight,2023-11-01,NVDA,0.016666666666666666
combined_equal_weight,2023-12-01,NVDA,0.016666666666666666
combined_equal_weight,2021-01-04,O,0.016666666666666666
combined_equal_weight,2021-02-01,O,0.016666666666666666
combined_equal_weight,2021-03-01,O,0.016666666666666666
combined_equal_weight,2021-04-01,O,0.016666666666666666
combined_equal_weight,2021-05-03,O,0.016666666666666666
combined_equal_weight,2021-06-01,O,0.016666666666666666
combined_equal_weight,2021-07-01,O,0.016666666666666666
combined_equal_weight,2021-08-02,O,0.016666666666666666
combined_equal_weight,2021-09-01,O,0.016666666666666666
combined_equal_weight,2021-10-01,O,0.016666666666666666
combined_equal_weight,2021-11-01,O,0.016666666666666666
combined_equal_weight,2021-12-01,O,0.016666666666666666
combined_equal_weight,2022-01-03,O,0.016666666666666666
combined_equal_weight,2022-02-01,O,0.016666666666666666
combined_equal_weight,2022-03-01,O,0.016666666666666666
combined_equal_weight,2022-04-01,O,0.016666666666666666
combined_equal_weight,2022-05-02,O,0.016666666666666666
combined_equal_weight,2022-06-01,O,0.016666666666666666
combined_equal_weight,2022-07-01,O,0.016666666666666666
combined_equal_weight,2022-08-01,O,0.016666666666666666
combined_equal_weight,2022-09-01,O,0.016666666666666666
combined_equal_weight,2022-10-03,O,0.016666666666666666
combined_equal_weight,2022-11-01,O,0.016666666666666666
combined_equal_weight,2022-12-01,O,0.016666666666666666
combined_equal_weight,2023-01-03,O,0.016666666666666666
combined_equal_weight,2023-02-01,O,0.016666666666666666
combined_equal_weight,2023-03-01,O,0.016666666666666666
combined_equal_weight,2023-04-03,O,0.016666666666666666
combined_equal_weight,2023-05-01,O,0.016666666666666666
combined_equal_weight,2023-06-01,O,0.016666666666666666
combined_equal_weight,2023-07-03,O,0.016666666666666666
combined_equal_weight,2023-08-01,O,0.016666666666666666
combined_equal_weight,2023-09-01,O,0.016666666666666666
combined_equal_weight,2023-10-02,O,0.016666666666666666
combined_equal_weight,2023-11-01,O,0.016666666666666666
combined_equal_weight,2023-12-01,O,0.016666666666666666
combined_equal_weight,2021-01-04,OXY,0.016666666666666666
combined_equal_weight,2021-02-01,OXY,0.016666666666666666
combined_equal_weight,2021-03-01,OXY,0.016666666666666666
combined_equal_weight,2021-04-01,OXY,0.016666666666666666
combined_equal_weight,2021-05-03,OXY,0.016666666666666666
combined_equal_weight,2021-06-01,OXY,0.016666666666666666
combined_equal_weight,2021-07-01,OXY,0.016666666666666666
combined_equal_weight,2021-08-02,OXY,0.016666666666666666
combined_equal_weight,2021-09-01,OXY,0.016666666666666666
combined_equal_weight,2021-10-01,OXY,0.016666666666666666
combined_equal_weight,2021-11-01,OXY,0.016666666666666666
combined_equal_weight,2021-12-01,OXY,0.016666666666666666
combined_equal_weight,2022-01-03,OXY,0.016666666666666666
combined_equal_weight,2022-02-01,OXY,0.016666666666666666
combined_equal_weight,2022-03-01,OXY,0.016666666666666666
combined_equal_weight,2022-04-01,OXY,0.016666666666666666
combined_equal_weight,2022-05-02,OXY,0.016666666666666666
combined_equal_weight,2022-06-01,OXY,0.016666666666666666
combined_equal_weight,2022-07-01,OXY,0.016666666666666666
combined_equal_weight,2022-08-01,OXY,0.016666666666666666
combined_equal_weight,2022-09-01,OXY,0.016666666666666666
combined_equal_weight,2022-10-03,OXY,0.016666666666666666
combined_equal_weight,2022-11-01,OXY,0.016666666666666666
combined_equal_weight,2022-12-01,OXY,0.016666666666666666
combined_equal_weight,2023-01-03,OXY,0.016666666666666666
combined_equal_weight,2023-02-01,OXY,0.016666666666666666
combined_equal_weight,2023-03-01,OXY,0.016666666666666666
combined_equal_weight,2023-04-03,OXY,0.016666666666666666
combined_equal_weight,2023-05-01,OXY,0.016666666666666666
combined_equal_weight,2023-06-01,OXY,0.016666666666666666
combined_equal_weight,2023-07-03,OXY,0.016666666666666666
combined_equal_weight,2023-08-01,OXY,0.016666666666666666
combined_equal_weight,2023-09-01,OXY,0.016666666666666666
combined_equal_weight,2023-10-02,OXY,0.016666666666666666
combined_equal_weight,2023-11-01,OXY,0.016666666666666666
combined_equal_weight,2023-12-01,OXY,0.016666666666666666
combined_equal_weight,2021-01-04,PLD,0.016666666666666666
combined_equal_weight,2021-02-01,PLD,0.016666666666666666
combined_equal_weight,2021-03-01,PLD,0.016666666666666666
combined_equal_weight,2021-04-01,PLD,0.016666666666666666
combined_equal_weight,2021-05-03,PLD,0.016666666666666666
combined_equal_weight,2021-06-01,PLD,0.016666666666666666
combined_equal_weight,2021-07-01,PLD,0.016666666666666666
combined_equal_weight,2021-08-02,PLD,0.016666666666666666
combined_equal_weight,2021-09-01,PLD,0.016666666666666666
combined_equal_weight,2021-10-01,PLD,0.016666666666666666
combined_equal_weight,2021-11-01,PLD,0.016666666666666666
combined_equal_weight,2021-12-01,PLD,0.016666666666666666
combined_equal_weight,2022-01-03,PLD,0.016666666666666666
combined_equal_weight,2022-02-01,PLD,0.016666666666666666
combined_equal_weight,2022-03-01,PLD,0.016666666666666666
combined_equal_weight,2022-04-01,PLD,0.016666666666666666
combined_equal_weight,2022-05-02,PLD,0.016666666666666666
combined_equal_weight,2022-06-01,PLD,0.016666666666666666
combined_equal_weight,2022-07-01,PLD,0.016666666666666666
combined_equal_weight,2022-08-01,PLD,0.016666666666666666
combined_equal_weight,2022-09-01,PLD,0.016666666666666666
combined_equal_weight,2022-10-03,PLD,0.016666666666666666
combined_equal_weight,2022-11-01,PLD,0.016666666666666666
combined_equal_weight,2022-12-01,PLD,0.016666666666666666
combined_equal_weight,2023-01-03,PLD,0.016666666666666666
combined_equal_weight,2023-02-01,PLD,0.016666666666666666
combined_equal_weight,2023-03-01,PLD,0.016666666666666666
combined_equal_weight,2023-04-03,PLD,0.016666666666666666
combined_equal_weight,2023-05-01,PLD,0.016666666666666666
combined_equal_weight,2023-06-01,PLD,0.016666666666666666
combined_equal_weight,2023-07-03,PLD,0.016666666666666666
combined_equal_weight,2023-08-01,PLD,0.016666666666666666
combined_equal_weight,2023-09-01,PLD,0.016666666666666666
combined_equal_weight,2023-10-02,PLD,0.016666666666666666
combined_equal_weight,2023-11-01,PLD,0.016666666666666666
combined_equal_weight,2023-12-01,PLD,0.016666666666666666
combined_equal_weight,2021-01-04,PSA,0.016666666666666666
combined_equal_weight,2021-02-01,PSA,0.016666666666666666
combined_equal_weight,2021-03-01,PSA,0.016666666666666666
combined_equal_weight,2021-04-01,PSA,0.016666666666666666
combined_equal_weight,2021-05-03,PSA,0.016666666666666666
combined_equal_weight,2021-06-01,PSA,0.016666666666666666
combined_equal_weight,2021-07-01,PSA,0.016666666666666666
combined_equal_weight,2021-08-02,PSA,0.016666666666666666
combined_equal_weight,2021-09-01,PSA,0.016666666666666666
combined_equal_weight,2021-10-01,PSA,0.016666666666666666
combined_equal_weight,2021-11-01,PSA,0.016666666666666666
combined_equal_weight,2021-12-01,PSA,0.016666666666666666
combined_equal_weight,2022-01-03,PSA,0.016666666666666666
combined_equal_weight,2022-02-01,PSA,0.016666666666666666
combined_equal_weight,2022-03-01,PSA,0.016666666666666666
combined_equal_weight,2022-04-01,PSA,0.016666666666666666
combined_equal_weight,2022-05-02,PSA,0.016666666666666666
combined_equal_weight,2022-06-01,PSA,0.016666666666666666
combined_equal_weight,2022-07-01,PSA,0.016666666666666666
combined_equal_weight,2022-08-01,PSA,0.016666666666666666
combined_equal_weight,2022-09-01,PSA,0.016666666666666666
combined_equal_weight,2022-10-03,PSA,0.016666666666666666
combined_equal_weight,2022-11-01,PSA,0.016666666666666666
combined_equal_weight,2022-12-01,PSA,0.016666666666666666
combined_equal_weight,2023-01-03,PSA,0.016666666666666666
combined_equal_weight,2023-02-01,PSA,0.016666666666666666
combined_equal_weight,2023-03-01,PSA,0.016666666666666666
combined_equal_weight,2023-04-03,PSA,0.016666666666666666
combined_equal_weight,2023-05-01,PSA,0.016666666666666666
combined_equal_weight,2023-06-01,PSA,0.016666666666666666
combined_equal_weight,2023-07-03,PSA,0.016666666666666666
combined_equal_weight,2023-08-01,PSA,0.016666666666666666
combined_equal_weight,2023-09-01,PSA,0.016666666666666666
combined_equal_weight,2023-10-02,PSA,0.016666666666666666
combined_equal_weight,2023-11-01,PSA,0.016666666666666666
combined_equal_weight,2023-12-01,PSA,0.016666666666666666
combined_equal_weight,2021-01-04,QCOM,0.016666666666666666
combined_equal_weight,2021-02-01,QCOM,0.016666666666666666
combined_equal_weight,2021-03-01,QCOM,0.016666666666666666
combined_equal_weight,2021-04-01,QCOM,0.016666666666666666
combined_equal_weight,2021-05-03,QCOM,0.016666666666666666
combined_equal_weight,2021-06-01,QCOM,0.016666666666666666
combined_equal_weight,2021-07-01,QCOM,0.016666666666666666
combined_equal_weight,2021-08-02,QCOM,0.016666666666666666
combined_equal_weight,2021-09-01,QCOM,0.016666666666666666
combined_equal_weight,2021-10-01,QCOM,0.016666666666666666
combined_equal_weight,2021-11-01,QCOM,0.016666666666666666
combined_equal_weight,2021-12-01,QCOM,0.016666666666666666
combined_equal_weight,2022-01-03,QCOM,0.016666666666666666
combined_equal_weight,2022-02-01,QCOM,0.016666666666666666
combined_equal_weight,2022-03-01,QCOM,0.016666666666666666
combined_equal_weight,2022-04-01,QCOM,0.016666666666666666
combined_equal_weight,2022-05-02,QCOM,0.016666666666666666
combined_equal_weight,2022-06-01,QCOM,0.016666666666666666
combined_equal_weight,2022-07-01,QCOM,0.016666666666666666
combined_equal_weight,2022-08-01,QCOM,0.016666666666666666
combined_equal_weight,2022-09-01,QCOM,0.016666666666666666
combined_equal_weight,2022-10-03,QCOM,0.016666666666666666
combined_equal_weight,2022-11-01,QCOM,0.016666666666666666
combined_equal_weight,2022-12-01,QCOM,0.016666666666666666
combined_equal_weight,2023-01-03,QCOM,0.016666666666666666
combined_equal_weight,2023-02-01,QCOM,0.016666666666666666
combined_equal_weight,2023-03-01,QCOM,0.016666666666666666
combined_equal_weight,2023-04-03,QCOM,0.016666666666666666
combined_equal_weight,2023-05-01,QCOM,0.016666666666666666
combined_equal_weight,2023-06-01,QCOM,0.016666666666666666
combined_equal_weight,2023-07-03,QCOM,0.016666666666666666
combined_equal_weight,2023-08-01,QCOM,0.016666666666666666
combined_equal_weight,2023-09-01,QCOM,0.016666666666666666
combined_equal_weight,2023-10-02,QCOM,0.016666666666666666
combined_equal_weight,2023-11-01,QCOM,0.016666666666666666
combined_equal_weight,2023-12-01,QCOM,0.016666666666666666
combined_equal_weight,2021-01-04,SBUX,0.016666666666666666
combined_equal_weight,2021-02-01,SBUX,0.016666666666666666
combined_equal_weight,2021-03-01,SBUX,0.016666666666666666
combined_equal_weight,2021-04-01,SBUX,0.016666666666666666
combined_equal_weight,2021-05-03,SBUX,0.016666666666666666
combined_equal_weight,2021-06-01,SBUX,0.016666666666666666
combined_equal_weight,2021-07-01,SBUX,0.016666666666666666
combined_equal_weight,2021-08-02,SBUX,0.016666666666666666
combined_equal_weight,2021-09-01,SBUX,0.016666666666666666
combined_equal_weight,2021-10-01,SBUX,0.016666666666666666
combined_equal_weight,2021-11-01,SBUX,0.016666666666666666
combined_equal_weight,2021-12-01,SBUX,0.016666666666666666
combined_equal_weight,2022-01-03,SBUX,0.016666666666666666
combined_equal_weight,2022-02-01,SBUX,0.016666666666666666
combined_equal_weight,2022-03-01,SBUX,0.016666666666666666
combined_equal_weight,2022-04-01,SBUX,0.016666666666666666
combined_equal_weight,2022-05-02,SBUX,0.016666666666666666
combined_equal_weight,2022-06-01,SBUX,0.016666666666666666
combined_equal_weight,2022-07-01,SBUX,0.016666666666666666
combined_equal_weight,2022-08-01,SBUX,0.016666666666666666
combined_equal_weight,2022-09-01,SBUX,0.016666666666666666
combined_equal_weight,2022-10-03,SBUX,0.016666666666666666
combined_equal_weight,2022-11-01,SBUX,0.016666666666666666
combined_equal_weight,2022-12-01,SBUX,0.016666666666666666
combined_equal_weight,2023-01-03,SBUX,0.016666666666666666
combined_equal_weight,2023-02-01,SBUX,0.016666666666666666
combined_equal_weight,2023-03-01,SBUX,0.016666666666666666
combined_equal_weight,2023-04-03,SBUX,0.016666666666666666
combined_equal_weight,2023-05-01,SBUX,0.016666666666666666
combined_equal_weight,2023-06-01,SBUX,0.016666666666666666
combined_equal_weight,2023-07-03,SBUX,0.016666666666666666
combined_equal_weight,2023-08-01,SBUX,0.016666666666666666
combined_equal_weight,2023-09-01,SBUX,0.016666666666666666
combined_equal_weight,2023-10-02,SBUX,0.016666666666666666
combined_equal_weight,2023-11-01,SBUX,0.016666666666666666
combined_equal_weight,2023-12-01,SBUX,0.016666666666666666
combined_equal_weight,2021-01-04,SHW,0.016666666666666666
combined_equal_weight,2021-02-01,SHW,0.016666666666666666
combined_equal_weight,2021-03-01,SHW,0.016666666666666666
combined_equal_weight,2021-04-01,SHW,0.016666666666666666
combined_equal_weight,2021-05-03,SHW,0.016666666666666666
combined_equal_weight,2021-06-01,SHW,0.016666666666666666
combined_equal_weight,2021-07-01,SHW,0.016666666666666666
combined_equal_weight,2021-08-02,SHW,0.016666666666666666
combined_equal_weight,2021-09-01,SHW,0.016666666666666666
combined_equal_weight,2021-10-01,SHW,0.016666666666666666
combined_equal_weight,2021-11-01,SHW,0.016666666666666666
combined_equal_weight,2021-12-01,SHW,0.016666666666666666
combined_equal_weight,2022-01-03,SHW,0.016666666666666666
combined_equal_weight,2022-02-01,SHW,0.016666666666666666
combined_equal_weight,2022-03-01,SHW,0.016666666666666666
combined_equal_weight,2022-04-01,SHW,0.016666666666666666
combined_equal_weight,2022-05-02,SHW,0.016666666666666666
combined_equal_weight,2022-06-01,SHW,0.016666666666666666
combined_equal_weight,2022-07-01,SHW,0.016666666666666666
combined_equal_weight,2022-08-01,SHW,0.016666666666666666
combined_equal_weight,2022-09-01,SHW,0.016666666666666666
combined_equal_weight,2022-10-03,SHW,0.016666666666666666
combined_equal_weight,2022-11-01,SHW,0.016666666666666666
combined_equal_weight,2022-12-01,SHW,0.016666666666666666
combined_equal_weight,2023-01-03,SHW,0.016666666666666666
combined_equal_weight,2023-02-01,SHW,0.016666666666666666
combined_equal_weight,2023-03-01,SHW,0.016666666666666666
combined_equal_weight,2023-04-03,SHW,0.016666666666666666
combined_equal_weight,2023-05-01,SHW,0.016666666666666666
combined_equal_weight,2023-06-01,SHW,0.016666666666666666
combined_equal_weight,2023-07-03,SHW,0.016666666666666666
combined_equal_weight,2023-08-01,SHW,0.016666666666666666
combined_equal_weight,2023-09-01,SHW,0.016666666666666666
combined_equal_weight,2023-10-02,SHW,0.016666666666666666
combined_equal_weight,2023-11-01,SHW,0.016666666666666666
combined_equal_weight,2023-12-01,SHW,0.016666666666666666
combined_equal_weight,2021-01-04,SLB,0.016666666666666666
combined_equal_weight,2021-02-01,SLB,0.016666666666666666
combined_equal_weight,2021-03-01,SLB,0.016666666666666666
combined_equal_weight,2021-04-01,SLB,0.016666666666666666
combined_equal_weight,2021-05-03,SLB,0.016666666666666666
combined_equal_weight,2021-06-01,SLB,0.016666666666666666
combined_equal_weight,2021-07-01,SLB,0.016666666666666666
combined_equal_weight,2021-08-02,SLB,0.016666666666666666
combined_equal_weight,2021-09-01,SLB,0.016666666666666666
combined_equal_weight,2021-10-01,SLB,0.016666666666666666
combined_equal_weight,2021-11-01,SLB,0.016666666666666666
combined_equal_weight,2021-12-01,SLB,0.016666666666666666
combined_equal_weight,2022-01-03,SLB,0.016666666666666666
combined_equal_weight,2022-02-01,SLB,0.016666666666666666
combined_equal_weight,2022-03-01,SLB,0.016666666666666666
combined_equal_weight,2022-04-01,SLB,0.016666666666666666
combined_equal_weight,2022-05-02,SLB,0.016666666666666666
combined_equal_weight,2022-06-01,SLB,0.016666666666666666
combined_equal_weight,2022-07-01,SLB,0.016666666666666666
combined_equal_weight,2022-08-01,SLB,0.016666666666666666
combined_equal_weight,2022-09-01,SLB,0.016666666666666666
combined_equal_weight,2022-10-03,SLB,0.016666666666666666
combined_equal_weight,2022-11-01,SLB,0.016666666666666666
combined_equal_weight,2022-12-01,SLB,0.016666666666666666
combined_equal_weight,2023-01-03,SLB,0.016666666666666666
combined_equal_weight,2023-02-01,SLB,0.016666666666666666
combined_equal_weight,2023-03-01,SLB,0.016666666666666666
combined_equal_weight,2023-04-03,SLB,0.016666666666666666
combined_equal_weight,2023-05-01,SLB,0.016666666666666666
combined_equal_weight,2023-06-01,SLB,0.016666666666666666
combined_equal_weight,2023-07-03,SLB,0.016666666666666666
combined_equal_weight,2023-08-01,SLB,0.016666666666666666
combined_equal_weight,2023-09-01,SLB,0.016666666666666666
combined_equal_weight,2023-10-02,SLB,0.016666666666666666
combined_equal_weight,2023-11-01,SLB,0.016666666666666666
combined_equal_weight,2023-12-01,SLB,0.016666666666666666
combined_equal_weight,2021-01-04,SO,0.016666666666666666
combined_equal_weight,2021-02-01,SO,0.016666666666666666
combined_equal_weight,2021-03-01,SO,0.016666666666666666
combined_equal_weight,2021-04-01,SO,0.016666666666666666
combined_equal_weight,2021-05-03,SO,0.016666666666666666
combined_equal_weight,2021-06-01,SO,0.016666666666666666
combined_equal_weight,2021-07-01,SO,0.016666666666666666
combined_equal_weight,2021-08-02,SO,0.016666666666666666
combined_equal_weight,2021-09-01,SO,0.016666666666666666
combined_equal_weight,2021-10-01,SO,0.016666666666666666
combined_equal_weight,2021-11-01,SO,0.016666666666666666
combined_equal_weight,2021-12-01,SO,0.016666666666666666
combined_equal_weight,2022-01-03,SO,0.016666666666666666
combined_equal_weight,2022-02-01,SO,0.016666666666666666
combined_equal_weight,2022-03-01,SO,0.016666666666666666
combined_equal_weight,2022-04-01,SO,0.016666666666666666
combined_equal_weight,2022-05-02,SO,0.016666666666666666
combined_equal_weight,2022-06-01,SO,0.016666666666666666
combined_equal_weight,2022-07-01,SO,0.016666666666666666
combined_equal_weight,2022-08-01,SO,0.016666666666666666
combined_equal_weight,2022-09-01,SO,0.016666666666666666
combined_equal_weight,2022-10-03,SO,0.016666666666666666
combined_equal_weight,2022-11-01,SO,0.016666666666666666
combined_equal_weight,2022-12-01,SO,0.016666666666666666
combined_equal_weight,2023-01-03,SO,0.016666666666666666
combined_equal_weight,2023-02-01,SO,0.016666666666666666
combined_equal_weight,2023-03-01,SO,0.016666666666666666
combined_equal_weight,2023-04-03,SO,0.016666666666666666
combined_equal_weight,2023-05-01,SO,0.016666666666666666
combined_equal_weight,2023-06-01,SO,0.016666666666666666
combined_equal_weight,2023-07-03,SO,0.016666666666666666
combined_equal_weight,2023-08-01,SO,0.016666666666666666
combined_equal_weight,2023-09-01,SO,0.016666666666666666
combined_equal_weight,2023-10-02,SO,0.016666666666666666
combined_equal_weight,2023-11-01,SO,0.016666666666666666
combined_equal_weight,2023-12-01,SO,0.016666666666666666
combined_equal_weight,2021-01-04,T,0.016666666666666666
combined_equal_weight,2021-02-01,T,0.016666666666666666
combined_equal_weight,2021-03-01,T,0.016666666666666666
combined_equal_weight,2021-04-01,T,0.016666666666666666
combined_equal_weight,2021-05-03,T,0.016666666666666666
combined_equal_weight,2021-06-01,T,0.016666666666666666
combined_equal_weight,2021-07-01,T,0.016666666666666666
combined_equal_weight,2021-08-02,T,0.016666666666666666
combined_equal_weight,2021-09-01,T,0.016666666666666666
combined_equal_weight,2021-10-01,T,0.016666666666666666
combined_equal_weight,2021-11-01,T,0.016666666666666666
combined_equal_weight,2021-12-01,T,0.016666666666666666
combined_equal_weight,2022-01-03,T,0.016666666666666666
combined_equal_weight,2022-02-01,T,0.016666666666666666
combined_equal_weight,2022-03-01,T,0.016666666666666666
combined_equal_weight,2022-04-01,T,0.016666666666666666
combined_equal_weight,2022-05-02,T,0.016666666666666666
combined_equal_weight,2022-06-01,T,0.016666666666666666
combined_equal_weight,2022-07-01,T,0.016666666666666666
combined_equal_weight,2022-08-01,T,0.016666666666666666
combined_equal_weight,2022-09-01,T,0.016666666666666666
combined_equal_weight,2022-10-03,T,0.016666666666666666
combined_equal_weight,2022-11-01,T,0.016666666666666666
combined_equal_weight,2022-12-01,T,0.016666666666666666
combined_equal_weight,2023-01-03,T,0.016666666666666666
combined_equal_weight,2023-02-01,T,0.016666666666666666
combined_equal_weight,2023-03-01,T,0.016666666666666666
combined_equal_weight,2023-04-03,T,0.016666666666666666
combined_equal_weight,2023-05-01,T,0.016666666666666666
combined_equal_weight,2023-06-01,T,0.016666666666666666
combined_equal_weight,2023-07-03,T,0.016666666666666666
combined_equal_weight,2023-08-01,T,0.016666666666666666
combined_equal_weight,2023-09-01,T,0.016666666666666666
combined_equal_weight,2023-10-02,T,0.016666666666666666
combined_equal_weight,2023-11-01,T,0.016666666666666666
combined_equal_weight,2023-12-01,T,0.016666666666666666
combined_equal_weight,2021-01-04,TMUS,0.016666666666666666
combined_equal_weight,2021-02-01,TMUS,0.016666666666666666
combined_equal_weight,2021-03-01,TMUS,0.016666666666666666
combined_equal_weight,2021-04-01,TMUS,0.016666666666666666
combined_equal_weight,2021-05-03,TMUS,0.016666666666666666
combined_equal_weight,2021-06-01,TMUS,0.016666666666666666
combined_equal_weight,2021-07-01,TMUS,0.016666666666666666
combined_equal_weight,2021-08-02,TMUS,0.016666666666666666
combined_equal_weight,2021-09-01,TMUS,0.016666666666666666
combined_equal_weight,2021-10-01,TMUS,0.016666666666666666
combined_equal_weight,2021-11-01,TMUS,0.016666666666666666
combined_equal_weight,2021-12-01,TMUS,0.016666666666666666
combined_equal_weight,2022-01-03,TMUS,0.016666666666666666
combined_equal_weight,2022-02-01,TMUS,0.016666666666666666
combined_equal_weight,2022-03-01,TMUS,0.016666666666666666
combined_equal_weight,2022-04-01,TMUS,0.016666666666666666
combined_equal_weight,2022-05-02,TMUS,0.016666666666666666
combined_equal_weight,2022-06-01,TMUS,0.016666666666666666
combined_equal_weight,2022-07-01,TMUS,0.016666666666666666
combined_equal_weight,2022-08-01,TMUS,0.016666666666666666
combined_equal_weight,2022-09-01,TMUS,0.016666666666666666
combined_equal_weight,2022-10-03,TMUS,0.016666666666666666
combined_equal_weight,2022-11-01,TMUS,0.016666666666666666
combined_equal_weight,2022-12-01,TMUS,0.016666666666666666
combined_equal_weight,2023-01-03,TMUS,0.016666666666666666
combined_equal_weight,2023-02-01,TMUS,0.016666666666666666
combined_equal_weight,2023-03-01,TMUS,0.016666666666666666
combined_equal_weight,2023-04-03,TMUS,0.016666666666666666
combined_equal_weight,2023-05-01,TMUS,0.016666666666666666
combined_equal_weight,2023-06-01,TMUS,0.016666666666666666
combined_equal_weight,2023-07-03,TMUS,0.016666666666666666
combined_equal_weight,2023-08-01,TMUS,0.016666666666666666
combined_equal_weight,2023-09-01,TMUS,0.016666666666666666
combined_equal_weight,2023-10-02,TMUS,0.016666666666666666
combined_equal_weight,2023-11-01,TMUS,0.016666666666666666
combined_equal_weight,2023-12-01,TMUS,0.016666666666666666
combined_equal_weight,2021-01-04,TTWO,0.016666666666666666
combined_equal_weight,2021-02-01,TTWO,0.016666666666666666
combined_equal_weight,2021-03-01,TTWO,0.016666666666666666
combined_equal_weight,2021-04-01,TTWO,0.016666666666666666
combined_equal_weight,2021-05-03,TTWO,0.016666666666666666
combined_equal_weight,2021-06-01,TTWO,0.016666666666666666
combined_equal_weight,2021-07-01,TTWO,0.016666666666666666
combined_equal_weight,2021-08-02,TTWO,0.016666666666666666
combined_equal_weight,2021-09-01,TTWO,0.016666666666666666
combined_equal_weight,2021-10-01,TTWO,0.016666666666666666
combined_equal_weight,2021-11-01,TTWO,0.016666666666666666
combined_equal_weight,2021-12-01,TTWO,0.016666666666666666
combined_equal_weight,2022-01-03,TTWO,0.016666666666666666
combined_equal_weight,2022-02-01,TTWO,0.016666666666666666
combined_equal_weight,2022-03-01,TTWO,0.016666666666666666
combined_equal_weight,2022-04-01,TTWO,0.016666666666666666
combined_equal_weight,2022-05-02,TTWO,0.016666666666666666
combined_equal_weight,2022-06-01,TTWO,0.016666666666666666
combined_equal_weight,2022-07-01,TTWO,0.016666666666666666
combined_equal_weight,2022-08-01,TTWO,0.016666666666666666
combined_equal_weight,2022-09-01,TTWO,0.016666666666666666
combined_equal_weight,2022-10-03,TTWO,0.016666666666666666
combined_equal_weight,2022-11-01,TTWO,0.016666666666666666
combined_equal_weight,2022-12-01,TTWO,0.016666666666666666
combined_equal_weight,2023-01-03,TTWO,0.016666666666666666
combined_equal_weight,2023-02-01,TTWO,0.016666666666666666
combined_equal_weight,2023-03-01,TTWO,0.016666666666666666
combined_equal_weight,2023-04-03,TTWO,0.016666666666666666
combined_equal_weight,2023-05-01,TTWO,0.016666666666666666
combined_equal_weight,2023-06-01,TTWO,0.016666666666666666
combined_equal_weight,2023-07-03,TTWO,0.016666666666666666
combined_equal_weight,2023-08-01,TTWO,0.016666666666666666
combined_equal_weight,2023-09-01,TTWO,0.016666666666666666
combined_equal_weight,2023-10-02,TTWO,0.016666666666666666
combined_equal_weight,2023-11-01,TTWO,0.016666666666666666
combined_equal_weight,2023-12-01,TTWO,0.016666666666666666
combined_equal_weight,2021-01-04,UPS,0.016666666666666666
combined_equal_weight,2021-02-01,UPS,0.016666666666666666
combined_equal_weight,2021-03-01,UPS,0.016666666666666666
combined_equal_weight,2021-04-01,UPS,0.016666666666666666
combined_equal_weight,2021-05-03,UPS,0.016666666666666666
combined_equal_weight,2021-06-01,UPS,0.016666666666666666
combined_equal_weight,2021-07-01,UPS,0.016666666666666666
combined_equal_weight,2021-08-02,UPS,0.016666666666666666
combined_equal_weight,2021-09-01,UPS,0.016666666666666666
combined_equal_weight,2021-10-01,UPS,0.016666666666666666
combined_equal_weight,2021-11-01,UPS,0.016666666666666666
combined_equal_weight,2021-12-01,UPS,0.016666666666666666
combined_equal_weight,2022-01-03,UPS,0.016666666666666666
combined_equal_weight,2022-02-01,UPS,0.016666666666666666
combined_equal_weight,2022-03-01,UPS,0.016666666666666666
combined_equal_weight,2022-04-01,UPS,0.016666666666666666
combined_equal_weight,2022-05-02,UPS,0.016666666666666666
combined_equal_weight,2022-06-01,UPS,0.016666666666666666
combined_equal_weight,2022-07-01,UPS,0.016666666666666666
combined_equal_weight,2022-08-01,UPS,0.016666666666666666
combined_equal_weight,2022-09-01,UPS,0.016666666666666666
combined_equal_weight,2022-10-03,UPS,0.016666666666666666
combined_equal_weight,2022-11-01,UPS,0.016666666666666666
combined_equal_weight,2022-12-01,UPS,0.016666666666666666
combined_equal_weight,2023-01-03,UPS,0.016666666666666666
combined_equal_weight,2023-02-01,UPS,0.016666666666666666
combined_equal_weight,2023-03-01,UPS,0.016666666666666666
combined_equal_weight,2023-04-03,UPS,0.016666666666666666
combined_equal_weight,2023-05-01,UPS,0.016666666666666666
combined_equal_weight,2023-06-01,UPS,0.016666666666666666
combined_equal_weight,2023-07-03,UPS,0.016666666666666666
combined_equal_weight,2023-08-01,UPS,0.016666666666666666
combined_equal_weight,2023-09-01,UPS,0.016666666666666666
combined_equal_weight,2023-10-02,UPS,0.016666666666666666
combined_equal_weight,2023-11-01,UPS,0.016666666666666666
combined_equal_weight,2023-12-01,UPS,0.016666666666666666
combined_equal_weight,2021-01-04,USB,0.016666666666666666
combined_equal_weight,2021-02-01,USB,0.016666666666666666
combined_equal_weight,2021-03-01,USB,0.016666666666666666
combined_equal_weight,2021-04-01,USB,0.016666666666666666
combined_equal_weight,2021-05-03,USB,0.016666666666666666
combined_equal_weight,2021-06-01,USB,0.016666666666666666
combined_equal_weight,2021-07-01,USB,0.016666666666666666
combined_equal_weight,2021-08-02,USB,0.016666666666666666
combined_equal_weight,2021-09-01,USB,0.016666666666666666
combined_equal_weight,2021-10-01,USB,0.016666666666666666
combined_equal_weight,2021-11-01,USB,0.016666666666666666
combined_equal_weight,2021-12-01,USB,0.016666666666666666
combined_equal_weight,2022-01-03,USB,0.016666666666666666
combined_equal_weight,2022-02-01,USB,0.016666666666666666
combined_equal_weight,2022-03-01,USB,0.016666666666666666
combined_equal_weight,2022-04-01,USB,0.016666666666666666
combined_equal_weight,2022-05-02,USB,0.016666666666666666
combined_equal_weight,2022-06-01,USB,0.016666666666666666
combined_equal_weight,2022-07-01,USB,0.016666666666666666
combined_equal_weight,2022-08-01,USB,0.016666666666666666
combined_equal_weight,2022-09-01,USB,0.016666666666666666
combined_equal_weight,2022-10-03,USB,0.016666666666666666
combined_equal_weight,2022-11-01,USB,0.016666666666666666
combined_equal_weight,2022-12-01,USB,0.016666666666666666
combined_equal_weight,2023-01-03,USB,0.016666666666666666
combined_equal_weight,2023-02-01,USB,0.016666666666666666
combined_equal_weight,2023-03-01,USB,0.016666666666666666
combined_equal_weight,2023-04-03,USB,0.016666666666666666
combined_equal_weight,2023-05-01,USB,0.016666666666666666
combined_equal_weight,2023-06-01,USB,0.016666666666666666
combined_equal_weight,2023-07-03,USB,0.016666666666666666
combined_equal_weight,2023-08-01,USB,0.016666666666666666
combined_equal_weight,2023-09-01,USB,0.016666666666666666
combined_equal_weight,2023-10-02,USB,0.016666666666666666
combined_equal_weight,2023-11-01,USB,0.016666666666666666
combined_equal_weight,2023-12-01,USB,0.016666666666666666
combined_equal_weight,2021-01-04,V,0.016666666666666666
combined_equal_weight,2021-02-01,V,0.016666666666666666
combined_equal_weight,2021-03-01,V,0.016666666666666666
combined_equal_weight,2021-04-01,V,0.016666666666666666
combined_equal_weight,2021-05-03,V,0.016666666666666666
combined_equal_weight,2021-06-01,V,0.016666666666666666
combined_equal_weight,2021-07-01,V,0.016666666666666666
combined_equal_weight,2021-08-02,V,0.016666666666666666
combined_equal_weight,2021-09-01,V,0.016666666666666666
combined_equal_weight,2021-10-01,V,0.016666666666666666
combined_equal_weight,2021-11-01,V,0.016666666666666666
combined_equal_weight,2021-12-01,V,0.016666666666666666
combined_equal_weight,2022-01-03,V,0.016666666666666666
combined_equal_weight,2022-02-01,V,0.016666666666666666
combined_equal_weight,2022-03-01,V,0.016666666666666666
combined_equal_weight,2022-04-01,V,0.016666666666666666
combined_equal_weight,2022-05-02,V,0.016666666666666666
combined_equal_weight,2022-06-01,V,0.016666666666666666
combined_equal_weight,2022-07-01,V,0.016666666666666666
combined_equal_weight,2022-08-01,V,0.016666666666666666
combined_equal_weight,2022-09-01,V,0.016666666666666666
combined_equal_weight,2022-10-03,V,0.016666666666666666
combined_equal_weight,2022-11-01,V,0.016666666666666666
combined_equal_weight,2022-12-01,V,0.016666666666666666
combined_equal_weight,2023-01-03,V,0.016666666666666666
combined_equal_weight,2023-02-01,V,0.016666666666666666
combined_equal_weight,2023-03-01,V,0.016666666666666666
combined_equal_weight,2023-04-03,V,0.016666666666666666
combined_equal_weight,2023-05-01,V,0.016666666666666666
combined_equal_weight,2023-06-01,V,0.016666666666666666
combined_equal_weight,2023-07-03,V,0.016666666666666666
combined_equal_weight,2023-08-01,V,0.016666666666666666
combined_equal_weight,2023-09-01,V,0.016666666666666666
combined_equal_weight,2023-10-02,V,0.016666666666666666
combined_equal_weight,2023-11-01,V,0.016666666666666666
combined_equal_weight,2023-12-01,V,0.016666666666666666
combined_equal_weight,2021-01-04,WFC,0.016666666666666666
combined_equal_weight,2021-02-01,WFC,0.016666666666666666
combined_equal_weight,2021-03-01,WFC,0.016666666666666666
combined_equal_weight,2021-04-01,WFC,0.016666666666666666
combined_equal_weight,2021-05-03,WFC,0.016666666666666666
combined_equal_weight,2021-06-01,WFC,0.016666666666666666
combined_equal_weight,2021-07-01,WFC,0.016666666666666666
combined_equal_weight,2021-08-02,WFC,0.016666666666666666
combined_equal_weight,2021-09-01,WFC,0.016666666666666666
combined_equal_weight,2021-10-01,WFC,0.016666666666666666
combined_equal_weight,2021-11-01,WFC,0.016666666666666666
combined_equal_weight,2021-12-01,WFC,0.016666666666666666
combined_equal_weight,2022-01-03,WFC,0.016666666666666666
combined_equal_weight,2022-02-01,WFC,0.016666666666666666
combined_equal_weight,2022-03-01,WFC,0.016666666666666666
combined_equal_weight,2022-04-01,WFC,0.016666666666666666
combined_equal_weight,2022-05-02,WFC,0.016666666666666666
combined_equal_weight,2022-06-01,WFC,0.016666666666666666
combined_equal_weight,2022-07-01,WFC,0.016666666666666666
combined_equal_weight,2022-08-01,WFC,0.016666666666666666
combined_equal_weight,2022-09-01,WFC,0.016666666666666666
combined_equal_weight,2022-10-03,WFC,0.016666666666666666
combined_equal_weight,2022-11-01,WFC,0.016666666666666666
combined_equal_weight,2022-12-01,WFC,0.016666666666666666
combined_equal_weight,2023-01-03,WFC,0.016666666666666666
combined_equal_weight,2023-02-01,WFC,0.016666666666666666
combined_equal_weight,2023-03-01,WFC,0.016666666666666666
combined_equal_weight,2023-04-03,WFC,0.016666666666666666
combined_equal_weight,2023-05-01,WFC,0.016666666666666666
combined_equal_weight,2023-06-01,WFC,0.016666666666666666
combined_equal_weight,2023-07-03,WFC,0.016666666666666666
combined_equal_weight,2023-08-01,WFC,0.016666666666666666
combined_equal_weight,2023-09-01,WFC,0.016666666666666666
combined_equal_weight,2023-10-02,WFC,0.016666666666666666
combined_equal_weight,2023-11-01,WFC,0.016666666666666666
combined_equal_weight,2023-12-01,WFC,0.016666666666666666
combined_equal_weight,2021-01-04,WMT,0.016666666666666666
combined_equal_weight,2021-02-01,WMT,0.016666666666666666
combined_equal_weight,2021-03-01,WMT,0.016666666666666666
combined_equal_weight,2021-04-01,WMT,0.016666666666666666
combined_equal_weight,2021-05-03,WMT,0.016666666666666666
combined_equal_weight,2021-06-01,WMT,0.016666666666666666
combined_equal_weight,2021-07-01,WMT,0.016666666666666666
combined_equal_weight,2021-08-02,WMT,0.016666666666666666
combined_equal_weight,2021-09-01,WMT,0.016666666666666666
combined_equal_weight,2021-10-01,WMT,0.016666666666666666
combined_equal_weight,2021-11-01,WMT,0.016666666666666666
combined_equal_weight,2021-12-01,WMT,0.016666666666666666
combined_equal_weight,2022-01-03,WMT,0.016666666666666666
combined_equal_weight,2022-02-01,WMT,0.016666666666666666
combined_equal_weight,2022-03-01,WMT,0.016666666666666666
combined_equal_weight,2022-04-01,WMT,0.016666666666666666
combined_equal_weight,2022-05-02,WMT,0.016666666666666666
combined_equal_weight,2022-06-01,WMT,0.016666666666666666
combined_equal_weight,2022-07-01,WMT,0.016666666666666666
combined_equal_weight,2022-08-01,WMT,0.016666666666666666
combined_equal_weight,2022-09-01,WMT,0.016666666666666666
combined_equal_weight,2022-10-03,WMT,0.016666666666666666
combined_equal_weight,2022-11-01,WMT,0.016666666666666666
combined_equal_weight,2022-12-01,WMT,0.016666666666666666
combined_equal_weight,2023-01-03,WMT,0.016666666666666666
combined_equal_weight,2023-02-01,WMT,0.016666666666666666
combined_equal_weight,2023-03-01,WMT,0.016666666666666666
combined_equal_weight,2023-04-03,WMT,0.016666666666666666
combined_equal_weight,2023-05-01,WMT,0.016666666666666666
combined_equal_weight,2023-06-01,WMT,0.016666666666666666
combined_equal_weight,2023-07-03,WMT,0.016666666666666666
combined_equal_weight,2023-08-01,WMT,0.016666666666666666
combined_equal_weight,2023-09-01,WMT,0.016666666666666666
combined_equal_weight,2023-10-02,WMT,0.016666666666666666
combined_equal_weight,2023-11-01,WMT,0.016666666666666666
combined_equal_weight,2023-12-01,WMT,0.016666666666666666
combined_equal_weight,2021-01-04,XOM,0.016666666666666666
combined_equal_weight,2021-02-01,XOM,0.016666666666666666
combined_equal_weight,2021-03-01,XOM,0.016666666666666666
combined_equal_weight,2021-04-01,XOM,0.016666666666666666
combined_equal_weight,2021-05-03,XOM,0.016666666666666666
combined_equal_weight,2021-06-01,XOM,0.016666666666666666
combined_equal_weight,2021-07-01,XOM,0.016666666666666666
combined_equal_weight,2021-08-02,XOM,0.016666666666666666
combined_equal_weight,2021-09-01,XOM,0.016666666666666666
combined_equal_weight,2021-10-01,XOM,0.016666666666666666
combined_equal_weight,2021-11-01,XOM,0.016666666666666666
combined_equal_weight,2021-12-01,XOM,0.016666666666666666
combined_equal_weight,2022-01-03,XOM,0.016666666666666666
combined_equal_weight,2022-02-01,XOM,0.016666666666666666
combined_equal_weight,2022-03-01,XOM,0.016666666666666666
combined_equal_weight,2022-04-01,XOM,0.016666666666666666
combined_equal_weight,2022-05-02,XOM,0.016666666666666666
combined_equal_weight,2022-06-01,XOM,0.016666666666666666
combined_equal_weight,2022-07-01,XOM,0.016666666666666666
combined_equal_weight,2022-08-01,XOM,0.016666666666666666
combined_equal_weight,2022-09-01,XOM,0.016666666666666666
combined_equal_weight,2022-10-03,XOM,0.016666666666666666
combined_equal_weight,2022-11-01,XOM,0.016666666666666666
combined_equal_weight,2022-12-01,XOM,0.016666666666666666
combined_equal_weight,2023-01-03,XOM,0.016666666666666666
combined_equal_weight,2023-02-01,XOM,0.016666666666666666
combined_equal_weight,2023-03-01,XOM,0.016666666666666666
combined_equal_weight,2023-04-03,XOM,0.016666666666666666
combined_equal_weight,2023-05-01,XOM,0.016666666666666666
combined_equal_weight,2023-06-01,XOM,0.016666666666666666
combined_equal_weight,2023-07-03,XOM,0.016666666666666666
combined_equal_weight,2023-08-01,XOM,0.016666666666666666
combined_equal_weight,2023-09-01,XOM,0.016666666666666666
combined_equal_weight,2023-10-02,XOM,0.016666666666666666
combined_equal_weight,2023-11-01,XOM,0.016666666666666666
combined_equal_weight,2023-12-01,XOM,0.016666666666666666
combined_equal_weight,2021-01-04,ADA-USD,0.016666666666666666
combined_equal_weight,2021-02-01,ADA-USD,0.016666666666666666
combined_equal_weight,2021-03-01,ADA-USD,0.016666666666666666
combined_equal_weight,2021-04-01,ADA-USD,0.016666666666666666
combined_equal_weight,2021-05-03,ADA-USD,0.016666666666666666
combined_equal_weight,2021-06-01,ADA-USD,0.016666666666666666
combined_equal_weight,2021-07-01,ADA-USD,0.016666666666666666
combined_equal_weight,2021-08-02,ADA-USD,0.016666666666666666
combined_equal_weight,2021-09-01,ADA-USD,0.016666666666666666
combined_equal_weight,2021-10-01,ADA-USD,0.016666666666666666
combined_equal_weight,2021-11-01,ADA-USD,0.016666666666666666
combined_equal_weight,2021-12-01,ADA-USD,0.016666666666666666
combined_equal_weight,2022-01-03,ADA-USD,0.016666666666666666
combined_equal_weight,2022-02-01,ADA-USD,0.016666666666666666
combined_equal_weight,2022-03-01,ADA-USD,0.016666666666666666
combined_equal_weight,2022-04-01,ADA-USD,0.016666666666666666
combined_equal_weight,2022-05-02,ADA-USD,0.016666666666666666
combined_equal_weight,2022-06-01,ADA-USD,0.016666666666666666
combined_equal_weight,2022-07-01,ADA-USD,0.016666666666666666
combined_equal_weight,2022-08-01,ADA-USD,0.016666666666666666
combined_equal_weight,2022-09-01,ADA-USD,0.016666666666666666
combined_equal_weight,2022-10-03,ADA-USD,0.016666666666666666
combined_equal_weight,2022-11-01,ADA-USD,0.016666666666666666
combined_equal_weight,2022-12-01,ADA-USD,0.016666666666666666
combined_equal_weight,2023-01-03,ADA-USD,0.016666666666666666
combined_equal_weight,2023-02-01,ADA-USD,0.016666666666666666
combined_equal_weight,2023-03-01,ADA-USD,0.016666666666666666
combined_equal_weight,2023-04-03,ADA-USD,0.016666666666666666
combined_equal_weight,2023-05-01,ADA-USD,0.016666666666666666
combined_equal_weight,2023-06-01,ADA-USD,0.016666666666666666
combined_equal_weight,2023-07-03,ADA-USD,0.016666666666666666
combined_equal_weight,2023-08-01,ADA-USD,0.016666666666666666
combined_equal_weight,2023-09-01,ADA-USD,0.016666666666666666
combined_equal_weight,2023-10-02,ADA-USD,0.016666666666666666
combined_equal_weight,2023-11-01,ADA-USD,0.016666666666666666
combined_equal_weight,2023-12-01,ADA-USD,0.016666666666666666
combined_equal_weight,2021-01-04,BCH-USD,0.016666666666666666
combined_equal_weight,2021-02-01,BCH-USD,0.016666666666666666
combined_equal_weight,2021-03-01,BCH-USD,0.016666666666666666
combined_equal_weight,2021-04-01,BCH-USD,0.016666666666666666
combined_equal_weight,2021-05-03,BCH-USD,0.016666666666666666
combined_equal_weight,2021-06-01,BCH-USD,0.016666666666666666
combined_equal_weight,2021-07-01,BCH-USD,0.016666666666666666
combined_equal_weight,2021-08-02,BCH-USD,0.016666666666666666
combined_equal_weight,2021-09-01,BCH-USD,0.016666666666666666
combined_equal_weight,2021-10-01,BCH-USD,0.016666666666666666
combined_equal_weight,2021-11-01,BCH-USD,0.016666666666666666
combined_equal_weight,2021-12-01,BCH-USD,0.016666666666666666
combined_equal_weight,2022-01-03,BCH-USD,0.016666666666666666
combined_equal_weight,2022-02-01,BCH-USD,0.016666666666666666
combined_equal_weight,2022-03-01,BCH-USD,0.016666666666666666
combined_equal_weight,2022-04-01,BCH-USD,0.016666666666666666
combined_equal_weight,2022-05-02,BCH-USD,0.016666666666666666
combined_equal_weight,2022-06-01,BCH-USD,0.016666666666666666
combined_equal_weight,2022-07-01,BCH-USD,0.016666666666666666
combined_equal_weight,2022-08-01,BCH-USD,0.016666666666666666
combined_equal_weight,2022-09-01,BCH-USD,0.016666666666666666
combined_equal_weight,2022-10-03,BCH-USD,0.016666666666666666
combined_equal_weight,2022-11-01,BCH-USD,0.016666666666666666
combined_equal_weight,2022-12-01,BCH-USD,0.016666666666666666
combined_equal_weight,2023-01-03,BCH-USD,0.016666666666666666
combined_equal_weight,2023-02-01,BCH-USD,0.016666666666666666
combined_equal_weight,2023-03-01,BCH-USD,0.016666666666666666
combined_equal_weight,2023-04-03,BCH-USD,0.016666666666666666
combined_equal_weight,2023-05-01,BCH-USD,0.016666666666666666
combined_equal_weight,2023-06-01,BCH-USD,0.016666666666666666
combined_equal_weight,2023-07-03,BCH-USD,0.016666666666666666
combined_equal_weight,2023-08-01,BCH-USD,0.016666666666666666
combined_equal_weight,2023-09-01,BCH-USD,0.016666666666666666
combined_equal_weight,2023-10-02,BCH-USD,0.016666666666666666
combined_equal_weight,2023-11-01,BCH-USD,0.016666666666666666
combined_equal_weight,2023-12-01,BCH-USD,0.016666666666666666
combined_equal_weight,2021-01-04,BTC-USD,0.016666666666666666
combined_equal_weight,2021-02-01,BTC-USD,0.016666666666666666
combined_equal_weight,2021-03-01,BTC-USD,0.016666666666666666
combined_equal_weight,2021-04-01,BTC-USD,0.016666666666666666
combined_equal_weight,2021-05-03,BTC-USD,0.016666666666666666
combined_equal_weight,2021-06-01,BTC-USD,0.016666666666666666
combined_equal_weight,2021-07-01,BTC-USD,0.016666666666666666
combined_equal_weight,2021-08-02,BTC-USD,0.016666666666666666
combined_equal_weight,2021-09-01,BTC-USD,0.016666666666666666
combined_equal_weight,2021-10-01,BTC-USD,0.016666666666666666
combined_equal_weight,2021-11-01,BTC-USD,0.016666666666666666
combined_equal_weight,2021-12-01,BTC-USD,0.016666666666666666
combined_equal_weight,2022-01-03,BTC-USD,0.016666666666666666
combined_equal_weight,2022-02-01,BTC-USD,0.016666666666666666
combined_equal_weight,2022-03-01,BTC-USD,0.016666666666666666
combined_equal_weight,2022-04-01,BTC-USD,0.016666666666666666
combined_equal_weight,2022-05-02,BTC-USD,0.016666666666666666
combined_equal_weight,2022-06-01,BTC-USD,0.016666666666666666
combined_equal_weight,2022-07-01,BTC-USD,0.016666666666666666
combined_equal_weight,2022-08-01,BTC-USD,0.016666666666666666
combined_equal_weight,2022-09-01,BTC-USD,0.016666666666666666
combined_equal_weight,2022-10-03,BTC-USD,0.016666666666666666
combined_equal_weight,2022-11-01,BTC-USD,0.016666666666666666
combined_equal_weight,2022-12-01,BTC-USD,0.016666666666666666
combined_equal_weight,2023-01-03,BTC-USD,0.016666666666666666
combined_equal_weight,2023-02-01,BTC-USD,0.016666666666666666
combined_equal_weight,2023-03-01,BTC-USD,0.016666666666666666
combined_equal_weight,2023-04-03,BTC-USD,0.016666666666666666
combined_equal_weight,2023-05-01,BTC-USD,0.016666666666666666
combined_equal_weight,2023-06-01,BTC-USD,0.016666666666666666
combined_equal_weight,2023-07-03,BTC-USD,0.016666666666666666
combined_equal_weight,2023-08-01,BTC-USD,0.016666666666666666
combined_equal_weight,2023-09-01,BTC-USD,0.016666666666666666
combined_equal_weight,2023-10-02,BTC-USD,0.016666666666666666
combined_equal_weight,2023-11-01,BTC-USD,0.016666666666666666
combined_equal_weight,2023-12-01,BTC-USD,0.016666666666666666
combined_equal_weight,2021-01-04,EOS-USD,0.016666666666666666
combined_equal_weight,2021-02-01,EOS-USD,0.016666666666666666
combined_equal_weight,2021-03-01,EOS-USD,0.016666666666666666
combined_equal_weight,2021-04-01,EOS-USD,0.016666666666666666
combined_equal_weight,2021-05-03,EOS-USD,0.016666666666666666
combined_equal_weight,2021-06-01,EOS-USD,0.016666666666666666
combined_equal_weight,2021-07-01,EOS-USD,0.016666666666666666
combined_equal_weight,2021-08-02,EOS-USD,0.016666666666666666
combined_equal_weight,2021-09-01,EOS-USD,0.016666666666666666
combined_equal_weight,2021-10-01,EOS-USD,0.016666666666666666
combined_equal_weight,2021-11-01,EOS-USD,0.016666666666666666
combined_equal_weight,2021-12-01,EOS-USD,0.016666666666666666
combined_equal_weight,2022-01-03,EOS-USD,0.016666666666666666
combined_equal_weight,2022-02-01,EOS-USD,0.016666666666666666
combined_equal_weight,2022-03-01,EOS-USD,0.016666666666666666
combined_equal_weight,2022-04-01,EOS-USD,0.016666666666666666
combined_equal_weight,2022-05-02,EOS-USD,0.016666666666666666
combined_equal_weight,2022-06-01,EOS-USD,0.016666666666666666
combined_equal_weight,2022-07-01,EOS-USD,0.016666666666666666
combined_equal_weight,2022-08-01,EOS-USD,0.016666666666666666
combined_equal_weight,2022-09-01,EOS-USD,0.016666666666666666
combined_equal_weight,2022-10-03,EOS-USD,0.016666666666666666
combined_equal_weight,2022-11-01,EOS-USD,0.016666666666666666
combined_equal_weight,2022-12-01,EOS-USD,0.016666666666666666
combined_equal_weight,2023-01-03,EOS-USD,0.016666666666666666
combined_equal_weight,2023-02-01,EOS-USD,0.016666666666666666
combined_equal_weight,2023-03-01,EOS-USD,0.016666666666666666
combined_equal_weight,2023-04-03,EOS-USD,0.016666666666666666
combined_equal_weight,2023-05-01,EOS-USD,0.016666666666666666
combined_equal_weight,2023-06-01,EOS-USD,0.016666666666666666
combined_equal_weight,2023-07-03,EOS-USD,0.016666666666666666
combined_equal_weight,2023-08-01,EOS-USD,0.016666666666666666
combined_equal_weight,2023-09-01,EOS-USD,0.016666666666666666
combined_equal_weight,2023-10-02,EOS-USD,0.016666666666666666
combined_equal_weight,2023-11-01,EOS-USD,0.016666666666666666
combined_equal_weight,2023-12-01,EOS-USD,0.016666666666666666
combined_equal_weight,2021-01-04,ETC-USD,0.016666666666666666
combined_equal_weight,2021-02-01,ETC-USD,0.016666666666666666
combined_equal_weight,2021-03-01,ETC-USD,0.016666666666666666
combined_equal_weight,2021-04-01,ETC-USD,0.016666666666666666
combined_equal_weight,2021-05-03,ETC-USD,0.016666666666666666
combined_equal_weight,2021-06-01,ETC-USD,0.016666666666666666
combined_equal_weight,2021-07-01,ETC-USD,0.016666666666666666
combined_equal_weight,2021-08-02,ETC-USD,0.016666666666666666
combined_equal_weight,2021-09-01,ETC-USD,0.016666666666666666
combined_equal_weight,2021-10-01,ETC-USD,0.016666666666666666
combined_equal_weight,2021-11-01,ETC-USD,0.016666666666666666
combined_equal_weight,2021-12-01,ETC-USD,0.016666666666666666
combined_equal_weight,2022-01-03,ETC-USD,0.016666666666666666
combined_equal_weight,2022-02-01,ETC-USD,0.016666666666666666
combined_equal_weight,2022-03-01,ETC-USD,0.016666666666666666
combined_equal_weight,2022-04-01,ETC-USD,0.016666666666666666
combined_equal_weight,2022-05-02,ETC-USD,0.016666666666666666
combined_equal_weight,2022-06-01,ETC-USD,0.016666666666666666
combined_equal_weight,2022-07-01,ETC-USD,0.016666666666666666
combined_equal_weight,2022-08-01,ETC-USD,0.016666666666666666
combined_equal_weight,2022-09-01,ETC-USD,0.016666666666666666
combined_equal_weight,2022-10-03,ETC-USD,0.016666666666666666
combined_equal_weight,2022-11-01,ETC-USD,0.016666666666666666
combined_equal_weight,2022-12-01,ETC-USD,0.016666666666666666
combined_equal_weight,2023-01-03,ETC-USD,0.016666666666666666
combined_equal_weight,2023-02-01,ETC-USD,0.016666666666666666
combined_equal_weight,2023-03-01,ETC-USD,0.016666666666666666
combined_equal_weight,2023-04-03,ETC-USD,0.016666666666666666
combined_equal_weight,2023-05-01,ETC-USD,0.016666666666666666
combined_equal_weight,2023-06-01,ETC-USD,0.016666666666666666
combined_equal_weight,2023-07-03,ETC-USD,0.016666666666666666
combined_equal_weight,2023-08-01,ETC-USD,0.016666666666666666
combined_equal_weight,2023-09-01,ETC-USD,0.016666666666666666
combined_equal_weight,2023-10-02,ETC-USD,0.016666666666666666
combined_equal_weight,2023-11-01,ETC-USD,0.016666666666666666
combined_equal_weight,2023-12-01,ETC-USD,0.016666666666666666
combined_equal_weight,2021-01-04,ETH-USD,0.016666666666666666
combined_equal_weight,2021-02-01,ETH-USD,0.016666666666666666
combined_equal_weight,2021-03-01,ETH-USD,0.016666666666666666
combined_equal_weight,2021-04-01,ETH-USD,0.016666666666666666
combined_equal_weight,2021-05-03,ETH-USD,0.016666666666666666
combined_equal_weight,2021-06-01,ETH-USD,0.016666666666666666
combined_equal_weight,2021-07-01,ETH-USD,0.016666666666666666
combined_equal_weight,2021-08-02,ETH-USD,0.016666666666666666
combined_equal_weight,2021-09-01,ETH-USD,0.016666666666666666
combined_equal_weight,2021-10-01,ETH-USD,0.016666666666666666
combined_equal_weight,2021-11-01,ETH-USD,0.016666666666666666
combined_equal_weight,2021-12-01,ETH-USD,0.016666666666666666
combined_equal_weight,2022-01-03,ETH-USD,0.016666666666666666
combined_equal_weight,2022-02-01,ETH-USD,0.016666666666666666
combined_equal_weight,2022-03-01,ETH-USD,0.016666666666666666
combined_equal_weight,2022-04-01,ETH-USD,0.016666666666666666
combined_equal_weight,2022-05-02,ETH-USD,0.016666666666666666
combined_equal_weight,2022-06-01,ETH-USD,0.016666666666666666
combined_equal_weight,2022-07-01,ETH-USD,0.016666666666666666
combined_equal_weight,2022-08-01,ETH-USD,0.016666666666666666
combined_equal_weight,2022-09-01,ETH-USD,0.016666666666666666
combined_equal_weight,2022-10-03,ETH-USD,0.016666666666666666
combined_equal_weight,2022-11-01,ETH-USD,0.016666666666666666
combined_equal_weight,2022-12-01,ETH-USD,0.016666666666666666
combined_equal_weight,2023-01-03,ETH-USD,0.016666666666666666
combined_equal_weight,2023-02-01,ETH-USD,0.016666666666666666
combined_equal_weight,2023-03-01,ETH-USD,0.016666666666666666
combined_equal_weight,2023-04-03,ETH-USD,0.016666666666666666
combined_equal_weight,2023-05-01,ETH-USD,0.016666666666666666
combined_equal_weight,2023-06-01,ETH-USD,0.016666666666666666
combined_equal_weight,2023-07-03,ETH-USD,0.016666666666666666
combined_equal_weight,2023-08-01,ETH-USD,0.016666666666666666
combined_equal_weight,2023-09-01,ETH-USD,0.016666666666666666
combined_equal_weight,2023-10-02,ETH-USD,0.016666666666666666
combined_equal_weight,2023-11-01,ETH-USD,0.016666666666666666
combined_equal_weight,2023-12-01,ETH-USD,0.016666666666666666
combined_equal_weight,2021-01-04,LTC-USD,0.016666666666666666
combined_equal_weight,2021-02-01,LTC-USD,0.016666666666666666
combined_equal_weight,2021-03-01,LTC-USD,0.016666666666666666
combined_equal_weight,2021-04-01,LTC-USD,0.016666666666666666
combined_equal_weight,2021-05-03,LTC-USD,0.016666666666666666
combined_equal_weight,2021-06-01,LTC-USD,0.016666666666666666
combined_equal_weight,2021-07-01,LTC-USD,0.016666666666666666
combined_equal_weight,2021-08-02,LTC-USD,0.016666666666666666
combined_equal_weight,2021-09-01,LTC-USD,0.016666666666666666
combined_equal_weight,2021-10-01,LTC-USD,0.016666666666666666
combined_equal_weight,2021-11-01,LTC-USD,0.016666666666666666
combined_equal_weight,2021-12-01,LTC-USD,0.016666666666666666
combined_equal_weight,2022-01-03,LTC-USD,0.016666666666666666
combined_equal_weight,2022-02-01,LTC-USD,0.016666666666666666
combined_equal_weight,2022-03-01,LTC-USD,0.016666666666666666
combined_equal_weight,2022-04-01,LTC-USD,0.016666666666666666
combined_equal_weight,2022-05-02,LTC-USD,0.016666666666666666
combined_equal_weight,2022-06-01,LTC-USD,0.016666666666666666
combined_equal_weight,2022-07-01,LTC-USD,0.016666666666666666
combined_equal_weight,2022-08-01,LTC-USD,0.016666666666666666
combined_equal_weight,2022-09-01,LTC-USD,0.016666666666666666
combined_equal_weight,2022-10-03,LTC-USD,0.016666666666666666
combined_equal_weight,2022-11-01,LTC-USD,0.016666666666666666
combined_equal_weight,2022-12-01,LTC-USD,0.016666666666666666
combined_equal_weight,2023-01-03,LTC-USD,0.016666666666666666
combined_equal_weight,2023-02-01,LTC-USD,0.016666666666666666
combined_equal_weight,2023-03-01,LTC-USD,0.016666666666666666
combined_equal_weight,2023-04-03,LTC-USD,0.016666666666666666
combined_equal_weight,2023-05-01,LTC-USD,0.016666666666666666
combined_equal_weight,2023-06-01,LTC-USD,0.016666666666666666
combined_equal_weight,2023-07-03,LTC-USD,0.016666666666666666
combined_equal_weight,2023-08-01,LTC-USD,0.016666666666666666
combined_equal_weight,2023-09-01,LTC-USD,0.016666666666666666
combined_equal_weight,2023-10-02,LTC-USD,0.016666666666666666
combined_equal_weight,2023-11-01,LTC-USD,0.016666666666666666
combined_equal_weight,2023-12-01,LTC-USD,0.016666666666666666
combined_equal_weight,2021-01-04,TRX-USD,0.016666666666666666
combined_equal_weight,2021-02-01,TRX-USD,0.016666666666666666
combined_equal_weight,2021-03-01,TRX-USD,0.016666666666666666
combined_equal_weight,2021-04-01,TRX-USD,0.016666666666666666
combined_equal_weight,2021-05-03,TRX-USD,0.016666666666666666
combined_equal_weight,2021-06-01,TRX-USD,0.016666666666666666
combined_equal_weight,2021-07-01,TRX-USD,0.016666666666666666
combined_equal_weight,2021-08-02,TRX-USD,0.016666666666666666
combined_equal_weight,2021-09-01,TRX-USD,0.016666666666666666
combined_equal_weight,2021-10-01,TRX-USD,0.016666666666666666
combined_equal_weight,2021-11-01,TRX-USD,0.016666666666666666
combined_equal_weight,2021-12-01,TRX-USD,0.016666666666666666
combined_equal_weight,2022-01-03,TRX-USD,0.016666666666666666
combined_equal_weight,2022-02-01,TRX-USD,0.016666666666666666
combined_equal_weight,2022-03-01,TRX-USD,0.016666666666666666
combined_equal_weight,2022-04-01,TRX-USD,0.016666666666666666
combined_equal_weight,2022-05-02,TRX-USD,0.016666666666666666
combined_equal_weight,2022-06-01,TRX-USD,0.016666666666666666
combined_equal_weight,2022-07-01,TRX-USD,0.016666666666666666
combined_equal_weight,2022-08-01,TRX-USD,0.016666666666666666
combined_equal_weight,2022-09-01,TRX-USD,0.016666666666666666
combined_equal_weight,2022-10-03,TRX-USD,0.016666666666666666
combined_equal_weight,2022-11-01,TRX-USD,0.016666666666666666
combined_equal_weight,2022-12-01,TRX-USD,0.016666666666666666
combined_equal_weight,2023-01-03,TRX-USD,0.016666666666666666
combined_equal_weight,2023-02-01,TRX-USD,0.016666666666666666
combined_equal_weight,2023-03-01,TRX-USD,0.016666666666666666
combined_equal_weight,2023-04-03,TRX-USD,0.016666666666666666
combined_equal_weight,2023-05-01,TRX-USD,0.016666666666666666
combined_equal_weight,2023-06-01,TRX-USD,0.016666666666666666
combined_equal_weight,2023-07-03,TRX-USD,0.016666666666666666
combined_equal_weight,2023-08-01,TRX-USD,0.016666666666666666
combined_equal_weight,2023-09-01,TRX-USD,0.016666666666666666
combined_equal_weight,2023-10-02,TRX-USD,0.016666666666666666
combined_equal_weight,2023-11-01,TRX-USD,0.016666666666666666
combined_equal_weight,2023-12-01,TRX-USD,0.016666666666666666
combined_equal_weight,2021-01-04,XLM-USD,0.016666666666666666
combined_equal_weight,2021-02-01,XLM-USD,0.016666666666666666
combined_equal_weight,2021-03-01,XLM-USD,0.016666666666666666
combined_equal_weight,2021-04-01,XLM-USD,0.016666666666666666
combined_equal_weight,2021-05-03,XLM-USD,0.016666666666666666
combined_equal_weight,2021-06-01,XLM-USD,0.016666666666666666
combined_equal_weight,2021-07-01,XLM-USD,0.016666666666666666
combined_equal_weight,2021-08-02,XLM-USD,0.016666666666666666
combined_equal_weight,2021-09-01,XLM-USD,0.016666666666666666
combined_equal_weight,2021-10-01,XLM-USD,0.016666666666666666
combined_equal_weight,2021-11-01,XLM-USD,0.016666666666666666
combined_equal_weight,2021-12-01,XLM-USD,0.016666666666666666
combined_equal_weight,2022-01-03,XLM-USD,0.016666666666666666
combined_equal_weight,2022-02-01,XLM-USD,0.016666666666666666
combined_equal_weight,2022-03-01,XLM-USD,0.016666666666666666
combined_equal_weight,2022-04-01,XLM-USD,0.016666666666666666
combined_equal_weight,2022-05-02,XLM-USD,0.016666666666666666
combined_equal_weight,2022-06-01,XLM-USD,0.016666666666666666
combined_equal_weight,2022-07-01,XLM-USD,0.016666666666666666
combined_equal_weight,2022-08-01,XLM-USD,0.016666666666666666
combined_equal_weight,2022-09-01,XLM-USD,0.016666666666666666
combined_equal_weight,2022-10-03,XLM-USD,0.016666666666666666
combined_equal_weight,2022-11-01,XLM-USD,0.016666666666666666
combined_equal_weight,2022-12-01,XLM-USD,0.016666666666666666
combined_equal_weight,2023-01-03,XLM-USD,0.016666666666666666
combined_equal_weight,2023-02-01,XLM-USD,0.016666666666666666
combined_equal_weight,2023-03-01,XLM-USD,0.016666666666666666
combined_equal_weight,2023-04-03,XLM-USD,0.016666666666666666
combined_equal_weight,2023-05-01,XLM-USD,0.016666666666666666
combined_equal_weight,2023-06-01,XLM-USD,0.016666666666666666
combined_equal_weight,2023-07-03,XLM-USD,0.016666666666666666
combined_equal_weight,2023-08-01,XLM-USD,0.016666666666666666
combined_equal_weight,2023-09-01,XLM-USD,0.016666666666666666
combined_equal_weight,2023-10-02,XLM-USD,0.016666666666666666
combined_equal_weight,2023-11-01,XLM-USD,0.016666666666666666
combined_equal_weight,2023-12-01,XLM-USD,0.016666666666666666
combined_equal_weight,2021-01-04,XRP-USD,0.016666666666666666
combined_equal_weight,2021-02-01,XRP-USD,0.016666666666666666
combined_equal_weight,2021-03-01,XRP-USD,0.016666666666666666
combined_equal_weight,2021-04-01,XRP-USD,0.016666666666666666
combined_equal_weight,2021-05-03,XRP-USD,0.016666666666666666
combined_equal_weight,2021-06-01,XRP-USD,0.016666666666666666
combined_equal_weight,2021-07-01,XRP-USD,0.016666666666666666
combined_equal_weight,2021-08-02,XRP-USD,0.016666666666666666
combined_equal_weight,2021-09-01,XRP-USD,0.016666666666666666
combined_equal_weight,2021-10-01,XRP-USD,0.016666666666666666
combined_equal_weight,2021-11-01,XRP-USD,0.016666666666666666
combined_equal_weight,2021-12-01,XRP-USD,0.016666666666666666
combined_equal_weight,2022-01-03,XRP-USD,0.016666666666666666
combined_equal_weight,2022-02-01,XRP-USD,0.016666666666666666
combined_equal_weight,2022-03-01,XRP-USD,0.016666666666666666
combined_equal_weight,2022-04-01,XRP-USD,0.016666666666666666
combined_equal_weight,2022-05-02,XRP-USD,0.016666666666666666
combined_equal_weight,2022-06-01,XRP-USD,0.016666666666666666
combined_equal_weight,2022-07-01,XRP-USD,0.016666666666666666
combined_equal_weight,2022-08-01,XRP-USD,0.016666666666666666
combined_equal_weight,2022-09-01,XRP-USD,0.016666666666666666
combined_equal_weight,2022-10-03,XRP-USD,0.016666666666666666
combined_equal_weight,2022-11-01,XRP-USD,0.016666666666666666
combined_equal_weight,2022-12-01,XRP-USD,0.016666666666666666
combined_equal_weight,2023-01-03,XRP-USD,0.016666666666666666
combined_equal_weight,2023-02-01,XRP-USD,0.016666666666666666
combined_equal_weight,2023-03-01,XRP-USD,0.016666666666666666
combined_equal_weight,2023-04-03,XRP-USD,0.016666666666666666
combined_equal_weight,2023-05-01,XRP-USD,0.016666666666666666
combined_equal_weight,2023-06-01,XRP-USD,0.016666666666666666
combined_equal_weight,2023-07-03,XRP-USD,0.016666666666666666
combined_equal_weight,2023-08-01,XRP-USD,0.016666666666666666
combined_equal_weight,2023-09-01,XRP-USD,0.016666666666666666
combined_equal_weight,2023-10-02,XRP-USD,0.016666666666666666
combined_equal_weight,2023-11-01,XRP-USD,0.016666666666666666
combined_equal_weight,2023-12-01,XRP-USD,0.016666666666666666
combined_min_variance,2021-01-04,ABBV,0.14313243163896394
combined_min_variance,2021-02-01,ABBV,0.1337619262152923
combined_min_variance,2021-03-01,ABBV,0.15523027063475517
combined_min_variance,2021-04-01,ABBV,0.10620565042196488
combined_min_variance,2021-05-03,ABBV,0.0873506909279156
combined_min_variance,2021-06-01,ABBV,0.05279723996155437
combined_min_variance,2021-07-01,ABBV,0.041800592018162
combined_min_variance,2021-08-02,ABBV,0.035225060912596626
combined_min_variance,2021-09-01,ABBV,0.026568139953829988
combined_min_variance,2021-11-01,ABBV,0.018808705583911702
combined_min_variance,2021-12-01,ABBV,0.03116628835968639
combined_min_variance,2022-01-03,ABBV,0.024451730363701917
combined_min_variance,2022-02-01,ABBV,0.0502616306509198
combined_min_variance,2022-03-01,ABBV,0.04043812562340137
combined_min_variance,2022-04-01,ABBV,0.05194273257881992
combined_min_variance,2022-05-02,ABBV,0.02629744792370518
combined_min_variance,2022-06-01,ABBV,0.06723998311979466
combined_min_variance,2022-07-01,ABBV,0.04763953623758539
combined_min_variance,2022-08-01,ABBV,0.05721197540597795
combined_min_variance,2022-09-01,ABBV,0.05892433247077419
combined_min_variance,2022-10-03,ABBV,0.07755228092819548
combined_min_variance,2022-11-01,ABBV,0.09119328790012782
combined_min_variance,2022-12-01,ABBV,0.07762653573257003
combined_min_variance,2023-01-03,ABBV,0.08555962835379137
combined_min_variance,2023-02-01,ABBV,0.07064646531239438
combined_min_variance,2023-03-01,ABBV,0.05947000902251828
combined_min_variance,2023-04-03,ABBV,0.06516853682808535
combined_min_variance,2023-05-01,ABBV,0.08350060419608091
combined_min_variance,2023-06-01,ABBV,0.0689591831931603
combined_min_variance,2023-07-03,ABBV,0.09036182077223125
combined_min_variance,2023-08-01,ABBV,0.08743810549954346
combined_min_variance,2023-09-01,ABBV,0.08216688012526933
combined_min_variance,2023-10-02,ABBV,0.07346787870024675
combined_min_variance,2023-11-01,ABBV,0.077752533842899
combined_min_variance,2023-12-01,ABBV,0.08457347422803037
combined_min_variance,2021-07-01,ABT,0.006071417995254671
combined_min_variance,2021-08-02,ABT,0.013131152672121105
combined_min_variance,2021-09-01,ABT,0.012695496744548096
combined_min_variance,2021-10-01,ABT,0.03487854725023188
combined_min_variance,2021-11-01,ABT,0.05336130898404354
combined_min_variance,2021-12-01,ABT,0.07164259539924231
combined_min_variance,2022-01-03,ABT,0.06431542057969016
combined_min_variance,2022-02-01,ABT,0.03645998139366105
combined_min_variance,2022-03-01,ABT,0.018371701078132754
combined_min_variance,2022-04-01,ABT,0.005559376742601972
combined_min_variance,2023-11-01,ABT,0.005962696395457331
combined_min_variance,2023-12-01,ABT,0.02373011595901763
combined_min_variance,2022-01-03,ADBE,0.013022811603547981
combined_min_variance,2022-02-01,ADBE,0.009407367175999583
combined_min_variance,2022-03-01,ADBE,0.010881601395364442
combined_min_variance,2022-04-01,ADBE,0.009744506934483506
combined_min_variance,2022-05-02,ADBE,0.01657179293551868
combined_min_variance,2022-06-01,ADBE,0.0023230680303315985
combined_min_variance,2021-05-03,AEP,0.0569207866261865
combined_min_variance,2021-06-01,AEP,0.08511366338743198
combined_min_variance,2021-07-01,AEP,0.07124107059923827
combined_min_variance,2021-08-02,AEP,0.0803003498027224
combined_min_variance,2021-09-01,AEP,0.08954353595820327
combined_min_variance,2021-10-01,AEP,0.05575230026242873
combined_min_variance,2021-11-01,AEP,0.05120913386844268
combined_min_variance,2021-12-01,AEP,0.05157861265031042
combined_min_variance,2022-01-03,AEP,0.05453811426015573
combined_min_variance,2022-02-01,AEP,0.0440702357063768
combined_min_variance,2022-03-01,AEP,0.048353136075083146
combined_min_variance,2022-04-01,AEP,0.026357136743633137
combined_min_variance,2022-05-02,AEP,0.008273080315816266
combined_min_variance,2022-06-01,AEP,0.021838370004336524
combined_min_variance,2022-07-01,AEP,0.009918297680741414
combined_min_variance,2022-08-01,AEP,0.022053106045716437
combined_min_variance,2022-09-01,AEP,0.013253695608612863
combined_min_variance,2021-07-01,AMD,0.006325537380738941
combined_min_variance,2021-08-02,AMD,0.002956111336467324
combined_min_variance,2021-09-01,AMD,0.0108491163899635
combined_min_variance,2021-10-01,AMD,0.018732552272723323
combined_min_variance,2021-11-01,AMD,0.031375957162083225
combined_min_variance,2021-12-01,AMD,0.022948212529676264
combined_min_variance,2022-01-03,AMD,0.019894878272047736
combined_min_variance,2022-02-01,AMD,0.008595239008667316
combined_min_variance,2022-04-01,AMD,0.0018539243729327082
combined_min_variance,2023-11-01,AMD,0.0005393226182323732
combined_min_variance,2023-12-01,AMD,0.00813982671380409
combined_min_variance,2022-05-02,AMGN,0.017856352255770497
combined_min_variance,2022-06-01,AMGN,0.04321083207997855
combined_min_variance,2022-07-01,AMGN,0.07216057346965088
combined_min_variance,2022-08-01,AMGN,0.0782541565476036
combined_min_variance,2022-09-01,AMGN,0.12877685784542098
combined_min_variance,2022-10-03,AMGN,0.15284731145888467
combined_min_variance,2022-11-01,AMGN,0.16033609288359377
combined_min_variance,2022-12-01,AMGN,0.16030518762265963
combined_min_variance,2023-01-03,AMGN,0.16258242476488807
combined_min_variance,2023-02-01,AMGN,0.1658495420545785
combined_min_variance,2023-03-01,AMGN,0.18981824276038517
combined_min_variance,2023-04-03,AMGN,0.1803227670390085
combined_min_variance,2023-05-01,AMGN,0.17079176234598792
combined_min_variance,2023-06-01,AMGN,0.08966944090739364
combined_min_variance,2023-07-03,AMGN,0.030003993036048067
combined_min_variance,2023-08-01,AMGN,0.030304415745560698
combined_min_variance,2023-09-01,AMGN,0.045729050387896944
combined_min_variance,2023-10-02,AMGN,0.050459763333520306
combined_min_variance,2023-11-01,AMGN,0.04031534857554542
combined_min_variance,2023-12-01,AMGN,0.016756509145160234
combined_min_variance,2021-07-01,CAT,0.004299297170278159
combined_min_variance,2021-08-02,CAT,0.009017151515096416
combined_min_variance,2021-09-01,CAT,0.006815848047175587
combined_min_variance,2021-10-01,CAT,0.004743004445443486
combined_min_variance,2022-02-01,CAT,0.018694348095290584
combined_min_variance,2022-03-01,CAT,0.016254625550106882
combined_min_variance,2022-04-01,CAT,0.031110007828029744
combined_min_variance,2022-05-02,CAT,0.042643168269370084
combined_min_variance,2022-06-01,CAT,0.017471962575929173
combined_min_variance,2022-07-01,CAT,0.010096040873573282
combined_min_variance,2022-08-01,CAT,0.0018822505091466444
combined_min_variance,2021-07-01,CCI,0.05465224594830544
combined_min_variance,2021-08-02,CCI,0.06291570500126464
combined_min_variance,2021-09-01,CCI,0.06689329684440926
combined_min_variance,2021-10-01,CCI,0.08676416582034457
combined_min_variance,2021-11-01,CCI,0.05653330610472603
combined_min_variance,2021-12-01,CCI,0.00982597125689025
combined_min_variance,2022-01-03,CCI,0.003546624039626646
combined_min_variance,2023-11-01,CMCSA,0.0029609261178541024
combined_min_variance,2021-11-01,COP,0.0036290192402364057
combined_min_variance,2021-12-01,COP,0.010425316205722259
combined_min_variance,2021-12-01,CVX,0.018056822560236697
combined_min_variance,2022-01-03,CVX,0.019792683376317625
combined_min_variance,2022-02-01,CVX,0.06512092311317802
combined_min_variance,2022-03-01,CVX,0.049265823449819696
combined_min_variance,2022-04-01,CVX,0.07871809475487276
combined_min_variance,2022-05-02,CVX,0.05977081048840969
combined_min_variance,2022-06-01,CVX,0.03621951513943399
combined_min_variance,2022-07-01,CVX,0.04489950312621442
combined_min_variance,2022-08-01,CVX,0.0461325100766365
combined_min_variance,2022-09-01,CVX,0.0684790266165696
combined_min_variance,2022-10-03,CVX,0.07294760827277906
combined_min_variance,2022-11-01,CVX,0.0645407818819086
combined_min_variance,2022-12-01,CVX,0.0517922109507027
combined_min_variance,2023-01-03,CVX,0.04459791327550898
combined_min_variance,2023-02-01,CVX,0.04280901143205356
combined_min_variance,2023-03-01,CVX,0.05015277955093467
combined_min_variance,2023-04-03,CVX,0.028151328544609826
combined_min_variance,2023-05-01,CVX,0.03357505746605066
combined_min_variance,2023-06-01,CVX,0.037239114645143734
combined_min_variance,2023-07-03,CVX,0.019539682308696505
combined_min_variance,2023-08-01,CVX,0.018015991212722272
combined_min_variance,2023-09-01,CVX,0.0072594933712109115
combined_min_variance,2023-10-02,CVX,0.0334958020584494
combined_min_variance,2023-11-01,CVX,0.03958884745829268
combined_min_variance,2023-12-01,CVX,0.030614616905528785
combined_min_variance,2021-04-01,D,0.06637104481644741
combined_min_variance,2021-05-03,D,0.07808350911260001
combined_min_variance,2021-06-01,D,0.05297684889353324
combined_min_variance,2021-07-01,D,0.03237549513389376
combined_min_variance,2022-12-01,D,0.011530616622089875
combined_min_variance,2023-01-03,D,0.02102655066972571
combined_min_variance,2023-02-01,D,0.03202516454421027
combined_min_variance,2023-03-01,D,0.013569527963610327
combined_min_variance,2023-04-03,D,0.018650989925448256
combined_min_variance,2023-05-01,D,0.016896912321161237
combined_min_variance,2021-10-01,DD,0.00403765795664562
combined_min_variance,2023-11-01,DD,0.017343246286886656
combined_min_variance,2023-12-01,DD,0.006814497295912015
combined_min_variance,2021-04-01,DIS,0.007879643554669458
combined_min_variance,2021-06-01,DIS,0.011909072758972666
combined_min_variance,2021-07-01,DIS,0.01543476969341389
combined_min_variance,2021-08-02,DIS,0.014928415101755878
combined_min_variance,2021-09-01,DIS,0.01352947355857688
combined_min_variance,2021-10-01,DIS,0.007570342689978255
combined_min_variance,2021-11-01,DIS,0.0005268143449093165
combined_min_variance,2021-12-01,DIS,0.006276814874656041
combined_min_variance,2022-01-03,DIS,0.0228961698591864
combined_min_variance,2022-02-01,DIS,0.015362000450933173
combined_min_variance,2022-03-01,DIS,0.061413229926137396
combined_min_variance,2022-04-01,DIS,0.045362659925825714
combined_min_variance,2022-05-02,DIS,0.039172067391512085
combined_min_variance,2022-06-01,DIS,0.04730409828840703
combined_min_variance,2022-07-01,DIS,0.04616839938525504
combined_min_variance,2022-08-01,DIS,0.047116089140993224
combined_min_variance,2022-09-01,DIS,0.027920682420786762
combined_min_variance,2023-05-01,DOW,0.003016535519658998
combined_min_variance,2023-12-01,DOW,0.0017443511943543875
combined_min_variance,2021-05-03,DUK,0.0253079079265071
combined_min_variance,2021-06-01,DUK,0.02566893115731053
combined_min_variance,2021-07-01,DUK,0.0017398506246963405
combined_min_variance,2021-08-02,DUK,0.021339098468670513
combined_min_variance,2021-09-01,DUK,0.01945889241787108
combined_min_variance,2021-10-01,DUK,0.04998618146885641
combined_min_variance,2021-11-01,DUK,0.05591334800241331
combined_min_variance,2021-12-01,DUK,0.06475733477698412
combined_min_variance,2022-01-03,DUK,0.06965810075674754
combined_min_variance,2022-02-01,DUK,0.059122303800366295
combined_min_variance,2022-03-01,DUK,0.022343802501818395
combined_min_variance,2022-04-01,DUK,0.027903965824225458
combined_min_variance,2022-05-02,DUK,0.08473143441879717
combined_min_variance,2022-06-01,DUK,0.1383046443550502
combined_min_variance,2022-07-01,DUK,0.13855986710197782
combined_min_variance,2022-08-01,DUK,0.12213520873063992
combined_min_variance,2022-09-01,DUK,0.09599173190075776
combined_min_variance,2022-10-03,DUK,0.06416773093169768
combined_min_variance,2022-11-01,DUK,0.0294845418258316
combined_min_variance,2022-12-01,DUK,0.025728203239066227
combined_min_variance,2023-01-03,DUK,0.028679926829503863
combined_min_variance,2023-02-01,DUK,0.023105257933710877
combined_min_variance,2023-03-01,DUK,0.05165553715594099
combined_min_variance,2023-04-03,DUK,0.024365512025057937
combined_min_variance,2023-05-01,DUK,0.007314517245067694
combined_min_variance,2023-12-01,DUK,0.016910529218941123
combined_min_variance,2021-01-04,EA,0.08068222704787267
combined_min_variance,2021-02-01,EA,0.08825521970235378
combined_min_variance,2021-03-01,EA,0.0882311262625508
combined_min_variance,2021-04-01,EA,0.09270036208768824
combined_min_variance,2021-05-03,EA,0.0645829834647028
combined_min_variance,2021-06-01,EA,0.0629537734915912
combined_min_variance,2021-07-01,EA,0.029615238720135634
combined_min_variance,2021-08-02,EA,0.0270489483205286
combined_min_variance,2021-09-01,EA,0.02591402798512655
combined_min_variance,2021-10-01,EA,0.04540129712938762
combined_min_variance,2021-11-01,EA,0.050900748031557155
combined_min_variance,2021-12-01,EA,0.06298443966926749
combined_min_variance,2022-01-03,EA,0.05600051169993387
combined_min_variance,2022-02-01,EA,0.05970889586809352
combined_min_variance,2022-03-01,EA,0.06495956880456201
combined_min_variance,2022-04-01,EA,0.06978983856480477
combined_min_variance,2022-05-02,EA,0.08815367819872093
combined_min_variance,2022-06-01,EA,0.08654501572800483
combined_min_variance,2022-07-01,EA,0.08495245072524703
combined_min_variance,2022-08-01,EA,0.08904868598590922
combined_min_variance,2022-09-01,EA,0.09274275733365195
combined_min_variance,2022-10-03,EA,0.08826918122225624
combined_min_variance,2022-11-01,EA,0.09828668075206824
combined_min_variance,2022-12-01,EA,0.1025523071528891
combined_min_variance,2023-01-03,EA,0.10112623243371315
combined_min_variance,2023-02-01,EA,0.12336022761610187
combined_min_variance,2023-03-01,EA,0.09134543546809662
combined_min_variance,2023-04-03,EA,0.09959146727095651
combined_min_variance,2023-05-01,EA,0.0774848433449083
combined_min_variance,2023-06-01,EA,0.12567805703988258
combined_min_variance,2023-07-03,EA,0.11342016080329718
combined_min_variance,2023-08-01,EA,0.10483217833328508
combined_min_variance,2023-09-01,EA,0.07372868518768166
combined_min_variance,2023-10-02,EA,0.0757121831856017
combined_min_variance,2023-11-01,EA,0.06186807700579093
combined_min_variance,2023-12-01,EA,0.042051508208051015
combined_min_variance,2023-09-01,GE,0.0032302613185602644
combined_min_variance,2023-10-02,GE,0.008989371025559606
combined_min_variance,2023-11-01,GE,0.011074084263841008
combined_min_variance,2023-12-01,GE,0.015358780671130823
combined_min_variance,2021-01-04,GILD,0.12665462877496728
combined_min_variance,2021-02-01,GILD,0.12044150450938913
combined_min_variance,2021-03-01,GILD,0.12802633903594005
combined_min_variance,2021-04-01,GILD,0.05741427331558254
combined_min_variance,2021-05-03,GILD,0.04961411735970528
combined_min_variance,2021-06-01,GILD,0.06213857646029931
combined_min_variance,2021-07-01,GILD,0.03607081369447355
combined_min_variance,2021-08-02,GILD,0.030963832667447476
combined_min_variance,2021-09-01,GILD,0.027817420083019243
combined_min_variance,2021-10-01,GILD,0.018614285999648685
combined_min_variance,2021-11-01,GILD,0.04578916381113172
combined_min_variance,2021-12-01,GILD,0.040296501505378245
combined_min_variance,2022-01-03,GILD,0.06681836668450371
combined_min_variance,2022-02-01,GILD,0.06306096273653292
combined_min_variance,2022-03-01,GILD,0.12747494163523884
combined_min_variance,2022-04-01,GILD,0.12834271483837129
combined_min_variance,2022-05-02,GILD,0.11746432943239081
combined_min_variance,2022-06-01,GILD,0.15971722640205258
combined_min_variance,2022-07-01,GILD,0.15850273614157248
combined_min_variance,2022-08-01,GILD,0.1561663957963561
combined_min_variance,2022-09-01,GILD,0.13198270958518538
combined_min_variance,2022-10-03,GILD,0.09585201607554529
combined_min_variance,2022-11-01,GILD,0.04358810098549913
combined_min_variance,2022-12-01,GILD,0.036571577389217944
combined_min_variance,2023-01-03,GILD,0.020794866187416685
combined_min_variance,2023-02-01,GILD,0.00947035951479772
combined_min_variance,2021-07-01,GS,0.023128829320134447
combined_min_variance,2021-08-02,GS,0.02329327629617809
combined_min_variance,2021-09-01,GS,0.02946382056665204
combined_min_variance,2021-10-01,GS,0.04095088074480371
combined_min_variance,2021-11-01,GS,0.05591352645553327
combined_min_variance,2021-12-01,GS,0.04688862006698514
combined_min_variance,2022-01-03,GS,0.041685257845034136
combined_min_variance,2022-02-01,GS,0.006143395633279408
combined_min_variance,2022-03-01,GS,0.006220364983831862
combined_min_variance,2023-10-02,GS,0.0007514128481652709
combined_min_variance,2023-11-01,GS,0.009840849244332891
combined_min_variance,2021-10-01,INTC,0.0038904309670470287
combined_min_variance,2021-11-01,INTC,0.0027143711650445858
combined_min_variance,2021-12-01,INTC,0.007266306864552145
combined_min_variance,2022-01-03,INTC,0.008271920670652364
combined_min_variance,2022-02-01,INTC,0.01317165016729323
combined_min_variance,2022-03-01,INTC,0.003442987628791781
combined_min_variance,2022-04-01,INTC,0.005772092354994425
combined_min_variance,2022-06-01,INTC,0.00330449701871503
combined_min_variance,2023-12-01,INTC,0.0024155772195832603
combined_min_variance,2021-01-04,KO,0.018195134483104256
combined_min_variance,2021-02-01,KO,0.019652889854694277
combined_min_variance,2021-03-01,KO,0.012168334465505559
combined_min_variance,2021-08-02,KO,0.00031754028519531897
combined_min_variance,2021-09-01,KO,0.008215915014754542
combined_min_variance,2021-10-01,KO,0.015018754259961648
combined_min_variance,2021-11-01,KO,0.06605531462938885
combined_min_variance,2021-12-01,KO,0.04028877600444446
combined_min_variance,2022-01-03,KO,0.03236100646441713
combined_min_variance,2022-02-01,KO,0.04206703726803405
combined_min_variance,2022-03-01,KO,0.08964073300006313
combined_min_variance,2022-04-01,KO,0.08306355169410308
combined_min_variance,2022-05-02,KO,0.10766717700209376
combined_min_variance,2022-07-01,KO,0.04166872670503406
combined_min_variance,2022-08-01,KO,0.039211912026750756
combined_min_variance,2022-09-01,KO,0.042030332704348576
combined_min_variance,2022-10-03,KO,0.06990722048057309
combined_min_variance,2022-11-01,KO,0.084439366324726
combined_min_variance,2022-12-01,KO,0.09742386585614157
combined_min_variance,2023-01-03,KO,0.09540346159610223
combined_min_variance,2023-02-01,KO,0.08269038685804232
combined_min_variance,2023-03-01,KO,0.09104904323440763
combined_min_variance,2023-04-03,KO,0.13238881670229546
combined_min_variance,2023-05-01,KO,0.15298843460180983
combined_min_variance,2023-06-01,KO,0.2
combined_min_variance,2023-07-03,KO,0.2
combined_min_variance,2023-08-01,KO,0.2
combined_min_variance,2023-09-01,KO,0.19999999999999996
combined_min_variance,2023-10-02,KO,0.2
combined_min_variance,2023-11-01,KO,0.1741404670144245
combined_min_variance,2023-12-01,KO,0.17469079266577203
combined_min_variance,2021-01-04,MMM,0.07391719544634863
combined_min_variance,2021-02-01,MMM,0.09308031250954933
combined_min_variance,2021-03-01,MMM,0.07672834379683043
combined_min_variance,2021-04-01,MMM,0.10241019920510615
combined_min_variance,2021-05-03,MMM,0.07232099952205896
combined_min_variance,2021-06-01,MMM,0.08471705722927465
combined_min_variance,2021-07-01,MMM,0.09239424770334814
combined_min_variance,2021-08-02,MMM,0.08378533062796036
combined_min_variance,2021-09-01,MMM,0.07586377228208073
combined_min_variance,2021-10-01,MMM,0.0761946476234133
combined_min_variance,2021-11-01,MMM,0.06397121573452531
combined_min_variance,2021-12-01,MMM,0.06101095529089281
combined_min_variance,2022-01-03,MMM,0.07102833740118902
combined_min_variance,2022-02-01,MMM,0.02091166709994828
combined_min_variance,2022-07-01,MMM,0.011218011173968671
combined_min_variance,2022-08-01,MMM,0.03627803867084796
combined_min_variance,2022-09-01,MMM,0.004829670146043531
combined_min_variance,2022-10-03,MMM,0.02494644041444428
combined_min_variance,2022-12-01,MMM,0.0005813759954710672
combined_min_variance,2021-01-04,MRK,0.07641133056651174
combined_min_variance,2021-02-01,MRK,0.08355625428520336
combined_min_variance,2021-03-01,MRK,0.054462699029050016
combined_min_variance,2021-04-01,MRK,0.056394550305885895
combined_min_variance,2021-05-03,MRK,0.101558973641482
combined_min_variance,2021-06-01,MRK,0.11205448276796091
combined_min_variance,2021-07-01,MRK,0.12282514282538345
combined_min_variance,2021-08-02,MRK,0.13060329022116282
combined_min_variance,2021-09-01,MRK,0.1172718083298303
combined_min_variance,2021-10-01,MRK,0.13506392135166884
combined_min_variance,2021-11-01,MRK,0.06912669077724568
combined_min_variance,2021-12-01,MRK,0.03485628347222751
combined_min_variance,2022-01-03,MRK,0.04847802738993552
combined_min_variance,2022-02-01,MRK,0.0612760826284387
combined_min_variance,2022-03-01,MRK,0.04753736535904748
combined_min_variance,2022-04-01,MRK,0.050842588337078144
combined_min_variance,2022-05-02,MRK,0.05483610477690207
combined_min_variance,2022-06-01,MRK,0.06898918751813328
combined_min_variance,2022-07-01,MRK,0.06169918392701173
combined_min_variance,2022-08-01,MRK,0.06255111241608256
combined_min_variance,2022-09-01,MRK,0.0650769906967855
combined_min_variance,2022-10-03,MRK,0.07835909745594298
combined_min_variance,2022-11-01,MRK,0.12964079880195947
combined_min_variance,2022-12-01,MRK,0.2
combined_min_variance,2023-01-03,MRK,0.2
combined_min_variance,2023-02-01,MRK,0.19708061119565431
combined_min_variance,2023-03-01,MRK,0.19048295527201783
combined_min_variance,2023-04-03,MRK,0.1768195565728557
combined_min_variance,2023-05-01,MRK,0.16744545058530894
combined_min_variance,2023-06-01,MRK,0.15850114977078925
combined_min_variance,2023-07-03,MRK,0.1669183955410709
combined_min_variance,2023-08-01,MRK,0.151418831929235
combined_min_variance,2023-09-01,MRK,0.13631216937098597
combined_min_variance,2023-10-02,MRK,0.1200181733184968
combined_min_variance,2023-11-01,MRK,0.11434133830963182
combined_min_variance,2023-12-01,MRK,0.09771916949866846
combined_min_variance,2022-02-01,MS,0.019001592195306328
combined_min_variance,2022-03-01,MS,0.009990645465328749
combined_min_variance,2022-04-01,NEE,0.018451779467758153
combined_min_variance,2021-01-04,NEM,0.126637414398568
combined_min_variance,2021-02-01,NEM,0.12013731410752969
combined_min_variance,2021-03-01,NEM,0.12151111389706716
combined_min_variance,2021-04-01,NEM,0.005295454440440646
combined_min_variance,2021-05-03,NEM,0.00189274563191485
combined_min_variance,2021-11-01,NEM,0.005079769651043334
combined_min_variance,2021-12-01,NEM,0.015921121471800158
combined_min_variance,2022-01-03,NEM,0.01555745731218424
combined_min_variance,2022-02-01,NEM,0.014922996614533345
combined_min_variance,2022-03-01,NEM,0.023068117283787583
combined_min_variance,2022-04-01,NEM,0.03502195352108387
combined_min_variance,2022-05-02,NEM,0.04615329200061767
combined_min_variance,2022-06-01,NEM,0.05903701284056539
combined_min_variance,2022-07-01,NEM,0.059785848603502806
combined_min_variance,2022-08-01,NEM,0.05694800231564234
combined_min_variance,2022-09-01,NEM,0.05671798284834399
combined_min_variance,2022-10-03,NEM,0.05357264246147909
combined_min_variance,2022-11-01,NEM,0.052701581829095775
combined_min_variance,2022-12-01,NEM,0.016974569745210225
combined_min_variance,2023-01-03,NEM,0.01634798346948884
combined_min_variance,2023-02-01,NEM,0.00882202650558688
combined_min_variance,2023-03-01,NEM,0.004403007167691066
combined_min_variance,2023-04-03,NEM,0.008270286763615386
combined_min_variance,2023-05-01,NEM,0.007280193758151047
combined_min_variance,2023-12-01,NEM,0.008580409606868874
combined_min_variance,2021-01-04,NKE,0.01150549068462858
combined_min_variance,2021-02-01,NKE,0.002389964276200933
combined_min_variance,2021-03-01,NKE,0.003673147820782777
combined_min_variance,2021-04-01,NKE,0.006834716009890172
combined_min_variance,2021-05-03,NKE,0.029115619117859183
combined_min_variance,2021-06-01,NKE,0.02856606471443023
combined_min_variance,2021-07-01,NKE,0.03601449927478258
combined_min_variance,2021-08-02,NKE,0.03437295270566962
combined_min_variance,2021-09-01,NKE,0.030920412462205695
combined_min_variance,2021-10-01,NKE,0.00014820787222673374
combined_min_variance,2021-11-01,NKE,0.0015176234401284418
combined_min_variance,2021-12-01,NKE,0.004096361001013024
combined_min_variance,2022-01-03,NKE,0.010112191020873176
combined_min_variance,2022-02-01,NKE,0.016725065223289384
combined_min_variance,2022-03-01,NKE,0.02184567347938606
combined_min_variance,2022-04-01,NKE,0.013294910083152962
combined_min_variance,2022-06-01,NKE,0.0026741755704172312
combined_min_variance,2021-10-01,NVDA,0.0019160362177613635
combined_min_variance,2023-11-01,NVDA,0.0026803351335246274
combined_min_variance,2023-12-01,NVDA,0.01033921725457819
combined_min_variance,2021-12-01,O,0.013210116304903811
combined_min_variance,2022-01-03,O,0.015199366833663812
combined_min_variance,2022-02-01,O,0.01781171055307204
combined_min_variance,2022-03-01,O,0.014776041431373645
combined_min_variance,2022-04-01,O,0.017786670518202652
combined_min_variance,2022-05-02,O,0.012030036228180108
combined_min_variance,2022-07-01,O,0.004685319926040282
combined_min_variance,2022-09-01,O,0.026477645990556676
combined_min_variance,2022-10-03,O,0.07073099073585742
combined_min_variance,2022-11-01,O,0.07656674784611783
combined_min_variance,2022-12-01,O,0.04735231636495666
combined_min_variance,2023-01-03,O,0.06055807930888104
combined_min_variance,2023-02-01,O,0.07141648598423364
combined_min_variance,2023-03-01,O,0.08461799843968473
combined_min_variance,2023-04-03,O,0.07005033431421681
combined_min_variance,2023-05-01,O,0.09665787650493046
combined_min_variance,2023-06-01,O,0.10853577206361269
combined_min_variance,2023-07-03,O,0.11733077925173725
combined_min_variance,2023-08-01,O,0.11821117053035834
combined_min_variance,2023-09-01,O,0.10049388314500614
combined_min_variance,2023-10-02,O,0.08042722454719894
combined_min_variance,2023-11-01,O,0.09528745181335473
combined_min_variance,2023-12-01,O,0.07533146337096501
combined_min_variance,2021-10-01,OXY,0.002279399762450285
combined_min_variance,2021-11-01,OXY,0.0036075446244520073
combined_min_variance,2022-01-03,OXY,0.00433454084113658
combined_min_variance,2022-03-01,OXY,0.006450191097352517
combined_min_variance,2023-07-03,OXY,0.0030328005753995904
combined_min_variance,2023-08-01,OXY,0.008889395723866206
combined_min_variance,2023-09-01,OXY,0.010348507012849187
combined_min_variance,2023-10-02,OXY,0.007214028359092919
combined_min_variance,2023-12-01,OXY,0.02277784185986832
combined_min_variance,2021-01-04,PSA,0.07717439021549335
combined_min_variance,2021-02-01,PSA,0.08073612727266875
combined_min_variance,2021-03-01,PSA,0.10789327075612606
combined_min_variance,2021-04-01,PSA,0.11724817711114228
combined_min_variance,2021-05-03,PSA,0.0619223965149052
combined_min_variance,2021-06-01,PSA,0.08560400976689828
combined_min_variance,2021-07-01,PSA,0.09866198179661684
combined_min_variance,2021-08-02,PSA,0.10146832216007708
combined_min_variance,2021-09-01,PSA,0.11058628842245605
combined_min_variance,2021-10-01,PSA,0.09178462981339382
combined_min_variance,2021-11-01,PSA,0.09400038264994438
combined_min_variance,2021-12-01,PSA,0.10935626706792205
combined_min_variance,2022-01-03,PSA,0.1001633370641376
combined_min_variance,2022-02-01,PSA,0.09294286679697437
combined_min_variance,2022-03-01,PSA,0.0632294924122465
combined_min_variance,2022-04-01,PSA,0.04413532824808903
combined_min_variance,2021-05-03,SBUX,0.0008148260682378098
combined_min_variance,2021-07-01,SBUX,0.023669649157228016
combined_min_variance,2021-08-02,SBUX,0.01660012238994063
combined_min_variance,2021-09-01,SBUX,0.005387139783810108
combined_min_variance,2021-10-01,SBUX,0.020455614292837966
combined_min_variance,2021-11-01,SBUX,0.015896946046321758
combined_min_variance,2021-12-01,SBUX,0.012177199422720589
combined_min_variance,2022-02-01,SBUX,0.022402084103592904
combined_min_variance,2021-10-01,SHW,6.575476373709201e-05
combined_min_variance,2021-12-01,SHW,0.02818285079099377
combined_min_variance,2022-01-03,SHW,0.012953521330073773
combined_min_variance,2022-02-01,SHW,0.014423035039197523
combined_min_variance,2022-04-01,SHW,0.011804694558822855
combined_min_variance,2022-05-02,SHW,0.06466127961053152
combined_min_variance,2022-06-01,SHW,0.05289655166403421
combined_min_variance,2022-07-01,SHW,0.02821005444125225
combined_min_variance,2022-08-01,SHW,0.025420993697215025
combined_min_variance,2022-09-01,SHW,0.023655236450775313
combined_min_variance,2022-10-03,SHW,0.01340781275312728
combined_min_variance,2021-10-01,SLB,0.0012066616532890992
combined_min_variance,2021-12-01,SO,0.016393139178353045
combined_min_variance,2022-01-03,SO,0.01782706432106371
combined_min_variance,2022-02-01,SO,0.09048372893426666
combined_min_variance,2022-03-01,SO,0.07828545366642684
combined_min_variance,2022-04-01,SO,0.07945958891746188
combined_min_variance,2022-05-02,SO,0.06561341013712445
combined_min_variance,2022-06-01,SO,0.0643510227614865
combined_min_variance,2022-07-01,SO,0.035774660728385275
combined_min_variance,2022-08-01,SO,0.027444120367513092
combined_min_variance,2022-09-01,SO,0.044626729705227706
combined_min_variance,2022-10-03,SO,0.006557535609787104
combined_min_variance,2022-11-01,SO,0.014342460154723218
combined_min_variance,2021-04-01,T,0.09206884821984686
combined_min_variance,2021-05-03,T,0.1087651695664036
combined_min_variance,2021-06-01,T,0.11078096276388344
combined_min_variance,2021-07-01,T,0.15279889519075446
combined_min_variance,2021-08-02,T,0.15168473436662985
combined_min_variance,2021-09-01,T,0.14906074787947748
combined_min_variance,2021-10-01,T,0.12266546271836476
combined_min_variance,2021-11-01,T,0.10298930224419751
combined_min_variance,2021-12-01,T,0.08224044952777461
combined_min_variance,2022-01-03,T,0.07035087730427984
combined_min_variance,2022-02-01,T,0.01284141845795753
combined_min_variance,2022-10-03,T,0.0003066451172422766
combined_min_variance,2022-11-01,T,0.0004427354954571907
combined_min_variance,2022-12-01,T,0.0064513880126416895
combined_min_variance,2023-01-03,T,0.011001381323256496
combined_min_variance,2023-02-01,T,0.0332048982868409
combined_min_variance,2023-03-01,T,0.04623340482427852
combined_min_variance,2023-04-03,T,0.05371282931675092
combined_min_variance,2023-05-01,T,0.03913698210457495
combined_min_variance,2023-06-01,T,0.029997175478036917
combined_min_variance,2023-07-03,T,0.045198496409528825
combined_min_variance,2023-08-01,T,0.029997189867011595
combined_min_variance,2023-09-01,T,0.03404231782281169
combined_min_variance,2023-10-02,T,0.030271929990867967
combined_min_variance,2023-11-01,T,0.03871473479968376
combined_min_variance,2023-12-01,T,0.032312422594140466
combined_min_variance,2021-11-01,TMUS,0.006194258505447115
combined_min_variance,2022-02-01,TMUS,0.0010476081229179395
combined_min_variance,2022-03-01,TMUS,0.0016969351040481593
combined_min_variance,2022-04-01,TMUS,0.01730849780386995
combined_min_variance,2023-06-01,TMUS,0.01634555180238362
combined_min_variance,2023-07-03,TMUS,0.0404169499376617
combined_min_variance,2023-08-01,TMUS,0.0589453908649858
combined_min_variance,2023-09-01,TMUS,0.046294690178804214
combined_min_variance,2023-10-02,TMUS,0.06948548334380147
combined_min_variance,2023-11-01,TMUS,0.0675376002319386
combined_min_variance,2023-12-01,TMUS,0.06642324214475988
combined_min_variance,2021-01-04,TTWO,0.044445784655699816
combined_min_variance,2021-02-01,TTWO,0.04035572721538273
combined_min_variance,2021-03-01,TTWO,0.030244597407556358
combined_min_variance,2021-04-01,TTWO,0.07380194497648693
combined_min_variance,2021-05-03,TTWO,0.055956378248746344
combined_min_variance,2021-06-01,TTWO,0.0565192295318699
combined_min_variance,2021-07-01,TTWO,0.045815371872916885
combined_min_variance,2021-08-02,TTWO,0.051958509917773954
combined_min_variance,2021-09-01,TTWO,0.053865597736051714
combined_min_variance,2021-10-01,TTWO,0.0384144336439692
combined_min_variance,2021-11-01,TTWO,0.02759017398811069
combined_min_variance,2021-12-01,TTWO,0.02414762326377714
combined_min_variance,2022-01-03,TTWO,0.02145065419705287
combined_min_variance,2022-02-01,TTWO,0.02966628584323911
combined_min_variance,2022-03-01,TTWO,0.037852540999345846
combined_min_variance,2022-04-01,TTWO,0.032907485492847416
combined_min_variance,2022-05-02,TTWO,0.03850658518091484
combined_min_variance,2022-06-01,TTWO,0.02624752645017075
combined_min_variance,2022-07-01,TTWO,0.027336501591899712
combined_min_variance,2022-08-01,TTWO,0.02832226417048825
combined_min_variance,2022-09-01,TTWO,0.015462842865635613
combined_min_variance,2022-10-03,TTWO,0.016211515506392018
combined_min_variance,2022-11-01,TTWO,0.02141831113862011
combined_min_variance,2022-12-01,TTWO,0.0328169784189096
combined_min_variance,2023-01-03,TTWO,0.03203772490237899
combined_min_variance,2023-02-01,TTWO,0.023756280565375525
combined_min_variance,2023-03-01,TTWO,0.0271230386101496
combined_min_variance,2023-04-03,TTWO,0.023608885585790627
combined_min_variance,2023-05-01,TTWO,0.02177661839777671
combined_min_variance,2023-07-03,TTWO,0.0032094220059148883
combined_min_variance,2023-08-01,TTWO,0.0035036885932282274
combined_min_variance,2023-09-01,TTWO,0.012983789370638876
combined_min_variance,2023-10-02,TTWO,0.013183984179118497
combined_min_variance,2023-11-01,TTWO,0.0022882191767557092
combined_min_variance,2021-01-04,UPS,0.02124397208784172
combined_min_variance,2021-02-01,UPS,0.017632760051735447
combined_min_variance,2021-03-01,UPS,0.027122525299605203
combined_min_variance,2021-11-01,UPS,0.011846338140214399
combined_min_variance,2021-12-01,UPS,0.005516843885636794
combined_min_variance,2022-01-03,UPS,0.006677701530930864
combined_min_variance,2022-02-01,UPS,0.005728280365197309
combined_min_variance,2022-03-01,UPS,0.013190406396654707
combined_min_variance,2022-04-01,UPS,0.0017776406577884154
combined_min_variance,2022-06-01,UPS,0.008393361255857105
combined_min_variance,2022-07-01,UPS,0.013098240569279787
combined_min_variance,2022-09-01,UPS,0.009606028977761773
combined_min_variance,2022-10-03,UPS,0.007091602730071844
combined_min_variance,2022-11-01,UPS,0.0201792304595644
combined_min_variance,2022-12-01,UPS,0.0025486236650475265
combined_min_variance,2023-04-03,UPS,0.005161553046975179
combined_min_variance,2023-06-01,UPS,0.0059425221270504565
combined_min_variance,2022-08-01,USB,0.0008263092215790132
combined_min_variance,2023-07-03,V,0.0027304020611124014
combined_min_variance,2023-08-01,V,0.018525511188358813
combined_min_variance,2023-09-01,V,0.02918867342825866
combined_min_variance,2023-10-02,V,0.04100092307676077
combined_min_variance,2023-11-01,V,0.04174468226218099
combined_min_variance,2023-12-01,V,0.0759255027693051
combined_min_variance,2021-01-04,WMT,0.1999999999999999
combined_min_variance,2021-02-01,WMT,0.19999999999999993
combined_min_variance,2021-03-01,WMT,0.19470823159423
combined_min_variance,2021-04-01,WMT,0.2
combined_min_variance,2021-05-03,WMT,0.19006207637056202
combined_min_variance,2021-06-01,WMT,0.16410417125652216
combined_min_variance,2021-07-01,WMT,0.09839262738156017
combined_min_variance,2021-08-02,WMT,0.10180446437153891
combined_min_variance,2021-09-01,WMT,0.11270526978749056
combined_min_variance,2021-10-01,WMT,0.1234648290193865
combined_min_variance,2021-11-01,WMT,0.10544903681494763
combined_min_variance,2021-12-01,WMT,0.10848817659795244
combined_min_variance,2022-01-03,WMT,0.10861332697791591
combined_min_variance,2022-02-01,WMT,0.08856960695344272
combined_min_variance,2022-03-01,WMT,0.12301649565265026
combined_min_variance,2022-04-01,WMT,0.11117028075234893
combined_min_variance,2022-05-02,WMT,0.10796922856969605
combined_min_variance,2022-06-01,WMT,0.0845474204880461
combined_min_variance,2022-07-01,WMT,0.10362604759180778
combined_min_variance,2022-08-01,WMT,0.10299686887490131
combined_min_variance,2022-09-01,WMT,0.0934447458327618
combined_min_variance,2022-10-03,WMT,0.1072723678457241
combined_min_variance,2022-11-01,WMT,0.10396393123481508
combined_min_variance,2022-12-01,WMT,0.1050960606512416
combined_min_variance,2023-01-03,WMT,0.10068571906113916
combined_min_variance,2023-02-01,WMT,0.09561864436783453
combined_min_variance,2023-03-01,WMT,0.08973190287214391
combined_min_variance,2023-04-03,WMT,0.09764710874349221
combined_min_variance,2023-05-01,WMT,0.11213410601664375
combined_min_variance,2023-06-01,WMT,0.15296061257261784
combined_min_variance,2023-07-03,WMT,0.13035466735814838
combined_min_variance,2023-08-01,WMT,0.13406085209790194
combined_min_variance,2023-09-01,WMT,0.17836875731338317
combined_min_variance,2023-10-02,WMT,0.16308230720181363
combined_min_variance,2023-11-01,WMT,0.18214313455956696
combined_min_variance,2023-12-01,WMT,0.16158636520380207
combined_min_variance,2022-05-02,XOM,0.001628724863928078
combined_min_variance,2022-11-01,XOM,0.002289596813095698
combined_min_variance,2022-12-01,XOM,0.024484133019202308
combined_min_variance,2023-01-03,XOM,0.016738889659639912
combined_min_variance,2023-02-01,XOM,0.015542638967600506
combined_min_variance,2023-03-01,XOM,0.01034711765814056
combined_min_variance,2023-04-03,XOM,0.016090027320841423
combined_min_variance,2023-05-01,XOM,0.01000010559188848
combined_min_variance,2023-06-01,XOM,0.006171420399928841
combined_min_variance,2023-07-03,XOM,0.011514161043087135
combined_min_variance,2023-08-01,XOM,0.012346064945599571
combined_min_variance,2023-09-01,XOM,0.017624864614339365
combined_min_variance,2023-10-02,XOM,0.006705610444733249
combined_min_variance,2023-11-01,XOM,0.007546834157697088
combined_min_variance,2021-04-01,BTC-USD,0.004057444227798091
combined_min_variance,2021-05-03,BTC-USD,0.006721111215922405
combined_min_variance,2022-04-01,BTC-USD,0.000517978483797262
combined_min_variance,2022-06-01,BTC-USD,0.009384528709255335
combined_min_variance,2023-12-01,BTC-USD,0.0126417486131202
combined_min_variance,2021-04-01,TRX-USD,0.01131769130705033
combined_min_variance,2021-05-03,TRX-USD,0.00900970868429007
combined_min_variance,2021-06-01,TRX-USD,0.00409591585846714
combined_min_variance,2021-07-01,TRX-USD,0.006672426498684252
combined_min_variance,2021-08-02,TRX-USD,0.006285630859202348
combined_min_variance,2021-09-01,TRX-USD,0.006573979752467423
combined_min_variance,2022-12-01,TRX-USD,0.00016404956198221756
combined_min_variance,2023-01-03,TRX-USD,0.0028592181645655562
combined_min_variance,2023-02-01,TRX-USD,0.004601998860984184
combined_min_variance,2023-07-03,TRX-USD,0.025968268896065943
combined_min_variance,2023-08-01,TRX-USD,0.023511213468342906
combined_min_variance,2023-09-01,TRX-USD,0.022227977352303523
combined_min_variance,2023-10-02,TRX-USD,0.02573392438657264
combined_min_variance,2023-11-01,TRX-USD,0.006329270732108926
combined_min_variance,2023-12-01,TRX-USD,0.012562037658637684
combined_min_variance,2022-11-01,XLM-USD,0.006585753672796064
combined_max_sharpe,2021-02-01,ABBV,0.002499704731101779
combined_max_sharpe,2021-04-01,ABBV,0.13846997654906423
combined_max_sharpe,2021-05-03,ABBV,0.1259635160608982
combined_max_sharpe,2021-08-02,ABBV,0.015077332655289632
combined_max_sharpe,2021-09-01,ABBV,0.04149399727057598
combined_max_sharpe,2021-10-01,ABBV,0.03807460244373664
combined_max_sharpe,2021-11-01,ABBV,0.0598542366731052
combined_max_sharpe,2022-01-03,ABBV,0.015589793726990438
combined_max_sharpe,2022-02-01,ABBV,0.12873842035484157
combined_max_sharpe,2022-03-01,ABBV,0.1911687413987304
combined_max_sharpe,2022-04-01,ABBV,0.199999999999086
combined_max_sharpe,2022-05-02,ABBV,0.18500197318213785
combined_max_sharpe,2022-06-01,ABBV,0.19999999997194814
combined_max_sharpe,2022-07-01,ABBV,0.19999999999732268
combined_max_sharpe,2022-08-01,ABBV,0.1999999999936509
combined_max_sharpe,2022-09-01,ABBV,0.0941412352753508
combined_max_sharpe,2022-10-03,ABBV,0.1999999999994545
combined_max_sharpe,2022-11-01,ABBV,0.19999999999143028
combined_max_sharpe,2022-12-01,ABBV,0.19999999999915832
combined_max_sharpe,2023-01-03,ABBV,0.14420517986535952
combined_max_sharpe,2023-03-01,ABBV,0.022918740848424404
combined_max_sharpe,2023-09-01,ABBV,0.023269316028869582
combined_max_sharpe,2021-02-01,ABT,0.024436400104212067
combined_max_sharpe,2021-03-01,ABT,0.07563806920379859
combined_max_sharpe,2021-04-01,ABT,0.038994826452733305
combined_max_sharpe,2021-07-01,ABT,0.01912219196497358
combined_max_sharpe,2021-11-01,ABT,0.07095891488483991
combined_max_sharpe,2021-12-01,ABT,0.030012129310060094
combined_max_sharpe,2022-01-03,ABT,0.0843243628323796
combined_max_sharpe,2021-08-02,ADBE,0.037542435593640656
combined_max_sharpe,2021-11-01,ADBE,0.000572530164737579
combined_max_sharpe,2023-11-01,ADBE,0.02023482887152324
combined_max_sharpe,2023-12-01,ADBE,0.1244447086398277
combined_max_sharpe,2022-03-01,AEP,0.060964235385285656
combined_max_sharpe,2022-04-01,AEP,0.024838261871834855
combined_max_sharpe,2022-06-01,AEP,0.1347363566707405
combined_max_sharpe,2022-07-01,AEP,0.02321442689388491
combined_max_sharpe,2021-03-01,AMD,0.0085188502275655
combined_max_sharpe,2021-07-01,AMD,0.043482248235622925
combined_max_sharpe,2021-11-01,AMD,0.011988302448985733
combined_max_sharpe,2022-06-01,AMD,0.03977060876994992
combined_max_sharpe,2022-09-01,AMGN,0.09321687458778512
combined_max_sharpe,2022-10-03,AMGN,0.11468780817201903
combined_max_sharpe,2022-11-01,AMGN,0.19999999999143028
combined_max_sharpe,2022-12-01,AMGN,0.1999999999991139
combined_max_sharpe,2023-01-03,AMGN,0.17934520129775164
combined_max_sharpe,2023-03-01,AMGN,0.014879780262825007
combined_max_sharpe,2023-04-03,AMGN,0.016735945729462944
combined_max_sharpe,2023-10-02,AMGN,0.1162953505925441
combined_max_sharpe,2023-06-01,BA,0.10871835512032664
combined_max_sharpe,2023-07-03,BA,0.015501578450180329
combined_max_sharpe,2023-08-01,BA,0.0007208566211596347
combined_max_sharpe,2023-11-01,BA,0.025250373594250485
combined_max_sharpe,2023-12-01,BA,0.014669235440243724
combined_max_sharpe,2021-03-01,CAT,0.1282609502502644
combined_max_sharpe,2021-04-01,CAT,0.026393662983461935
combined_max_sharpe,2021-05-03,CAT,0.08600383501672297
combined_max_sharpe,2021-06-01,CAT,0.13585967095955798
combined_max_sharpe,2021-07-01,CAT,0.028992009024758687
combined_max_sharpe,2023-03-01,CAT,0.08105885389147797
combined_max_sharpe,2023-09-01,CAT,0.04443487211838435
combined_max_sharpe,2023-10-02,CAT,0.07915188082679311
combined_max_sharpe,2021-09-01,CCI,0.06135554977339342
combined_max_sharpe,2021-10-01,CCI,0.021850887150914593
combined_max_sharpe,2023-10-02,CMCSA,0.04170354896247418
combined_max_sharpe,2023-11-01,CMCSA,0.09236280659762046
combined_max_sharpe,2021-11-01,COP,0.034167493964231764
combined_max_sharpe,2021-12-01,COP,0.0438258390745029
combined_max_sharpe,2022-01-03,COP,0.0914026157306671
combined_max_sharpe,2022-02-01,COP,0.15509741849252429
combined_max_sharpe,2022-03-01,COP,0.14440532923354746
combined_max_sharpe,2022-04-01,COP,0.07846509408325429
combined_max_sharpe,2022-05-02,COP,0.13919340451743256
combined_max_sharpe,2022-06-01,COP,0.07763801717032309
combined_max_sharpe,2022-09-01,COP,0.09183864121332558
combined_max_sharpe,2022-04-01,CVX,0.12373691786213145
combined_max_sharpe,2022-05-02,CVX,0.10659898449912841
combined_max_sharpe,2022-06-01,CVX,0.1820072439134766
combined_max_sharpe,2022-07-01,CVX,0.17274587231010496
combined_max_sharpe,2022-08-01,CVX,0.19999999999352042
combined_max_sharpe,2022-09-01,CVX,0.14034449770427804
combined_max_sharpe,2022-10-03,CVX,0.135661269208116
combined_max_sharpe,2022-11-01,CVX,0.10905924573402774
combined_max_sharpe,2022-12-01,CVX,0.0058356116200652145
combined_max_sharpe,2023-01-03,CVX,0.02744450639007918
combined_max_sharpe,2021-04-01,DD,0.065243132990517
combined_max_sharpe,2023-11-01,DD,0.021152886968810874
combined_max_sharpe,2021-07-01,DIS,0.008936081143297553
combined_max_sharpe,2021-07-01,DUK,0.06531025801989986
combined_max_sharpe,2021-08-02,DUK,0.10111972398508516
combined_max_sharpe,2021-09-01,DUK,0.12207612065949867
combined_max_sharpe,2021-10-01,DUK,0.02201472894916587
combined_max_sharpe,2021-04-01,EA,0.07504190668631645
combined_max_sharpe,2021-10-01,EA,0.018274652342790767
combined_max_sharpe,2021-11-01,EA,0.005488925743767463
combined_max_sharpe,2021-05-03,GE,0.007211134898569363
combined_max_sharpe,2021-06-01,GE,0.06878056271764516
combined_max_sharpe,2021-07-01,GE,0.08877768517812115
combined_max_sharpe,2021-08-02,GE,0.08189062107596053
combined_max_sharpe,2021-09-01,GE,0.07461427908317803
combined_max_sharpe,2021-10-01,GE,0.12473475153927295
combined_max_sharpe,2023-04-03,GE,0.19999999998722126
combined_max_sharpe,2023-05-01,GE,0.19999999999806947
combined_max_sharpe,2023-06-01,GE,0.19999999999696175
combined_max_sharpe,2023-07-03,GE,0.19999999999954785
combined_max_sharpe,2023-08-01,GE,0.19999999999973916
combined_max_sharpe,2023-09-01,GE,0.19999999999992132
combined_max_sharpe,2023-10-02,GE,0.19999999999975948
combined_max_sharpe,2023-11-01,GE,0.19999999999984566
combined_max_sharpe,2023-12-01,GE,0.19999999999988033
combined_max_sharpe,2021-10-01,GILD,0.012101641060271071
combined_max_sharpe,2021-12-01,GILD,0.07600713406607681
combined_max_sharpe,2022-01-03,GILD,0.11473764565369139
combined_max_sharpe,2022-11-01,GILD,0.12549413009588387
combined_max_sharpe,2022-12-01,GILD,0.04951692956593727
combined_max_sharpe,2023-01-03,GILD,0.10694104167570712
combined_max_sharpe,2023-02-01,GILD,0.18828795857252695
combined_max_sharpe,2023-03-01,GILD,0.19999999998102874
combined_max_sharpe,2023-04-03,GILD,0.19999999998722126
combined_max_sharpe,2023-05-01,GILD,0.2000000000002352
combined_max_sharpe,2023-06-01,GILD,0.14903863295432904
combined_max_sharpe,2023-07-03,GILD,0.12428712466149401
combined_max_sharpe,2023-08-01,GILD,0.11134354573709146
combined_max_sharpe,2023-09-01,GILD,0.03520522370522533
combined_max_sharpe,2021-04-01,GS,0.04756191250715455
combined_max_sharpe,2021-07-01,GS,0.13105246417239885
combined_max_sharpe,2021-08-02,GS,0.10270994620847072
combined_max_sharpe,2021-09-01,GS,0.1568288443372764
combined_max_sharpe,2021-10-01,GS,0.05926464781318921
combined_max_sharpe,2021-11-01,GS,0.13806862596669842
combined_max_sharpe,2021-12-01,GS,0.11383808158039146
combined_max_sharpe,2022-01-03,GS,0.00828143007093671
combined_max_sharpe,2023-12-01,INTC,0.07062926779832979
combined_max_sharpe,2022-02-01,KO,0.050600803373311944
combined_max_sharpe,2022-03-01,KO,0.09733461258195472
combined_max_sharpe,2022-05-02,KO,0.05966502873180455
combined_max_sharpe,2022-07-01,KO,0.1999999999984942
combined_max_sharpe,2022-08-01,KO,0.07478525465148597
combined_max_sharpe,2022-09-01,KO,0.04059473910587555
combined_max_sharpe,2022-10-03,KO,4.220986837545041e-05
combined_max_sharpe,2022-12-01,KO,0.019624020551271878
combined_max_sharpe,2021-11-01,MRK,0.02681603715551463
combined_max_sharpe,2022-05-02,MRK,0.07877940626584257
combined_max_sharpe,2022-06-01,MRK,0.14621896071310242
combined_max_sharpe,2022-07-01,MRK,0.10798783413222297
combined_max_sharpe,2022-08-01,MRK,0.09031023791493334
combined_max_sharpe,2022-09-01,MRK,0.05000462592734245
combined_max_sharpe,2022-10-03,MRK,0.14361895622803453
combined_max_sharpe,2022-11-01,MRK,0.04754737872312978
combined_max_sharpe,2022-12-01,MRK,0.19999999999908505
combined_max_sharpe,2023-01-03,MRK,0.19999999999996773
combined_max_sharpe,2023-02-01,MRK,0.19999999999650872
combined_max_sharpe,2023-03-01,MRK,0.19999999999130524
combined_max_sharpe,2023-04-03,MRK,0.19999999998722126
combined_max_sharpe,2023-05-01,MRK,0.19999999997877296
combined_max_sharpe,2023-06-01,MRK,0.19999999999696164
combined_max_sharpe,2023-07-03,MRK,0.19999999999967513
combined_max_sharpe,2023-08-01,MRK,0.1999999999996908
combined_max_sharpe,2023-09-01,MRK,0.19999999999992132
combined_max_sharpe,2023-10-02,MRK,0.19849454965608151
combined_max_sharpe,2023-11-01,MRK,0.14768126809733242
combined_max_sharpe,2021-04-01,MS,0.09704470956452844
combined_max_sharpe,2021-05-03,MS,0.11312057498902564
combined_max_sharpe,2021-06-01,MS,0.12946015400577174
combined_max_sharpe,2021-07-01,MS,0.023537208934001737
combined_max_sharpe,2021-08-02,MS,0.04240803879429132
combined_max_sharpe,2021-09-01,MS,0.025435711390148753
combined_max_sharpe,2021-10-01,MS,0.12969128159540602
combined_max_sharpe,2021-11-01,MS,0.03179346963827074
combined_max_sharpe,2022-02-01,MS,0.013751009687622438
combined_max_sharpe,2022-04-01,NEE,0.0010689901414762354
combined_max_sharpe,2021-01-04,NEM,0.1478466768060332
combined_max_sharpe,2021-02-01,NEM,0.09368584559887114
combined_max_sharpe,2022-03-01,NEM,0.02189395464494744
combined_max_sharpe,2022-04-01,NEM,0.059511049285506254
combined_max_sharpe,2021-07-01,NKE,0.07531070521971742
combined_max_sharpe,2021-08-02,NKE,0.13869424538936842
combined_max_sharpe,2021-09-01,NKE,0.0782016457860646
combined_max_sharpe,2021-04-01,NUE,0.03726159326372532
combined_max_sharpe,2021-06-01,NUE,0.04685117892053956
combined_max_sharpe,2021-07-01,NUE,0.06348264653714537
combined_max_sharpe,2021-08-02,NUE,0.09289194234000492
combined_max_sharpe,2021-09-01,NUE,0.08460753465411777
combined_max_sharpe,2021-10-01,NUE,0.034588951678612805
combined_max_sharpe,2021-11-01,NUE,0.009124819736599918
combined_max_sharpe,2021-12-01,NUE,0.04257033136157845
combined_max_sharpe,2022-01-03,NUE,0.09029407246265195
combined_max_sharpe,2022-02-01,NUE,0.06439953689439029
combined_max_sharpe,2022-03-01,NUE,0.08931446196649906
combined_max_sharpe,2022-04-01,NUE,0.0395879336207186
combined_max_sharpe,2022-05-02,NUE,0.09766480645297443
combined_max_sharpe,2022-08-01,NUE,0.02483326629005621
combined_max_sharpe,2023-02-01,NUE,0.15158600205217307
combined_max_sharpe,2023-03-01,NUE,0.064055370008307
combined_max_sharpe,2021-01-04,NVDA,0.08916536394490607
combined_max_sharpe,2021-02-01,NVDA,0.19999999999995688
combined_max_sharpe,2021-03-01,NVDA,0.03399531305643184
combined_max_sharpe,2021-05-03,NVDA,0.032023028524438675
combined_max_sharpe,2021-06-01,NVDA,0.029019437598543595
combined_max_sharpe,2021-07-01,NVDA,0.0721264678082454
combined_max_sharpe,2021-08-02,NVDA,0.062496619435741585
combined_max_sharpe,2021-09-01,NVDA,0.05359641599969133
combined_max_sharpe,2021-10-01,NVDA,0.07636983612162405
combined_max_sharpe,2021-11-01,NVDA,0.06112875461139255
combined_max_sharpe,2021-12-01,NVDA,0.12865790222702547
combined_max_sharpe,2022-01-03,NVDA,0.07352130572121218
combined_max_sharpe,2022-02-01,NVDA,0.050256265238945816
combined_max_sharpe,2022-03-01,NVDA,0.04814975539581846
combined_max_sharpe,2022-04-01,NVDA,0.06209311785586503
combined_max_sharpe,2023-05-01,NVDA,0.0013185207126950919
combined_max_sharpe,2023-06-01,NVDA,0.11657514918384161
combined_max_sharpe,2023-07-03,NVDA,0.13137890057008994
combined_max_sharpe,2023-08-01,NVDA,0.13552295951906132
combined_max_sharpe,2023-09-01,NVDA,0.17665610368140017
combined_max_sharpe,2023-10-02,NVDA,0.16774741071416663
combined_max_sharpe,2023-11-01,NVDA,0.19999999999989831
combined_max_sharpe,2023-12-01,NVDA,0.19355004979276755
combined_max_sharpe,2021-10-01,OXY,0.03481780259472333
combined_max_sharpe,2021-11-01,OXY,0.03596623975789354
combined_max_sharpe,2022-04-01,OXY,0.01227334769349733
combined_max_sharpe,2022-05-02,OXY,0.025035167862902927
combined_max_sharpe,2022-06-01,OXY,0.06282640065083621
combined_max_sharpe,2022-07-01,OXY,0.09605186664442754
combined_max_sharpe,2022-08-01,OXY,0.14594662500968789
combined_max_sharpe,2022-09-01,OXY,0.1892548792719791
combined_max_sharpe,2022-10-03,OXY,0.18974189404850836
combined_max_sharpe,2022-11-01,OXY,0.09768687479813563
combined_max_sharpe,2022-12-01,OXY,0.07924187457085638
combined_max_sharpe,2023-01-03,OXY,0.12043449551569323
combined_max_sharpe,2023-02-01,OXY,0.08261504505726062
combined_max_sharpe,2023-03-01,OXY,0.08021464375426698
combined_max_sharpe,2021-10-01,PLD,0.09890441798249405
combined_max_sharpe,2021-11-01,PLD,0.13472328067689285
combined_max_sharpe,2021-12-01,PLD,0.17711949487519993
combined_max_sharpe,2022-01-03,PLD,0.19999999999896945
combined_max_sharpe,2022-02-01,PLD,0.18956237680565544
combined_max_sharpe,2022-03-01,PLD,0.1253556252575633
combined_max_sharpe,2022-04-01,PLD,0.14348214616134355
combined_max_sharpe,2022-05-02,PLD,0.19668227824512302
combined_max_sharpe,2021-04-01,PSA,0.013499676910005688
combined_max_sharpe,2021-05-03,PSA,0.1552701842603929
combined_max_sharpe,2021-06-01,PSA,0.19999999999995663
combined_max_sharpe,2021-07-01,PSA,0.1999999999996568
combined_max_sharpe,2021-08-02,PSA,0.19999999999995707
combined_max_sharpe,2021-09-01,PSA,0.19999999999990078
combined_max_sharpe,2021-10-01,PSA,0.19999999999985918
combined_max_sharpe,2021-11-01,PSA,0.19999999999988446
combined_max_sharpe,2021-12-01,PSA,0.1999999999997749
combined_max_sharpe,2022-01-03,PSA,0.19999999999896945
combined_max_sharpe,2022-02-01,PSA,0.19999999999964957
combined_max_sharpe,2022-03-01,PSA,0.19999999999871554
combined_max_sharpe,2022-04-01,PSA,0.1999999999975894
combined_max_sharpe,2022-05-02,PSA,0.11137895023696522
combined_max_sharpe,2021-02-01,QCOM,0.0006705435247098694
combined_max_sharpe,2021-08-02,SBUX,0.04443990329957048
combined_max_sharpe,2023-03-01,SBUX,0.019619607299130884
combined_max_sharpe,2023-04-03,SBUX,0.05762679560731939
combined_max_sharpe,2023-05-01,SBUX,0.19999999999807724
combined_max_sharpe,2021-04-01,SHW,0.006527356133466901
combined_max_sharpe,2021-05-03,SHW,0.08560995047886467
combined_max_sharpe,2021-07-01,SHW,0.01255900141462808
combined_max_sharpe,2021-08-02,SHW,0.027765338377297912
combined_max_sharpe,2021-09-01,SHW,0.038708915317312874
combined_max_sharpe,2021-10-01,SHW,0.02831038814848943
combined_max_sharpe,2021-11-01,SHW,0.05080278038278148
combined_max_sharpe,2021-12-01,SHW,0.05093316726484545
combined_max_sharpe,2022-01-03,SHW,0.07511930619334012
combined_max_sharpe,2023-01-03,SLB,0.0178083623411862
combined_max_sharpe,2023-07-03,SLB,0.01984349996714337
combined_max_sharpe,2023-08-01,SLB,0.09619570109539152
combined_max_sharpe,2023-09-01,SLB,0.049079740356007706
combined_max_sharpe,2023-10-02,SLB,0.0663475419353379
combined_max_sharpe,2022-02-01,SO,0.07068794371316905
combined_max_sharpe,2022-04-01,SO,0.03711696075757475
combined_max_sharpe,2022-06-01,SO,0.15680241211737195
combined_max_sharpe,2022-07-01,SO,0.19999999998663515
combined_max_sharpe,2022-08-01,SO,0.1999999999886139
combined_max_sharpe,2022-09-01,SO,0.19999999998597914
combined_max_sharpe,2022-10-03,SO,0.1172172491682692
combined_max_sharpe,2023-12-01,SO,0.16349493066650073
combined_max_sharpe,2023-03-01,T,0.07188631897297591
combined_max_sharpe,2023-04-03,T,0.12295441128559047
combined_max_sharpe,2021-01-04,TMUS,0.03212313082993097
combined_max_sharpe,2022-11-01,TMUS,0.04042205611135086
combined_max_sharpe,2022-12-01,TMUS,0.04815813490644158
combined_max_sharpe,2023-01-03,TMUS,0.003821212913876041
combined_max_sharpe,2023-02-01,TMUS,0.17751099432111755
combined_max_sharpe,2021-01-04,TTWO,0.14287854747560558
combined_max_sharpe,2021-02-01,TTWO,0.09127472434415294
combined_max_sharpe,2021-03-01,TTWO,0.14680591614742777
combined_max_sharpe,2021-04-01,TTWO,0.04225240187765007
combined_max_sharpe,2021-05-03,TTWO,0.02552090206666275
combined_max_sharpe,2021-06-01,TTWO,0.09813123108485208
combined_max_sharpe,2023-12-01,TTWO,0.07563750277587934
combined_max_sharpe,2021-01-04,UPS,0.13109758626244195
combined_max_sharpe,2021-02-01,UPS,0.15092710947178115
combined_max_sharpe,2021-03-01,UPS,0.19999999999968582
combined_max_sharpe,2021-04-01,UPS,0.09878967438496976
combined_max_sharpe,2021-05-03,UPS,0.1591908517030496
combined_max_sharpe,2021-06-01,UPS,0.19258383891960965
combined_max_sharpe,2021-07-01,UPS,0.11170390652351019
combined_max_sharpe,2021-10-01,WFC,0.03244531516095537
combined_max_sharpe,2021-11-01,WFC,0.08895966014527705
combined_max_sharpe,2021-12-01,WFC,0.07064195591934122
combined_max_sharpe,2022-01-03,WFC,0.02758250182618884
combined_max_sharpe,2022-02-01,WFC,0.06153297571047378
combined_max_sharpe,2022-03-01,WFC,0.0015211337602159128
combined_max_sharpe,2023-03-01,WMT,0.045366684957966995
combined_max_sharpe,2023-04-03,WMT,0.0026828474211401166
combined_max_sharpe,2023-06-01,WMT,0.11392272888237455
combined_max_sharpe,2023-07-03,WMT,0.19999999999944315
combined_max_sharpe,2023-08-01,WMT,0.1624851320325618
combined_max_sharpe,2023-09-01,WMT,0.19999999999992132
combined_max_sharpe,2023-10-02,WMT,0.06957495217156673
combined_max_sharpe,2023-11-01,WMT,0.19999999999956633
combined_max_sharpe,2021-12-01,XOM,0.040121084500492316
combined_max_sharpe,2022-08-01,XOM,0.06412461613640863
combined_max_sharpe,2022-09-01,XOM,0.10060450691158944
combined_max_sharpe,2022-10-03,XOM,0.09903061330542093
combined_max_sharpe,2022-11-01,XOM,0.17979031452147648
combined_max_sharpe,2022-12-01,XOM,0.19762342878278757
combined_max_sharpe,2023-01-03,XOM,0.19999999999996773
combined_max_sharpe,2023-02-01,XOM,0.19999999999650872
combined_max_sharpe,2023-03-01,XOM,0.1999999999983151
combined_max_sharpe,2023-04-03,XOM,0.19999999998722126
combined_max_sharpe,2023-05-01,XOM,0.1986814792831021
combined_max_sharpe,2021-03-01,ADA-USD,0.13937024923907984
combined_max_sharpe,2021-04-01,ADA-USD,0.06097144333224192
combined_max_sharpe,2021-05-03,ADA-USD,0.04674461920655766
combined_max_sharpe,2021-06-01,ADA-USD,0.02505716100059992
combined_max_sharpe,2021-07-01,ADA-USD,0.0053305574760562895
combined_max_sharpe,2021-09-01,ADA-USD,0.021636379140663468
combined_max_sharpe,2021-10-01,ADA-USD,0.033373477461479124
combined_max_sharpe,2021-11-01,ADA-USD,0.02751485504755961
combined_max_sharpe,2021-12-01,ADA-USD,0.02017854094433621
combined_max_sharpe,2022-01-03,ADA-USD,0.011547205575969381
combined_max_sharpe,2023-07-03,BCH-USD,0.06554255968570313
combined_max_sharpe,2023-08-01,BCH-USD,0.04016988485031024
combined_max_sharpe,2023-09-01,BCH-USD,0.038113978406111505
combined_max_sharpe,2023-10-02,BCH-USD,0.05515040013636584
combined_max_sharpe,2023-11-01,BCH-USD,0.07883651221340642
combined_max_sharpe,2023-12-01,BCH-USD,0.05476466967831285
combined_max_sharpe,2021-01-04,BTC-USD,0.19999999999997775
combined_max_sharpe,2021-02-01,BTC-USD,0.19999999999996004
combined_max_sharpe,2021-03-01,BTC-USD,0.19999999999968582
combined_max_sharpe,2021-04-01,BTC-USD,0.19906376739647078
combined_max_sharpe,2021-05-03,BTC-USD,0.13430332189159816
combined_max_sharpe,2021-06-01,BTC-USD,0.024638955481270236
combined_max_sharpe,2021-07-01,BTC-USD,0.019165830124724566
combined_max_sharpe,2021-08-02,BTC-USD,0.028881994067025515
combined_max_sharpe,2021-09-01,BTC-USD,0.022862276912917864
combined_max_sharpe,2021-10-01,BTC-USD,0.021966453548621756
combined_max_sharpe,2021-11-01,BTC-USD,0.006582154238821238
combined_max_sharpe,2023-12-01,BTC-USD,0.1028096352078312
combined_max_sharpe,2021-06-01,ETC-USD,0.02895709738969128
combined_max_sharpe,2021-07-01,ETC-USD,0.019872118734570097
combined_max_sharpe,2021-08-02,ETC-USD,0.012061345686018339
combined_max_sharpe,2021-09-01,ETC-USD,0.010913498395159284
combined_max_sharpe,2021-10-01,ETC-USD,0.01321616440783445
combined_max_sharpe,2021-11-01,ETC-USD,0.004230848073355483
combined_max_sharpe,2021-12-01,ETC-USD,0.003271502229959368
combined_max_sharpe,2022-01-03,ETC-USD,0.007599760206285738
combined_max_sharpe,2022-02-01,ETC-USD,0.015373249726834761
combined_max_sharpe,2022-03-01,ETC-USD,0.01989215037075711
combined_max_sharpe,2022-04-01,ETC-USD,0.017826180666592056
combined_max_sharpe,2021-01-04,ETH-USD,0.16613650714130873
combined_max_sharpe,2021-02-01,ETH-USD,0.07235476239122647
combined_max_sharpe,2021-06-01,ETH-USD,0.01597331406724374
combined_max_sharpe,2021-11-01,ETH-USD,0.0012580706889308447
combined_max_sharpe,2021-12-01,ETH-USD,0.0028228366447312706
combined_max_sharpe,2021-04-01,TRX-USD,0.05288395894667426
combined_max_sharpe,2021-05-03,TRX-USD,0.029038080902627914
combined_max_sharpe,2021-06-01,TRX-USD,0.004687397854568586
combined_max_sharpe,2021-07-01,TRX-USD,0.01123861948850064
combined_max_sharpe,2021-08-02,TRX-USD,0.01202051309223444
combined_max_sharpe,2021-09-01,TRX-USD,0.007668831279638648
combined_max_sharpe,2021-01-04,XLM-USD,0.09075218753974193
combined_max_sharpe,2021-02-01,XLM-USD,0.16415090983360514
combined_max_sharpe,2021-03-01,XLM-USD,0.06741065187551774
combined_max_sharpe,2023-06-01,XRP-USD,0.111745133861567
combined_max_sharpe,2023-07-03,XRP-USD,0.04344633666471893
combined_max_sharpe,2023-08-01,XRP-USD,0.05356192014377057
combined_max_sharpe,2023-09-01,XRP-USD,0.033240765703661114
combined_max_sharpe,2023-10-02,XRP-USD,0.00553436500366969
combined_max_sharpe,2023-11-01,XRP-USD,0.014481323656938386
combined_risk_parity,2021-01-04,ABBV,0.024146289838734115
combined_risk_parity,2021-02-01,ABBV,0.02387208600912166
combined_risk_parity,2021-03-01,ABBV,0.02434913486424623
combined_risk_parity,2021-04-01,ABBV,0.026960781843268423
combined_risk_parity,2021-05-03,ABBV,0.02893214688564515
combined_risk_parity,2021-06-01,ABBV,0.023951244419662746
combined_risk_parity,2021-07-01,ABBV,0.0229059634914508
combined_risk_parity,2021-08-02,ABBV,0.02216043127153077
combined_risk_parity,2021-09-01,ABBV,0.02162805158850977
combined_risk_parity,2021-10-01,ABBV,0.020673807965326543
combined_risk_parity,2021-11-01,ABBV,0.021889804321289008
combined_risk_parity,2021-12-01,ABBV,0.0218931522861004
combined_risk_parity,2022-01-03,ABBV,0.022764966562347774
combined_risk_parity,2022-02-01,ABBV,0.026584503259154194
combined_risk_parity,2022-03-01,ABBV,0.02703362727041685
combined_risk_parity,2022-04-01,ABBV,0.02805663331962671
combined_risk_parity,2022-05-02,ABBV,0.026472487247269205
combined_risk_parity,2022-06-01,ABBV,0.030509509576525852
combined_risk_parity,2022-07-01,ABBV,0.029570794360685236
combined_risk_parity,2022-08-01,ABBV,0.03166950787821863
combined_risk_parity,2022-09-01,ABBV,0.03132069943157847
combined_risk_parity,2022-10-03,ABBV,0.03147327546541479
combined_risk_parity,2022-11-01,ABBV,0.03201991011491436
combined_risk_parity,2022-12-01,ABBV,0.03273631703436806
combined_risk_parity,2023-01-03,ABBV,0.0330456377796559
combined_risk_parity,2023-02-01,ABBV,0.033151153010481556
combined_risk_parity,2023-03-01,ABBV,0.03388284006230049
combined_risk_parity,2023-04-03,ABBV,0.03384594949094952
combined_risk_parity,2023-05-01,ABBV,0.03450093662259005
combined_risk_parity,2023-06-01,ABBV,0.03370360826292654
combined_risk_parity,2023-07-03,ABBV,0.034762324024891135
combined_risk_parity,2023-08-01,ABBV,0.03453418745516999
combined_risk_parity,2023-09-01,ABBV,0.03458661317072669
combined_risk_parity,2023-10-02,ABBV,0.033542758183929954
combined_risk_parity,2023-11-01,ABBV,0.03521142667417502
combined_risk_parity,2023-12-01,ABBV,0.037062762580136424
combined_risk_parity,2021-01-04,ABT,0.02044576206222554
combined_risk_parity,2021-02-01,ABT,0.02062472216243592
combined_risk_parity,2021-03-01,ABT,0.020829773300783744
combined_risk_parity,2021-04-01,ABT,0.023439996889493858
combined_risk_parity,2021-05-03,ABT,0.022105622046627745
combined_risk_parity,2021-06-01,ABT,0.02246980288478648
combined_risk_parity,2021-07-01,ABT,0.023568066538263762
combined_risk_parity,2021-08-02,ABT,0.024536427721437336
combined_risk_parity,2021-09-01,ABT,0.024566812054351978
combined_risk_parity,2021-10-01,ABT,0.026234556962973176
combined_risk_parity,2021-11-01,ABT,0.02793242912771797
combined_risk_parity,2021-12-01,ABT,0.028303563999727457
combined_risk_parity,2022-01-03,ABT,0.028417273831656337
combined_risk_parity,2022-02-01,ABT,0.026106665700428314
combined_risk_parity,2022-03-01,ABT,0.024257093572777454
combined_risk_parity,2022-04-01,ABT,0.02237991373586123
combined_risk_parity,2022-05-02,ABT,0.02103776876986043
combined_risk_parity,2022-06-01,ABT,0.01909366585048167
combined_risk_parity,2022-07-01,ABT,0.01849905019399039
combined_risk_parity,2022-08-01,ABT,0.017781935715650538
combined_risk_parity,2022-09-01,ABT,0.01743700669987495
combined_risk_parity,2022-10-03,ABT,0.01784280375257912
combined_risk_parity,2022-11-01,ABT,0.017633474921113765
combined_risk_parity,2022-12-01,ABT,0.017253560354063488
combined_risk_parity,2023-01-03,ABT,0.016913901348277968
combined_risk_parity,2023-02-01,ABT,0.01710250862732776
combined_risk_parity,2023-03-01,ABT,0.01727829876280796
combined_risk_parity,2023-04-03,ABT,0.017473745904465147
combined_risk_parity,2023-05-01,ABT,0.017990538907274253
combined_risk_parity,2023-06-01,ABT,0.018840708511411175
combined_risk_parity,2023-07-03,ABT,0.019564790896573023
combined_risk_parity,2023-08-01,ABT,0.019983949221936234
combined_risk_parity,2023-09-01,ABT,0.020263061880254223
combined_risk_parity,2023-10-02,ABT,0.019895996396908158
combined_risk_parity,2023-11-01,ABT,0.02167240127785349
combined_risk_parity,2023-12-01,ABT,0.022895717311258244
combined_risk_parity,2021-01-04,ADBE,0.016335219505611304
combined_risk_parity,2021-02-01,ADBE,0.016526650072771695
combined_risk_parity,2021-03-01,ADBE,0.016457082495499348
combined_risk_parity,2021-04-01,ADBE,0.01751182367657719
combined_risk_parity,2021-05-03,ADBE,0.01845837798206428
combined_risk_parity,2021-06-01,ADBE,0.017305039333493928
combined_risk_parity,2021-07-01,ADBE,0.01781438036700472
combined_risk_parity,2021-08-02,ADBE,0.01794170836094745
combined_risk_parity,2021-09-01,ADBE,0.017195287717045277
combined_risk_parity,2021-10-01,ADBE,0.018466744448903102
combined_risk_parity,2021-11-01,ADBE,0.01972381204185691
combined_risk_parity,2021-12-01,ADBE,0.018660326325125737
combined_risk_parity,2022-01-03,ADBE,0.016947838714967224
combined_risk_parity,2022-02-01,ADBE,0.015855911021384173
combined_risk_parity,2022-03-01,ADBE,0.015138125075121753
combined_risk_parity,2022-04-01,ADBE,0.014035779275797092
combined_risk_parity,2022-05-02,ADBE,0.014043309220137747
combined_risk_parity,2022-06-01,ADBE,0.013070703112156294
combined_risk_parity,2022-07-01,ADBE,0.012405626446369404
combined_risk_parity,2022-08-01,ADBE,0.011991663823248263
combined_risk_parity,2022-09-01,ADBE,0.011784300846751068
combined_risk_parity,2022-10-03,ADBE,0.011131240185570757
combined_risk_parity,2022-11-01,ADBE,0.011441474475406133
combined_risk_parity,2022-12-01,ADBE,0.01090678751299488
combined_risk_parity,2023-01-03,ADBE,0.011009741393913185
combined_risk_parity,2023-02-01,ADBE,0.011172398785592428
combined_risk_parity,2023-03-01,ADBE,0.011202045310425571
combined_risk_parity,2023-04-03,ADBE,0.011475967882132239
combined_risk_parity,2023-05-01,ADBE,0.011588985118766555
combined_risk_parity,2023-06-01,ADBE,0.011391943015585895
combined_risk_parity,2023-07-03,ADBE,0.011362482163491417
combined_risk_parity,2023-08-01,ADBE,0.011546390873697158
combined_risk_parity,2023-09-01,ADBE,0.01173192941681402
combined_risk_parity,2023-10-02,ADBE,0.012551910582558197
combined_risk_parity,2023-11-01,ADBE,0.011839245015650257
combined_risk_parity,2023-12-01,ADBE,0.012613372669032664
combined_risk_parity,2021-01-04,AEP,0.0216957760611743
combined_risk_parity,2021-02-01,AEP,0.02200586253303224
combined_risk_parity,2021-03-01,AEP,0.02229446925909762
combined_risk_parity,2021-04-01,AEP,0.021283820094371495
combined_risk_parity,2021-05-03,AEP,0.027142429886051155
combined_risk_parity,2021-06-01,AEP,0.030179451104755402
combined_risk_parity,2021-07-01,AEP,0.030620091468840618
combined_risk_parity,2021-08-02,AEP,0.03009076868452531
combined_risk_parity,2021-09-01,AEP,0.031111824812754617
combined_risk_parity,2021-10-01,AEP,0.028835944120917275
combined_risk_parity,2021-11-01,AEP,0.028374499641023912
combined_risk_parity,2021-12-01,AEP,0.02863793892732477
combined_risk_parity,2022-01-03,AEP,0.02956477462035818
combined_risk_parity,2022-02-01,AEP,0.03009071117733462
combined_risk_parity,2022-03-01,AEP,0.028974466803095927
combined_risk_parity,2022-04-01,AEP,0.029324682987554123
combined_risk_parity,2022-05-02,AEP,0.027840875249290804
combined_risk_parity,2022-06-01,AEP,0.029013956908857094
combined_risk_parity,2022-07-01,AEP,0.027627855093936688
combined_risk_parity,2022-08-01,AEP,0.027770871521225537
combined_risk_parity,2022-09-01,AEP,0.027363845797878768
combined_risk_parity,2022-10-03,AEP,0.02551731511249253
combined_risk_parity,2022-11-01,AEP,0.02364302877989882
combined_risk_parity,2022-12-01,AEP,0.023429359979592574
combined_risk_parity,2023-01-03,AEP,0.023152758355413375
combined_risk_parity,2023-02-01,AEP,0.022678514613947535
combined_risk_parity,2023-03-01,AEP,0.022223520268087143
combined_risk_parity,2023-04-03,AEP,0.022035061187293033
combined_risk_parity,2023-05-01,AEP,0.02184386220395678
combined_risk_parity,2023-06-01,AEP,0.020758910248693866
combined_risk_parity,2023-07-03,AEP,0.020527291242305054
combined_risk_parity,2023-08-01,AEP,0.0199797443405952
combined_risk_parity,2023-09-01,AEP,0.019897616439598885
combined_risk_parity,2023-10-02,AEP,0.019938419660973452
combined_risk_parity,2023-11-01,AEP,0.02078946112261141
combined_risk_parity,2023-12-01,AEP,0.01987216241658092
combined_risk_parity,2021-01-04,AMD,0.014849787665127094
combined_risk_parity,2021-02-01,AMD,0.015169069107918431
combined_risk_parity,2021-03-01,AMD,0.015407484223386118
combined_risk_parity,2021-04-01,AMD,0.014930368062006712
combined_risk_parity,2021-05-03,AMD,0.01421064432090954
combined_risk_parity,2021-06-01,AMD,0.01470107231534363
combined_risk_parity,2021-07-01,AMD,0.014859656481823462
combined_risk_parity,2021-08-02,AMD,0.014437130615386566
combined_risk_parity,2021-09-01,AMD,0.014972331731303332
combined_risk_parity,2021-10-01,AMD,0.01550231194352008
combined_risk_parity,2021-11-01,AMD,0.016460039708349316
combined_risk_parity,2021-12-01,AMD,0.014722479965843216
combined_risk_parity,2022-01-03,AMD,0.013553394751604185
combined_risk_parity,2022-02-01,AMD,0.011477441136196245
combined_risk_parity,2022-03-01,AMD,0.010180897600234025
combined_risk_parity,2022-04-01,AMD,0.009623103939173556
combined_risk_parity,2022-05-02,AMD,0.009700361129190694
combined_risk_parity,2022-06-01,AMD,0.007975614616602298
combined_risk_parity,2022-07-01,AMD,0.00776257670609174
combined_risk_parity,2022-08-01,AMD,0.007692780928787857
combined_risk_parity,2022-09-01,AMD,0.007703074370056752
combined_risk_parity,2022-10-03,AMD,0.007776443688071306
combined_risk_parity,2022-11-01,AMD,0.007751528532683476
combined_risk_parity,2022-12-01,AMD,0.007448881406169187
combined_risk_parity,2023-01-03,AMD,0.007495961621510626
combined_risk_parity,2023-02-01,AMD,0.007579848876370841
combined_risk_parity,2023-03-01,AMD,0.007808110466364873
combined_risk_parity,2023-04-03,AMD,0.008261498894349729
combined_risk_parity,2023-05-01,AMD,0.008526387931488313
combined_risk_parity,2023-06-01,AMD,0.009232788777171944
combined_risk_parity,2023-07-03,AMD,0.009910588105237258
combined_risk_parity,2023-08-01,AMD,0.010375335280242336
combined_risk_parity,2023-09-01,AMD,0.01023093904716878
combined_risk_parity,2023-10-02,AMD,0.010136630467824315
combined_risk_parity,2023-11-01,AMD,0.010564593666611477
combined_risk_parity,2023-12-01,AMD,0.012343945115220072
combined_risk_parity,2021-01-04,AMGN,0.021356378379520268
combined_risk_parity,2021-02-01,AMGN,0.021489397358019115
combined_risk_parity,2021-03-01,AMGN,0.02213119488024898
combined_risk_parity,2021-04-01,AMGN,0.026039468517139355
combined_risk_parity,2021-05-03,AMGN,0.02547110996008072
combined_risk_parity,2021-06-01,AMGN,0.023353561001091466
combined_risk_parity,2021-07-01,AMGN,0.021012504977077125
combined_risk_parity,2021-08-02,AMGN,0.021354819582264487
combined_risk_parity,2021-09-01,AMGN,0.019955310263948964
combined_risk_parity,2021-10-01,AMGN,0.021080650735506915
combined_risk_parity,2021-11-01,AMGN,0.021177644507274013
combined_risk_parity,2021-12-01,AMGN,0.02076412144280809
combined_risk_parity,2022-01-03,AMGN,0.02113707004468619
combined_risk_parity,2022-02-01,AMGN,0.021957017955966787
combined_risk_parity,2022-03-01,AMGN,0.020443060249223502
combined_risk_parity,2022-04-01,AMGN,0.021692146772338782
combined_risk_parity,2022-05-02,AMGN,0.0245242721450087
combined_risk_parity,2022-06-01,AMGN,0.028303744546892783
combined_risk_parity,2022-07-01,AMGN,0.030163865265546458
combined_risk_parity,2022-08-01,AMGN,0.030124513212031148
combined_risk_parity,2022-09-01,AMGN,0.031356542446269696
combined_risk_parity,2022-10-03,AMGN,0.03137958491699144
combined_risk_parity,2022-11-01,AMGN,0.03171241942481121
combined_risk_parity,2022-12-01,AMGN,0.03505987118707119
combined_risk_parity,2023-01-03,AMGN,0.036349447536287355
combined_risk_parity,2023-02-01,AMGN,0.03689752597162896
combined_risk_parity,2023-03-01,AMGN,0.03769777542638742
combined_risk_parity,2023-04-03,AMGN,0.03797858385141871
combined_risk_parity,2023-05-01,AMGN,0.03762546882302152
combined_risk_parity,2023-06-01,AMGN,0.0325942815128233
combined_risk_parity,2023-07-03,AMGN,0.03111431990404065
combined_risk_parity,2023-08-01,AMGN,0.030409466576793054
combined_risk_parity,2023-09-01,AMGN,0.030950987337007577
combined_risk_parity,2023-10-02,AMGN,0.03214885370465553
combined_risk_parity,2023-11-01,AMGN,0.03086499348786788
combined_risk_parity,2023-12-01,AMGN,0.025166723617699695
combined_risk_parity,2021-01-04,AMT,0.016948712493756176
combined_risk_parity,2021-02-01,AMT,0.01719913097275261
combined_risk_parity,2021-03-01,AMT,0.01706044566397155
combined_risk_parity,2021-04-01,AMT,0.018254493439062137
combined_risk_parity,2021-05-03,AMT,0.020128645109341762
combined_risk_parity,2021-06-01,AMT,0.020771041943627604
combined_risk_parity,2021-07-01,AMT,0.022867041708516146
combined_risk_parity,2021-08-02,AMT,0.023649543393366335
combined_risk_parity,2021-09-01,AMT,0.024337924147750368
combined_risk_parity,2021-10-01,AMT,0.02557093975631429
combined_risk_parity,2021-11-01,AMT,0.02520460377777507
combined_risk_parity,2021-12-01,AMT,0.023090419216498383
combined_risk_parity,2022-01-03,AMT,0.02283857359987389
combined_risk_parity,2022-02-01,AMT,0.02023234266842878
combined_risk_parity,2022-03-01,AMT,0.019624708067931238
combined_risk_parity,2022-04-01,AMT,0.02038861523127368
combined_risk_parity,2022-05-02,AMT,0.02045563525673695
combined_risk_parity,2022-06-01,AMT,0.018744742226759505
combined_risk_parity,2022-07-01,AMT,0.017740517778957285
combined_risk_parity,2022-08-01,AMT,0.017243425309754562
combined_risk_parity,2022-09-01,AMT,0.01713781833708219
combined_risk_parity,2022-10-03,AMT,0.017127374989485147
combined_risk_parity,2022-11-01,AMT,0.016566280206910762
combined_risk_parity,2022-12-01,AMT,0.015621011556831767
combined_risk_parity,2023-01-03,AMT,0.015705461947853088
combined_risk_parity,2023-02-01,AMT,0.015766776444936383
combined_risk_parity,2023-03-01,AMT,0.015480295107418784
combined_risk_parity,2023-04-03,AMT,0.015371909325734323
combined_risk_parity,2023-05-01,AMT,0.015181850451500889
combined_risk_parity,2023-06-01,AMT,0.014982345077290524
combined_risk_parity,2023-07-03,AMT,0.014978126960011579
combined_risk_parity,2023-08-01,AMT,0.014998692700986688
combined_risk_parity,2023-09-01,AMT,0.014784039008168548
combined_risk_parity,2023-10-02,AMT,0.014175336975579626
combined_risk_parity,2023-11-01,AMT,0.014062406723637271
combined_risk_parity,2023-12-01,AMT,0.01420917359968417
combined_risk_parity,2021-01-04,BA,0.009660549302853635
combined_risk_parity,2021-02-01,BA,0.009658639335378813
combined_risk_parity,2021-03-01,BA,0.009536721669237028
combined_risk_parity,2021-04-01,BA,0.008362613739984717
combined_risk_parity,2021-05-03,BA,0.00754409261190659
combined_risk_parity,2021-06-01,BA,0.007777715816167243
combined_risk_parity,2021-07-01,BA,0.009403293770603425
combined_risk_parity,2021-08-02,BA,0.009410159517317282
combined_risk_parity,2021-09-01,BA,0.009225861758898647
combined_risk_parity,2021-10-01,BA,0.009398281156997035
combined_risk_parity,2021-11-01,BA,0.010069026962363548
combined_risk_parity,2021-12-01,BA,0.012288320281327576
combined_risk_parity,2022-01-03,BA,0.011159146614274144
combined_risk_parity,2022-02-01,BA,0.01099158071042154
combined_risk_parity,2022-03-01,BA,0.011986538000010528
combined_risk_parity,2022-04-01,BA,0.011160913071356747
combined_risk_parity,2022-05-02,BA,0.011546192685823383
combined_risk_parity,2022-06-01,BA,0.010309021738623535
combined_risk_parity,2022-07-01,BA,0.010191649172783328
combined_risk_parity,2022-08-01,BA,0.010404590465813896
combined_risk_parity,2022-09-01,BA,0.010519104700512183
combined_risk_parity,2022-10-03,BA,0.010550433673140331
combined_risk_parity,2022-11-01,BA,0.010926772063608974
combined_risk_parity,2022-12-01,BA,0.011450418209479507
combined_risk_parity,2023-01-03,BA,0.011851271649339176
combined_risk_parity,2023-02-01,BA,0.012091792405804453
combined_risk_parity,2023-03-01,BA,0.012008291298617737
combined_risk_parity,2023-04-03,BA,0.012226722294012353
combined_risk_parity,2023-05-01,BA,0.01242907145633013
combined_risk_parity,2023-06-01,BA,0.01335541263386807
combined_risk_parity,2023-07-03,BA,0.014071340259895773
combined_risk_parity,2023-08-01,BA,0.014245063538252849
combined_risk_parity,2023-09-01,BA,0.014291155805686672
combined_risk_parity,2023-10-02,BA,0.01503699621269489
combined_risk_parity,2023-11-01,BA,0.014810691518891425
combined_risk_parity,2023-12-01,BA,0.014096071520477321
combined_risk_parity,2021-01-04,CAT,0.016487405237398767
combined_risk_parity,2021-02-01,CAT,0.016426164243218633
combined_risk_parity,2021-03-01,CAT,0.016588159945058484
combined_risk_parity,2021-04-01,CAT,0.014599907699344787
combined_risk_parity,2021-05-03,CAT,0.014155423003652154
combined_risk_parity,2021-06-01,CAT,0.015450489001762229
combined_risk_parity,2021-07-01,CAT,0.0164045284062685
combined_risk_parity,2021-08-02,CAT,0.0162991459235451
combined_risk_parity,2021-09-01,CAT,0.01565510041335551
combined_risk_parity,2021-10-01,CAT,0.014710577350476517
combined_risk_parity,2021-11-01,CAT,0.014804641459865027
combined_risk_parity,2021-12-01,CAT,0.014376857934510627
combined_risk_parity,2022-01-03,CAT,0.01435001996460407
combined_risk_parity,2022-02-01,CAT,0.015816773745564613
combined_risk_parity,2022-03-01,CAT,0.015595971190743994
combined_risk_parity,2022-04-01,CAT,0.016964656768950318
combined_risk_parity,2022-05-02,CAT,0.017194537062786234
combined_risk_parity,2022-06-01,CAT,0.015699062184646877
combined_risk_parity,2022-07-01,CAT,0.015731070048506976
combined_risk_parity,2022-08-01,CAT,0.015205139008874836
combined_risk_parity,2022-09-01,CAT,0.015009680489144594
combined_risk_parity,2022-10-03,CAT,0.015175421444609783
combined_risk_parity,2022-11-01,CAT,0.015136946305158494
combined_risk_parity,2022-12-01,CAT,0.015673137665655194
combined_risk_parity,2023-01-03,CAT,0.01582044420123331
combined_risk_parity,2023-02-01,CAT,0.015571499609122599
combined_risk_parity,2023-03-01,CAT,0.015731142506014113
combined_risk_parity,2023-04-03,CAT,0.015085491869553281
combined_risk_parity,2023-05-01,CAT,0.015327351201956076
combined_risk_parity,2023-06-01,CAT,0.014813319623219181
combined_risk_parity,2023-07-03,CAT,0.013831933851209987
combined_risk_parity,2023-08-01,CAT,0.014371002704605286
combined_risk_parity,2023-09-01,CAT,0.015010539996707808
combined_risk_parity,2023-10-02,CAT,0.015111950620192851
combined_risk_parity,2023-11-01,CAT,0.015062713057870674
combined_risk_parity,2023-12-01,CAT,0.014057483748724
combined_risk_parity,2021-01-04,CCI,0.01806123483363762
combined_risk_parity,2021-02-01,CCI,0.01837642204737868
combined_risk_parity,2021-03-01,CCI,0.018640648040443488
combined_risk_parity,2021-04-01,CCI,0.02033659192720484
combined_risk_parity,2021-05-03,CCI,0.02091375385839869
combined_risk_parity,2021-06-01,CCI,0.02290731426056235
combined_risk_parity,2021-07-01,CCI,0.026515975204567534
combined_risk_parity,2021-08-02,CCI,0.028050011777966555
combined_risk_parity,2021-09-01,CCI,0.029031079148187023
combined_risk_parity,2021-10-01,CCI,0.033196472875122306
combined_risk_parity,2021-11-01,CCI,0.03064220927740039
combined_risk_parity,2021-12-01,CCI,0.025577173055289313
combined_risk_parity,2022-01-03,CCI,0.025110823331687408
combined_risk_parity,2022-02-01,CCI,0.021476814740813758
combined_risk_parity,2022-03-01,CCI,0.02003288318202521
combined_risk_parity,2022-04-01,CCI,0.0211807438388011
combined_risk_parity,2022-05-02,CCI,0.021269955512590893
combined_risk_parity,2022-06-01,CCI,0.02058180374793376
combined_risk_parity,2022-07-01,CCI,0.01894373292020464
combined_risk_parity,2022-08-01,CCI,0.01834833887742255
combined_risk_parity,2022-09-01,CCI,0.01824397792598917
combined_risk_parity,2022-10-03,CCI,0.017807848063760724
combined_risk_parity,2022-11-01,CCI,0.01769727014764409
combined_risk_parity,2022-12-01,CCI,0.01671217185811231
combined_risk_parity,2023-01-03,CCI,0.016735114070966856
combined_risk_parity,2023-02-01,CCI,0.0165282900031854
combined_risk_parity,2023-03-01,CCI,0.016349186914547696
combined_risk_parity,2023-04-03,CCI,0.01624419279182252
combined_risk_parity,2023-05-01,CCI,0.01583313465585651
combined_risk_parity,2023-06-01,CCI,0.015209434110654571
combined_risk_parity,2023-07-03,CCI,0.015279678188402337
combined_risk_parity,2023-08-01,CCI,0.015433183213918613
combined_risk_parity,2023-09-01,CCI,0.015367415736057174
combined_risk_parity,2023-10-02,CCI,0.014925346282307283
combined_risk_parity,2023-11-01,CCI,0.014375332644047384
combined_risk_parity,2023-12-01,CCI,0.014382537156285631
combined_risk_parity,2021-01-04,CMCSA,0.01805613309239014
combined_risk_parity,2021-02-01,CMCSA,0.018020356553234907
combined_risk_parity,2021-03-01,CMCSA,0.018225143922981912
combined_risk_parity,2021-04-01,CMCSA,0.016635793308522374
combined_risk_parity,2021-05-03,CMCSA,0.01689602478912043
combined_risk_parity,2021-06-01,CMCSA,0.016974127191655072
combined_risk_parity,2021-07-01,CMCSA,0.015771859152456078
combined_risk_parity,2021-08-02,CMCSA,0.01593559334198391
combined_risk_parity,2021-09-01,CMCSA,0.01559125203291451
combined_risk_parity,2021-10-01,CMCSA,0.014410595875569157
combined_risk_parity,2021-11-01,CMCSA,0.014254630483117347
combined_risk_parity,2021-12-01,CMCSA,0.015023110009465298
combined_risk_parity,2022-01-03,CMCSA,0.015415064718702099
combined_risk_parity,2022-02-01,CMCSA,0.016481206854648836
combined_risk_parity,2022-03-01,CMCSA,0.01600097422287495
combined_risk_parity,2022-04-01,CMCSA,0.01584100594390068
combined_risk_parity,2022-05-02,CMCSA,0.016905870262497156
combined_risk_parity,2022-06-01,CMCSA,0.0180415614762398
combined_risk_parity,2022-07-01,CMCSA,0.018646070102607045
combined_risk_parity,2022-08-01,CMCSA,0.01969440681588307
combined_risk_parity,2022-09-01,CMCSA,0.019591328135974275
combined_risk_parity,2022-10-03,CMCSA,0.018279122588227344
combined_risk_parity,2022-11-01,CMCSA,0.018654096175712172
combined_risk_parity,2022-12-01,CMCSA,0.01833615710979395
combined_risk_parity,2023-01-03,CMCSA,0.01813386392003248
combined_risk_parity,2023-02-01,CMCSA,0.01784533221173834
combined_risk_parity,2023-03-01,CMCSA,0.017875981063609946
combined_risk_parity,2023-04-03,CMCSA,0.017912712188012547
combined_risk_parity,2023-05-01,CMCSA,0.017507844248943687
combined_risk_parity,2023-06-01,CMCSA,0.01671179288755797
combined_risk_parity,2023-07-03,CMCSA,0.016203768555066667
combined_risk_parity,2023-08-01,CMCSA,0.015831613742050877
combined_risk_parity,2023-09-01,CMCSA,0.015864502701174312
combined_risk_parity,2023-10-02,CMCSA,0.01708989407555457
combined_risk_parity,2023-11-01,CMCSA,0.017157791427421444
combined_risk_parity,2023-12-01,CMCSA,0.016804918677114068
combined_risk_parity,2021-01-04,COP,0.01112288521519693
combined_risk_parity,2021-02-01,COP,0.011084126682001406
combined_risk_parity,2021-03-01,COP,0.011140005864204036
combined_risk_parity,2021-04-01,COP,0.01083212116707041
combined_risk_parity,2021-05-03,COP,0.010131338780221258
combined_risk_parity,2021-06-01,COP,0.010047175061734989
combined_risk_parity,2021-07-01,COP,0.010092644695118504
combined_risk_parity,2021-08-02,COP,0.010168632015469454
combined_risk_parity,2021-09-01,COP,0.010196149504694456
combined_risk_parity,2021-10-01,COP,0.010126902945134788
combined_risk_parity,2021-11-01,COP,0.010952017334062201
combined_risk_parity,2021-12-01,COP,0.01218255456842836
combined_risk_parity,2022-01-03,COP,0.011926870383857245
combined_risk_parity,2022-02-01,COP,0.012879537601540205
combined_risk_parity,2022-03-01,COP,0.013271231831203443
combined_risk_parity,2022-04-01,COP,0.014322466937127534
combined_risk_parity,2022-05-02,COP,0.013867838133771838
combined_risk_parity,2022-06-01,COP,0.013122125071405907
combined_risk_parity,2022-07-01,COP,0.013495059904550941
combined_risk_parity,2022-08-01,COP,0.013432858558048306
combined_risk_parity,2022-09-01,COP,0.014179095341378912
combined_risk_parity,2022-10-03,COP,0.014483657485770733
combined_risk_parity,2022-11-01,COP,0.014756819067083031
combined_risk_parity,2022-12-01,COP,0.015239153080514838
combined_risk_parity,2023-01-03,COP,0.015436814747285197
combined_risk_parity,2023-02-01,COP,0.015863753538571352
combined_risk_parity,2023-03-01,COP,0.01556044764336431
combined_risk_parity,2023-04-03,COP,0.015076440862334346
combined_risk_parity,2023-05-01,COP,0.015026344516627342
combined_risk_parity,2023-06-01,COP,0.01553717783188796
combined_risk_parity,2023-07-03,COP,0.015304584092648187
combined_risk_parity,2023-08-01,COP,0.01538166429197664
combined_risk_parity,2023-09-01,COP,0.015182533853833833
combined_risk_parity,2023-10-02,COP,0.015208122120301544
combined_risk_parity,2023-11-01,COP,0.015237493715388255
combined_risk_parity,2023-12-01,COP,0.015492317815108006
combined_risk_parity,2021-01-04,CVX,0.012177228855499605
combined_risk_parity,2021-02-01,CVX,0.012162092175973527
combined_risk_parity,2021-03-01,CVX,0.012205806204057562
combined_risk_parity,2021-04-01,CVX,0.01205107184287301
combined_risk_parity,2021-05-03,CVX,0.012086915247871735
combined_risk_parity,2021-06-01,CVX,0.012203967399391726
combined_risk_parity,2021-07-01,CVX,0.012181058661058475
combined_risk_parity,2021-08-02,CVX,0.012386560381874674
combined_risk_parity,2021-09-01,CVX,0.012393529489861718
combined_risk_parity,2021-10-01,CVX,0.01217759147921863
combined_risk_parity,2021-11-01,CVX,0.012340508883405855
combined_risk_parity,2021-12-01,CVX,0.01483197666432045
combined_risk_parity,2022-01-03,CVX,0.014879913954571023
combined_risk_parity,2022-02-01,CVX,0.017150142502157135
combined_risk_parity,2022-03-01,CVX,0.01750512042430557
combined_risk_parity,2022-04-01,CVX,0.020433602190598848
combined_risk_parity,2022-05-02,CVX,0.018961094501145182
combined_risk_parity,2022-06-01,CVX,0.018159329853681905
combined_risk_parity,2022-07-01,CVX,0.018449948321716626
combined_risk_parity,2022-08-01,CVX,0.018284861035933454
combined_risk_parity,2022-09-01,CVX,0.019044629399263168
combined_risk_parity,2022-10-03,CVX,0.019388032515628952
combined_risk_parity,2022-11-01,CVX,0.01936144941222811
combined_risk_parity,2022-12-01,CVX,0.019455154965518747
combined_risk_parity,2023-01-03,CVX,0.01935139725267725
combined_risk_parity,2023-02-01,CVX,0.019333758564962684
combined_risk_parity,2023-03-01,CVX,0.019291162178400326
combined_risk_parity,2023-04-03,CVX,0.018091605075594284
combined_risk_parity,2023-05-01,CVX,0.018144931064878335
combined_risk_parity,2023-06-01,CVX,0.01834322847992955
combined_risk_parity,2023-07-03,CVX,0.01794058587953017
combined_risk_parity,2023-08-01,CVX,0.018279123134154283
combined_risk_parity,2023-09-01,CVX,0.01828162949332823
combined_risk_parity,2023-10-02,CVX,0.018581180738897148
combined_risk_parity,2023-11-01,CVX,0.018976305343405712
combined_risk_parity,2023-12-01,CVX,0.019167231223104264
combined_risk_parity,2021-01-04,D,0.017673624949397056
combined_risk_parity,2021-02-01,D,0.01798617059230335
combined_risk_parity,2021-03-01,D,0.01802918748584006
combined_risk_parity,2021-04-01,D,0.025022141927794606
combined_risk_parity,2021-05-03,D,0.031632846168308276
combined_risk_parity,2021-06-01,D,0.03235544095779745
combined_risk_parity,2021-07-01,D,0.029926912740575993
combined_risk_parity,2021-08-02,D,0.028877507328122904
combined_risk_parity,2021-09-01,D,0.029222968436670226
combined_risk_parity,2021-10-01,D,0.02793816035986234
combined_risk_parity,2021-11-01,D,0.02680797304154885
combined_risk_parity,2021-12-01,D,0.027117607274629616
combined_risk_parity,2022-01-03,D,0.02696004441054314
combined_risk_parity,2022-02-01,D,0.02636785953536184
combined_risk_parity,2022-03-01,D,0.02703174743093572
combined_risk_parity,2022-04-01,D,0.027813677948234083
combined_risk_parity,2022-05-02,D,0.02894130795192054
combined_risk_parity,2022-06-01,D,0.029918978518244904
combined_risk_parity,2022-07-01,D,0.02981692923044373
combined_risk_parity,2022-08-01,D,0.02925473459488838
combined_risk_parity,2022-09-01,D,0.02935619542308158
combined_risk_parity,2022-10-03,D,0.027508887775499587
combined_risk_parity,2022-11-01,D,0.025754498652476077
combined_risk_parity,2022-12-01,D,0.025917562839778033
combined_risk_parity,2023-01-03,D,0.026115388209010812
combined_risk_parity,2023-02-01,D,0.025543230701643212
combined_risk_parity,2023-03-01,D,0.025143332370917364
combined_risk_parity,2023-04-03,D,0.024805494263821587
combined_risk_parity,2023-05-01,D,0.0243936275032173
combined_risk_parity,2023-06-01,D,0.022673839143535764
combined_risk_parity,2023-07-03,D,0.02204797859409548
combined_risk_parity,2023-08-01,D,0.021151216186637654
combined_risk_parity,2023-09-01,D,0.020583330041426286
combined_risk_parity,2023-10-02,D,0.0199134474265554
combined_risk_parity,2023-11-01,D,0.020385907014583062
combined_risk_parity,2023-12-01,D,0.018295294357287013
combined_risk_parity,2021-01-04,DD,0.014313558888951057
combined_risk_parity,2021-02-01,DD,0.014139117647397085
combined_risk_parity,2021-03-01,DD,0.014366018436952628
combined_risk_parity,2021-04-01,DD,0.013101436285709402
combined_risk_parity,2021-05-03,DD,0.012982593238909707
combined_risk_parity,2021-06-01,DD,0.013068688793732587
combined_risk_parity,2021-07-01,DD,0.012698929279546765
combined_risk_parity,2021-08-02,DD,0.012342529443238676
combined_risk_parity,2021-09-01,DD,0.012570894934955747
combined_risk_parity,2021-10-01,DD,0.013193318716924491
combined_risk_parity,2021-11-01,DD,0.012696874672399695
combined_risk_parity,2021-12-01,DD,0.012467574314646698
combined_risk_parity,2022-01-03,DD,0.012670533352455136
combined_risk_parity,2022-02-01,DD,0.013007568170539536
combined_risk_parity,2022-03-01,DD,0.012735021292059322
combined_risk_parity,2022-04-01,DD,0.011450121182878277
combined_risk_parity,2022-05-02,DD,0.012080050224688646
combined_risk_parity,2022-06-01,DD,0.012319417212047696
combined_risk_parity,2022-07-01,DD,0.012350495489414848
combined_risk_parity,2022-08-01,DD,0.012543207602050474
combined_risk_parity,2022-09-01,DD,0.012221531692095043
combined_risk_parity,2022-10-03,DD,0.012350452575599361
combined_risk_parity,2022-11-01,DD,0.012538773400734018
combined_risk_parity,2022-12-01,DD,0.013516401230274772
combined_risk_parity,2023-01-03,DD,0.013674276034671948
combined_risk_parity,2023-02-01,DD,0.013775723292930891
combined_risk_parity,2023-03-01,DD,0.013876722484595622
combined_risk_parity,2023-04-03,DD,0.014322065497770467
combined_risk_parity,2023-05-01,DD,0.014434314505917024
combined_risk_parity,2023-06-01,DD,0.013945228339172677
combined_risk_parity,2023-07-03,DD,0.013877293393540529
combined_risk_parity,2023-08-01,DD,0.014174444256025476
combined_risk_parity,2023-09-01,DD,0.014909636035670932
combined_risk_parity,2023-10-02,DD,0.015354991818782436
combined_risk_parity,2023-11-01,DD,0.01579345165383967
combined_risk_parity,2023-12-01,DD,0.014561156311499021
combined_risk_parity,2021-01-04,DIS,0.01563678791332531
combined_risk_parity,2021-02-01,DIS,0.015627924004261964
combined_risk_parity,2021-03-01,DIS,0.015650843246974428
combined_risk_parity,2021-04-01,DIS,0.015666328863418528
combined_risk_parity,2021-05-03,DIS,0.014545041422301144
combined_risk_parity,2021-06-01,DIS,0.015908442890205526
combined_risk_parity,2021-07-01,DIS,0.016607956071148938
combined_risk_parity,2021-08-02,DIS,0.016184011003949297
combined_risk_parity,2021-09-01,DIS,0.01591860959150961
combined_risk_parity,2021-10-01,DIS,0.01471273768245016
combined_risk_parity,2021-11-01,DIS,0.014587347001694572
combined_risk_parity,2021-12-01,DIS,0.01653365662567002
combined_risk_parity,2022-01-03,DIS,0.016605227338754736
combined_risk_parity,2022-02-01,DIS,0.016282995041670075
combined_risk_parity,2022-03-01,DIS,0.018452022933172545
combined_risk_parity,2022-04-01,DIS,0.01648186258539644
combined_risk_parity,2022-05-02,DIS,0.01614696276932698
combined_risk_parity,2022-06-01,DIS,0.014662474736114367
combined_risk_parity,2022-07-01,DIS,0.015006921368408874
combined_risk_parity,2022-08-01,DIS,0.014755100279456864
combined_risk_parity,2022-09-01,DIS,0.01430488377686428
combined_risk_parity,2022-10-03,DIS,0.013903405191173343
combined_risk_parity,2022-11-01,DIS,0.013926965488759512
combined_risk_parity,2022-12-01,DIS,0.012992320365045551
combined_risk_parity,2023-01-03,DIS,0.012914645434235646
combined_risk_parity,2023-02-01,DIS,0.012992526187248117
combined_risk_parity,2023-03-01,DIS,0.012731054156773643
combined_risk_parity,2023-04-03,DIS,0.012961117020985407
combined_risk_parity,2023-05-01,DIS,0.01294694089561633
combined_risk_parity,2023-06-01,DIS,0.012434289864173992
combined_risk_parity,2023-07-03,DIS,0.011782209942756089
combined_risk_parity,2023-08-01,DIS,0.012013460919242993
combined_risk_parity,2023-09-01,DIS,0.012293205330719066
combined_risk_parity,2023-10-02,DIS,0.012371508869245158
combined_risk_parity,2023-11-01,DIS,0.01230614309186916
combined_risk_parity,2023-12-01,DIS,0.013744661599638117
combined_risk_parity,2021-01-04,DOW,0.01203538199196456
combined_risk_parity,2021-02-01,DOW,0.012026426865492419
combined_risk_parity,2021-03-01,DOW,0.012169231178581088
combined_risk_parity,2021-04-01,DOW,0.010893592083493685
combined_risk_parity,2021-05-03,DOW,0.010781505190100148
combined_risk_parity,2021-06-01,DOW,0.011697487683382047
combined_risk_parity,2021-07-01,DOW,0.012027575723057439
combined_risk_parity,2021-08-02,DOW,0.012074705619521899
combined_risk_parity,2021-09-01,DOW,0.012172694756715147
combined_risk_parity,2021-10-01,DOW,0.012007323292954439
combined_risk_parity,2021-11-01,DOW,0.011315890068575299
combined_risk_parity,2021-12-01,DOW,0.011981261678041042
combined_risk_parity,2022-01-03,DOW,0.01206959993835913
combined_risk_parity,2022-02-01,DOW,0.012973525201033382
combined_risk_parity,2022-03-01,DOW,0.013705330001867418
combined_risk_parity,2022-04-01,DOW,0.013079139764717742
combined_risk_parity,2022-05-02,DOW,0.015107182525607351
combined_risk_parity,2022-06-01,DOW,0.015821053449613345
combined_risk_parity,2022-07-01,DOW,0.0158801804892606
combined_risk_parity,2022-08-01,DOW,0.016262303259912327
combined_risk_parity,2022-09-01,DOW,0.016151222589398103
combined_risk_parity,2022-10-03,DOW,0.016183510234918166
combined_risk_parity,2022-11-01,DOW,0.0164330832190125
combined_risk_parity,2022-12-01,DOW,0.016012700764411178
combined_risk_parity,2023-01-03,DOW,0.016117122650673003
combined_risk_parity,2023-02-01,DOW,0.01585167409502978
combined_risk_parity,2023-03-01,DOW,0.015889095770924885
combined_risk_parity,2023-04-03,DOW,0.01617519343333345
combined_risk_parity,2023-05-01,DOW,0.015674932982116817
combined_risk_parity,2023-06-01,DOW,0.01481148234474043
combined_risk_parity,2023-07-03,DOW,0.0143383023843603
combined_risk_parity,2023-08-01,DOW,0.014582339997373012
combined_risk_parity,2023-09-01,DOW,0.014901277583152682
combined_risk_parity,2023-10-02,DOW,0.014846787500604091
combined_risk_parity,2023-11-01,DOW,0.014563007104353053
combined_risk_parity,2023-12-01,DOW,0.015323505580761265
combined_risk_parity,2021-01-04,DUK,0.01721257891760769
combined_risk_parity,2021-02-01,DUK,0.017424531405634436
combined_risk_parity,2021-03-01,DUK,0.017504929046350613
combined_risk_parity,2021-04-01,DUK,0.021102644455654695
combined_risk_parity,2021-05-03,DUK,0.02560063348287026
combined_risk_parity,2021-06-01,DUK,0.02712283704877276
combined_risk_parity,2021-07-01,DUK,0.02619926747973052
combined_risk_parity,2021-08-02,DUK,0.02683603613669289
combined_risk_parity,2021-09-01,DUK,0.027162252391739878
combined_risk_parity,2021-10-01,DUK,0.027673628886583906
combined_risk_parity,2021-11-01,DUK,0.02801218740393973
combined_risk_parity,2021-12-01,DUK,0.030379394689286767
combined_risk_parity,2022-01-03,DUK,0.03141793802524831
combined_risk_parity,2022-02-01,DUK,0.031721158147888194
combined_risk_parity,2022-03-01,DUK,0.028477166072725654
combined_risk_parity,2022-04-01,DUK,0.029769858716300012
combined_risk_parity,2022-05-02,DUK,0.03076890260496701
combined_risk_parity,2022-06-01,DUK,0.033697944483828915
combined_risk_parity,2022-07-01,DUK,0.032763085379329794
combined_risk_parity,2022-08-01,DUK,0.03234964238392096
combined_risk_parity,2022-09-01,DUK,0.031891214562016074
combined_risk_parity,2022-10-03,DUK,0.029433175662481367
combined_risk_parity,2022-11-01,DUK,0.026672231898845003
combined_risk_parity,2022-12-01,DUK,0.02708334365243758
combined_risk_parity,2023-01-03,DUK,0.026780130705380937
combined_risk_parity,2023-02-01,DUK,0.026459444922106216
combined_risk_parity,2023-03-01,DUK,0.026687558208773603
combined_risk_parity,2023-04-03,DUK,0.025916304937866536
combined_risk_parity,2023-05-01,DUK,0.025444813601888848
combined_risk_parity,2023-06-01,DUK,0.02393624715457498
combined_risk_parity,2023-07-03,DUK,0.023265295411445994
combined_risk_parity,2023-08-01,DUK,0.02227949344263722
combined_risk_parity,2023-09-01,DUK,0.022020475129029896
combined_risk_parity,2023-10-02,DUK,0.022314073536183466
combined_risk_parity,2023-11-01,DUK,0.024182007301616126
combined_risk_parity,2023-12-01,DUK,0.02355930980678987
combined_risk_parity,2021-01-04,EA,0.02800699653880601
combined_risk_parity,2021-02-01,EA,0.028912990836383642
combined_risk_parity,2021-03-01,EA,0.028990156156480273
combined_risk_parity,2021-04-01,EA,0.03444025182161474
combined_risk_parity,2021-05-03,EA,0.030564182198060025
combined_risk_parity,2021-06-01,EA,0.028760067338698653
combined_risk_parity,2021-07-01,EA,0.023782926746435302
combined_risk_parity,2021-08-02,EA,0.023609100814745192
combined_risk_parity,2021-09-01,EA,0.024404687006681275
combined_risk_parity,2021-10-01,EA,0.027894854541862826
combined_risk_parity,2021-11-01,EA,0.02817229395247845
combined_risk_parity,2021-12-01,EA,0.02725758876706552
combined_risk_parity,2022-01-03,EA,0.02571811816645875
combined_risk_parity,2022-02-01,EA,0.025278233094664943
combined_risk_parity,2022-03-01,EA,0.025998583805744723
combined_risk_parity,2022-04-01,EA,0.025269799316784927
combined_risk_parity,2022-05-02,EA,0.026318106191419974
combined_risk_parity,2022-06-01,EA,0.02686600077279492
combined_risk_parity,2022-07-01,EA,0.025729705860644488
combined_risk_parity,2022-08-01,EA,0.025477151115388605
combined_risk_parity,2022-09-01,EA,0.025943661741786753
combined_risk_parity,2022-10-03,EA,0.0243890284310481
combined_risk_parity,2022-11-01,EA,0.024373551465281196
combined_risk_parity,2022-12-01,EA,0.02407819326866495
combined_risk_parity,2023-01-03,EA,0.024008891814563157
combined_risk_parity,2023-02-01,EA,0.024146923019103726
combined_risk_parity,2023-03-01,EA,0.023992387160623112
combined_risk_parity,2023-04-03,EA,0.02447691858118877
combined_risk_parity,2023-05-01,EA,0.023474946637063086
combined_risk_parity,2023-06-01,EA,0.023797715001104475
combined_risk_parity,2023-07-03,EA,0.024071599689778473
combined_risk_parity,2023-08-01,EA,0.024357521388149353
combined_risk_parity,2023-09-01,EA,0.022136167932005846
combined_risk_parity,2023-10-02,EA,0.02263443401998802
combined_risk_parity,2023-11-01,EA,0.022158691937315993
combined_risk_parity,2023-12-01,EA,0.021460856411478473
combined_risk_parity,2021-01-04,GE,0.013361513676352507
combined_risk_parity,2021-02-01,GE,0.013412129131337743
combined_risk_parity,2021-03-01,GE,0.01347029452519063
combined_risk_parity,2021-04-01,GE,0.013019235672214555
combined_risk_parity,2021-05-03,GE,0.011683004714332928
combined_risk_parity,2021-06-01,GE,0.013057435777471853
combined_risk_parity,2021-07-01,GE,0.014416046330322806
combined_risk_parity,2021-08-02,GE,0.014036942480007118
combined_risk_parity,2021-09-01,GE,0.014266283300969485
combined_risk_parity,2021-10-01,GE,0.015031167332701816
combined_risk_parity,2021-11-01,GE,0.013683189041565263
combined_risk_parity,2021-12-01,GE,0.013886990646217883
combined_risk_parity,2022-01-03,GE,0.013592908662369802
combined_risk_parity,2022-02-01,GE,0.012507184878281228
combined_risk_parity,2022-03-01,GE,0.012646926108855738
combined_risk_parity,2022-04-01,GE,0.01186824120647862
combined_risk_parity,2022-05-02,GE,0.011605465518143936
combined_risk_parity,2022-06-01,GE,0.01133302952987732
combined_risk_parity,2022-07-01,GE,0.01158185009326297
combined_risk_parity,2022-08-01,GE,0.011869020289466303
combined_risk_parity,2022-09-01,GE,0.01172317686396874
combined_risk_parity,2022-10-03,GE,0.012248919504631929
combined_risk_parity,2022-11-01,GE,0.012328975133885155
combined_risk_parity,2022-12-01,GE,0.013128757629304339
combined_risk_parity,2023-01-03,GE,0.01320902168558381
combined_risk_parity,2023-02-01,GE,0.01330139681377789
combined_risk_parity,2023-03-01,GE,0.013797474182543379
combined_risk_parity,2023-04-03,GE,0.014290113421116041
combined_risk_parity,2023-05-01,GE,0.014869577453024713
combined_risk_parity,2023-06-01,GE,0.015202217625197325
combined_risk_parity,2023-07-03,GE,0.015938856368026708
combined_risk_parity,2023-08-01,GE,0.01652479394248853
combined_risk_parity,2023-09-01,GE,0.01702591693842743
combined_risk_parity,2023-10-02,GE,0.01700854040239698
combined_risk_parity,2023-11-01,GE,0.0172334171525669
combined_risk_parity,2023-12-01,GE,0.017370065797927534
combined_risk_parity,2021-01-04,GILD,0.032896592805789424
combined_risk_parity,2021-02-01,GILD,0.032501376252833426
combined_risk_parity,2021-03-01,GILD,0.031097001048515562
combined_risk_parity,2021-04-01,GILD,0.026643965158761947
combined_risk_parity,2021-05-03,GILD,0.027758321266548248
combined_risk_parity,2021-06-01,GILD,0.029318130898583584
combined_risk_parity,2021-07-01,GILD,0.02627064608114816
combined_risk_parity,2021-08-02,GILD,0.025704333266508728
combined_risk_parity,2021-09-01,GILD,0.025617589507791513
combined_risk_parity,2021-10-01,GILD,0.025322472252233223
combined_risk_parity,2021-11-01,GILD,0.02704520545945806
combined_risk_parity,2021-12-01,GILD,0.026440427949423414
combined_risk_parity,2022-01-03,GILD,0.02849972786405196
combined_risk_parity,2022-02-01,GILD,0.027486096443915444
combined_risk_parity,2022-03-01,GILD,0.032112094332048806
combined_risk_parity,2022-04-01,GILD,0.03195445279093322
combined_risk_parity,2022-05-02,GILD,0.030061974266276614
combined_risk_parity,2022-06-01,GILD,0.03247403182864221
combined_risk_parity,2022-07-01,GILD,0.032559981853584226
combined_risk_parity,2022-08-01,GILD,0.032519043215591965
combined_risk_parity,2022-09-01,GILD,0.03224062469593112
combined_risk_parity,2022-10-03,GILD,0.029211727126905052
combined_risk_parity,2022-11-01,GILD,0.025186839093347412
combined_risk_parity,2022-12-01,GILD,0.026472429334664954
combined_risk_parity,2023-01-03,GILD,0.02594676569619205
combined_risk_parity,2023-02-01,GILD,0.026430811535696323
combined_risk_parity,2023-03-01,GILD,0.025796004786180785
combined_risk_parity,2023-04-03,GILD,0.025466892627733002
combined_risk_parity,2023-05-01,GILD,0.025865277505111427
combined_risk_parity,2023-06-01,GILD,0.024721949601831283
combined_risk_parity,2023-07-03,GILD,0.023795196301122794
combined_risk_parity,2023-08-01,GILD,0.023497261745908788
combined_risk_parity,2023-09-01,GILD,0.022949851632348535
combined_risk_parity,2023-10-02,GILD,0.023976108095480106
combined_risk_parity,2023-11-01,GILD,0.027877956565530233
combined_risk_parity,2023-12-01,GILD,0.023776637406570184
combined_risk_parity,2021-01-04,GS,0.013207582150457208
combined_risk_parity,2021-02-01,GS,0.013264865421704884
combined_risk_parity,2021-03-01,GS,0.013171120027665028
combined_risk_parity,2021-04-01,GS,0.014192092530256828
combined_risk_parity,2021-05-03,GS,0.013743222953240472
combined_risk_parity,2021-06-01,GS,0.01438561668020297
combined_risk_parity,2021-07-01,GS,0.015998571320461633
combined_risk_parity,2021-08-02,GS,0.01570122473866706
combined_risk_parity,2021-09-01,GS,0.015250299137829541
combined_risk_parity,2021-10-01,GS,0.014517186826473903
combined_risk_parity,2021-11-01,GS,0.014764784107343113
combined_risk_parity,2021-12-01,GS,0.015376563180358616
combined_risk_parity,2022-01-03,GS,0.014620633465015324
combined_risk_parity,2022-02-01,GS,0.014054364575061599
combined_risk_parity,2022-03-01,GS,0.014472049367024824
combined_risk_parity,2022-04-01,GS,0.012828413932018603
combined_risk_parity,2022-05-02,GS,0.012935042041837683
combined_risk_parity,2022-06-01,GS,0.013495012825614045
combined_risk_parity,2022-07-01,GS,0.014015686531975087
combined_risk_parity,2022-08-01,GS,0.013873795315506697
combined_risk_parity,2022-09-01,GS,0.014063824241216006
combined_risk_parity,2022-10-03,GS,0.014484809224768408
combined_risk_parity,2022-11-01,GS,0.014330617953866323
combined_risk_parity,2022-12-01,GS,0.014849282643819687
combined_risk_parity,2023-01-03,GS,0.015151246724999822
combined_risk_parity,2023-02-01,GS,0.015580898347078886
combined_risk_parity,2023-03-01,GS,0.01585078974450971
combined_risk_parity,2023-04-03,GS,0.015864999705354807
combined_risk_parity,2023-05-01,GS,0.01627469024011816
combined_risk_parity,2023-06-01,GS,0.016167561657721506
combined_risk_parity,2023-07-03,GS,0.016123435276810535
combined_risk_parity,2023-08-01,GS,0.01676609002485934
combined_risk_parity,2023-09-01,GS,0.016856568427301575
combined_risk_parity,2023-10-02,GS,0.016521065553398384
combined_risk_parity,2023-11-01,GS,0.016549513462003014
combined_risk_parity,2023-12-01,GS,0.015189841475116471
combined_risk_parity,2021-01-04,INTC,0.014464646066965407
combined_risk_parity,2021-02-01,INTC,0.014517782787988905
combined_risk_parity,2021-03-01,INTC,0.014589153369725119
combined_risk_parity,2021-04-01,INTC,0.016015708390015242
combined_risk_parity,2021-05-03,INTC,0.015784325041317673
combined_risk_parity,2021-06-01,INTC,0.01581475620336167
combined_risk_parity,2021-07-01,INTC,0.01452109475133434
combined_risk_parity,2021-08-02,INTC,0.014706922307054485
combined_risk_parity,2021-09-01,INTC,0.014693433823344742
combined_risk_parity,2021-10-01,INTC,0.014839234814747948
combined_risk_parity,2021-11-01,INTC,0.014892102770608196
combined_risk_parity,2021-12-01,INTC,0.014689987224612575
combined_risk_parity,2022-01-03,INTC,0.014520561185723396
combined_risk_parity,2022-02-01,INTC,0.015070537057049206
combined_risk_parity,2022-03-01,INTC,0.01521127516890878
combined_risk_parity,2022-04-01,INTC,0.015442103933214449
combined_risk_parity,2022-05-02,INTC,0.014617667717103459
combined_risk_parity,2022-06-01,INTC,0.014180322678912763
combined_risk_parity,2022-07-01,INTC,0.01418299199824991
combined_risk_parity,2022-08-01,INTC,0.014275840670645057
combined_risk_parity,2022-09-01,INTC,0.013730857312761467
combined_risk_parity,2022-10-03,INTC,0.013423041642571567
combined_risk_parity,2022-11-01,INTC,0.012766294426126546
combined_risk_parity,2022-12-01,INTC,0.012080178193960123
combined_risk_parity,2023-01-03,INTC,0.01225572202138525
combined_risk_parity,2023-02-01,INTC,0.011815449649898871
combined_risk_parity,2023-03-01,INTC,0.01170027728329747
combined_risk_parity,2023-04-03,INTC,0.012048880826900824
combined_risk_parity,2023-05-01,INTC,0.012042112378361032
combined_risk_parity,2023-06-01,INTC,0.01215412533291179
combined_risk_parity,2023-07-03,INTC,0.011702299694949507
combined_risk_parity,2023-08-01,INTC,0.011695280059424175
combined_risk_parity,2023-09-01,INTC,0.01151612820302203
combined_risk_parity,2023-10-02,INTC,0.011377443568202054
combined_risk_parity,2023-11-01,INTC,0.012241925699253803
combined_risk_parity,2023-12-01,INTC,0.013110244822425066
combined_risk_parity,2021-01-04,KO,0.020468543975661935
combined_risk_parity,2021-02-01,KO,0.02082579915610444
combined_risk_parity,2021-03-01,KO,0.020739500359716702
combined_risk_parity,2021-04-01,KO,0.01838364720295276
combined_risk_parity,2021-05-03,KO,0.0194791393802849
combined_risk_parity,2021-06-01,KO,0.019908723215003574
combined_risk_parity,2021-07-01,KO,0.020820866722776457
combined_risk_parity,2021-08-02,KO,0.02154261497541238
combined_risk_parity,2021-09-01,KO,0.021790970232591106
combined_risk_parity,2021-10-01,KO,0.022111530535482406
combined_risk_parity,2021-11-01,KO,0.024564681937892817
combined_risk_parity,2021-12-01,KO,0.02505461410617173
combined_risk_parity,2022-01-03,KO,0.02527855715652089
combined_risk_parity,2022-02-01,KO,0.025206228369420564
combined_risk_parity,2022-03-01,KO,0.027926066284936362
combined_risk_parity,2022-04-01,KO,0.027125308714651446
combined_risk_parity,2022-05-02,KO,0.02714571266910616
combined_risk_parity,2022-06-01,KO,0.023627669917277248
combined_risk_parity,2022-07-01,KO,0.02572437911573639
combined_risk_parity,2022-08-01,KO,0.025980488412596193
combined_risk_parity,2022-09-01,KO,0.02580859679115903
combined_risk_parity,2022-10-03,KO,0.02632831691710609
combined_risk_parity,2022-11-01,KO,0.025940398288221592
combined_risk_parity,2022-12-01,KO,0.026462000482691758
combined_risk_parity,2023-01-03,KO,0.026477775407365595
combined_risk_parity,2023-02-01,KO,0.026559000725573333
combined_risk_parity,2023-03-01,KO,0.026200412791860923
combined_risk_parity,2023-04-03,KO,0.027138419475791684
combined_risk_parity,2023-05-01,KO,0.027236746156728223
combined_risk_parity,2023-06-01,KO,0.02949981512450151
combined_risk_parity,2023-07-03,KO,0.028326183998329407
combined_risk_parity,2023-08-01,KO,0.028202455702721584
combined_risk_parity,2023-09-01,KO,0.029085916013045002
combined_risk_parity,2023-10-02,KO,0.03015276081676981
combined_risk_parity,2023-11-01,KO,0.02927096995779332
combined_risk_parity,2023-12-01,KO,0.03198911470565719
combined_risk_parity,2021-01-04,MMM,0.019959743965270636
combined_risk_parity,2021-02-01,MMM,0.020596321363954614
combined_risk_parity,2021-03-01,MMM,0.020606260501648873
combined_risk_parity,2021-04-01,MMM,0.021569711722799853
combined_risk_parity,2021-05-03,MMM,0.021424497480565106
combined_risk_parity,2021-06-01,MMM,0.023681810736175583
combined_risk_parity,2021-07-01,MMM,0.026308787086982137
combined_risk_parity,2021-08-02,MMM,0.02651480770637411
combined_risk_parity,2021-09-01,MMM,0.025969797698019315
combined_risk_parity,2021-10-01,MMM,0.026221737646570768
combined_risk_parity,2021-11-01,MMM,0.026225764324667132
combined_risk_parity,2021-12-01,MMM,0.02655672994400428
combined_risk_parity,2022-01-03,MMM,0.026732129714599262
combined_risk_parity,2022-02-01,MMM,0.02237545883756977
combined_risk_parity,2022-03-01,MMM,0.019592663187711478
combined_risk_parity,2022-04-01,MMM,0.017916474630332323
combined_risk_parity,2022-05-02,MMM,0.018614165091929865
combined_risk_parity,2022-06-01,MMM,0.0194952496087776
combined_risk_parity,2022-07-01,MMM,0.020635245113102146
combined_risk_parity,2022-08-01,MMM,0.021256771823688916
combined_risk_parity,2022-09-01,MMM,0.01942088456349385
combined_risk_parity,2022-10-03,MMM,0.02002260523250266
combined_risk_parity,2022-11-01,MMM,0.01929672007691845
combined_risk_parity,2022-12-01,MMM,0.01924347239540564
combined_risk_parity,2023-01-03,MMM,0.01914776048639172
combined_risk_parity,2023-02-01,MMM,0.017909778375575388
combined_risk_parity,2023-03-01,MMM,0.018157264579939474
combined_risk_parity,2023-04-03,MMM,0.01833977373109351
combined_risk_parity,2023-05-01,MMM,0.018133083218106593
combined_risk_parity,2023-06-01,MMM,0.01686324035536006
combined_risk_parity,2023-07-03,MMM,0.015030341722731705
combined_risk_parity,2023-08-01,MMM,0.014154825838105947
combined_risk_parity,2023-09-01,MMM,0.014862367268513876
combined_risk_parity,2023-10-02,MMM,0.014516324559149698
combined_risk_parity,2023-11-01,MMM,0.013694094732492166
combined_risk_parity,2023-12-01,MMM,0.012975930428829835
combined_risk_parity,2021-01-04,MRK,0.0246105165881858
combined_risk_parity,2021-02-01,MRK,0.02462638637152892
combined_risk_parity,2021-03-01,MRK,0.02441904233746407
combined_risk_parity,2021-04-01,MRK,0.024230985655577183
combined_risk_parity,2021-05-03,MRK,0.028236823872307602
combined_risk_parity,2021-06-01,MRK,0.027594244094646402
combined_risk_parity,2021-07-01,MRK,0.029459505501938727
combined_risk_parity,2021-08-02,MRK,0.03018417128510714
combined_risk_parity,2021-09-01,MRK,0.02915944777801891
combined_risk_parity,2021-10-01,MRK,0.03047149218485331
combined_risk_parity,2021-11-01,MRK,0.026824958178145286
combined_risk_parity,2021-12-01,MRK,0.026018150356246474
combined_risk_parity,2022-01-03,MRK,0.028262177221759943
combined_risk_parity,2022-02-01,MRK,0.033520468748244776
combined_risk_parity,2022-03-01,MRK,0.030376907201389067
combined_risk_parity,2022-04-01,MRK,0.03185237672261559
combined_risk_parity,2022-05-02,MRK,0.0305614358495969
combined_risk_parity,2022-06-01,MRK,0.03244519897568294
combined_risk_parity,2022-07-01,MRK,0.03148303100822099
combined_risk_parity,2022-08-01,MRK,0.03274386195356668
combined_risk_parity,2022-09-01,MRK,0.032692610631801754
combined_risk_parity,2022-10-03,MRK,0.0339702379849976
combined_risk_parity,2022-11-01,MRK,0.03836874319950147
combined_risk_parity,2022-12-01,MRK,0.043462876177677696
combined_risk_parity,2023-01-03,MRK,0.04121055361675561
combined_risk_parity,2023-02-01,MRK,0.04014181855461503
combined_risk_parity,2023-03-01,MRK,0.0405480227138653
combined_risk_parity,2023-04-03,MRK,0.040952914643564396
combined_risk_parity,2023-05-01,MRK,0.04052826323005422
combined_risk_parity,2023-06-01,MRK,0.04054244095425097
combined_risk_parity,2023-07-03,MRK,0.04426081622662032
combined_risk_parity,2023-08-01,MRK,0.04314690233213996
combined_risk_parity,2023-09-01,MRK,0.041341924192130244
combined_risk_parity,2023-10-02,MRK,0.04123328740934716
combined_risk_parity,2023-11-01,MRK,0.04313308895718395
combined_risk_parity,2023-12-01,MRK,0.03772448914822498
combined_risk_parity,2021-01-04,MS,0.011718324667293688
combined_risk_parity,2021-02-01,MS,0.011738968835656657
combined_risk_parity,2021-03-01,MS,0.011715890907501365
combined_risk_parity,2021-04-01,MS,0.012482267572035625
combined_risk_parity,2021-05-03,MS,0.012934443031490469
combined_risk_parity,2021-06-01,MS,0.014082042063135299
combined_risk_parity,2021-07-01,MS,0.013906546044247736
combined_risk_parity,2021-08-02,MS,0.013585344099154404
combined_risk_parity,2021-09-01,MS,0.013086345566295088
combined_risk_parity,2021-10-01,MS,0.012920774096753698
combined_risk_parity,2021-11-01,MS,0.013025116568636901
combined_risk_parity,2021-12-01,MS,0.013821201411739648
combined_risk_parity,2022-01-03,MS,0.013505932174137017
combined_risk_parity,2022-02-01,MS,0.014743599181872595
combined_risk_parity,2022-03-01,MS,0.014621327070944528
combined_risk_parity,2022-04-01,MS,0.012563982383995389
combined_risk_parity,2022-05-02,MS,0.012527262850180286
combined_risk_parity,2022-06-01,MS,0.01240373120077829
combined_risk_parity,2022-07-01,MS,0.013048920496545368
combined_risk_parity,2022-08-01,MS,0.013052759016118898
combined_risk_parity,2022-09-01,MS,0.013127038667289224
combined_risk_parity,2022-10-03,MS,0.013643778824210391
combined_risk_parity,2022-11-01,MS,0.013453957450062497
combined_risk_parity,2022-12-01,MS,0.013656732955636085
combined_risk_parity,2023-01-03,MS,0.013789191066369314
combined_risk_parity,2023-02-01,MS,0.013775790985272788
combined_risk_parity,2023-03-01,MS,0.01416430553876873
combined_risk_parity,2023-04-03,MS,0.014259385790577955
combined_risk_parity,2023-05-01,MS,0.014707012980210672
combined_risk_parity,2023-06-01,MS,0.01480858422767324
combined_risk_parity,2023-07-03,MS,0.014536916092975012
combined_risk_parity,2023-08-01,MS,0.01487077652244426
combined_risk_parity,2023-09-01,MS,0.015199282811527994
combined_risk_parity,2023-10-02,MS,0.014576209579133893
combined_risk_parity,2023-11-01,MS,0.01463927852165615
combined_risk_parity,2023-12-01,MS,0.013644879603747025
combined_risk_parity,2021-01-04,NEE,0.017317346393319503
combined_risk_parity,2021-02-01,NEE,0.016864673232842336
combined_risk_parity,2021-03-01,NEE,0.01683780428757842
combined_risk_parity,2021-04-01,NEE,0.01770484068021147
combined_risk_parity,2021-05-03,NEE,0.019171688092486663
combined_risk_parity,2021-06-01,NEE,0.02020045709958054
combined_risk_parity,2021-07-01,NEE,0.018645209396289376
combined_risk_parity,2021-08-02,NEE,0.019391335248978844
combined_risk_parity,2021-09-01,NEE,0.019953528508667117
combined_risk_parity,2021-10-01,NEE,0.01952192573393549
combined_risk_parity,2021-11-01,NEE,0.018713471122088023
combined_risk_parity,2021-12-01,NEE,0.01848445810469895
combined_risk_parity,2022-01-03,NEE,0.019119384383989795
combined_risk_parity,2022-02-01,NEE,0.022036334533665845
combined_risk_parity,2022-03-01,NEE,0.021819114403163885
combined_risk_parity,2022-04-01,NEE,0.024513123587162306
combined_risk_parity,2022-05-02,NEE,0.023258258028537485
combined_risk_parity,2022-06-01,NEE,0.021114232506094528
combined_risk_parity,2022-07-01,NEE,0.01941068451637335
combined_risk_parity,2022-08-01,NEE,0.01874478964654039
combined_risk_parity,2022-09-01,NEE,0.01902791384317828
combined_risk_parity,2022-10-03,NEE,0.018997195681736828
combined_risk_parity,2022-11-01,NEE,0.018370027942260093
combined_risk_parity,2022-12-01,NEE,0.018137408082636405
combined_risk_parity,2023-01-03,NEE,0.01797724210338174
combined_risk_parity,2023-02-01,NEE,0.018515937945006146
combined_risk_parity,2023-03-01,NEE,0.01857758134376283
combined_risk_parity,2023-04-03,NEE,0.01815529287497208
combined_risk_parity,2023-05-01,NEE,0.01800802405012488
combined_risk_parity,2023-06-01,NEE,0.01824683418813109
combined_risk_parity,2023-07-03,NEE,0.01893761133463401
combined_risk_parity,2023-08-01,NEE,0.018883377614714616
combined_risk_parity,2023-09-01,NEE,0.01854141646021071
combined_risk_parity,2023-10-02,NEE,0.018089554784616244
combined_risk_parity,2023-11-01,NEE,0.0177271261445167
combined_risk_parity,2023-12-01,NEE,0.017157246132087547
combined_risk_parity,2021-01-04,NEM,0.03469137416570488
combined_risk_parity,2021-02-01,NEM,0.033625184745997065
combined_risk_parity,2021-03-01,NEM,0.033326950887817924
combined_risk_parity,2021-04-01,NEM,0.02519347161878728
combined_risk_parity,2021-05-03,NEM,0.023883026620380547
combined_risk_parity,2021-06-01,NEM,0.02083651912034438
combined_risk_parity,2021-07-01,NEM,0.017351294264939324
combined_risk_parity,2021-08-02,NEM,0.017259734130462133
combined_risk_parity,2021-09-01,NEM,0.017527764784143373
combined_risk_parity,2021-10-01,NEM,0.018374170035037073
combined_risk_parity,2021-11-01,NEM,0.020096087199640268
combined_risk_parity,2021-12-01,NEM,0.019235330119005398
combined_risk_parity,2022-01-03,NEM,0.020663634682706614
combined_risk_parity,2022-02-01,NEM,0.022220061095229674
combined_risk_parity,2022-03-01,NEM,0.0259715139928446
combined_risk_parity,2022-04-01,NEM,0.032987702666167906
combined_risk_parity,2022-05-02,NEM,0.03214416909673454
combined_risk_parity,2022-06-01,NEM,0.031908362246738764
combined_risk_parity,2022-07-01,NEM,0.03368807452337308
combined_risk_parity,2022-08-01,NEM,0.03398894476385335
combined_risk_parity,2022-09-01,NEM,0.033106449708623586
combined_risk_parity,2022-10-03,NEM,0.031167504297592703
combined_risk_parity,2022-11-01,NEM,0.02855354183674922
combined_risk_parity,2022-12-01,NEM,0.023024555062833366
combined_risk_parity,2023-01-03,NEM,0.022535055741916315
combined_risk_parity,2023-02-01,NEM,0.021218453479255592
combined_risk_parity,2023-03-01,NEM,0.019742503077589228
combined_risk_parity,2023-04-03,NEM,0.01949346908303368
combined_risk_parity,2023-05-01,NEM,0.019788215237877497
combined_risk_parity,2023-06-01,NEM,0.01927883642283612
combined_risk_parity,2023-07-03,NEM,0.017132791366726324
combined_risk_parity,2023-08-01,NEM,0.01688986064588629
combined_risk_parity,2023-09-01,NEM,0.01699492612961967
combined_risk_parity,2023-10-02,NEM,0.017025392291798374
combined_risk_parity,2023-11-01,NEM,0.015950831520573316
combined_risk_parity,2023-12-01,NEM,0.017705523007473033
combined_risk_parity,2021-01-04,NKE,0.018332856030695524
combined_risk_parity,2021-02-01,NKE,0.018364484577184887
combined_risk_parity,2021-03-01,NKE,0.01856466352741672
combined_risk_parity,2021-04-01,NKE,0.018815639398789163
combined_risk_parity,2021-05-03,NKE,0.019211575655143708
combined_risk_parity,2021-06-01,NKE,0.018754183932676922
combined_risk_parity,2021-07-01,NKE,0.021973579785243596
combined_risk_parity,2021-08-02,NKE,0.02251414268307408
combined_risk_parity,2021-09-01,NKE,0.021651088298106403
combined_risk_parity,2021-10-01,NKE,0.01752084685054304
combined_risk_parity,2021-11-01,NKE,0.01770637972189408
combined_risk_parity,2021-12-01,NKE,0.017791837423495948
combined_risk_parity,2022-01-03,NKE,0.01737380749780851
combined_risk_parity,2022-02-01,NKE,0.017544961004808932
combined_risk_parity,2022-03-01,NKE,0.01744593727790196
combined_risk_parity,2022-04-01,NKE,0.015406420092605594
combined_risk_parity,2022-05-02,NKE,0.01475650423157131
combined_risk_parity,2022-06-01,NKE,0.013978640438661191
combined_risk_parity,2022-07-01,NKE,0.013323123010056913
combined_risk_parity,2022-08-01,NKE,0.012865572531419674
combined_risk_parity,2022-09-01,NKE,0.012603354304278388
combined_risk_parity,2022-10-03,NKE,0.01181930063170602
combined_risk_parity,2022-11-01,NKE,0.011981338765003515
combined_risk_parity,2022-12-01,NKE,0.011440206579916819
combined_risk_parity,2023-01-03,NKE,0.011053985138796763
combined_risk_parity,2023-02-01,NKE,0.0110588557764867
combined_risk_parity,2023-03-01,NKE,0.010904287951723084
combined_risk_parity,2023-04-03,NKE,0.011281488517811055
combined_risk_parity,2023-05-01,NKE,0.011615112045582361
combined_risk_parity,2023-06-01,NKE,0.011548066836571405
combined_risk_parity,2023-07-03,NKE,0.011558453837834309
combined_risk_parity,2023-08-01,NKE,0.011912430096521952
combined_risk_parity,2023-09-01,NKE,0.012220337467141486
combined_risk_parity,2023-10-02,NKE,0.012369026435303347
combined_risk_parity,2023-11-01,NKE,0.012635376028283367
combined_risk_parity,2023-12-01,NKE,0.013578156035289658
combined_risk_parity,2021-01-04,NUE,0.014285837600375856
combined_risk_parity,2021-02-01,NUE,0.014339232024552596
combined_risk_parity,2021-03-01,NUE,0.014382611399791932
combined_risk_parity,2021-04-01,NUE,0.01345239627023264
combined_risk_parity,2021-05-03,NUE,0.011731480658877884
combined_risk_parity,2021-06-01,NUE,0.011318937163820023
combined_risk_parity,2021-07-01,NUE,0.011139928997886225
combined_risk_parity,2021-08-02,NUE,0.010766952262197486
combined_risk_parity,2021-09-01,NUE,0.010686118743117723
combined_risk_parity,2021-10-01,NUE,0.010131801731887007
combined_risk_parity,2021-11-01,NUE,0.010100016363426414
combined_risk_parity,2021-12-01,NUE,0.010441406062339816
combined_risk_parity,2022-01-03,NUE,0.011413561979197863
combined_risk_parity,2022-02-01,NUE,0.010650955893880133
combined_risk_parity,2022-03-01,NUE,0.01014327209467316
combined_risk_parity,2022-04-01,NUE,0.010316278777204955
combined_risk_parity,2022-05-02,NUE,0.010863507797577254
combined_risk_parity,2022-06-01,NUE,0.010885065646070991
combined_risk_parity,2022-07-01,NUE,0.011029936717760973
combined_risk_parity,2022-08-01,NUE,0.011109651933080658
combined_risk_parity,2022-09-01,NUE,0.011300054106690055
combined_risk_parity,2022-10-03,NUE,0.01212407200228401
combined_risk_parity,2022-11-01,NUE,0.012011061950490565
combined_risk_parity,2022-12-01,NUE,0.012065463387953161
combined_risk_parity,2023-01-03,NUE,0.011532137273305055
combined_risk_parity,2023-02-01,NUE,0.011563490439449754
combined_risk_parity,2023-03-01,NUE,0.011993458710943017
combined_risk_parity,2023-04-03,NUE,0.011918414268869774
combined_risk_parity,2023-05-01,NUE,0.011900945320499881
combined_risk_parity,2023-06-01,NUE,0.012050835300241662
combined_risk_parity,2023-07-03,NUE,0.011828169652352711
combined_risk_parity,2023-08-01,NUE,0.012291930347385734
combined_risk_parity,2023-09-01,NUE,0.012549592583838864
combined_risk_parity,2023-10-02,NUE,0.01181128720444176
combined_risk_parity,2023-11-01,NUE,0.011606179997302103
combined_risk_parity,2023-12-01,NUE,0.011536481937254778
combined_risk_parity,2021-01-04,NVDA,0.013280181319067393
combined_risk_parity,2021-02-01,NVDA,0.013554774374135593
combined_risk_parity,2021-03-01,NVDA,0.013586244887773167
combined_risk_parity,2021-04-01,NVDA,0.01341919852832531
combined_risk_parity,2021-05-03,NVDA,0.013658121879428208
combined_risk_parity,2021-06-01,NVDA,0.013070183977155404
combined_risk_parity,2021-07-01,NVDA,0.012447145555926171
combined_risk_parity,2021-08-02,NVDA,0.012330606615818411
combined_risk_parity,2021-09-01,NVDA,0.012228377982484174
combined_risk_parity,2021-10-01,NVDA,0.013750244979737312
combined_risk_parity,2021-11-01,NVDA,0.014192698835969993
combined_risk_parity,2021-12-01,NVDA,0.01251998810160633
combined_risk_parity,2022-01-03,NVDA,0.011425027672226902
combined_risk_parity,2022-02-01,NVDA,0.009836358901447477
combined_risk_parity,2022-03-01,NVDA,0.009007751095745357
combined_risk_parity,2022-04-01,NVDA,0.008512266888201028
combined_risk_parity,2022-05-02,NVDA,0.008349654013229946
combined_risk_parity,2022-06-01,NVDA,0.00766585658059289
combined_risk_parity,2022-07-01,NVDA,0.007475299241962767
combined_risk_parity,2022-08-01,NVDA,0.007371565996348805
combined_risk_parity,2022-09-01,NVDA,0.0071956386761054284
combined_risk_parity,2022-10-03,NVDA,0.0074691100558884034
combined_risk_parity,2022-11-01,NVDA,0.007511331624785094
combined_risk_parity,2022-12-01,NVDA,0.00715706051496799
combined_risk_parity,2023-01-03,NVDA,0.0072251508740951405
combined_risk_parity,2023-02-01,NVDA,0.007228385390327672
combined_risk_parity,2023-03-01,NVDA,0.007469245506908398
combined_risk_parity,2023-04-03,NVDA,0.007887141839256066
combined_risk_parity,2023-05-01,NVDA,0.00807196996938344
combined_risk_parity,2023-06-01,NVDA,0.008605595620107289
combined_risk_parity,2023-07-03,NVDA,0.009080529886759848
combined_risk_parity,2023-08-01,NVDA,0.009287574106292091
combined_risk_parity,2023-09-01,NVDA,0.009797048042110144
combined_risk_parity,2023-10-02,NVDA,0.009635726025585946
combined_risk_parity,2023-11-01,NVDA,0.009964869420912032
combined_risk_parity,2023-12-01,NVDA,0.01182147110039802
combined_risk_parity,2021-01-04,O,0.014041927186627286
combined_risk_parity,2021-02-01,O,0.014274158761533855
combined_risk_parity,2021-03-01,O,0.014280237815655055
combined_risk_parity,2021-04-01,O,0.015251695823892382
combined_risk_parity,2021-05-03,O,0.01655537239330762
combined_risk_parity,2021-06-01,O,0.01742273595769772
combined_risk_parity,2021-07-01,O,0.019177818496521434
combined_risk_parity,2021-08-02,O,0.019942375447804556
combined_risk_parity,2021-09-01,O,0.020672941940793926
combined_risk_parity,2021-10-01,O,0.020199899771548936
combined_risk_parity,2021-11-01,O,0.019889315160402724
combined_risk_parity,2021-12-01,O,0.022975300559191874
combined_risk_parity,2022-01-03,O,0.022338233017689144
combined_risk_parity,2022-02-01,O,0.021576994743117375
combined_risk_parity,2022-03-01,O,0.020728826156705415
combined_risk_parity,2022-04-01,O,0.020467527372637722
combined_risk_parity,2022-05-02,O,0.020244760170641307
combined_risk_parity,2022-06-01,O,0.02028892389632539
combined_risk_parity,2022-07-01,O,0.020858916400260573
combined_risk_parity,2022-08-01,O,0.021016788219452836
combined_risk_parity,2022-09-01,O,0.021445147794748782
combined_risk_parity,2022-10-03,O,0.022282025614729545
combined_risk_parity,2022-11-01,O,0.02242847481954054
combined_risk_parity,2022-12-01,O,0.022134658716543933
combined_risk_parity,2023-01-03,O,0.022816767810557338
combined_risk_parity,2023-02-01,O,0.02301394517238946
combined_risk_parity,2023-03-01,O,0.023156573107939976
combined_risk_parity,2023-04-03,O,0.022969867514986662
combined_risk_parity,2023-05-01,O,0.023166104315358958
combined_risk_parity,2023-06-01,O,0.02320600064839789
combined_risk_parity,2023-07-03,O,0.023576142568794936
combined_risk_parity,2023-08-01,O,0.023218970222490105
combined_risk_parity,2023-09-01,O,0.02280014725466562
combined_risk_parity,2023-10-02,O,0.02181872841125161
combined_risk_parity,2023-11-01,O,0.022281514697863852
combined_risk_parity,2023-12-01,O,0.021087375772964028
combined_risk_parity,2021-01-04,OXY,0.009037509307239448
combined_risk_parity,2021-02-01,OXY,0.00903154394059501
combined_risk_parity,2021-03-01,OXY,0.008994829932582786
combined_risk_parity,2021-04-01,OXY,0.006940935106586836
combined_risk_parity,2021-05-03,OXY,0.006292277952961046
combined_risk_parity,2021-06-01,OXY,0.006554481968142507
combined_risk_parity,2021-07-01,OXY,0.00813421177848672
combined_risk_parity,2021-08-02,OXY,0.008266994460375291
combined_risk_parity,2021-09-01,OXY,0.008257401183464503
combined_risk_parity,2021-10-01,OXY,0.0078370794220596
combined_risk_parity,2021-11-01,OXY,0.008120951395855024
combined_risk_parity,2021-12-01,OXY,0.009178179275755408
combined_risk_parity,2022-01-03,OXY,0.00937240373571725
combined_risk_parity,2022-02-01,OXY,0.009366429312082666
combined_risk_parity,2022-03-01,OXY,0.011328816368399745
combined_risk_parity,2022-04-01,OXY,0.011011232243806743
combined_risk_parity,2022-05-02,OXY,0.010564871344013106
combined_risk_parity,2022-06-01,OXY,0.009947901073662021
combined_risk_parity,2022-07-01,OXY,0.010317309069308554
combined_risk_parity,2022-08-01,OXY,0.010478475655480561
combined_risk_parity,2022-09-01,OXY,0.011404442390540752
combined_risk_parity,2022-10-03,OXY,0.01255997599455261
combined_risk_parity,2022-11-01,OXY,0.013501083783271795
combined_risk_parity,2022-12-01,OXY,0.013648102625000194
combined_risk_parity,2023-01-03,OXY,0.013871903712567938
combined_risk_parity,2023-02-01,OXY,0.01459629533203412
combined_risk_parity,2023-03-01,OXY,0.01383919378480665
combined_risk_parity,2023-04-03,OXY,0.013916196305758141
combined_risk_parity,2023-05-01,OXY,0.01425575053737486
combined_risk_parity,2023-06-01,OXY,0.015452598910214955
combined_risk_parity,2023-07-03,OXY,0.015619042066221252
combined_risk_parity,2023-08-01,OXY,0.015951665537566266
combined_risk_parity,2023-09-01,OXY,0.015344501758938318
combined_risk_parity,2023-10-02,OXY,0.015073690259092672
combined_risk_parity,2023-11-01,OXY,0.014092568491778765
combined_risk_parity,2023-12-01,OXY,0.016213067461249887
combined_risk_parity,2021-01-04,PLD,0.015414963976375717
combined_risk_parity,2021-02-01,PLD,0.015590220029828331
combined_risk_parity,2021-03-01,PLD,0.01576678340422986
combined_risk_parity,2021-04-01,PLD,0.015451032699623092
combined_risk_parity,2021-05-03,PLD,0.016866557700743617
combined_risk_parity,2021-06-01,PLD,0.018402286175183594
combined_risk_parity,2021-07-01,PLD,0.01967867616419827
combined_risk_parity,2021-08-02,PLD,0.01987116107196275
combined_risk_parity,2021-09-01,PLD,0.020079168858985974
combined_risk_parity,2021-10-01,PLD,0.021955845111022818
combined_risk_parity,2021-11-01,PLD,0.022272638334139425
combined_risk_parity,2021-12-01,PLD,0.01978476437005795
combined_risk_parity,2022-01-03,PLD,0.02058111743972085
combined_risk_parity,2022-02-01,PLD,0.02065303333530893
combined_risk_parity,2022-03-01,PLD,0.018953493373592027
combined_risk_parity,2022-04-01,PLD,0.018807748336686844
combined_risk_parity,2022-05-02,PLD,0.01705003042972903
combined_risk_parity,2022-06-01,PLD,0.015015626388473223
combined_risk_parity,2022-07-01,PLD,0.013955154450202508
combined_risk_parity,2022-08-01,PLD,0.013536490401434747
combined_risk_parity,2022-09-01,PLD,0.013461061759004505
combined_risk_parity,2022-10-03,PLD,0.013729084330967624
combined_risk_parity,2022-11-01,PLD,0.01389662073884173
combined_risk_parity,2022-12-01,PLD,0.013604615530976444
combined_risk_parity,2023-01-03,PLD,0.013353054269924567
combined_risk_parity,2023-02-01,PLD,0.01308953651861904
combined_risk_parity,2023-03-01,PLD,0.013213481271145102
combined_risk_parity,2023-04-03,PLD,0.012920560890733707
combined_risk_parity,2023-05-01,PLD,0.012801972545634751
combined_risk_parity,2023-06-01,PLD,0.013279095951034181
combined_risk_parity,2023-07-03,PLD,0.013837551580935784
combined_risk_parity,2023-08-01,PLD,0.014152038221886773
combined_risk_parity,2023-09-01,PLD,0.014205384683262226
combined_risk_parity,2023-10-02,PLD,0.013632171315068699
combined_risk_parity,2023-11-01,PLD,0.012794001318580963
combined_risk_parity,2023-12-01,PLD,0.012411596650176687
combined_risk_parity,2021-01-04,PSA,0.022749363663872705
combined_risk_parity,2021-02-01,PSA,0.023164293399425353
combined_risk_parity,2021-03-01,PSA,0.023540817067243206
combined_risk_parity,2021-04-01,PSA,0.028548340725077892
combined_risk_parity,2021-05-03,PSA,0.026669473676009043
combined_risk_parity,2021-06-01,PSA,0.03203009419908445
combined_risk_parity,2021-07-01,PSA,0.03669973643081503
combined_risk_parity,2021-08-02,PSA,0.03630047130966536
combined_risk_parity,2021-09-01,PSA,0.03794031874178102
combined_risk_parity,2021-10-01,PSA,0.03824139176966832
combined_risk_parity,2021-11-01,PSA,0.038295455365059725
combined_risk_parity,2021-12-01,PSA,0.035068918603783396
combined_risk_parity,2022-01-03,PSA,0.033982291963980046
combined_risk_parity,2022-02-01,PSA,0.03164376958387426
combined_risk_parity,2022-03-01,PSA,0.02807505354423608
combined_risk_parity,2022-04-01,PSA,0.026429840356207115
combined_risk_parity,2022-05-02,PSA,0.022613029849400883
combined_risk_parity,2022-06-01,PSA,0.0201044150535587
combined_risk_parity,2022-07-01,PSA,0.019903520686752243
combined_risk_parity,2022-08-01,PSA,0.019540368197852074
combined_risk_parity,2022-09-01,PSA,0.01919830303475208
combined_risk_parity,2022-10-03,PSA,0.019639683296689484
combined_risk_parity,2022-11-01,PSA,0.0200861677008879
combined_risk_parity,2022-12-01,PSA,0.01900490702720958
combined_risk_parity,2023-01-03,PSA,0.018688478177136893
combined_risk_parity,2023-02-01,PSA,0.018695265176858746
combined_risk_parity,2023-03-01,PSA,0.01899041236414965
combined_risk_parity,2023-04-03,PSA,0.018723281480862115
combined_risk_parity,2023-05-01,PSA,0.018874584612185535
combined_risk_parity,2023-06-01,PSA,0.019951452174203212
combined_risk_parity,2023-07-03,PSA,0.019203919863716636
combined_risk_parity,2023-08-01,PSA,0.019635629329268087
combined_risk_parity,2023-09-01,PSA,0.01954343507735174
combined_risk_parity,2023-10-02,PSA,0.018991997072897764
combined_risk_parity,2023-11-01,PSA,0.017557877982630532
combined_risk_parity,2023-12-01,PSA,0.01798785016881143
combined_risk_parity,2021-01-04,QCOM,0.014894673931847563
combined_risk_parity,2021-02-01,QCOM,0.01490479966646406
combined_risk_parity,2021-03-01,QCOM,0.015030018932753905
combined_risk_parity,2021-04-01,QCOM,0.014168890768920507
combined_risk_parity,2021-05-03,QCOM,0.01256749618451085
combined_risk_parity,2021-06-01,QCOM,0.012876842953247893
combined_risk_parity,2021-07-01,QCOM,0.012587181881560208
combined_risk_parity,2021-08-02,QCOM,0.011794066921124275
combined_risk_parity,2021-09-01,QCOM,0.011572628112714124
combined_risk_parity,2021-10-01,QCOM,0.011952871329487903
combined_risk_parity,2021-11-01,QCOM,0.01187885016674861
combined_risk_parity,2021-12-01,QCOM,0.012640795269802517
combined_risk_parity,2022-01-03,QCOM,0.013101396539969975
combined_risk_parity,2022-02-01,QCOM,0.012932242586118334
combined_risk_parity,2022-03-01,QCOM,0.011621351200863312
combined_risk_parity,2022-04-01,QCOM,0.01120176507617508
combined_risk_parity,2022-05-02,QCOM,0.011168257732784301
combined_risk_parity,2022-06-01,QCOM,0.010921220245837327
combined_risk_parity,2022-07-01,QCOM,0.011228075080864439
combined_risk_parity,2022-08-01,QCOM,0.011662857411864
combined_risk_parity,2022-09-01,QCOM,0.011379677086669685
combined_risk_parity,2022-10-03,QCOM,0.011536511982808704
combined_risk_parity,2022-11-01,QCOM,0.011544238135610377
combined_risk_parity,2022-12-01,QCOM,0.010826342475142662
combined_risk_parity,2023-01-03,QCOM,0.010589161214658195
combined_risk_parity,2023-02-01,QCOM,0.010558375013537036
combined_risk_parity,2023-03-01,QCOM,0.010811740186370487
combined_risk_parity,2023-04-03,QCOM,0.011340350919415907
combined_risk_parity,2023-05-01,QCOM,0.011397376138279255
combined_risk_parity,2023-06-01,QCOM,0.011733771897083444
combined_risk_parity,2023-07-03,QCOM,0.011416857488923297
combined_risk_parity,2023-08-01,QCOM,0.01117962703236141
combined_risk_parity,2023-09-01,QCOM,0.011345563429112955
combined_risk_parity,2023-10-02,QCOM,0.010957791761209887
combined_risk_parity,2023-11-01,QCOM,0.010932870176900988
combined_risk_parity,2023-12-01,QCOM,0.011138365795218931
combined_risk_parity,2021-01-04,SBUX,0.015203279520679996
combined_risk_parity,2021-02-01,SBUX,0.01516056187472372
combined_risk_parity,2021-03-01,SBUX,0.015122837812650376
combined_risk_parity,2021-04-01,SBUX,0.015606033720930649
combined_risk_parity,2021-05-03,SBUX,0.015850336759247106
combined_risk_parity,2021-06-01,SBUX,0.015436998039765695
combined_risk_parity,2021-07-01,SBUX,0.01720548412815811
combined_risk_parity,2021-08-02,SBUX,0.017338498700707666
combined_risk_parity,2021-09-01,SBUX,0.016849752797856707
combined_risk_parity,2021-10-01,SBUX,0.016869080607441144
combined_risk_parity,2021-11-01,SBUX,0.017241507826217122
combined_risk_parity,2021-12-01,SBUX,0.017764743815610398
combined_risk_parity,2022-01-03,SBUX,0.016716379974630293
combined_risk_parity,2022-02-01,SBUX,0.018206468217457993
combined_risk_parity,2022-03-01,SBUX,0.01691109112075282
combined_risk_parity,2022-04-01,SBUX,0.01471398332968295
combined_risk_parity,2022-05-02,SBUX,0.015291886064925948
combined_risk_parity,2022-06-01,SBUX,0.013001038065268287
combined_risk_parity,2022-07-01,SBUX,0.012992829515525222
combined_risk_parity,2022-08-01,SBUX,0.012958212927979837
combined_risk_parity,2022-09-01,SBUX,0.012828477568568275
combined_risk_parity,2022-10-03,SBUX,0.01323643674353078
combined_risk_parity,2022-11-01,SBUX,0.013589685664312628
combined_risk_parity,2022-12-01,SBUX,0.013547578722156036
combined_risk_parity,2023-01-03,SBUX,0.01386109746100471
combined_risk_parity,2023-02-01,SBUX,0.013795844747503937
combined_risk_parity,2023-03-01,SBUX,0.01366367790696376
combined_risk_parity,2023-04-03,SBUX,0.01444486582154979
combined_risk_parity,2023-05-01,SBUX,0.01466172175959503
combined_risk_parity,2023-06-01,SBUX,0.015954057361741124
combined_risk_parity,2023-07-03,SBUX,0.016659034854966108
combined_risk_parity,2023-08-01,SBUX,0.01705624736973503
combined_risk_parity,2023-09-01,SBUX,0.017569856110892294
combined_risk_parity,2023-10-02,SBUX,0.016959625603507698
combined_risk_parity,2023-11-01,SBUX,0.016885212420676563
combined_risk_parity,2023-12-01,SBUX,0.01636125092802592
combined_risk_parity,2021-01-04,SHW,0.017506525308122866
combined_risk_parity,2021-02-01,SHW,0.017817519538327588
combined_risk_parity,2021-03-01,SHW,0.017867192290313763
combined_risk_parity,2021-04-01,SHW,0.01816362704637464
combined_risk_parity,2021-05-03,SHW,0.022465234541879795
combined_risk_parity,2021-06-01,SHW,0.021655030226967575
combined_risk_parity,2021-07-01,SHW,0.02254938280166438
combined_risk_parity,2021-08-02,SHW,0.02385226368289733
combined_risk_parity,2021-09-01,SHW,0.023377847876576194
combined_risk_parity,2021-10-01,SHW,0.024342129756255954
combined_risk_parity,2021-11-01,SHW,0.022892284871467425
combined_risk_parity,2021-12-01,SHW,0.022441496853601958
combined_risk_parity,2022-01-03,SHW,0.021752878131781707
combined_risk_parity,2022-02-01,SHW,0.020758800531430456
combined_risk_parity,2022-03-01,SHW,0.019221919493048065
combined_risk_parity,2022-04-01,SHW,0.018821762122926303
combined_risk_parity,2022-05-02,SHW,0.022882266618247382
combined_risk_parity,2022-06-01,SHW,0.02281024245075868
combined_risk_parity,2022-07-01,SHW,0.020301242007544042
combined_risk_parity,2022-08-01,SHW,0.02117521322487898
combined_risk_parity,2022-09-01,SHW,0.02034692150129298
combined_risk_parity,2022-10-03,SHW,0.020085464349381174
combined_risk_parity,2022-11-01,SHW,0.018615863190880075
combined_risk_parity,2022-12-01,SHW,0.017242369882856004
combined_risk_parity,2023-01-03,SHW,0.01707471090543042
combined_risk_parity,2023-02-01,SHW,0.01660223596363535
combined_risk_parity,2023-03-01,SHW,0.01682657976556662
combined_risk_parity,2023-04-03,SHW,0.016792394890821846
combined_risk_parity,2023-05-01,SHW,0.015892809415723068
combined_risk_parity,2023-06-01,SHW,0.014979171611257124
combined_risk_parity,2023-07-03,SHW,0.014879044281778888
combined_risk_parity,2023-08-01,SHW,0.014035853795384424
combined_risk_parity,2023-09-01,SHW,0.014325991297245504
combined_risk_parity,2023-10-02,SHW,0.013974176991733048
combined_risk_parity,2023-11-01,SHW,0.014581936927383524
combined_risk_parity,2023-12-01,SHW,0.014832817696037389
combined_risk_parity,2021-01-04,SLB,0.01075909651067174
combined_risk_parity,2021-02-01,SLB,0.010681490935168701
combined_risk_parity,2021-03-01,SLB,0.010702010797666656
combined_risk_parity,2021-04-01,SLB,0.009070640451759746
combined_risk_parity,2021-05-03,SLB,0.008402790464753278
combined_risk_parity,2021-06-01,SLB,0.009224447656676408
combined_risk_parity,2021-07-01,SLB,0.009722002349388293
combined_risk_parity,2021-08-02,SLB,0.009708116500046505
combined_risk_parity,2021-09-01,SLB,0.009685318305834958
combined_risk_parity,2021-10-01,SLB,0.00948395449525961
combined_risk_parity,2021-11-01,SLB,0.009299741112052123
combined_risk_parity,2021-12-01,SLB,0.009727311350173537
combined_risk_parity,2022-01-03,SLB,0.010004079927661148
combined_risk_parity,2022-02-01,SLB,0.010838976854374058
combined_risk_parity,2022-03-01,SLB,0.011581543151849194
combined_risk_parity,2022-04-01,SLB,0.012996708764411138
combined_risk_parity,2022-05-02,SLB,0.013941796631366308
combined_risk_parity,2022-06-01,SLB,0.011787668258667276
combined_risk_parity,2022-07-01,SLB,0.012655171883252932
combined_risk_parity,2022-08-01,SLB,0.012940751428656581
combined_risk_parity,2022-09-01,SLB,0.013580122682852493
combined_risk_parity,2022-10-03,SLB,0.013796066818929129
combined_risk_parity,2022-11-01,SLB,0.014190301185391711
combined_risk_parity,2022-12-01,SLB,0.015463125966564985
combined_risk_parity,2023-01-03,SLB,0.015200760989817893
combined_risk_parity,2023-02-01,SLB,0.015577493130126376
combined_risk_parity,2023-03-01,SLB,0.01556161039519596
combined_risk_parity,2023-04-03,SLB,0.014388084734494088
combined_risk_parity,2023-05-01,SLB,0.013901261507845198
combined_risk_parity,2023-06-01,SLB,0.014894445114258822
combined_risk_parity,2023-07-03,SLB,0.01443298914686792
combined_risk_parity,2023-08-01,SLB,0.014723568728733108
combined_risk_parity,2023-09-01,SLB,0.01450808331041275
combined_risk_parity,2023-10-02,SLB,0.015221118465529133
combined_risk_parity,2023-11-01,SLB,0.015361850302452146
combined_risk_parity,2023-12-01,SLB,0.01407076239803529
combined_risk_parity,2021-01-04,SO,0.016125867443437674
combined_risk_parity,2021-02-01,SO,0.016143766791922566
combined_risk_parity,2021-03-01,SO,0.01605223073610193
combined_risk_parity,2021-04-01,SO,0.016908114269152782
combined_risk_parity,2021-05-03,SO,0.020605958582974194
combined_risk_parity,2021-06-01,SO,0.02297842141340782
combined_risk_parity,2021-07-01,SO,0.022607451382008918
combined_risk_parity,2021-08-02,SO,0.02323577076714015
combined_risk_parity,2021-09-01,SO,0.023582875409165767
combined_risk_parity,2021-10-01,SO,0.02220386781970694
combined_risk_parity,2021-11-01,SO,0.02223180951191193
combined_risk_parity,2021-12-01,SO,0.023803614687953514
combined_risk_parity,2022-01-03,SO,0.02529032550656299
combined_risk_parity,2022-02-01,SO,0.02930663882058088
combined_risk_parity,2022-03-01,SO,0.029152491311459378
combined_risk_parity,2022-04-01,SO,0.030939404488619586
combined_risk_parity,2022-05-02,SO,0.029660467466383476
combined_risk_parity,2022-06-01,SO,0.031618614286394446
combined_risk_parity,2022-07-01,SO,0.029960560902457953
combined_risk_parity,2022-08-01,SO,0.029399626957842744
combined_risk_parity,2022-09-01,SO,0.029717352473795984
combined_risk_parity,2022-10-03,SO,0.027318717271708225
combined_risk_parity,2022-11-01,SO,0.02540958444499519
combined_risk_parity,2022-12-01,SO,0.025243533870854873
combined_risk_parity,2023-01-03,SO,0.02498372056262517
combined_risk_parity,2023-02-01,SO,0.02433179646105786
combined_risk_parity,2023-03-01,SO,0.023894399349300644
combined_risk_parity,2023-04-03,SO,0.02350678627720045
combined_risk_parity,2023-05-01,SO,0.023304574928508553
combined_risk_parity,2023-06-01,SO,0.022196823321810014
combined_risk_parity,2023-07-03,SO,0.022125490417925
combined_risk_parity,2023-08-01,SO,0.021808029562756303
combined_risk_parity,2023-09-01,SO,0.02132961056220907
combined_risk_parity,2023-10-02,SO,0.021120102016304258
combined_risk_parity,2023-11-01,SO,0.022576940808002568
combined_risk_parity,2023-12-01,SO,0.021721917381687328
combined_risk_parity,2021-01-04,T,0.019624569005136427
combined_risk_parity,2021-02-01,T,0.01990375822951966
combined_risk_parity,2021-03-01,T,0.019684478669572597
combined_risk_parity,2021-04-01,T,0.02063160573086643
combined_risk_parity,2021-05-03,T,0.0236789840107752
combined_risk_parity,2021-06-01,T,0.025424334679962787
combined_risk_parity,2021-07-01,T,0.030399784700779475
combined_risk_parity,2021-08-02,T,0.02996553859039631
combined_risk_parity,2021-09-01,T,0.02918522665237572
combined_risk_parity,2021-10-01,T,0.02727686466164259
combined_risk_parity,2021-11-01,T,0.026677438779784145
combined_risk_parity,2021-12-01,T,0.026862005676358006
combined_risk_parity,2022-01-03,T,0.025866716322817163
combined_risk_parity,2022-02-01,T,0.021923044601670334
combined_risk_parity,2022-03-01,T,0.02223983586368812
combined_risk_parity,2022-04-01,T,0.02087625296287551
combined_risk_parity,2022-05-02,T,0.022443809425318817
combined_risk_parity,2022-06-01,T,0.02298999137219869
combined_risk_parity,2022-07-01,T,0.022266160865703336
combined_risk_parity,2022-08-01,T,0.02264531995938183
combined_risk_parity,2022-09-01,T,0.023360922721940507
combined_risk_parity,2022-10-03,T,0.023509894545966425
combined_risk_parity,2022-11-01,T,0.02300101164163878
combined_risk_parity,2022-12-01,T,0.023863302622064996
combined_risk_parity,2023-01-03,T,0.024284457396428153
combined_risk_parity,2023-02-01,T,0.024953634182505038
combined_risk_parity,2023-03-01,T,0.025047494562452144
combined_risk_parity,2023-04-03,T,0.025281876819535042
combined_risk_parity,2023-05-01,T,0.023429674148152217
combined_risk_parity,2023-06-01,T,0.02274433063459311
combined_risk_parity,2023-07-03,T,0.02383499077049485
combined_risk_parity,2023-08-01,T,0.02256358621650273
combined_risk_parity,2023-09-01,T,0.022070985247098975
combined_risk_parity,2023-10-02,T,0.022104323908131544
combined_risk_parity,2023-11-01,T,0.02295469432623917
combined_risk_parity,2023-12-01,T,0.022093012578204885
combined_risk_parity,2021-01-04,TMUS,0.01920220915631777
combined_risk_parity,2021-02-01,TMUS,0.019038702670769667
combined_risk_parity,2021-03-01,TMUS,0.01955650985858529
combined_risk_parity,2021-04-01,TMUS,0.02130893405242459
combined_risk_parity,2021-05-03,TMUS,0.017536689682453834
combined_risk_parity,2021-06-01,TMUS,0.01876071537023264
combined_risk_parity,2021-07-01,TMUS,0.01780758093043928
combined_risk_parity,2021-08-02,TMUS,0.01770067107092661
combined_risk_parity,2021-09-01,TMUS,0.017855953395095252
combined_risk_parity,2021-10-01,TMUS,0.017984201606238502
combined_risk_parity,2021-11-01,TMUS,0.01847529106694726
combined_risk_parity,2021-12-01,TMUS,0.016612040733344376
combined_risk_parity,2022-01-03,TMUS,0.01617347762867457
combined_risk_parity,2022-02-01,TMUS,0.01717913629674664
combined_risk_parity,2022-03-01,TMUS,0.017098278071669255
combined_risk_parity,2022-04-01,TMUS,0.017982470004156648
combined_risk_parity,2022-05-02,TMUS,0.016501815543586106
combined_risk_parity,2022-06-01,TMUS,0.01641380860504294
combined_risk_parity,2022-07-01,TMUS,0.01667050919760291
combined_risk_parity,2022-08-01,TMUS,0.016520434044029
combined_risk_parity,2022-09-01,TMUS,0.01685343520623072
combined_risk_parity,2022-10-03,TMUS,0.017149398727272395
combined_risk_parity,2022-11-01,TMUS,0.016985862674516884
combined_risk_parity,2022-12-01,TMUS,0.01849907038807745
combined_risk_parity,2023-01-03,TMUS,0.019231938934224896
combined_risk_parity,2023-02-01,TMUS,0.020145689895165922
combined_risk_parity,2023-03-01,TMUS,0.019911836916749075
combined_risk_parity,2023-04-03,TMUS,0.02050218303302053
combined_risk_parity,2023-05-01,TMUS,0.021355958744651574
combined_risk_parity,2023-06-01,TMUS,0.024594974583225095
combined_risk_parity,2023-07-03,TMUS,0.027296118141146023
combined_risk_parity,2023-08-01,TMUS,0.028408030568386863
combined_risk_parity,2023-09-01,TMUS,0.02796074063121934
combined_risk_parity,2023-10-02,TMUS,0.030845405370491987
combined_risk_parity,2023-11-01,TMUS,0.03341485467012471
combined_risk_parity,2023-12-01,TMUS,0.03152948134099225
combined_risk_parity,2021-01-04,TTWO,0.02623019107280589
combined_risk_parity,2021-02-01,TTWO,0.026181322382149454
combined_risk_parity,2021-03-01,TTWO,0.02620706647883945
combined_risk_parity,2021-04-01,TTWO,0.03150075981152432
combined_risk_parity,2021-05-03,TTWO,0.026595025831471646
combined_risk_parity,2021-06-01,TTWO,0.027885335905266338
combined_risk_parity,2021-07-01,TTWO,0.024150004239217666
combined_risk_parity,2021-08-02,TTWO,0.024684752748234052
combined_risk_parity,2021-09-01,TTWO,0.026029488939692667
combined_risk_parity,2021-10-01,TTWO,0.026451057050043237
combined_risk_parity,2021-11-01,TTWO,0.025012268197677837
combined_risk_parity,2021-12-01,TTWO,0.02376879975810367
combined_risk_parity,2022-01-03,TTWO,0.023347015933702173
combined_risk_parity,2022-02-01,TTWO,0.022511975729771483
combined_risk_parity,2022-03-01,TTWO,0.02443478946561369
combined_risk_parity,2022-04-01,TTWO,0.022669282823227763
combined_risk_parity,2022-05-02,TTWO,0.022056894961574848
combined_risk_parity,2022-06-01,TTWO,0.016804552486854373
combined_risk_parity,2022-07-01,TTWO,0.016786412099317277
combined_risk_parity,2022-08-01,TTWO,0.016807101002651217
combined_risk_parity,2022-09-01,TTWO,0.016517267425747162
combined_risk_parity,2022-10-03,TTWO,0.016131431852764992
combined_risk_parity,2022-11-01,TTWO,0.01706539287900477
combined_risk_parity,2022-12-01,TTWO,0.016728772705426054
combined_risk_parity,2023-01-03,TTWO,0.016429279709463514
combined_risk_parity,2023-02-01,TTWO,0.016696253592591807
combined_risk_parity,2023-03-01,TTWO,0.016199729273174156
combined_risk_parity,2023-04-03,TTWO,0.016051085815066958
combined_risk_parity,2023-05-01,TTWO,0.015905808816827564
combined_risk_parity,2023-06-01,TTWO,0.016913787124958973
combined_risk_parity,2023-07-03,TTWO,0.01715106226182172
combined_risk_parity,2023-08-01,TTWO,0.017080301290139616
combined_risk_parity,2023-09-01,TTWO,0.01669016964208951
combined_risk_parity,2023-10-02,TTWO,0.016889231422928263
combined_risk_parity,2023-11-01,TTWO,0.015620248971908062
combined_risk_parity,2023-12-01,TTWO,0.014960539538592185
combined_risk_parity,2021-01-04,UPS,0.021374190458519567
combined_risk_parity,2021-02-01,UPS,0.02159610700460124
combined_risk_parity,2021-03-01,UPS,0.02234651220553926
combined_risk_parity,2021-04-01,UPS,0.01826136306496745
combined_risk_parity,2021-05-03,UPS,0.017261018767800188
combined_risk_parity,2021-06-01,UPS,0.01760850109291692
combined_risk_parity,2021-07-01,UPS,0.018629419798279513
combined_risk_parity,2021-08-02,UPS,0.018390877216998412
combined_risk_parity,2021-09-01,UPS,0.018883391219670035
combined_risk_parity,2021-10-01,UPS,0.019165743591314125
combined_risk_parity,2021-11-01,UPS,0.021280034367245584
combined_risk_parity,2021-12-01,UPS,0.02169624443535053
combined_risk_parity,2022-01-03,UPS,0.020476084256280707
combined_risk_parity,2022-02-01,UPS,0.019365199647206167
combined_risk_parity,2022-03-01,UPS,0.01782908109690422
combined_risk_parity,2022-04-01,UPS,0.016659586898720942
combined_risk_parity,2022-05-02,UPS,0.016574583683565954
combined_risk_parity,2022-06-01,UPS,0.0168826898155195
combined_risk_parity,2022-07-01,UPS,0.018084435892139643
combined_risk_parity,2022-08-01,UPS,0.01706934335556688
combined_risk_parity,2022-09-01,UPS,0.017075429355760643
combined_risk_parity,2022-10-03,UPS,0.016807901964164634
combined_risk_parity,2022-11-01,UPS,0.017455185505427677
combined_risk_parity,2022-12-01,UPS,0.016656575192477922
combined_risk_parity,2023-01-03,UPS,0.016545188377099285
combined_risk_parity,2023-02-01,UPS,0.016273662923633258
combined_risk_parity,2023-03-01,UPS,0.016970623797013314
combined_risk_parity,2023-04-03,UPS,0.017696252715750923
combined_risk_parity,2023-05-01,UPS,0.017264358863176923
combined_risk_parity,2023-06-01,UPS,0.017294599419621547
combined_risk_parity,2023-07-03,UPS,0.01596954079190353
combined_risk_parity,2023-08-01,UPS,0.016274915443176503
combined_risk_parity,2023-09-01,UPS,0.0161494628570787
combined_risk_parity,2023-10-02,UPS,0.015801291785063554
combined_risk_parity,2023-11-01,UPS,0.01483881846189667
combined_risk_parity,2023-12-01,UPS,0.015221853455598509
combined_risk_parity,2021-01-04,USB,0.012758171006834476
combined_risk_parity,2021-02-01,USB,0.012689503234897828
combined_risk_parity,2021-03-01,USB,0.012627156141285841
combined_risk_parity,2021-04-01,USB,0.011490309796726016
combined_risk_parity,2021-05-03,USB,0.011942726897313643
combined_risk_parity,2021-06-01,USB,0.01320140177139944
combined_risk_parity,2021-07-01,USB,0.0143025544269597
combined_risk_parity,2021-08-02,USB,0.013690444729521111
combined_risk_parity,2021-09-01,USB,0.013196896242306697
combined_risk_parity,2021-10-01,USB,0.013518268284906404
combined_risk_parity,2021-11-01,USB,0.013941365954110224
combined_risk_parity,2021-12-01,USB,0.014579652803022421
combined_risk_parity,2022-01-03,USB,0.01420742959222408
combined_risk_parity,2022-02-01,USB,0.0145794125718855
combined_risk_parity,2022-03-01,USB,0.015037569877252702
combined_risk_parity,2022-04-01,USB,0.013419227362516769
combined_risk_parity,2022-05-02,USB,0.01434353313431086
combined_risk_parity,2022-06-01,USB,0.015280218393457884
combined_risk_parity,2022-07-01,USB,0.015443222644237118
combined_risk_parity,2022-08-01,USB,0.01626354222628034
combined_risk_parity,2022-09-01,USB,0.016643356542413397
combined_risk_parity,2022-10-03,USB,0.016957387419751568
combined_risk_parity,2022-11-01,USB,0.017131693287187787
combined_risk_parity,2022-12-01,USB,0.017285087783483456
combined_risk_parity,2023-01-03,USB,0.017413945074472165
combined_risk_parity,2023-02-01,USB,0.017318837717280884
combined_risk_parity,2023-03-01,USB,0.017651173989402233
combined_risk_parity,2023-04-03,USB,0.016259615059872928
combined_risk_parity,2023-05-01,USB,0.01591882051894146
combined_risk_parity,2023-06-01,USB,0.013971394887055214
combined_risk_parity,2023-07-03,USB,0.013042955618259877
combined_risk_parity,2023-08-01,USB,0.01254135096860856
combined_risk_parity,2023-09-01,USB,0.012428846131396665
combined_risk_parity,2023-10-02,USB,0.01177346423663515
combined_risk_parity,2023-11-01,USB,0.010528763339249412
combined_risk_parity,2023-12-01,USB,0.009181929094313685
combined_risk_parity,2021-01-04,V,0.015363448053134594
combined_risk_parity,2021-02-01,V,0.015525687981495055
combined_risk_parity,2021-03-01,V,0.015755483488298912
combined_risk_parity,2021-04-01,V,0.014713133445366794
combined_risk_parity,2021-05-03,V,0.016404696313860486
combined_risk_parity,2021-06-01,V,0.016351809619912942
combined_risk_parity,2021-07-01,V,0.015683944955793623
combined_risk_parity,2021-08-02,V,0.01572209354510839
combined_risk_parity,2021-09-01,V,0.015390774620501299
combined_risk_parity,2021-10-01,V,0.016003571112347324
combined_risk_parity,2021-11-01,V,0.015594205618915133
combined_risk_parity,2021-12-01,V,0.01698518194811592
combined_risk_parity,2022-01-03,V,0.01620029039229375
combined_risk_parity,2022-02-01,V,0.014980578784285076
combined_risk_parity,2022-03-01,V,0.015176084106447676
combined_risk_parity,2022-04-01,V,0.014806416780853265
combined_risk_parity,2022-05-02,V,0.014538038251345002
combined_risk_parity,2022-06-01,V,0.0138009715184442
combined_risk_parity,2022-07-01,V,0.013590755339776998
combined_risk_parity,2022-08-01,V,0.013912451083234745
combined_risk_parity,2022-09-01,V,0.013877864369683673
combined_risk_parity,2022-10-03,V,0.01429253181764034
combined_risk_parity,2022-11-01,V,0.015058030347472036
combined_risk_parity,2022-12-01,V,0.014622059838957239
combined_risk_parity,2023-01-03,V,0.014996575707450985
combined_risk_parity,2023-02-01,V,0.015595935225445239
combined_risk_parity,2023-03-01,V,0.015683165190187337
combined_risk_parity,2023-04-03,V,0.01636605675475879
combined_risk_parity,2023-05-01,V,0.016834139627882234
combined_risk_parity,2023-06-01,V,0.017391175112839795
combined_risk_parity,2023-07-03,V,0.018348862572303275
combined_risk_parity,2023-08-01,V,0.018484770528104325
combined_risk_parity,2023-09-01,V,0.018876526474890677
combined_risk_parity,2023-10-02,V,0.01897065187015543
combined_risk_parity,2023-11-01,V,0.018952757400775736
combined_risk_parity,2023-12-01,V,0.021037174155432666
combined_risk_parity,2021-01-04,WFC,0.01203961788357836
combined_risk_parity,2021-02-01,WFC,0.011806794710898705
combined_risk_parity,2021-03-01,WFC,0.011620972350138915
combined_risk_parity,2021-04-01,WFC,0.011283896854415332
combined_risk_parity,2021-05-03,WFC,0.0108784460964269
combined_risk_parity,2021-06-01,WFC,0.011942545507393598
combined_risk_parity,2021-07-01,WFC,0.013067277563385035
combined_risk_parity,2021-08-02,WFC,0.012579006943581572
combined_risk_parity,2021-09-01,WFC,0.01215156657318034
combined_risk_parity,2021-10-01,WFC,0.011900704297074103
combined_risk_parity,2021-11-01,WFC,0.012516728160145561
combined_risk_parity,2021-12-01,WFC,0.012771678125484916
combined_risk_parity,2022-01-03,WFC,0.012258841553346434
combined_risk_parity,2022-02-01,WFC,0.013617148474577088
combined_risk_parity,2022-03-01,WFC,0.014104061953097364
combined_risk_parity,2022-04-01,WFC,0.012229123087791574
combined_risk_parity,2022-05-02,WFC,0.01286500884890236
combined_risk_parity,2022-06-01,WFC,0.01257610982559424
combined_risk_parity,2022-07-01,WFC,0.012687944702059379
combined_risk_parity,2022-08-01,WFC,0.01280997567821754
combined_risk_parity,2022-09-01,WFC,0.012942174581432535
combined_risk_parity,2022-10-03,WFC,0.013311218399530865
combined_risk_parity,2022-11-01,WFC,0.013489047529012133
combined_risk_parity,2022-12-01,WFC,0.014154237363973643
combined_risk_parity,2023-01-03,WFC,0.014786074322331163
combined_risk_parity,2023-02-01,WFC,0.0149444688299332
combined_risk_parity,2023-03-01,WFC,0.015190396397052204
combined_risk_parity,2023-04-03,WFC,0.015413604540375941
combined_risk_parity,2023-05-01,WFC,0.015352867604923978
combined_risk_parity,2023-06-01,WFC,0.01510825931073576
combined_risk_parity,2023-07-03,WFC,0.01511129827270734
combined_risk_parity,2023-08-01,WFC,0.015648587467203427
combined_risk_parity,2023-09-01,WFC,0.015954375284209354
combined_risk_parity,2023-10-02,WFC,0.01574874167216848
combined_risk_parity,2023-11-01,WFC,0.015254546599050456
combined_risk_parity,2023-12-01,WFC,0.01421775366314231
combined_risk_parity,2021-01-04,WMT,0.03012867811402198
combined_risk_parity,2021-02-01,WMT,0.030250479794831055
combined_risk_parity,2021-03-01,WMT,0.030434839745428044
combined_risk_parity,2021-04-01,WMT,0.039554288706311204
combined_risk_parity,2021-05-03,WMT,0.038564307793421994
combined_risk_parity,2021-06-01,WMT,0.03502938432329561
combined_risk_parity,2021-07-01,WMT,0.02759125109175724
combined_risk_parity,2021-08-02,WMT,0.02609309995977368
combined_risk_parity,2021-09-01,WMT,0.026911089220149342
combined_risk_parity,2021-10-01,WMT,0.027504364929435983
combined_risk_parity,2021-11-01,WMT,0.027459904240470772
combined_risk_parity,2021-12-01,WMT,0.027261182728152325
combined_risk_parity,2022-01-03,WMT,0.0282114487774898
combined_risk_parity,2022-02-01,WMT,0.027408539034695697
combined_risk_parity,2022-03-01,WMT,0.03180451702275416
combined_risk_parity,2022-04-01,WMT,0.03344353634631959
combined_risk_parity,2022-05-02,WMT,0.03232811015068168
combined_risk_parity,2022-06-01,WMT,0.03472958123748656
combined_risk_parity,2022-07-01,WMT,0.03722973028834946
combined_risk_parity,2022-08-01,WMT,0.034699819058428526
combined_risk_parity,2022-09-01,WMT,0.03344793112652941
combined_risk_parity,2022-10-03,WMT,0.03328612611628468
combined_risk_parity,2022-11-01,WMT,0.032522291235548596
combined_risk_parity,2022-12-01,WMT,0.03236734883674471
combined_risk_parity,2023-01-03,WMT,0.030954700126169105
combined_risk_parity,2023-02-01,WMT,0.029967339609727698
combined_risk_parity,2023-03-01,WMT,0.029025494484496542
combined_risk_parity,2023-04-03,WMT,0.029168443524082478
combined_risk_parity,2023-05-01,WMT,0.02989514900817238
combined_risk_parity,2023-06-01,WMT,0.028558803383327405
combined_risk_parity,2023-07-03,WMT,0.027208065816310786
combined_risk_parity,2023-08-01,WMT,0.028583932634945224
combined_risk_parity,2023-09-01,WMT,0.029979176201126462
combined_risk_parity,2023-10-02,WMT,0.029997433755698567
combined_risk_parity,2023-11-01,WMT,0.03158958593924416
combined_risk_parity,2023-12-01,WMT,0.033645348908112334
combined_risk_parity,2021-01-04,XOM,0.014611794769042615
combined_risk_parity,2021-02-01,XOM,0.014586437249704178
combined_risk_parity,2021-03-01,XOM,0.014749889665144492
combined_risk_parity,2021-04-01,XOM,0.012507333630111184
combined_risk_parity,2021-05-03,XOM,0.01126576964164008
combined_risk_parity,2021-06-01,XOM,0.011825032840064012
combined_risk_parity,2021-07-01,XOM,0.012424998811875589
combined_risk_parity,2021-08-02,XOM,0.012390231844188563
combined_risk_parity,2021-09-01,XOM,0.012296537149289055
combined_risk_parity,2021-10-01,XOM,0.01136125484130784
combined_risk_parity,2021-11-01,XOM,0.011596317901963325
combined_risk_parity,2021-12-01,XOM,0.012958257506598878
combined_risk_parity,2022-01-03,XOM,0.013500325782001736
combined_risk_parity,2022-02-01,XOM,0.014178493910831608
combined_risk_parity,2022-03-01,XOM,0.015549335185116805
combined_risk_parity,2022-04-01,XOM,0.01780208635255997
combined_risk_parity,2022-05-02,XOM,0.017790139036844448
combined_risk_parity,2022-06-01,XOM,0.016674198141224898
combined_risk_parity,2022-07-01,XOM,0.01676906959940968
combined_risk_parity,2022-08-01,XOM,0.0168561520521822
combined_risk_parity,2022-09-01,XOM,0.017434416150626925
combined_risk_parity,2022-10-03,XOM,0.01803786887459353
combined_risk_parity,2022-11-01,XOM,0.018587729144536665
combined_risk_parity,2022-12-01,XOM,0.019313403174486682
combined_risk_parity,2023-01-03,XOM,0.01908842188130555
combined_risk_parity,2023-02-01,XOM,0.019152024515800017
combined_risk_parity,2023-03-01,XOM,0.01919448940481506
combined_risk_parity,2023-04-03,XOM,0.017798547371288703
combined_risk_parity,2023-05-01,XOM,0.01766406827275486
combined_risk_parity,2023-06-01,XOM,0.01789869247196326
combined_risk_parity,2023-07-03,XOM,0.017658472737511182
combined_risk_parity,2023-08-01,XOM,0.018151307533453866
combined_risk_parity,2023-09-01,XOM,0.018303493518621743
combined_risk_parity,2023-10-02,XOM,0.018302382698118288
combined_risk_parity,2023-11-01,XOM,0.01855685953575438
combined_risk_parity,2023-12-01,XOM,0.01877231299912716
combined_risk_parity,2021-01-04,ADA-USD,0.010341357916769435
combined_risk_parity,2021-02-01,ADA-USD,0.009844417707849384
combined_risk_parity,2021-03-01,ADA-USD,0.009748947397407419
combined_risk_parity,2021-04-01,ADA-USD,0.007937511569845882
combined_risk_parity,2021-05-03,ADA-USD,0.0068415284224671025
combined_risk_parity,2021-06-01,ADA-USD,0.005172367417418018
combined_risk_parity,2021-07-01,ADA-USD,0.004579591779217739
combined_risk_parity,2021-08-02,ADA-USD,0.0044530266135959186
combined_risk_parity,2021-09-01,ADA-USD,0.004270534672116311
combined_risk_parity,2021-10-01,ADA-USD,0.0040337143033792955
combined_risk_parity,2021-11-01,ADA-USD,0.003855450334813877
combined_risk_parity,2021-12-01,ADA-USD,0.003584986896565877
combined_risk_parity,2022-01-03,ADA-USD,0.003537238533231341
combined_risk_parity,2022-02-01,ADA-USD,0.0037083506326830635
combined_risk_parity,2022-03-01,ADA-USD,0.0037002118551153706
combined_risk_parity,2022-04-01,ADA-USD,0.0039406809978373295
combined_risk_parity,2022-05-02,ADA-USD,0.004202071268115984
combined_risk_parity,2022-06-01,ADA-USD,0.004853643405407668
combined_risk_parity,2022-07-01,ADA-USD,0.00522644746989323
combined_risk_parity,2022-08-01,ADA-USD,0.005292663208667774
combined_risk_parity,2022-09-01,ADA-USD,0.0056318378415679835
combined_risk_parity,2022-10-03,ADA-USD,0.006337473378062169
combined_risk_parity,2022-11-01,ADA-USD,0.00680290024159325
combined_risk_parity,2022-12-01,ADA-USD,0.006631829981537192
combined_risk_parity,2023-01-03,ADA-USD,0.006928050501483375
combined_risk_parity,2023-02-01,ADA-USD,0.00702444860057187
combined_risk_parity,2023-03-01,ADA-USD,0.006981296423280827
combined_risk_parity,2023-04-03,ADA-USD,0.007099268434228754
combined_risk_parity,2023-05-01,ADA-USD,0.0072627045127907795
combined_risk_parity,2023-06-01,ADA-USD,0.008244083754679924
combined_risk_parity,2023-07-03,ADA-USD,0.008175544506273589
combined_risk_parity,2023-08-01,ADA-USD,0.007878524592663135
combined_risk_parity,2023-09-01,ADA-USD,0.008007218868730171
combined_risk_parity,2023-10-02,ADA-USD,0.007667972702503348
combined_risk_parity,2023-11-01,ADA-USD,0.0073655472313282335
combined_risk_parity,2023-12-01,ADA-USD,0.007930326739705635
combined_risk_parity,2021-01-04,BCH-USD,0.011236186018851384
combined_risk_parity,2021-02-01,BCH-USD,0.011039365305951183
combined_risk_parity,2021-03-01,BCH-USD,0.010771864266115611
combined_risk_parity,2021-04-01,BCH-USD,0.008830097742988716
combined_risk_parity,2021-05-03,BCH-USD,0.007023668342756539
combined_risk_parity,2021-06-01,BCH-USD,0.004878805947515729
combined_risk_parity,2021-07-01,BCH-USD,0.004228932837708582
combined_risk_parity,2021-08-02,BCH-USD,0.004155015437237141
combined_risk_parity,2021-09-01,BCH-USD,0.004069937808188185
combined_risk_parity,2021-10-01,BCH-USD,0.003744039429282601
combined_risk_parity,2021-11-01,BCH-USD,0.0033946799432921226
combined_risk_parity,2021-12-01,BCH-USD,0.003168411499254518
combined_risk_parity,2022-01-03,BCH-USD,0.003303428125745483
combined_risk_parity,2022-02-01,BCH-USD,0.003469887009582516
combined_risk_parity,2022-03-01,BCH-USD,0.0037163124095721477
combined_risk_parity,2022-04-01,BCH-USD,0.0037268758809782024
combined_risk_parity,2022-05-02,BCH-USD,0.004245691858515915
combined_risk_parity,2022-06-01,BCH-USD,0.0059533969747391745
combined_risk_parity,2022-07-01,BCH-USD,0.0061677057971082794
combined_risk_parity,2022-08-01,BCH-USD,0.005949634082557091
combined_risk_parity,2022-09-01,BCH-USD,0.006038854728029488
combined_risk_parity,2022-10-03,BCH-USD,0.006825078921794972
combined_risk_parity,2022-11-01,BCH-USD,0.007606781900334158
combined_risk_parity,2022-12-01,BCH-USD,0.007531580593491658
combined_risk_parity,2023-01-03,BCH-USD,0.007712597861157885
combined_risk_parity,2023-02-01,BCH-USD,0.007837230462948715
combined_risk_parity,2023-03-01,BCH-USD,0.007776806991094747
combined_risk_parity,2023-04-03,BCH-USD,0.008029524923380365
combined_risk_parity,2023-05-01,BCH-USD,0.008083782472338303
combined_risk_parity,2023-06-01,BCH-USD,0.008491468629275729
combined_risk_parity,2023-07-03,BCH-USD,0.008076759219624636
combined_risk_parity,2023-08-01,BCH-USD,0.009114957226798552
combined_risk_parity,2023-09-01,BCH-USD,0.00879586143559454
combined_risk_parity,2023-10-02,BCH-USD,0.008534679107989624
combined_risk_parity,2023-11-01,BCH-USD,0.00766651085784209
combined_risk_parity,2023-12-01,BCH-USD,0.008879743555629342
combined_risk_parity,2021-01-04,BTC-USD,0.014735550053581587
combined_risk_parity,2021-02-01,BTC-USD,0.013954221812517237
combined_risk_parity,2021-03-01,BTC-USD,0.013370863045250979
combined_risk_parity,2021-04-01,BTC-USD,0.011737419424369467
combined_risk_parity,2021-05-03,BTC-USD,0.010306662876820152
combined_risk_parity,2021-06-01,BTC-USD,0.008176140200299144
combined_risk_parity,2021-07-01,BTC-USD,0.007025360525411421
combined_risk_parity,2021-08-02,BTC-USD,0.006889406232959495
combined_risk_parity,2021-09-01,BTC-USD,0.0067651080771094
combined_risk_parity,2021-10-01,BTC-USD,0.006054526221462923
combined_risk_parity,2021-11-01,BTC-USD,0.005604369982224086
combined_risk_parity,2021-12-01,BTC-USD,0.005180614166662014
combined_risk_parity,2022-01-03,BTC-USD,0.005305294970618963
combined_risk_parity,2022-02-01,BTC-USD,0.005707099381673559
combined_risk_parity,2022-03-01,BTC-USD,0.006472166765456848
combined_risk_parity,2022-04-01,BTC-USD,0.006589133298792687
combined_risk_parity,2022-05-02,BTC-USD,0.006799593485947034
combined_risk_parity,2022-06-01,BTC-USD,0.007745308919049128
combined_risk_parity,2022-07-01,BTC-USD,0.007630931588815018
combined_risk_parity,2022-08-01,BTC-USD,0.007659700974949895
combined_risk_parity,2022-09-01,BTC-USD,0.007703942801625076
combined_risk_parity,2022-10-03,BTC-USD,0.008182159172318444
combined_risk_parity,2022-11-01,BTC-USD,0.008877662955258636
combined_risk_parity,2022-12-01,BTC-USD,0.008671240775943436
combined_risk_parity,2023-01-03,BTC-USD,0.008867705054822973
combined_risk_parity,2023-02-01,BTC-USD,0.008975536751953735
combined_risk_parity,2023-03-01,BTC-USD,0.008943347000984913
combined_risk_parity,2023-04-03,BTC-USD,0.009163216054523414
combined_risk_parity,2023-05-01,BTC-USD,0.009367095924735332
combined_risk_parity,2023-06-01,BTC-USD,0.009368739395958002
combined_risk_parity,2023-07-03,BTC-USD,0.01003544887936713
combined_risk_parity,2023-08-01,BTC-USD,0.010451428995201694
combined_risk_parity,2023-09-01,BTC-USD,0.010638892812974109
combined_risk_parity,2023-10-02,BTC-USD,0.011113672730574767
combined_risk_parity,2023-11-01,BTC-USD,0.01051856938515214
combined_risk_parity,2023-12-01,BTC-USD,0.012461815591786685
combined_risk_parity,2021-01-04,EOS-USD,0.011926289011025885
combined_risk_parity,2021-02-01,EOS-USD,0.011771447001961484
combined_risk_parity,2021-03-01,EOS-USD,0.011411414817221018
combined_risk_parity,2021-04-01,EOS-USD,0.008796177443961347
combined_risk_parity,2021-05-03,EOS-USD,0.007306348506528059
combined_risk_parity,2021-06-01,EOS-USD,0.00489934586077229
combined_risk_parity,2021-07-01,EOS-USD,0.004266219142323549
combined_risk_parity,2021-08-02,EOS-USD,0.0041133760361308615
combined_risk_parity,2021-09-01,EOS-USD,0.004025424942039817
combined_risk_parity,2021-10-01,EOS-USD,0.0035750567711199366
combined_risk_parity,2021-11-01,EOS-USD,0.003199652952618047
combined_risk_parity,2021-12-01,EOS-USD,0.003088889005100571
combined_risk_parity,2022-01-03,EOS-USD,0.003231039296412376
combined_risk_parity,2022-02-01,EOS-USD,0.003210180852290042
combined_risk_parity,2022-03-01,EOS-USD,0.0033089970764962817
combined_risk_parity,2022-04-01,EOS-USD,0.003421462655841362
combined_risk_parity,2022-05-02,EOS-USD,0.0036825332765426546
combined_risk_parity,2022-06-01,EOS-USD,0.0050541582530997785
combined_risk_parity,2022-07-01,EOS-USD,0.005418084583748657
combined_risk_parity,2022-08-01,EOS-USD,0.005597050973852496
combined_risk_parity,2022-09-01,EOS-USD,0.005835156541445668
combined_risk_parity,2022-10-03,EOS-USD,0.006272644018614981
combined_risk_parity,2022-11-01,EOS-USD,0.007055913754499741
combined_risk_parity,2022-12-01,EOS-USD,0.006948859961530729
combined_risk_parity,2023-01-03,EOS-USD,0.0072155377297318714
combined_risk_parity,2023-02-01,EOS-USD,0.007321502305680968
combined_risk_parity,2023-03-01,EOS-USD,0.007309720256564024
combined_risk_parity,2023-04-03,EOS-USD,0.007233147677271204
combined_risk_parity,2023-05-01,EOS-USD,0.007538878021993647
combined_risk_parity,2023-06-01,EOS-USD,0.00782330726358891
combined_risk_parity,2023-07-03,EOS-USD,0.007710070891625359
combined_risk_parity,2023-08-01,EOS-USD,0.007760313773900859
combined_risk_parity,2023-09-01,EOS-USD,0.007693011387952982
combined_risk_parity,2023-10-02,EOS-USD,0.008303274129000227
combined_risk_parity,2023-11-01,EOS-USD,0.007496480278753814
combined_risk_parity,2023-12-01,EOS-USD,0.008221675360865507
combined_risk_parity,2021-01-04,ETC-USD,0.01215408776352762
combined_risk_parity,2021-02-01,ETC-USD,0.012178966915431758
combined_risk_parity,2021-03-01,ETC-USD,0.011679435196296183
combined_risk_parity,2021-04-01,ETC-USD,0.009909094159065166
combined_risk_parity,2021-05-03,ETC-USD,0.007953791372682192
combined_risk_parity,2021-06-01,ETC-USD,0.004992869147392013
combined_risk_parity,2021-07-01,ETC-USD,0.004253873389242879
combined_risk_parity,2021-08-02,ETC-USD,0.004147818598431034
combined_risk_parity,2021-09-01,ETC-USD,0.004071145298979958
combined_risk_parity,2021-10-01,ETC-USD,0.0035314624783944373
combined_risk_parity,2021-11-01,ETC-USD,0.003264620185030008
combined_risk_parity,2021-12-01,ETC-USD,0.0031327336091118894
combined_risk_parity,2022-01-03,ETC-USD,0.0032831167607168888
combined_risk_parity,2022-02-01,ETC-USD,0.0032332230173632054
combined_risk_parity,2022-03-01,ETC-USD,0.003432026167149571
combined_risk_parity,2022-04-01,ETC-USD,0.00335923414363278
combined_risk_parity,2022-05-02,ETC-USD,0.003774473561255047
combined_risk_parity,2022-06-01,ETC-USD,0.005178370647646821
combined_risk_parity,2022-07-01,ETC-USD,0.005456587868516853
combined_risk_parity,2022-08-01,ETC-USD,0.005076681307122013
combined_risk_parity,2022-09-01,ETC-USD,0.005094874015375351
combined_risk_parity,2022-10-03,ETC-USD,0.005557073449698961
combined_risk_parity,2022-11-01,ETC-USD,0.006131788146601166
combined_risk_parity,2022-12-01,ETC-USD,0.005857602253369678
combined_risk_parity,2023-01-03,ETC-USD,0.005806686926983035
combined_risk_parity,2023-02-01,ETC-USD,0.005622563993004263
combined_risk_parity,2023-03-01,ETC-USD,0.005603358391239378
combined_risk_parity,2023-04-03,ETC-USD,0.005775161818613539
combined_risk_parity,2023-05-01,ETC-USD,0.00584841953581798
combined_risk_parity,2023-06-01,ETC-USD,0.006081185032168051
combined_risk_parity,2023-07-03,ETC-USD,0.005897297696386326
combined_risk_parity,2023-08-01,ETC-USD,0.006526781306981092
combined_risk_parity,2023-09-01,ETC-USD,0.006679070446187772
combined_risk_parity,2023-10-02,ETC-USD,0.006685093368037166
combined_risk_parity,2023-11-01,ETC-USD,0.005971511738388845
combined_risk_parity,2023-12-01,ETC-USD,0.007125423297405134
combined_risk_parity,2021-01-04,ETH-USD,0.011024709856211934
combined_risk_parity,2021-02-01,ETH-USD,0.010664258373856643
combined_risk_parity,2021-03-01,ETH-USD,0.010430504999789512
combined_risk_parity,2021-04-01,ETH-USD,0.008512182706997069
combined_risk_parity,2021-05-03,ETH-USD,0.008161523112220074
combined_risk_parity,2021-06-01,ETH-USD,0.006340050583313959
combined_risk_parity,2021-07-01,ETH-USD,0.005470925554233676
combined_risk_parity,2021-08-02,ETH-USD,0.005246408211671578
combined_risk_parity,2021-09-01,ETH-USD,0.005223874507135304
combined_risk_parity,2021-10-01,ETH-USD,0.004709013945093683
combined_risk_parity,2021-11-01,ETH-USD,0.004388739080039202
combined_risk_parity,2021-12-01,ETH-USD,0.0041664845605786085
combined_risk_parity,2022-01-03,ETH-USD,0.004278261529179251
combined_risk_parity,2022-02-01,ETH-USD,0.004292055669230923
combined_risk_parity,2022-03-01,ETH-USD,0.004577272325983129
combined_risk_parity,2022-04-01,ETH-USD,0.0045824233012614676
combined_risk_parity,2022-05-02,ETH-USD,0.004825254879784733
combined_risk_parity,2022-06-01,ETH-USD,0.005981787511773639
combined_risk_parity,2022-07-01,ETH-USD,0.0058969316023597925
combined_risk_parity,2022-08-01,ETH-USD,0.005967278590455754
combined_risk_parity,2022-09-01,ETH-USD,0.005845918187745781
combined_risk_parity,2022-10-03,ETH-USD,0.006422143877000701
combined_risk_parity,2022-11-01,ETH-USD,0.007080991660624115
combined_risk_parity,2022-12-01,ETH-USD,0.0065796363847554894
combined_risk_parity,2023-01-03,ETH-USD,0.006640093531939506
combined_risk_parity,2023-02-01,ETH-USD,0.006854123092790254
combined_risk_parity,2023-03-01,ETH-USD,0.00702854340029784
combined_risk_parity,2023-04-03,ETH-USD,0.007242158766245133
combined_risk_parity,2023-05-01,ETH-USD,0.007358171751587581
combined_risk_parity,2023-06-01,ETH-USD,0.007202774310040907
combined_risk_parity,2023-07-03,ETH-USD,0.007650292857697437
combined_risk_parity,2023-08-01,ETH-USD,0.007902551570269326
combined_risk_parity,2023-09-01,ETH-USD,0.008430708142418591
combined_risk_parity,2023-10-02,ETH-USD,0.008559955892817482
combined_risk_parity,2023-11-01,ETH-USD,0.007958204809305366
combined_risk_parity,2023-12-01,ETH-USD,0.010943527419955044
combined_risk_parity,2021-01-04,LTC-USD,0.011607469888210742
combined_risk_parity,2021-02-01,LTC-USD,0.011306076026745592
combined_risk_parity,2021-03-01,LTC-USD,0.010959965328306103
combined_risk_parity,2021-04-01,LTC-USD,0.009095186925418839
combined_risk_parity,2021-05-03,LTC-USD,0.007483455351760317
combined_risk_parity,2021-06-01,LTC-USD,0.005564134327673883
combined_risk_parity,2021-07-01,LTC-USD,0.004704959880546034
combined_risk_parity,2021-08-02,LTC-USD,0.004613569811969849
combined_risk_parity,2021-09-01,LTC-USD,0.004541802018761175
combined_risk_parity,2021-10-01,LTC-USD,0.004122902502011099
combined_risk_parity,2021-11-01,LTC-USD,0.0037490128665662067
combined_risk_parity,2021-12-01,LTC-USD,0.00359944418537543
combined_risk_parity,2022-01-03,LTC-USD,0.0037094589469947883
combined_risk_parity,2022-02-01,LTC-USD,0.003739122045021264
combined_risk_parity,2022-03-01,LTC-USD,0.003927511280965116
combined_risk_parity,2022-04-01,LTC-USD,0.0039746711499045575
combined_risk_parity,2022-05-02,LTC-USD,0.004345371977469394
combined_risk_parity,2022-06-01,LTC-USD,0.005256584343593554
combined_risk_parity,2022-07-01,LTC-USD,0.005570415367955567
combined_risk_parity,2022-08-01,LTC-USD,0.005682723916195034
combined_risk_parity,2022-09-01,LTC-USD,0.005874302746389251
combined_risk_parity,2022-10-03,LTC-USD,0.0067188815416841545
combined_risk_parity,2022-11-01,LTC-USD,0.007552315005288626
combined_risk_parity,2022-12-01,LTC-USD,0.007284531855429071
combined_risk_parity,2023-01-03,LTC-USD,0.007395743954775452
combined_risk_parity,2023-02-01,LTC-USD,0.0076661770523007485
combined_risk_parity,2023-03-01,LTC-USD,0.007777761315293573
combined_risk_parity,2023-04-03,LTC-USD,0.007983001892361329
combined_risk_parity,2023-05-01,LTC-USD,0.008144637206319265
combined_risk_parity,2023-06-01,LTC-USD,0.008813848126607059
combined_risk_parity,2023-07-03,LTC-USD,0.008638633540462817
combined_risk_parity,2023-08-01,LTC-USD,0.008669120384942126
combined_risk_parity,2023-09-01,LTC-USD,0.00835332997719347
combined_risk_parity,2023-10-02,LTC-USD,0.008036970721879883
combined_risk_parity,2023-11-01,LTC-USD,0.0071945123223782674
combined_risk_parity,2023-12-01,LTC-USD,0.008532567075256297
combined_risk_parity,2021-01-04,TRX-USD,0.01263313521719545
combined_risk_parity,2021-02-01,TRX-USD,0.012854814434321021
combined_risk_parity,2021-03-01,TRX-USD,0.012501088662299212
combined_risk_parity,2021-04-01,TRX-USD,0.01182409643363319
combined_risk_parity,2021-05-03,TRX-USD,0.009757561104694154
combined_risk_parity,2021-06-01,TRX-USD,0.00693403953113706
combined_risk_parity,2021-07-01,TRX-USD,0.0064640298184893445
combined_risk_parity,2021-08-02,TRX-USD,0.006365931229391662
combined_risk_parity,2021-09-01,TRX-USD,0.006328051038171333
combined_risk_parity,2021-10-01,TRX-USD,0.004632989107922213
combined_risk_parity,2021-11-01,TRX-USD,0.004283602379499094
combined_risk_parity,2021-12-01,TRX-USD,0.004092255038185903
combined_risk_parity,2022-01-03,TRX-USD,0.004232818314780865
combined_risk_parity,2022-02-01,TRX-USD,0.003989630435412101
combined_risk_parity,2022-03-01,TRX-USD,0.004338083890959339
combined_risk_parity,2022-04-01,TRX-USD,0.0045539146114945105
combined_risk_parity,2022-05-02,TRX-USD,0.005358346557421148
combined_risk_parity,2022-06-01,TRX-USD,0.0060848238556576815
combined_risk_parity,2022-07-01,TRX-USD,0.006171685375500028
combined_risk_parity,2022-08-01,TRX-USD,0.0064215547119501615
combined_risk_parity,2022-09-01,TRX-USD,0.006823191602944128
combined_risk_parity,2022-10-03,TRX-USD,0.008293539279108064
combined_risk_parity,2022-11-01,TRX-USD,0.009725948366066505
combined_risk_parity,2022-12-01,TRX-USD,0.010121744701204558
combined_risk_parity,2023-01-03,TRX-USD,0.010724238546026313
combined_risk_parity,2023-02-01,TRX-USD,0.011188278324019188
combined_risk_parity,2023-03-01,TRX-USD,0.010789293838767762
combined_risk_parity,2023-04-03,TRX-USD,0.010264611126767756
combined_risk_parity,2023-05-01,TRX-USD,0.0104271410215653
combined_risk_parity,2023-06-01,TRX-USD,0.012796334841001922
combined_risk_parity,2023-07-03,TRX-USD,0.014792280226485103
combined_risk_parity,2023-08-01,TRX-USD,0.014761756325013841
combined_risk_parity,2023-09-01,TRX-USD,0.015035338616383336
combined_risk_parity,2023-10-02,TRX-USD,0.014537146535170485
combined_risk_parity,2023-11-01,TRX-USD,0.012279006436383787
combined_risk_parity,2023-12-01,TRX-USD,0.013016638976712337
combined_risk_parity,2021-01-04,XLM-USD,0.010827189454347236
combined_risk_parity,2021-02-01,XLM-USD,0.009592473406803526
combined_risk_parity,2021-03-01,XLM-USD,0.009383506549580855
combined_risk_parity,2021-04-01,XLM-USD,0.006676622436637921
combined_risk_parity,2021-05-03,XLM-USD,0.005378916287966785
combined_risk_parity,2021-06-01,XLM-USD,0.004302779904794446
combined_risk_parity,2021-07-01,XLM-USD,0.003728777959109386
combined_risk_parity,2021-08-02,XLM-USD,0.0036296157996019473
combined_risk_parity,2021-09-01,XLM-USD,0.003551180763303402
combined_risk_parity,2021-10-01,XLM-USD,0.003225715545508228
combined_risk_parity,2021-11-01,XLM-USD,0.003000944919627508
combined_risk_parity,2021-12-01,XLM-USD,0.0032729002617700505
combined_risk_parity,2022-01-03,XLM-USD,0.00339669197491123
combined_risk_parity,2022-02-01,XLM-USD,0.003910396076202955
combined_risk_parity,2022-03-01,XLM-USD,0.004109904420404872
combined_risk_parity,2022-04-01,XLM-USD,0.004160700616121748
combined_risk_parity,2022-05-02,XLM-USD,0.004720792904138655
combined_risk_parity,2022-06-01,XLM-USD,0.005840944979641239
combined_risk_parity,2022-07-01,XLM-USD,0.006100791528823672
combined_risk_parity,2022-08-01,XLM-USD,0.006208465878053017
combined_risk_parity,2022-09-01,XLM-USD,0.0065759489301331535
combined_risk_parity,2022-10-03,XLM-USD,0.007593698481104158
combined_risk_parity,2022-11-01,XLM-USD,0.008914788768484113
combined_risk_parity,2022-12-01,XLM-USD,0.00813760534338064
combined_risk_parity,2023-01-03,XLM-USD,0.008441594585018922
combined_risk_parity,2023-02-01,XLM-USD,0.00865052367264468
combined_risk_parity,2023-03-01,XLM-USD,0.00876065549784701
combined_risk_parity,2023-04-03,XLM-USD,0.008623489310679164
combined_risk_parity,2023-05-01,XLM-USD,0.008753860419579124
combined_risk_parity,2023-06-01,XLM-USD,0.009373161222880129
combined_risk_parity,2023-07-03,XLM-USD,0.009716125148162589
combined_risk_parity,2023-08-01,XLM-USD,0.007900687594836989
combined_risk_parity,2023-09-01,XLM-USD,0.007591351217425744
combined_risk_parity,2023-10-02,XLM-USD,0.007418113933783281
combined_risk_parity,2023-11-01,XLM-USD,0.006261557391932336
combined_risk_parity,2023-12-01,XLM-USD,0.006926645717363533
combined_risk_parity,2021-01-04,XRP-USD,0.011630597303694997
combined_risk_parity,2021-02-01,XRP-USD,0.01148295193717345
combined_risk_parity,2021-03-01,XRP-USD,0.011319568393501995
combined_risk_parity,2021-04-01,XRP-USD,0.00873226740648584
combined_risk_parity,2021-05-03,XRP-USD,0.006400384501708942
combined_risk_parity,2021-06-01,XRP-USD,0.005101059970283447
combined_risk_parity,2021-07-01,XRP-USD,0.004338712379388097
combined_risk_parity,2021-08-02,XRP-USD,0.00427544178585547
combined_risk_parity,2021-09-01,XRP-USD,0.004040096491534918
combined_risk_parity,2021-10-01,XRP-USD,0.003578443121489404
combined_risk_parity,2021-11-01,XRP-USD,0.0033299300277030673
combined_risk_parity,2021-12-01,XRP-USD,0.0034263496209030594
combined_risk_parity,2022-01-03,XRP-USD,0.0038266790857488706
combined_risk_parity,2022-02-01,XRP-USD,0.0037285740588815217
combined_risk_parity,2022-03-01,XRP-USD,0.003777908831829043
combined_risk_parity,2022-04-01,XRP-USD,0.0038570787817065466
combined_risk_parity,2022-05-02,XRP-USD,0.004563042271322532
combined_risk_parity,2022-06-01,XRP-USD,0.005486095927450487
combined_risk_parity,2022-07-01,XRP-USD,0.005725059838861347
combined_risk_parity,2022-08-01,XRP-USD,0.005912185515848245
combined_risk_parity,2022-09-01,XRP-USD,0.006460830718660774
combined_risk_parity,2022-10-03,XRP-USD,0.0075179488799820985
combined_risk_parity,2022-11-01,XRP-USD,0.008592223799672859
combined_risk_parity,2022-12-01,XRP-USD,0.00792734794411498
combined_risk_parity,2023-01-03,XRP-USD,0.007973636165873295
combined_risk_parity,2023-02-01,XRP-USD,0.00809823883649409
combined_risk_parity,2023-03-01,XRP-USD,0.008586269365002046
combined_risk_parity,2023-04-03,XRP-USD,0.008212203367641275
combined_risk_parity,2023-05-01,XRP-USD,0.008400994653091371
combined_risk_parity,2023-06-01,XRP-USD,0.008917807437820344
combined_risk_parity,2023-07-03,XRP-USD,0.009450012482173316
combined_risk_parity,2023-08-01,XRP-USD,0.00748401353535151
combined_risk_parity,2023-09-01,XRP-USD,0.007160535515548391
combined_risk_parity,2023-10-02,XRP-USD,0.006889426342897866
combined_risk_parity,2023-11-01,XRP-USD,0.005973505238946753
combined_risk_parity,2023-12-01,XRP-USD,0.006787943160716975
combined_hrp,2021-01-04,ABBV,0.026048086992129092
combined_hrp,2021-02-01,ABBV,0.02804538963246982
combined_hrp,2021-03-01,ABBV,0.03200414395532537
combined_hrp,2021-04-01,ABBV,0.031094400131187035
combined_hrp,2021-05-03,ABBV,0.04420468351538112
combined_hrp,2021-06-01,ABBV,0.04204911819629083
combined_hrp,2021-07-01,ABBV,0.024274918988686705
combined_hrp,2021-08-02,ABBV,0.02430489282447554
combined_hrp,2021-09-01,ABBV,0.04483758022126721
combined_hrp,2021-10-01,ABBV,0.03357977130141906
combined_hrp,2021-11-01,ABBV,0.04180196164142199
combined_hrp,2021-12-01,ABBV,0.03981903855493551
combined_hrp,2022-01-03,ABBV,0.033542287540874405
combined_hrp,2022-02-01,ABBV,0.03567943271144706
combined_hrp,2022-03-01,ABBV,0.050754728964807046
combined_hrp,2022-04-01,ABBV,0.03246812852824126
combined_hrp,2022-05-02,ABBV,0.03715171304645249
combined_hrp,2022-06-01,ABBV,0.05674617688012637
combined_hrp,2022-07-01,ABBV,0.033416929957271
combined_hrp,2022-08-01,ABBV,0.033413809687095855
combined_hrp,2022-09-01,ABBV,0.03517667787730604
combined_hrp,2022-10-03,ABBV,0.05327368520061717
combined_hrp,2022-11-01,ABBV,0.053068743708729674
combined_hrp,2022-12-01,ABBV,0.03974193894036869
combined_hrp,2023-01-03,ABBV,0.03706842314669336
combined_hrp,2023-02-01,ABBV,0.04070031095014659
combined_hrp,2023-03-01,ABBV,0.05267863729485359
combined_hrp,2023-04-03,ABBV,0.05576335109854787
combined_hrp,2023-05-01,ABBV,0.05862651523903054
combined_hrp,2023-06-01,ABBV,0.04701562390001437
combined_hrp,2023-07-03,ABBV,0.03614329364036906
combined_hrp,2023-08-01,ABBV,0.04649933263115951
combined_hrp,2023-09-01,ABBV,0.047946339529859314
combined_hrp,2023-10-02,ABBV,0.050260355776075565
combined_hrp,2023-11-01,ABBV,0.04605258829614193
combined_hrp,2023-12-01,ABBV,0.036434383035737115
combined_hrp,2021-01-04,ABT,0.026086031488995014
combined_hrp,2021-02-01,ABT,0.023360482280975894
combined_hrp,2021-03-01,ABT,0.02434100412508132
combined_hrp,2021-04-01,ABT,0.03412328968716326
combined_hrp,2021-05-03,ABT,0.02590059126683534
combined_hrp,2021-06-01,ABT,0.025779982467038554
combined_hrp,2021-07-01,ABT,0.03541465926718064
combined_hrp,2021-08-02,ABT,0.0385260397459446
combined_hrp,2021-09-01,ABT,0.028861132881828077
combined_hrp,2021-10-01,ABT,0.028412835496926043
combined_hrp,2021-11-01,ABT,0.031108094395685418
combined_hrp,2021-12-01,ABT,0.031041355982533086
combined_hrp,2022-01-03,ABT,0.030769620458492002
combined_hrp,2022-02-01,ABT,0.02853867655056533
combined_hrp,2022-03-01,ABT,0.02726070843935464
combined_hrp,2022-04-01,ABT,0.029277596871148982
combined_hrp,2022-05-02,ABT,0.026533298470629484
combined_hrp,2022-06-01,ABT,0.02884965392259067
combined_hrp,2022-07-01,ABT,0.01925045301035597
combined_hrp,2022-08-01,ABT,0.02085924038223212
combined_hrp,2022-09-01,ABT,0.020183989258578658
combined_hrp,2022-10-03,ABT,0.019371883663667638
combined_hrp,2022-11-01,ABT,0.024947054238057143
combined_hrp,2022-12-01,ABT,0.02093739494287609
combined_hrp,2023-01-03,ABT,0.026907867399917768
combined_hrp,2023-02-01,ABT,0.01673522643814426
combined_hrp,2023-03-01,ABT,0.02019923010715179
combined_hrp,2023-04-03,ABT,0.021431462936296494
combined_hrp,2023-05-01,ABT,0.02276975355903789
combined_hrp,2023-06-01,ABT,0.03676839990003794
combined_hrp,2023-07-03,ABT,0.02235241467622045
combined_hrp,2023-08-01,ABT,0.026169482669689766
combined_hrp,2023-09-01,ABT,0.03244759673785975
combined_hrp,2023-10-02,ABT,0.023555452270606597
combined_hrp,2023-11-01,ABT,0.029425819551445676
combined_hrp,2023-12-01,ABT,0.04601184224469843
combined_hrp,2021-01-04,ADBE,0.013206306188184105
combined_hrp,2021-02-01,ADBE,0.015441619430282386
combined_hrp,2021-03-01,ADBE,0.012908351503698345
combined_hrp,2021-04-01,ADBE,0.013485097624943942
combined_hrp,2021-05-03,ADBE,0.012199640992139714
combined_hrp,2021-06-01,ADBE,0.010824021015299718
combined_hrp,2021-07-01,ADBE,0.012381754301464772
combined_hrp,2021-08-02,ADBE,0.010289915831307526
combined_hrp,2021-09-01,ADBE,0.010341336435355581
combined_hrp,2021-10-01,ADBE,0.021978612581458917
combined_hrp,2021-11-01,ADBE,0.02197919778305355
combined_hrp,2021-12-01,ADBE,0.015565787029159416
combined_hrp,2022-01-03,ADBE,0.009463933561417228
combined_hrp,2022-02-01,ADBE,0.009085970560066265
combined_hrp,2022-03-01,ADBE,0.011358783535247923
combined_hrp,2022-04-01,ADBE,0.010706518251583245
combined_hrp,2022-05-02,ADBE,0.009237991368759123
combined_hrp,2022-06-01,ADBE,0.0069684247924628965
combined_hrp,2022-07-01,ADBE,0.007720565061259621
combined_hrp,2022-08-01,ADBE,0.004924952108083823
combined_hrp,2022-09-01,ADBE,0.0067551849622997
combined_hrp,2022-10-03,ADBE,0.00618953704865427
combined_hrp,2022-11-01,ADBE,0.007802506791970063
combined_hrp,2022-12-01,ADBE,0.005448657619337644
combined_hrp,2023-01-03,ADBE,0.00964237821418657
combined_hrp,2023-02-01,ADBE,0.006631789848221016
combined_hrp,2023-03-01,ADBE,0.01004478277664113
combined_hrp,2023-04-03,ADBE,0.00799925215501288
combined_hrp,2023-05-01,ADBE,0.008832503765231354
combined_hrp,2023-06-01,ADBE,0.007036774135932913
combined_hrp,2023-07-03,ADBE,0.007025858529792218
combined_hrp,2023-08-01,ADBE,0.0070314582250592455
combined_hrp,2023-09-01,ADBE,0.008272263210110119
combined_hrp,2023-10-02,ADBE,0.009321478274308074
combined_hrp,2023-11-01,ADBE,0.0074145868544059
combined_hrp,2023-12-01,ADBE,0.011017731971013018
combined_hrp,2021-01-04,AEP,0.01973829133084855
combined_hrp,2021-02-01,AEP,0.01749446742301664
combined_hrp,2021-03-01,AEP,0.01740380630653198
combined_hrp,2021-04-01,AEP,0.016203650468221056
combined_hrp,2021-05-03,AEP,0.025793093790320687
combined_hrp,2021-06-01,AEP,0.026651916066890463
combined_hrp,2021-07-01,AEP,0.02470087402446765
combined_hrp,2021-08-02,AEP,0.0239556633186585
combined_hrp,2021-09-01,AEP,0.024971682961554515
combined_hrp,2021-10-01,AEP,0.022523796195486008
combined_hrp,2021-11-01,AEP,0.026831524303313144
combined_hrp,2021-12-01,AEP,0.020601758929715705
combined_hrp,2022-01-03,AEP,0.02480341770541721
combined_hrp,2022-02-01,AEP,0.02245142199828976
combined_hrp,2022-03-01,AEP,0.023307564320728117
combined_hrp,2022-04-01,AEP,0.02424621816333767
combined_hrp,2022-05-02,AEP,0.02982822062219498
combined_hrp,2022-06-01,AEP,0.027438143970222827
combined_hrp,2022-07-01,AEP,0.025057091556757182
combined_hrp,2022-08-01,AEP,0.02418403128143522
combined_hrp,2022-09-01,AEP,0.025762069834500075
combined_hrp,2022-10-03,AEP,0.020115505920469054
combined_hrp,2022-11-01,AEP,0.021704330573624142
combined_hrp,2022-12-01,AEP,0.020468950098630135
combined_hrp,2023-01-03,AEP,0.020224114564647268
combined_hrp,2023-02-01,AEP,0.01702718442872544
combined_hrp,2023-03-01,AEP,0.020744615863272895
combined_hrp,2023-04-03,AEP,0.01566033725292954
combined_hrp,2023-05-01,AEP,0.017141106015591347
combined_hrp,2023-06-01,AEP,0.01714032049971288
combined_hrp,2023-07-03,AEP,0.013890327321333627
combined_hrp,2023-08-01,AEP,0.029416512541518267
combined_hrp,2023-09-01,AEP,0.01792036982260431
combined_hrp,2023-10-02,AEP,0.01267461836901107
combined_hrp,2023-11-01,AEP,0.015773845791098712
combined_hrp,2023-12-01,AEP,0.01560882919219638
combined_hrp,2021-01-04,AMD,0.009505096685885162
combined_hrp,2021-02-01,AMD,0.010361644093314245
combined_hrp,2021-03-01,AMD,0.00927734903159135
combined_hrp,2021-04-01,AMD,0.007586717964367372
combined_hrp,2021-05-03,AMD,0.0062853132495858145
combined_hrp,2021-06-01,AMD,0.0049654052070801525
combined_hrp,2021-07-01,AMD,0.005635961225481139
combined_hrp,2021-08-02,AMD,0.005466955889717839
combined_hrp,2021-09-01,AMD,0.005037715644743468
combined_hrp,2021-10-01,AMD,0.00599187251640242
combined_hrp,2021-11-01,AMD,0.005908373993362767
combined_hrp,2021-12-01,AMD,0.006432555510850517
combined_hrp,2022-01-03,AMD,0.004502930289075347
combined_hrp,2022-02-01,AMD,0.0037245319844254796
combined_hrp,2022-03-01,AMD,0.003464770644707409
combined_hrp,2022-04-01,AMD,0.003302059462117778
combined_hrp,2022-05-02,AMD,0.003831454547743757
combined_hrp,2022-06-01,AMD,0.002782595463635168
combined_hrp,2022-07-01,AMD,0.0036808398072175307
combined_hrp,2022-08-01,AMD,0.002064465060213937
combined_hrp,2022-09-01,AMD,0.004049955186840382
combined_hrp,2022-10-03,AMD,0.004128831723132397
combined_hrp,2022-11-01,AMD,0.0024283431937683854
combined_hrp,2022-12-01,AMD,0.002724073229918223
combined_hrp,2023-01-03,AMD,0.0030110274298227138
combined_hrp,2023-02-01,AMD,0.0027823663919855977
combined_hrp,2023-03-01,AMD,0.0029955436116792704
combined_hrp,2023-04-03,AMD,0.003114508792635413
combined_hrp,2023-05-01,AMD,0.003180029536894249
combined_hrp,2023-06-01,AMD,0.00328006616611557
combined_hrp,2023-07-03,AMD,0.003946275982119534
combined_hrp,2023-08-01,AMD,0.004824435242185289
combined_hrp,2023-09-01,AMD,0.004007562648874155
combined_hrp,2023-10-02,AMD,0.0036592030733104425
combined_hrp,2023-11-01,AMD,0.0037073054017095057
combined_hrp,2023-12-01,AMD,0.004754516684369454
combined_hrp,2021-01-04,AMGN,0.027344270504753618
combined_hrp,2021-02-01,AMGN,0.02486084019666559
combined_hrp,2021-03-01,AMGN,0.031022630211968768
combined_hrp,2021-04-01,AMGN,0.04401938420727479
combined_hrp,2021-05-03,AMGN,0.037598569189999834
combined_hrp,2021-06-01,AMGN,0.0349565058926173
combined_hrp,2021-07-01,AMGN,0.03021063830693135
combined_hrp,2021-08-02,AMGN,0.02294169306482059
combined_hrp,2021-09-01,AMGN,0.031231650506348192
combined_hrp,2021-10-01,AMGN,0.04049313651801607
combined_hrp,2021-11-01,AMGN,0.039319677357879376
combined_hrp,2021-12-01,AMGN,0.03003483584189298
combined_hrp,2022-01-03,AMGN,0.03408148930308036
combined_hrp,2022-02-01,AMGN,0.03435394865554362
combined_hrp,2022-03-01,AMGN,0.03102571962279939
combined_hrp,2022-04-01,AMGN,0.01986481996936329
combined_hrp,2022-05-02,AMGN,0.03695399961408858
combined_hrp,2022-06-01,AMGN,0.04695282802573149
combined_hrp,2022-07-01,AMGN,0.02891345238018031
combined_hrp,2022-08-01,AMGN,0.03295871246333594
combined_hrp,2022-09-01,AMGN,0.056497554266241694
combined_hrp,2022-10-03,AMGN,0.05209351264873759
combined_hrp,2022-11-01,AMGN,0.0485160149640083
combined_hrp,2022-12-01,AMGN,0.051945758431166236
combined_hrp,2023-01-03,AMGN,0.03857102072251035
combined_hrp,2023-02-01,AMGN,0.04319004781551925
combined_hrp,2023-03-01,AMGN,0.06871921637675016
combined_hrp,2023-04-03,AMGN,0.036140352148514354
combined_hrp,2023-05-01,AMGN,0.03438699787172554
combined_hrp,2023-06-01,AMGN,0.033453406097558834
combined_hrp,2023-07-03,AMGN,0.03086711145592572
combined_hrp,2023-08-01,AMGN,0.026647883541141327
combined_hrp,2023-09-01,AMGN,0.024450233152982385
combined_hrp,2023-10-02,AMGN,0.045822099822006176
combined_hrp,2023-11-01,AMGN,0.0352903568466258
combined_hrp,2023-12-01,AMGN,0.02921771731647035
combined_hrp,2021-01-04,AMT,0.015015189142687417
combined_hrp,2021-02-01,AMT,0.025881619056892114
combined_hrp,2021-03-01,AMT,0.024257341534133208
combined_hrp,2021-04-01,AMT,0.015748624876206273
combined_hrp,2021-05-03,AMT,0.031923334812912076
combined_hrp,2021-06-01,AMT,0.032629779022712385
combined_hrp,2021-07-01,AMT,0.017956134764899954
combined_hrp,2021-08-02,AMT,0.01654740053403583
combined_hrp,2021-09-01,AMT,0.01652653798416132
combined_hrp,2021-10-01,AMT,0.016131619683627887
combined_hrp,2021-11-01,AMT,0.016166825159674127
combined_hrp,2021-12-01,AMT,0.014987302925024383
combined_hrp,2022-01-03,AMT,0.016444559333232987
combined_hrp,2022-02-01,AMT,0.015580184136969433
combined_hrp,2022-03-01,AMT,0.01513053531147326
combined_hrp,2022-04-01,AMT,0.018125095416558344
combined_hrp,2022-05-02,AMT,0.02093343530386548
combined_hrp,2022-06-01,AMT,0.013112944648843257
combined_hrp,2022-07-01,AMT,0.01565355646417572
combined_hrp,2022-08-01,AMT,0.01534233199353783
combined_hrp,2022-09-01,AMT,0.011588063980549759
combined_hrp,2022-10-03,AMT,0.012358317628139473
combined_hrp,2022-11-01,AMT,0.011606470127753626
combined_hrp,2022-12-01,AMT,0.013019777863283264
combined_hrp,2023-01-03,AMT,0.017756749553369974
combined_hrp,2023-02-01,AMT,0.01156157356823872
combined_hrp,2023-03-01,AMT,0.013240322789905662
combined_hrp,2023-04-03,AMT,0.010486009200702756
combined_hrp,2023-05-01,AMT,0.014898099681013735
combined_hrp,2023-06-01,AMT,0.0105086310252976
combined_hrp,2023-07-03,AMT,0.012280521414213636
combined_hrp,2023-08-01,AMT,0.015122197251293303
combined_hrp,2023-09-01,AMT,0.013164079799550634
combined_hrp,2023-10-02,AMT,0.011427746026068882
combined_hrp,2023-11-01,AMT,0.011121653058198693
combined_hrp,2023-12-01,AMT,0.014884319688488823
combined_hrp,2021-01-04,BA,0.004647458445133536
combined_hrp,2021-02-01,BA,0.005392917240903246
combined_hrp,2021-03-01,BA,0.00505074961881381
combined_hrp,2021-04-01,BA,0.003421641636140907
combined_hrp,2021-05-03,BA,0.0028065886162669446
combined_hrp,2021-06-01,BA,0.002777903138515412
combined_hrp,2021-07-01,BA,0.004524733404506743
combined_hrp,2021-08-02,BA,0.00611125194771916
combined_hrp,2021-09-01,BA,0.004342397653874228
combined_hrp,2021-10-01,BA,0.004366421480138662
combined_hrp,2021-11-01,BA,0.005863919520151995
combined_hrp,2021-12-01,BA,0.009900060277878332
combined_hrp,2022-01-03,BA,0.010330148381195404
combined_hrp,2022-02-01,BA,0.0064702846863065955
combined_hrp,2022-03-01,BA,0.008808561331783179
combined_hrp,2022-04-01,BA,0.005720707384226862
combined_hrp,2022-05-02,BA,0.005259843296921222
combined_hrp,2022-06-01,BA,0.006033934149041258
combined_hrp,2022-07-01,BA,0.00567683907379069
combined_hrp,2022-08-01,BA,0.0054452317453865225
combined_hrp,2022-09-01,BA,0.008660970420581802
combined_hrp,2022-10-03,BA,0.004246976305772644
combined_hrp,2022-11-01,BA,0.004517691886048934
combined_hrp,2022-12-01,BA,0.006796321799354517
combined_hrp,2023-01-03,BA,0.006936564446990808
combined_hrp,2023-02-01,BA,0.0059534925277425895
combined_hrp,2023-03-01,BA,0.011754014952142478
combined_hrp,2023-04-03,BA,0.010006608571776094
combined_hrp,2023-05-01,BA,0.009182030105662334
combined_hrp,2023-06-01,BA,0.012453473941182834
combined_hrp,2023-07-03,BA,0.014280806506153938
combined_hrp,2023-08-01,BA,0.019297638705877633
combined_hrp,2023-09-01,BA,0.017184141222938314
combined_hrp,2023-10-02,BA,0.015898129980633228
combined_hrp,2023-11-01,BA,0.01520463022670008
combined_hrp,2023-12-01,BA,0.022571386650737272
combined_hrp,2021-01-04,CAT,0.013981906206504894
combined_hrp,2021-02-01,CAT,0.02336023850577587
combined_hrp,2021-03-01,CAT,0.01275832480390681
combined_hrp,2021-04-01,CAT,0.009867997536765013
combined_hrp,2021-05-03,CAT,0.009636945521972442
combined_hrp,2021-06-01,CAT,0.008821431306288706
combined_hrp,2021-07-01,CAT,0.009466006347325974
combined_hrp,2021-08-02,CAT,0.0105397540294659
combined_hrp,2021-09-01,CAT,0.008796969228852224
combined_hrp,2021-10-01,CAT,0.006670502287866064
combined_hrp,2021-11-01,CAT,0.00766695627903103
combined_hrp,2021-12-01,CAT,0.012194148729917512
combined_hrp,2022-01-03,CAT,0.00879331254452039
combined_hrp,2022-02-01,CAT,0.008399054509870975
combined_hrp,2022-03-01,CAT,0.012844919783853931
combined_hrp,2022-04-01,CAT,0.01211734262351179
combined_hrp,2022-05-02,CAT,0.008602699044635547
combined_hrp,2022-06-01,CAT,0.015587468416134504
combined_hrp,2022-07-01,CAT,0.01102736339496269
combined_hrp,2022-08-01,CAT,0.011536210711967318
combined_hrp,2022-09-01,CAT,0.019842160354283104
combined_hrp,2022-10-03,CAT,0.010002493361276153
combined_hrp,2022-11-01,CAT,0.012514379913261204
combined_hrp,2022-12-01,CAT,0.01362016675373972
combined_hrp,2023-01-03,CAT,0.0124190173348202
combined_hrp,2023-02-01,CAT,0.011888594405427867
combined_hrp,2023-03-01,CAT,0.015400880594043502
combined_hrp,2023-04-03,CAT,0.012841843568348563
combined_hrp,2023-05-01,CAT,0.010601287546184104
combined_hrp,2023-06-01,CAT,0.011669158153124238
combined_hrp,2023-07-03,CAT,0.01032297522915298
combined_hrp,2023-08-01,CAT,0.009738271963292447
combined_hrp,2023-09-01,CAT,0.011040887506868944
combined_hrp,2023-10-02,CAT,0.009951532324830967
combined_hrp,2023-11-01,CAT,0.009033410431487688
combined_hrp,2023-12-01,CAT,0.015445599394125337
combined_hrp,2021-01-04,CCI,0.015854287147253426
combined_hrp,2021-02-01,CCI,0.018395614306393644
combined_hrp,2021-03-01,CCI,0.018599229874849906
combined_hrp,2021-04-01,CCI,0.01727643966807686
combined_hrp,2021-05-03,CCI,0.02408824514933904
combined_hrp,2021-06-01,CCI,0.03272783024471662
combined_hrp,2021-07-01,CCI,0.019942628814362692
combined_hrp,2021-08-02,CCI,0.017651365306860848
combined_hrp,2021-09-01,CCI,0.02261322039283933
combined_hrp,2021-10-01,CCI,0.022855252454492898
combined_hrp,2021-11-01,CCI,0.02277352483839126
combined_hrp,2021-12-01,CCI,0.018864693827445673
combined_hrp,2022-01-03,CCI,0.020705236007205315
combined_hrp,2022-02-01,CCI,0.014786359969047438
combined_hrp,2022-03-01,CCI,0.01863427422893876
combined_hrp,2022-04-01,CCI,0.015425166378833665
combined_hrp,2022-05-02,CCI,0.03388339604159194
combined_hrp,2022-06-01,CCI,0.013217407303857237
combined_hrp,2022-07-01,CCI,0.015747003226252228
combined_hrp,2022-08-01,CCI,0.015498610151899676
combined_hrp,2022-09-01,CCI,0.012283758179871228
combined_hrp,2022-10-03,CCI,0.013033970534472758
combined_hrp,2022-11-01,CCI,0.01260226169852226
combined_hrp,2022-12-01,CCI,0.024255765654497517
combined_hrp,2023-01-03,CCI,0.011207842684996304
combined_hrp,2023-02-01,CCI,0.012624029601368469
combined_hrp,2023-03-01,CCI,0.0147830071015736
combined_hrp,2023-04-03,CCI,0.02077512198965362
combined_hrp,2023-05-01,CCI,0.012289349826193898
combined_hrp,2023-06-01,CCI,0.010837723089808697
combined_hrp,2023-07-03,CCI,0.02077796840237495
combined_hrp,2023-08-01,CCI,0.011183542002452657
combined_hrp,2023-09-01,CCI,0.011356556388301386
combined_hrp,2023-10-02,CCI,0.01094531820470784
combined_hrp,2023-11-01,CCI,0.012966656234336618
combined_hrp,2023-12-01,CCI,0.009115481184049342
combined_hrp,2021-01-04,CMCSA,0.03590599553224572
combined_hrp,2021-02-01,CMCSA,0.023685008679644393
combined_hrp,2021-03-01,CMCSA,0.023666861712922246
combined_hrp,2021-04-01,CMCSA,0.016009329565250873
combined_hrp,2021-05-03,CMCSA,0.01499856207335257
combined_hrp,2021-06-01,CMCSA,0.017309575144701845
combined_hrp,2021-07-01,CMCSA,0.0195522658240918
combined_hrp,2021-08-02,CMCSA,0.02739867594270551
combined_hrp,2021-09-01,CMCSA,0.01656092793113127
combined_hrp,2021-10-01,CMCSA,0.02199643136079682
combined_hrp,2021-11-01,CMCSA,0.012708024244180135
combined_hrp,2021-12-01,CMCSA,0.020391525746788798
combined_hrp,2022-01-03,CMCSA,0.020331006748919495
combined_hrp,2022-02-01,CMCSA,0.022513663821906154
combined_hrp,2022-03-01,CMCSA,0.019139200518768027
combined_hrp,2022-04-01,CMCSA,0.02803989269251964
combined_hrp,2022-05-02,CMCSA,0.013981598776864603
combined_hrp,2022-06-01,CMCSA,0.020573938741695365
combined_hrp,2022-07-01,CMCSA,0.03571778552400697
combined_hrp,2022-08-01,CMCSA,0.02736063490221658
combined_hrp,2022-09-01,CMCSA,0.020833792466535245
combined_hrp,2022-10-03,CMCSA,0.028635216626792814
combined_hrp,2022-11-01,CMCSA,0.032852378760483456
combined_hrp,2022-12-01,CMCSA,0.023918762253451773
combined_hrp,2023-01-03,CMCSA,0.028246467239345475
combined_hrp,2023-02-01,CMCSA,0.024886198239313567
combined_hrp,2023-03-01,CMCSA,0.021081679990412404
combined_hrp,2023-04-03,CMCSA,0.020155446186070524
combined_hrp,2023-05-01,CMCSA,0.02100664325921468
combined_hrp,2023-06-01,CMCSA,0.014272816688137001
combined_hrp,2023-07-03,CMCSA,0.015464162572243815
combined_hrp,2023-08-01,CMCSA,0.015067980105395782
combined_hrp,2023-09-01,CMCSA,0.016052238626314327
combined_hrp,2023-10-02,CMCSA,0.02698769349188223
combined_hrp,2023-11-01,CMCSA,0.014144607386399444
combined_hrp,2023-12-01,CMCSA,0.01910807706814929
combined_hrp,2021-01-04,COP,0.005032895689683458
combined_hrp,2021-02-01,COP,0.004652113856918672
combined_hrp,2021-03-01,COP,0.0056074945555261
combined_hrp,2021-04-01,COP,0.005116960969844322
combined_hrp,2021-05-03,COP,0.0033710688655019644
combined_hrp,2021-06-01,COP,0.003080880966559333
combined_hrp,2021-07-01,COP,0.003381965621442823
combined_hrp,2021-08-02,COP,0.0039932719568948494
combined_hrp,2021-09-01,COP,0.0030950403480583728
combined_hrp,2021-10-01,COP,0.002522104585591312
combined_hrp,2021-11-01,COP,0.00238717477332167
combined_hrp,2021-12-01,COP,0.00901585028168747
combined_hrp,2022-01-03,COP,0.0038926248540133756
combined_hrp,2022-02-01,COP,0.003992608501746912
combined_hrp,2022-03-01,COP,0.005888680466459178
combined_hrp,2022-04-01,COP,0.008624445853812385
combined_hrp,2022-05-02,COP,0.007548335384789131
combined_hrp,2022-06-01,COP,0.006666948705081673
combined_hrp,2022-07-01,COP,0.007056149819963213
combined_hrp,2022-08-01,COP,0.005778360467356186
combined_hrp,2022-09-01,COP,0.006101862861258937
combined_hrp,2022-10-03,COP,0.0054958203512162655
combined_hrp,2022-11-01,COP,0.006535008281820433
combined_hrp,2022-12-01,COP,0.0066154356725126005
combined_hrp,2023-01-03,COP,0.007361045598413275
combined_hrp,2023-02-01,COP,0.007220134694824053
combined_hrp,2023-03-01,COP,0.006652799566058846
combined_hrp,2023-04-03,COP,0.005773975676436191
combined_hrp,2023-05-01,COP,0.006935714260017803
combined_hrp,2023-06-01,COP,0.006785931040324316
combined_hrp,2023-07-03,COP,0.014640748930722662
combined_hrp,2023-08-01,COP,0.00816329917673524
combined_hrp,2023-09-01,COP,0.007210995769172596
combined_hrp,2023-10-02,COP,0.014856147843977282
combined_hrp,2023-11-01,COP,0.009237044587721732
combined_hrp,2023-12-01,COP,0.006606795301236353
combined_hrp,2021-01-04,CVX,0.00710392103562561
combined_hrp,2021-02-01,CVX,0.006615184032358725
combined_hrp,2021-03-01,CVX,0.01051328951806614
combined_hrp,2021-04-01,CVX,0.005989857064525785
combined_hrp,2021-05-03,CVX,0.005980151600559128
combined_hrp,2021-06-01,CVX,0.005643065986085555
combined_hrp,2021-07-01,CVX,0.005724062112053863
combined_hrp,2021-08-02,CVX,0.007551043264320724
combined_hrp,2021-09-01,CVX,0.005450556911201817
combined_hrp,2021-10-01,CVX,0.004873275864786475
combined_hrp,2021-11-01,CVX,0.004443620136916659
combined_hrp,2021-12-01,CVX,0.010010645247055003
combined_hrp,2022-01-03,CVX,0.008268028821581983
combined_hrp,2022-02-01,CVX,0.008640860298122565
combined_hrp,2022-03-01,CVX,0.012065605452100493
combined_hrp,2022-04-01,CVX,0.01569096595296039
combined_hrp,2022-05-02,CVX,0.01233170464394245
combined_hrp,2022-06-01,CVX,0.010980270360530916
combined_hrp,2022-07-01,CVX,0.01333503651040135
combined_hrp,2022-08-01,CVX,0.010261864183030028
combined_hrp,2022-09-01,CVX,0.010800282812464741
combined_hrp,2022-10-03,CVX,0.017851262730833595
combined_hrp,2022-11-01,CVX,0.011153291174147196
combined_hrp,2022-12-01,CVX,0.010633625837359538
combined_hrp,2023-01-03,CVX,0.014583797228219949
combined_hrp,2023-02-01,CVX,0.011581490695731686
combined_hrp,2023-03-01,CVX,0.01049527556306931
combined_hrp,2023-04-03,CVX,0.012567596979467056
combined_hrp,2023-05-01,CVX,0.01281296538718405
combined_hrp,2023-06-01,CVX,0.01223100857790838
combined_hrp,2023-07-03,CVX,0.01322289478601979
combined_hrp,2023-08-01,CVX,0.0185722172479802
combined_hrp,2023-09-01,CVX,0.012795920762686853
combined_hrp,2023-10-02,CVX,0.014123240896892314
combined_hrp,2023-11-01,CVX,0.019133093591357946
combined_hrp,2023-12-01,CVX,0.01047575449588773
combined_hrp,2021-01-04,D,0.012546829502889312
combined_hrp,2021-02-01,D,0.012842461613359642
combined_hrp,2021-03-01,D,0.012200570575985129
combined_hrp,2021-04-01,D,0.020459228892703876
combined_hrp,2021-05-03,D,0.025560194859427655
combined_hrp,2021-06-01,D,0.027321382612677348
combined_hrp,2021-07-01,D,0.021580521723194343
combined_hrp,2021-08-02,D,0.024594288052796644
combined_hrp,2021-09-01,D,0.030448822192833763
combined_hrp,2021-10-01,D,0.02134188875556009
combined_hrp,2021-11-01,D,0.02237212570163274
combined_hrp,2021-12-01,D,0.016314471341341907
combined_hrp,2022-01-03,D,0.027283027158057294
combined_hrp,2022-02-01,D,0.01729551959049414
combined_hrp,2022-03-01,D,0.018019722220626113
combined_hrp,2022-04-01,D,0.019086473850798043
combined_hrp,2022-05-02,D,0.022787893847775947
combined_hrp,2022-06-01,D,0.024031739093546587
combined_hrp,2022-07-01,D,0.02387515870432003
combined_hrp,2022-08-01,D,0.04548378320942868
combined_hrp,2022-09-01,D,0.042178272470385615
combined_hrp,2022-10-03,D,0.029649871521185898
combined_hrp,2022-11-01,D,0.023287987401131756
combined_hrp,2022-12-01,D,0.022998746691895715
combined_hrp,2023-01-03,D,0.01981595368908206
combined_hrp,2023-02-01,D,0.02828683815607265
combined_hrp,2023-03-01,D,0.01966499665560122
combined_hrp,2023-04-03,D,0.022945427313297254
combined_hrp,2023-05-01,D,0.018826281168990336
combined_hrp,2023-06-01,D,0.018506481239324277
combined_hrp,2023-07-03,D,0.013236264482481207
combined_hrp,2023-08-01,D,0.014783283013667544
combined_hrp,2023-09-01,D,0.013772035080211978
combined_hrp,2023-10-02,D,0.010722743559449346
combined_hrp,2023-11-01,D,0.012562098275816544
combined_hrp,2023-12-01,D,0.012060181926529514
combined_hrp,2021-01-04,DD,0.012066118845680344
combined_hrp,2021-02-01,DD,0.012467355667048296
combined_hrp,2021-03-01,DD,0.010484708984352721
combined_hrp,2021-04-01,DD,0.014463042659473764
combined_hrp,2021-05-03,DD,0.011417617852174367
combined_hrp,2021-06-01,DD,0.0076959720145733015
combined_hrp,2021-07-01,DD,0.008007032051649982
combined_hrp,2021-08-02,DD,0.008901510776751075
combined_hrp,2021-09-01,DD,0.0076389476822433106
combined_hrp,2021-10-01,DD,0.00847992265749606
combined_hrp,2021-11-01,DD,0.007466543987810997
combined_hrp,2021-12-01,DD,0.007036328065720159
combined_hrp,2022-01-03,DD,0.01120545882257095
combined_hrp,2022-02-01,DD,0.021435547408547383
combined_hrp,2022-03-01,DD,0.010937393014015577
combined_hrp,2022-04-01,DD,0.010058137034362341
combined_hrp,2022-05-02,DD,0.007597674406376105
combined_hrp,2022-06-01,DD,0.015580115615802224
combined_hrp,2022-07-01,DD,0.010221961768046399
combined_hrp,2022-08-01,DD,0.011509181848732593
combined_hrp,2022-09-01,DD,0.01140556733490216
combined_hrp,2022-10-03,DD,0.008224486908548722
combined_hrp,2022-11-01,DD,0.008402660499395635
combined_hrp,2022-12-01,DD,0.016464827970861216
combined_hrp,2023-01-03,DD,0.01307921356065869
combined_hrp,2023-02-01,DD,0.018394965819775403
combined_hrp,2023-03-01,DD,0.009888615651512295
combined_hrp,2023-04-03,DD,0.011495581762137812
combined_hrp,2023-05-01,DD,0.012006153923168296
combined_hrp,2023-06-01,DD,0.011095959953719552
combined_hrp,2023-07-03,DD,0.011661272417974752
combined_hrp,2023-08-01,DD,0.012428895131268802
combined_hrp,2023-09-01,DD,0.01215635538199051
combined_hrp,2023-10-02,DD,0.023223206583234235
combined_hrp,2023-11-01,DD,0.01102490342927918
combined_hrp,2023-12-01,DD,0.014184129123833664
combined_hrp,2021-01-04,DIS,0.016473382280634954
combined_hrp,2021-02-01,DIS,0.014836684189760403
combined_hrp,2021-03-01,DIS,0.014443122335361979
combined_hrp,2021-04-01,DIS,0.01792434395971663
combined_hrp,2021-05-03,DIS,0.010830284995533018
combined_hrp,2021-06-01,DIS,0.016535290474625722
combined_hrp,2021-07-01,DIS,0.026515137799203684
combined_hrp,2021-08-02,DIS,0.018046602455857028
combined_hrp,2021-09-01,DIS,0.009767705461083178
combined_hrp,2021-10-01,DIS,0.010993016362816405
combined_hrp,2021-11-01,DIS,0.009923531441605132
combined_hrp,2021-12-01,DIS,0.011538536823392613
combined_hrp,2022-01-03,DIS,0.011600836809958602
combined_hrp,2022-02-01,DIS,0.013515535242561567
combined_hrp,2022-03-01,DIS,0.017920461086065455
combined_hrp,2022-04-01,DIS,0.01627033204816561
combined_hrp,2022-05-02,DIS,0.009964737922469378
combined_hrp,2022-06-01,DIS,0.011073438668134752
combined_hrp,2022-07-01,DIS,0.009687845974400694
combined_hrp,2022-08-01,DIS,0.012434582336506657
combined_hrp,2022-09-01,DIS,0.012057096885725137
combined_hrp,2022-10-03,DIS,0.009864040775984864
combined_hrp,2022-11-01,DIS,0.010571098858692998
combined_hrp,2022-12-01,DIS,0.009164367863265651
combined_hrp,2023-01-03,DIS,0.014250674333214279
combined_hrp,2023-02-01,DIS,0.008480875642556441
combined_hrp,2023-03-01,DIS,0.009889593570642459
combined_hrp,2023-04-03,DIS,0.010704151082911601
combined_hrp,2023-05-01,DIS,0.010278524123036406
combined_hrp,2023-06-01,DIS,0.012320079530658166
combined_hrp,2023-07-03,DIS,0.012246504729280065
combined_hrp,2023-08-01,DIS,0.009041260429015596
combined_hrp,2023-09-01,DIS,0.011764615198088156
combined_hrp,2023-10-02,DIS,0.011586532084220214
combined_hrp,2023-11-01,DIS,0.009372227147756568
combined_hrp,2023-12-01,DIS,0.010852353645287686
combined_hrp,2021-01-04,DOW,0.007336552182731842
combined_hrp,2021-02-01,DOW,0.007905106337687184
combined_hrp,2021-03-01,DOW,0.00684249176942332
combined_hrp,2021-04-01,DOW,0.006207492640051595
combined_hrp,2021-05-03,DOW,0.007257865015479745
combined_hrp,2021-06-01,DOW,0.005766277938919668
combined_hrp,2021-07-01,DOW,0.006006665189313229
combined_hrp,2021-08-02,DOW,0.010259458993260672
combined_hrp,2021-09-01,DOW,0.006085321851055929
combined_hrp,2021-10-01,DOW,0.005129069409135153
combined_hrp,2021-11-01,DOW,0.00762851654347665
combined_hrp,2021-12-01,DOW,0.010980210432170692
combined_hrp,2022-01-03,DOW,0.010147692902179841
combined_hrp,2022-02-01,DOW,0.01737736504657308
combined_hrp,2022-03-01,DOW,0.010346595318257146
combined_hrp,2022-04-01,DOW,0.014370795998099505
combined_hrp,2022-05-02,DOW,0.01029485750813333
combined_hrp,2022-06-01,DOW,0.012360820493280576
combined_hrp,2022-07-01,DOW,0.013951757057077378
combined_hrp,2022-08-01,DOW,0.032418794647577
combined_hrp,2022-09-01,DOW,0.014689524174734302
combined_hrp,2022-10-03,DOW,0.010854871084081036
combined_hrp,2022-11-01,DOW,0.01126269396812345
combined_hrp,2022-12-01,DOW,0.015096580140098924
combined_hrp,2023-01-03,DOW,0.015623945987852104
combined_hrp,2023-02-01,DOW,0.012995300260454893
combined_hrp,2023-03-01,DOW,0.011749361494564774
combined_hrp,2023-04-03,DOW,0.013115946808634257
combined_hrp,2023-05-01,DOW,0.02746681932579737
combined_hrp,2023-06-01,DOW,0.01240382510604054
combined_hrp,2023-07-03,DOW,0.015607840026595361
combined_hrp,2023-08-01,DOW,0.013981221964019378
combined_hrp,2023-09-01,DOW,0.013263970936855867
combined_hrp,2023-10-02,DOW,0.01808470855673959
combined_hrp,2023-11-01,DOW,0.011262222571609175
combined_hrp,2023-12-01,DOW,0.017367550228341442
combined_hrp,2021-01-04,DUK,0.014790891459665088
combined_hrp,2021-02-01,DUK,0.014153019441918676
combined_hrp,2021-03-01,DUK,0.01428335237618715
combined_hrp,2021-04-01,DUK,0.01724668836489675
combined_hrp,2021-05-03,DUK,0.024463218228594454
combined_hrp,2021-06-01,DUK,0.025050596110591197
combined_hrp,2021-07-01,DUK,0.02431183962355632
combined_hrp,2021-08-02,DUK,0.02728615756544801
combined_hrp,2021-09-01,DUK,0.02242681929502943
combined_hrp,2021-10-01,DUK,0.03367676033211956
combined_hrp,2021-11-01,DUK,0.035911222249847184
combined_hrp,2021-12-01,DUK,0.021521836553976135
combined_hrp,2022-01-03,DUK,0.03608660039414731
combined_hrp,2022-02-01,DUK,0.023517348420856145
combined_hrp,2022-03-01,DUK,0.022217618765359028
combined_hrp,2022-04-01,DUK,0.023384037716188997
combined_hrp,2022-05-02,DUK,0.028114843366135258
combined_hrp,2022-06-01,DUK,0.03678720611866978
combined_hrp,2022-07-01,DUK,0.027846396830145784
combined_hrp,2022-08-01,DUK,0.03647737828506196
combined_hrp,2022-09-01,DUK,0.028581179309944766
combined_hrp,2022-10-03,DUK,0.030833891552177358
combined_hrp,2022-11-01,DUK,0.02449770625133299
combined_hrp,2022-12-01,DUK,0.02344606486297091
combined_hrp,2023-01-03,DUK,0.03462381540740411
combined_hrp,2023-02-01,DUK,0.020645957443326184
combined_hrp,2023-03-01,DUK,0.024407573223531757
combined_hrp,2023-04-03,DUK,0.02261865954940881
combined_hrp,2023-05-01,DUK,0.020838241119852035
combined_hrp,2023-06-01,DUK,0.03120348132171744
combined_hrp,2023-07-03,DUK,0.017062833218556835
combined_hrp,2023-08-01,DUK,0.02685059777730667
combined_hrp,2023-09-01,DUK,0.021558931705141483
combined_hrp,2023-10-02,DUK,0.015082800955571112
combined_hrp,2023-11-01,DUK,0.020145476043263954
combined_hrp,2023-12-01,DUK,0.01860011644280755
combined_hrp,2021-01-04,EA,0.04487211962234707
combined_hrp,2021-02-01,EA,0.04231917378230901
combined_hrp,2021-03-01,EA,0.045676678323662304
combined_hrp,2021-04-01,EA,0.027112304300125012
combined_hrp,2021-05-03,EA,0.018488391866338702
combined_hrp,2021-06-01,EA,0.016818292329582058
combined_hrp,2021-07-01,EA,0.016831857916241335
combined_hrp,2021-08-02,EA,0.018786850074947733
combined_hrp,2021-09-01,EA,0.015542064381273268
combined_hrp,2021-10-01,EA,0.020073874678932572
combined_hrp,2021-11-01,EA,0.02033806660740679
combined_hrp,2021-12-01,EA,0.021376671033119268
combined_hrp,2022-01-03,EA,0.020716976615157267
combined_hrp,2022-02-01,EA,0.025796806813862004
combined_hrp,2022-03-01,EA,0.03480815739937251
combined_hrp,2022-04-01,EA,0.03225028292070601
combined_hrp,2022-05-02,EA,0.03475891934992629
combined_hrp,2022-06-01,EA,0.03475116225727235
combined_hrp,2022-07-01,EA,0.036131017213122264
combined_hrp,2022-08-01,EA,0.02744330637414407
combined_hrp,2022-09-01,EA,0.026020650327985975
combined_hrp,2022-10-03,EA,0.02787370649156759
combined_hrp,2022-11-01,EA,0.0334326455058403
combined_hrp,2022-12-01,EA,0.034143957716959064
combined_hrp,2023-01-03,EA,0.031355274276617176
combined_hrp,2023-02-01,EA,0.038613285106675804
combined_hrp,2023-03-01,EA,0.038330618778380995
combined_hrp,2023-04-03,EA,0.040071811002645445
combined_hrp,2023-05-01,EA,0.031047673807253737
combined_hrp,2023-06-01,EA,0.045452332109523146
combined_hrp,2023-07-03,EA,0.04707136908649421
combined_hrp,2023-08-01,EA,0.04787163947850025
combined_hrp,2023-09-01,EA,0.04523358571876507
combined_hrp,2023-10-02,EA,0.030822380692475594
combined_hrp,2023-11-01,EA,0.023607585286922975
combined_hrp,2023-12-01,EA,0.02681868025780395
combined_hrp,2021-01-04,GE,0.008988767806507618
combined_hrp,2021-02-01,GE,0.008745662821846929
combined_hrp,2021-03-01,GE,0.008405819012214936
combined_hrp,2021-04-01,GE,0.005611429026269911
combined_hrp,2021-05-03,GE,0.005106417892826521
combined_hrp,2021-06-01,GE,0.004577404466581047
combined_hrp,2021-07-01,GE,0.008253494348549663
combined_hrp,2021-08-02,GE,0.007506175672623497
combined_hrp,2021-09-01,GE,0.008100164913118409
combined_hrp,2021-10-01,GE,0.008159326505989887
combined_hrp,2021-11-01,GE,0.008186948162787233
combined_hrp,2021-12-01,GE,0.005788333467037359
combined_hrp,2022-01-03,GE,0.010857351678334331
combined_hrp,2022-02-01,GE,0.008097451676308539
combined_hrp,2022-03-01,GE,0.010049543179539348
combined_hrp,2022-04-01,GE,0.0076665182028625364
combined_hrp,2022-05-02,GE,0.006762450628345769
combined_hrp,2022-06-01,GE,0.00912637847472978
combined_hrp,2022-07-01,GE,0.013029309723049127
combined_hrp,2022-08-01,GE,0.009249784329419525
combined_hrp,2022-09-01,GE,0.014806083831037445
combined_hrp,2022-10-03,GE,0.00787352177527385
combined_hrp,2022-11-01,GE,0.007940921808111491
combined_hrp,2022-12-01,GE,0.011426810941517217
combined_hrp,2023-01-03,GE,0.011476528154354512
combined_hrp,2023-02-01,GE,0.009584903570248727
combined_hrp,2023-03-01,GE,0.009756434900003549
combined_hrp,2023-04-03,GE,0.012924906689645802
combined_hrp,2023-05-01,GE,0.012924669006123218
combined_hrp,2023-06-01,GE,0.016843488027493185
combined_hrp,2023-07-03,GE,0.019005240429968144
combined_hrp,2023-08-01,GE,0.017920036685068527
combined_hrp,2023-09-01,GE,0.015122554757547552
combined_hrp,2023-10-02,GE,0.017880267870783496
combined_hrp,2023-11-01,GE,0.019462202930607974
combined_hrp,2023-12-01,GE,0.018301266989460874
combined_hrp,2021-01-04,GILD,0.045823782187879816
combined_hrp,2021-02-01,GILD,0.04543038431272409
combined_hrp,2021-03-01,GILD,0.047626215446301925
combined_hrp,2021-04-01,GILD,0.04527032449647712
combined_hrp,2021-05-03,GILD,0.05275971356410612
combined_hrp,2021-06-01,GILD,0.049175233930957934
combined_hrp,2021-07-01,GILD,0.04847183685579082
combined_hrp,2021-08-02,GILD,0.039227816173595914
combined_hrp,2021-09-01,GILD,0.035519113823351295
combined_hrp,2021-10-01,GILD,0.04716068637665131
combined_hrp,2021-11-01,GILD,0.04743435370204277
combined_hrp,2021-12-01,GILD,0.028283184039829948
combined_hrp,2022-01-03,GILD,0.04338991730204639
combined_hrp,2022-02-01,GILD,0.03780504346736205
combined_hrp,2022-03-01,GILD,0.04421387825259431
combined_hrp,2022-04-01,GILD,0.02986136218146762
combined_hrp,2022-05-02,GILD,0.0443863892204537
combined_hrp,2022-06-01,GILD,0.0584151126201434
combined_hrp,2022-07-01,GILD,0.034097185140364
combined_hrp,2022-08-01,GILD,0.038160534375496824
combined_hrp,2022-09-01,GILD,0.05174485618946432
combined_hrp,2022-10-03,GILD,0.046352589371486265
combined_hrp,2022-11-01,GILD,0.03504946616841205
combined_hrp,2022-12-01,GILD,0.03950314231343796
combined_hrp,2023-01-03,GILD,0.028298632476402356
combined_hrp,2023-02-01,GILD,0.03175797376320567
combined_hrp,2023-03-01,GILD,0.026477298548988053
combined_hrp,2023-04-03,GILD,0.023377398832424557
combined_hrp,2023-05-01,GILD,0.022587865650868014
combined_hrp,2023-06-01,GILD,0.022302730048304468
combined_hrp,2023-07-03,GILD,0.02155341466163883
combined_hrp,2023-08-01,GILD,0.018622855677768085
combined_hrp,2023-09-01,GILD,0.019668187823317224
combined_hrp,2023-10-02,GILD,0.029132325400076136
combined_hrp,2023-11-01,GILD,0.04114353644618635
combined_hrp,2023-12-01,GILD,0.030296851997112132
combined_hrp,2021-01-04,GS,0.0080910239014358
combined_hrp,2021-02-01,GS,0.009503953556011451
combined_hrp,2021-03-01,GS,0.00856351558034486
combined_hrp,2021-04-01,GS,0.007416198249012482
combined_hrp,2021-05-03,GS,0.00698278724334428
combined_hrp,2021-06-01,GS,0.012905222559046154
combined_hrp,2021-07-01,GS,0.011170480019018422
combined_hrp,2021-08-02,GS,0.010758967613095818
combined_hrp,2021-09-01,GS,0.008156948700187705
combined_hrp,2021-10-01,GS,0.006779896516556519
combined_hrp,2021-11-01,GS,0.012820992742841654
combined_hrp,2021-12-01,GS,0.0074331271838952205
combined_hrp,2022-01-03,GS,0.008150098531266503
combined_hrp,2022-02-01,GS,0.009386169565119097
combined_hrp,2022-03-01,GS,0.010224297302683533
combined_hrp,2022-04-01,GS,0.00735221331465637
combined_hrp,2022-05-02,GS,0.007410289932876974
combined_hrp,2022-06-01,GS,0.011458150750321784
combined_hrp,2022-07-01,GS,0.014446809263325403
combined_hrp,2022-08-01,GS,0.014950990985726989
combined_hrp,2022-09-01,GS,0.016445235299782097
combined_hrp,2022-10-03,GS,0.008915090905982685
combined_hrp,2022-11-01,GS,0.01139731645431441
combined_hrp,2022-12-01,GS,0.01099968924869483
combined_hrp,2023-01-03,GS,0.014727526955033451
combined_hrp,2023-02-01,GS,0.012978782027552514
combined_hrp,2023-03-01,GS,0.011618954264368967
combined_hrp,2023-04-03,GS,0.01578860621887688
combined_hrp,2023-05-01,GS,0.013180841610676926
combined_hrp,2023-06-01,GS,0.017009111160785646
combined_hrp,2023-07-03,GS,0.01348206019030248
combined_hrp,2023-08-01,GS,0.01300661469351487
combined_hrp,2023-09-01,GS,0.016623909451326135
combined_hrp,2023-10-02,GS,0.013342651701270821
combined_hrp,2023-11-01,GS,0.014117818925472876
combined_hrp,2023-12-01,GS,0.01386967957434881
combined_hrp,2021-01-04,INTC,0.014319232050910683
combined_hrp,2021-02-01,INTC,0.013336064937447697
combined_hrp,2021-03-01,INTC,0.021521628537524883
combined_hrp,2021-04-01,INTC,0.016636242504548544
combined_hrp,2021-05-03,INTC,0.015013734373848847
combined_hrp,2021-06-01,INTC,0.014462830007715931
combined_hrp,2021-07-01,INTC,0.011953708669626726
combined_hrp,2021-08-02,INTC,0.01704344957497976
combined_hrp,2021-09-01,INTC,0.013964117412454855
combined_hrp,2021-10-01,INTC,0.012133439949599858
combined_hrp,2021-11-01,INTC,0.0125999510152382
combined_hrp,2021-12-01,INTC,0.013100228839607377
combined_hrp,2022-01-03,INTC,0.008483677278374999
combined_hrp,2022-02-01,INTC,0.01659814058762418
combined_hrp,2022-03-01,INTC,0.014549308789220575
combined_hrp,2022-04-01,INTC,0.015291685504727627
combined_hrp,2022-05-02,INTC,0.013427594551190606
combined_hrp,2022-06-01,INTC,0.01034538546189789
combined_hrp,2022-07-01,INTC,0.011647499505068073
combined_hrp,2022-08-01,INTC,0.009304102078357489
combined_hrp,2022-09-01,INTC,0.015598433745678826
combined_hrp,2022-10-03,INTC,0.011230132167139122
combined_hrp,2022-11-01,INTC,0.01208049553402889
combined_hrp,2022-12-01,INTC,0.007917409396608344
combined_hrp,2023-01-03,INTC,0.008311852148107878
combined_hrp,2023-02-01,INTC,0.006710367741551989
combined_hrp,2023-03-01,INTC,0.007278466629761851
combined_hrp,2023-04-03,INTC,0.007249225243870068
combined_hrp,2023-05-01,INTC,0.007161063445733854
combined_hrp,2023-06-01,INTC,0.007071235268040723
combined_hrp,2023-07-03,INTC,0.007807650308028678
combined_hrp,2023-08-01,INTC,0.007821596566562705
combined_hrp,2023-09-01,INTC,0.007954047433156797
combined_hrp,2023-10-02,INTC,0.008107494004395801
combined_hrp,2023-11-01,INTC,0.006216441277475432
combined_hrp,2023-12-01,INTC,0.006963855963812759
combined_hrp,2021-01-04,KO,0.026353592642163155
combined_hrp,2021-02-01,KO,0.023546664571373884
combined_hrp,2021-03-01,KO,0.02243813405816834
combined_hrp,2021-04-01,KO,0.02042980021696685
combined_hrp,2021-05-03,KO,0.020353423062847
combined_hrp,2021-06-01,KO,0.022677588978214445
combined_hrp,2021-07-01,KO,0.03382839663426378
combined_hrp,2021-08-02,KO,0.0320478680885552
combined_hrp,2021-09-01,KO,0.030041490985537298
combined_hrp,2021-10-01,KO,0.03140432327875752
combined_hrp,2021-11-01,KO,0.04324974746388001
combined_hrp,2021-12-01,KO,0.061626164367407796
combined_hrp,2022-01-03,KO,0.04311758481045293
combined_hrp,2022-02-01,KO,0.0531794638707948
combined_hrp,2022-03-01,KO,0.045491544475546465
combined_hrp,2022-04-01,KO,0.05705850813475049
combined_hrp,2022-05-02,KO,0.04747263001033767
combined_hrp,2022-06-01,KO,0.03435214377591007
combined_hrp,2022-07-01,KO,0.058773253844821835
combined_hrp,2022-08-01,KO,0.05388218069156752
combined_hrp,2022-09-01,KO,0.04858904672104511
combined_hrp,2022-10-03,KO,0.04238210248505652
combined_hrp,2022-11-01,KO,0.050987430349781794
combined_hrp,2022-12-01,KO,0.0759504545450682
combined_hrp,2023-01-03,KO,0.05029265367936635
combined_hrp,2023-02-01,KO,0.06606944131278934
combined_hrp,2023-03-01,KO,0.05110813217692247
combined_hrp,2023-04-03,KO,0.0621662161288634
combined_hrp,2023-05-01,KO,0.055383517492390164
combined_hrp,2023-06-01,KO,0.05846225572070906
combined_hrp,2023-07-03,KO,0.057017124372890075
combined_hrp,2023-08-01,KO,0.04745542887527314
combined_hrp,2023-09-01,KO,0.04739048972350416
combined_hrp,2023-10-02,KO,0.04914421127957523
combined_hrp,2023-11-01,KO,0.06459097947198336
combined_hrp,2023-12-01,KO,0.058310493928234175
combined_hrp,2021-01-04,MMM,0.02114595221691295
combined_hrp,2021-02-01,MMM,0.02352372807722784
combined_hrp,2021-03-01,MMM,0.025252044818613532
combined_hrp,2021-04-01,MMM,0.02927402417270052
combined_hrp,2021-05-03,MMM,0.02166489514463396
combined_hrp,2021-06-01,MMM,0.024396702297105298
combined_hrp,2021-07-01,MMM,0.04655183147002355
combined_hrp,2021-08-02,MMM,0.03210953715732456
combined_hrp,2021-09-01,MMM,0.04901095701513134
combined_hrp,2021-10-01,MMM,0.03327963718239089
combined_hrp,2021-11-01,MMM,0.0358978153708091
combined_hrp,2021-12-01,MMM,0.03936531412598812
combined_hrp,2022-01-03,MMM,0.044459070622930495
combined_hrp,2022-02-01,MMM,0.03710889320694425
combined_hrp,2022-03-01,MMM,0.030629092264514
combined_hrp,2022-04-01,MMM,0.044632885458447256
combined_hrp,2022-05-02,MMM,0.027013547165843855
combined_hrp,2022-06-01,MMM,0.0303349489164612
combined_hrp,2022-07-01,MMM,0.02627121144471169
combined_hrp,2022-08-01,MMM,0.022632763245253155
combined_hrp,2022-09-01,MMM,0.025438171301652775
combined_hrp,2022-10-03,MMM,0.024417908805473613
combined_hrp,2022-11-01,MMM,0.023392438825882746
combined_hrp,2022-12-01,MMM,0.02342985006291962
combined_hrp,2023-01-03,MMM,0.022390046478621042
combined_hrp,2023-02-01,MMM,0.024638351023369854
combined_hrp,2023-03-01,MMM,0.029660093179125047
combined_hrp,2023-04-03,MMM,0.02494094835056167
combined_hrp,2023-05-01,MMM,0.021297147733036762
combined_hrp,2023-06-01,MMM,0.016872726274086973
combined_hrp,2023-07-03,MMM,0.01642471241000476
combined_hrp,2023-08-01,MMM,0.011843815315542117
combined_hrp,2023-09-01,MMM,0.014004116730113885
combined_hrp,2023-10-02,MMM,0.011385589626753791
combined_hrp,2023-11-01,MMM,0.010088412083601839
combined_hrp,2023-12-01,MMM,0.01001795591107319
combined_hrp,2021-01-04,MRK,0.03126134359866524
combined_hrp,2021-02-01,MRK,0.03395099102275291
combined_hrp,2021-03-01,MRK,0.039040998401175205
combined_hrp,2021-04-01,MRK,0.0392679614186452
combined_hrp,2021-05-03,MRK,0.061741956043628275
combined_hrp,2021-06-01,MRK,0.05918690443099903
combined_hrp,2021-07-01,MRK,0.035842550176534316
combined_hrp,2021-08-02,MRK,0.05004839130586913
combined_hrp,2021-09-01,MRK,0.06771938102185751
combined_hrp,2021-10-01,MRK,0.05870158321796412
combined_hrp,2021-11-01,MRK,0.039043552894655414
combined_hrp,2021-12-01,MRK,0.030871804861908218
combined_hrp,2022-01-03,MRK,0.031430571272428875
combined_hrp,2022-02-01,MRK,0.04026184602882445
combined_hrp,2022-03-01,MRK,0.0374336455634224
combined_hrp,2022-04-01,MRK,0.038624194028081586
combined_hrp,2022-05-02,MRK,0.06035863565597896
combined_hrp,2022-06-01,MRK,0.04640793978773125
combined_hrp,2022-07-01,MRK,0.04847568716722032
combined_hrp,2022-08-01,MRK,0.04866410657558213
combined_hrp,2022-09-01,MRK,0.040531823905790125
combined_hrp,2022-10-03,MRK,0.05505002133086196
combined_hrp,2022-11-01,MRK,0.05128293167931171
combined_hrp,2022-12-01,MRK,0.051111490013597036
combined_hrp,2023-01-03,MRK,0.046701969393319685
combined_hrp,2023-02-01,MRK,0.05156817510366472
combined_hrp,2023-03-01,MRK,0.0681926858589038
combined_hrp,2023-04-03,MRK,0.06097599224405371
combined_hrp,2023-05-01,MRK,0.06932188819006069
combined_hrp,2023-06-01,MRK,0.06739731192929689
combined_hrp,2023-07-03,MRK,0.07284058087945994
combined_hrp,2023-08-01,MRK,0.06653850005013837
combined_hrp,2023-09-01,MRK,0.0630051874351103
combined_hrp,2023-10-02,MRK,0.05932705261636274
combined_hrp,2023-11-01,MRK,0.04728727725085392
combined_hrp,2023-12-01,MRK,0.0402004027968093
combined_hrp,2021-01-04,MS,0.006687664156032747
combined_hrp,2021-02-01,MS,0.00797689236517981
combined_hrp,2021-03-01,MS,0.007277613934014239
combined_hrp,2021-04-01,MS,0.007019952232945953
combined_hrp,2021-05-03,MS,0.005794723643553996
combined_hrp,2021-06-01,MS,0.007192451564941925
combined_hrp,2021-07-01,MS,0.007206692849597235
combined_hrp,2021-08-02,MS,0.009212978326118414
combined_hrp,2021-09-01,MS,0.007093256089199139
combined_hrp,2021-10-01,MS,0.005822002046200514
combined_hrp,2021-11-01,MS,0.009985750053386802
combined_hrp,2021-12-01,MS,0.006985530990747978
combined_hrp,2022-01-03,MS,0.0075909157012557255
combined_hrp,2022-02-01,MS,0.008892328558782157
combined_hrp,2022-03-01,MS,0.008470136556894676
combined_hrp,2022-04-01,MS,0.006111737825186267
combined_hrp,2022-05-02,MS,0.00627230959397714
combined_hrp,2022-06-01,MS,0.008519455358858745
combined_hrp,2022-07-01,MS,0.007813613428814824
combined_hrp,2022-08-01,MS,0.010724593911374817
combined_hrp,2022-09-01,MS,0.011463665070824853
combined_hrp,2022-10-03,MS,0.007876420351570778
combined_hrp,2022-11-01,MS,0.008989139665503092
combined_hrp,2022-12-01,MS,0.009373338996239803
combined_hrp,2023-01-03,MS,0.012388440992317435
combined_hrp,2023-02-01,MS,0.011044574217553497
combined_hrp,2023-03-01,MS,0.010284221217733267
combined_hrp,2023-04-03,MS,0.014742067415769035
combined_hrp,2023-05-01,MS,0.012251149666580538
combined_hrp,2023-06-01,MS,0.013783833332782602
combined_hrp,2023-07-03,MS,0.012582581007017611
combined_hrp,2023-08-01,MS,0.011382722892443105
combined_hrp,2023-09-01,MS,0.01423337256159052
combined_hrp,2023-10-02,MS,0.012489659506726418
combined_hrp,2023-11-01,MS,0.013888188783288197
combined_hrp,2023-12-01,MS,0.010114123651856315
combined_hrp,2021-01-04,NEE,0.016953407511380945
combined_hrp,2021-02-01,NEE,0.01634466557766012
combined_hrp,2021-03-01,NEE,0.01411487064187685
combined_hrp,2021-04-01,NEE,0.015286889926890234
combined_hrp,2021-05-03,NEE,0.02273873408592391
combined_hrp,2021-06-01,NEE,0.020733961141014428
combined_hrp,2021-07-01,NEE,0.027150286866299552
combined_hrp,2021-08-02,NEE,0.022285471533894163
combined_hrp,2021-09-01,NEE,0.018924728070318583
combined_hrp,2021-10-01,NEE,0.026171027024295357
combined_hrp,2021-11-01,NEE,0.0212974475146931
combined_hrp,2021-12-01,NEE,0.015285157224863326
combined_hrp,2022-01-03,NEE,0.0170647868984488
combined_hrp,2022-02-01,NEE,0.01821651034993744
combined_hrp,2022-03-01,NEE,0.02239259407673115
combined_hrp,2022-04-01,NEE,0.023253662322000955
combined_hrp,2022-05-02,NEE,0.018796035410558087
combined_hrp,2022-06-01,NEE,0.017363919090299943
combined_hrp,2022-07-01,NEE,0.027104780244752533
combined_hrp,2022-08-01,NEE,0.021502921687556742
combined_hrp,2022-09-01,NEE,0.022257464673999652
combined_hrp,2022-10-03,NEE,0.015334055210828538
combined_hrp,2022-11-01,NEE,0.01891846084329552
combined_hrp,2022-12-01,NEE,0.013547553442196353
combined_hrp,2023-01-03,NEE,0.013932446674830743
combined_hrp,2023-02-01,NEE,0.017217401226239736
combined_hrp,2023-03-01,NEE,0.013550938933458156
combined_hrp,2023-04-03,NEE,0.016703957706878873
combined_hrp,2023-05-01,NEE,0.014351349974179604
combined_hrp,2023-06-01,NEE,0.015241214884572956
combined_hrp,2023-07-03,NEE,0.020192979961070914
combined_hrp,2023-08-01,NEE,0.01703549864281428
combined_hrp,2023-09-01,NEE,0.01627566308860148
combined_hrp,2023-10-02,NEE,0.014218285816101755
combined_hrp,2023-11-01,NEE,0.016146976879704147
combined_hrp,2023-12-01,NEE,0.014363029400786782
combined_hrp,2021-01-04,NEM,0.04134775372195812
combined_hrp,2021-02-01,NEM,0.04141760652492922
combined_hrp,2021-03-01,NEM,0.043683774617080645
combined_hrp,2021-04-01,NEM,0.0316010131066713
combined_hrp,2021-05-03,NEM,0.027352282561054188
combined_hrp,2021-06-01,NEM,0.024709079481266244
combined_hrp,2021-07-01,NEM,0.025417228931360888
combined_hrp,2021-08-02,NEM,0.027771423828537797
combined_hrp,2021-09-01,NEM,0.03669788673151718
combined_hrp,2021-10-01,NEM,0.0342720102849555
combined_hrp,2021-11-01,NEM,0.034235244195966165
combined_hrp,2021-12-01,NEM,0.023735707578059945
combined_hrp,2022-01-03,NEM,0.02317100556751773
combined_hrp,2022-02-01,NEM,0.028260153653506495
combined_hrp,2022-03-01,NEM,0.02944669694811455
combined_hrp,2022-04-01,NEM,0.03464963740219307
combined_hrp,2022-05-02,NEM,0.03535439114922224
combined_hrp,2022-06-01,NEM,0.027484763053239797
combined_hrp,2022-07-01,NEM,0.02840366932569733
combined_hrp,2022-08-01,NEM,0.029284843920083327
combined_hrp,2022-09-01,NEM,0.024662501500868537
combined_hrp,2022-10-03,NEM,0.03303229352947217
combined_hrp,2022-11-01,NEM,0.026877391739121678
combined_hrp,2022-12-01,NEM,0.023607578606182945
combined_hrp,2023-01-03,NEM,0.026615671667736634
combined_hrp,2023-02-01,NEM,0.02716441713317283
combined_hrp,2023-03-01,NEM,0.02717569793582005
combined_hrp,2023-04-03,NEM,0.02820039567097261
combined_hrp,2023-05-01,NEM,0.02670572919199318
combined_hrp,2023-06-01,NEM,0.01995954274217877
combined_hrp,2023-07-03,NEM,0.01630907690478176
combined_hrp,2023-08-01,NEM,0.024688827233955744
combined_hrp,2023-09-01,NEM,0.02574641129119697
combined_hrp,2023-10-02,NEM,0.01833253045180387
combined_hrp,2023-11-01,NEM,0.019791996164973496
combined_hrp,2023-12-01,NEM,0.017241491592601035
combined_hrp,2021-01-04,NKE,0.01954245223704029
combined_hrp,2021-02-01,NKE,0.01706948961410402
combined_hrp,2021-03-01,NKE,0.019735695779308463
combined_hrp,2021-04-01,NKE,0.028044443537686533
combined_hrp,2021-05-03,NKE,0.02217100656646452
combined_hrp,2021-06-01,NKE,0.020375720252984682
combined_hrp,2021-07-01,NKE,0.029577826794140307
combined_hrp,2021-08-02,NKE,0.02772841228398616
combined_hrp,2021-09-01,NKE,0.03361305489232905
combined_hrp,2021-10-01,NKE,0.020339010225136345
combined_hrp,2021-11-01,NKE,0.029321394094581697
combined_hrp,2021-12-01,NKE,0.014093960909860826
combined_hrp,2022-01-03,NKE,0.016480699518908338
combined_hrp,2022-02-01,NKE,0.022917265659589518
combined_hrp,2022-03-01,NKE,0.016811653225149898
combined_hrp,2022-04-01,NKE,0.014970591171893172
combined_hrp,2022-05-02,NKE,0.012818477591474392
combined_hrp,2022-06-01,NKE,0.009283644312616147
combined_hrp,2022-07-01,NKE,0.010215816997789555
combined_hrp,2022-08-01,NKE,0.008882316319392663
combined_hrp,2022-09-01,NKE,0.009992530500930963
combined_hrp,2022-10-03,NKE,0.009622925223141475
combined_hrp,2022-11-01,NKE,0.007704899374559477
combined_hrp,2022-12-01,NKE,0.010806015818772654
combined_hrp,2023-01-03,NKE,0.012677280382075575
combined_hrp,2023-02-01,NKE,0.007187217872575182
combined_hrp,2023-03-01,NKE,0.008159376663076838
combined_hrp,2023-04-03,NKE,0.00901174391605749
combined_hrp,2023-05-01,NKE,0.01080135704315385
combined_hrp,2023-06-01,NKE,0.008226941307328614
combined_hrp,2023-07-03,NKE,0.010400106276647735
combined_hrp,2023-08-01,NKE,0.009466654060639873
combined_hrp,2023-09-01,NKE,0.010785793514607456
combined_hrp,2023-10-02,NKE,0.009878789787535843
combined_hrp,2023-11-01,NKE,0.008322641499471314
combined_hrp,2023-12-01,NKE,0.01386156761678435
combined_hrp,2021-01-04,NUE,0.010274113766116106
combined_hrp,2021-02-01,NUE,0.013052039594639327
combined_hrp,2021-03-01,NUE,0.018124762911789827
combined_hrp,2021-04-01,NUE,0.007001973727174691
combined_hrp,2021-05-03,NUE,0.007451356959554917
combined_hrp,2021-06-01,NUE,0.005913191435215881
combined_hrp,2021-07-01,NUE,0.005202203769791914
combined_hrp,2021-08-02,NUE,0.008290203777356056
combined_hrp,2021-09-01,NUE,0.004186157312064061
combined_hrp,2021-10-01,NUE,0.003660440760285598
combined_hrp,2021-11-01,NUE,0.0035416128435139913
combined_hrp,2021-12-01,NUE,0.00501916398161873
combined_hrp,2022-01-03,NUE,0.0066291943183730655
combined_hrp,2022-02-01,NUE,0.004572132156424607
combined_hrp,2022-03-01,NUE,0.005389634949091422
combined_hrp,2022-04-01,NUE,0.005211653161965226
combined_hrp,2022-05-02,NUE,0.004899761572814259
combined_hrp,2022-06-01,NUE,0.00698737714197106
combined_hrp,2022-07-01,NUE,0.006589339254234667
combined_hrp,2022-08-01,NUE,0.008297452545958723
combined_hrp,2022-09-01,NUE,0.00834673019376505
combined_hrp,2022-10-03,NUE,0.007163473939095886
combined_hrp,2022-11-01,NUE,0.008938047715160546
combined_hrp,2022-12-01,NUE,0.010107215589008671
combined_hrp,2023-01-03,NUE,0.00884760913344109
combined_hrp,2023-02-01,NUE,0.01211568506214621
combined_hrp,2023-03-01,NUE,0.008653384358567166
combined_hrp,2023-04-03,NUE,0.007127106732758666
combined_hrp,2023-05-01,NUE,0.008338573314102093
combined_hrp,2023-06-01,NUE,0.007201947758062267
combined_hrp,2023-07-03,NUE,0.008625482809344744
combined_hrp,2023-08-01,NUE,0.005742253304721759
combined_hrp,2023-09-01,NUE,0.0074403328164244975
combined_hrp,2023-10-02,NUE,0.006506696443669405
combined_hrp,2023-11-01,NUE,0.005775690111078844
combined_hrp,2023-12-01,NUE,0.007136032294693522
combined_hrp,2021-01-04,NVDA,0.009069504281188339
combined_hrp,2021-02-01,NVDA,0.011306230311356757
combined_hrp,2021-03-01,NVDA,0.009029689258750384
combined_hrp,2021-04-01,NVDA,0.008269720192407539
combined_hrp,2021-05-03,NVDA,0.006951690219038035
combined_hrp,2021-06-01,NVDA,0.006483912904611686
combined_hrp,2021-07-01,NVDA,0.014714474252758675
combined_hrp,2021-08-02,NVDA,0.0065871680982293205
combined_hrp,2021-09-01,NVDA,0.011137301357192583
combined_hrp,2021-10-01,NVDA,0.0058373638047766775
combined_hrp,2021-11-01,NVDA,0.005492538023295659
combined_hrp,2021-12-01,NVDA,0.0058332637426431405
combined_hrp,2022-01-03,NVDA,0.005894953002595607
combined_hrp,2022-02-01,NVDA,0.0034779349734464413
combined_hrp,2022-03-01,NVDA,0.003368942508938523
combined_hrp,2022-04-01,NVDA,0.004268022545070744
combined_hrp,2022-05-02,NVDA,0.004574224813752301
combined_hrp,2022-06-01,NVDA,0.006269535481873722
combined_hrp,2022-07-01,NVDA,0.004287026198449833
combined_hrp,2022-08-01,NVDA,0.0019508741092161377
combined_hrp,2022-09-01,NVDA,0.0036863096015523848
combined_hrp,2022-10-03,NVDA,0.0037597270191768763
combined_hrp,2022-11-01,NVDA,0.0022942242787050574
combined_hrp,2022-12-01,NVDA,0.002591840784973724
combined_hrp,2023-01-03,NVDA,0.0028137190294134817
combined_hrp,2023-02-01,NVDA,0.002521520419631666
combined_hrp,2023-03-01,NVDA,0.002626817094880189
combined_hrp,2023-04-03,NVDA,0.0028162254297557665
combined_hrp,2023-05-01,NVDA,0.002897905782899205
combined_hrp,2023-06-01,NVDA,0.002744821415763329
combined_hrp,2023-07-03,NVDA,0.0037015460912095764
combined_hrp,2023-08-01,NVDA,0.00398746389996916
combined_hrp,2023-09-01,NVDA,0.00349398777487945
combined_hrp,2023-10-02,NVDA,0.003249200431481498
combined_hrp,2023-11-01,NVDA,0.004660128032796913
combined_hrp,2023-12-01,NVDA,0.004070889993889536
combined_hrp,2021-01-04,O,0.01297883356550206
combined_hrp,2021-02-01,O,0.013047402294150929
combined_hrp,2021-03-01,O,0.01053185003821144
combined_hrp,2021-04-01,O,0.012720881243890201
combined_hrp,2021-05-03,O,0.011928810399305078
combined_hrp,2021-06-01,O,0.014263510458742176
combined_hrp,2021-07-01,O,0.02140778086775471
combined_hrp,2021-08-02,O,0.019858014210760496
combined_hrp,2021-09-01,O,0.018930038714980273
combined_hrp,2021-10-01,O,0.02561697190309876
combined_hrp,2021-11-01,O,0.027014290106131447
combined_hrp,2021-12-01,O,0.035083654924827797
combined_hrp,2022-01-03,O,0.030931365604594353
combined_hrp,2022-02-01,O,0.03603427206554819
combined_hrp,2022-03-01,O,0.034632992680462556
combined_hrp,2022-04-01,O,0.024398011996075407
combined_hrp,2022-05-02,O,0.028765818697332586
combined_hrp,2022-06-01,O,0.038332017086509185
combined_hrp,2022-07-01,O,0.02605802093391705
combined_hrp,2022-08-01,O,0.026273332978061645
combined_hrp,2022-09-01,O,0.027628252772523634
combined_hrp,2022-10-03,O,0.03844826187463163
combined_hrp,2022-11-01,O,0.04015357786496657
combined_hrp,2022-12-01,O,0.025610727004849225
combined_hrp,2023-01-03,O,0.03873286180475054
combined_hrp,2023-02-01,O,0.022953914971958797
combined_hrp,2023-03-01,O,0.02226517337883821
combined_hrp,2023-04-03,O,0.022940057653345235
combined_hrp,2023-05-01,O,0.02371542713173913
combined_hrp,2023-06-01,O,0.02464160056123176
combined_hrp,2023-07-03,O,0.027066229564139878
combined_hrp,2023-08-01,O,0.02383879278438449
combined_hrp,2023-09-01,O,0.02320189505993592
combined_hrp,2023-10-02,O,0.02193028571754368
combined_hrp,2023-11-01,O,0.0282569708829963
combined_hrp,2023-12-01,O,0.01984649224012507
combined_hrp,2021-01-04,OXY,0.002625785466874248
combined_hrp,2021-02-01,OXY,0.0024522374418780887
combined_hrp,2021-03-01,OXY,0.002361986469672898
combined_hrp,2021-04-01,OXY,0.0027288713554538525
combined_hrp,2021-05-03,OXY,0.0016945838118941718
combined_hrp,2021-06-01,OXY,0.0012821300436807973
combined_hrp,2021-07-01,OXY,0.0014160644155770136
combined_hrp,2021-08-02,OXY,0.0017226484032078517
combined_hrp,2021-09-01,OXY,0.0012571683351771691
combined_hrp,2021-10-01,OXY,0.0010841455352249812
combined_hrp,2021-11-01,OXY,0.0009864130738728488
combined_hrp,2021-12-01,OXY,0.0015119050695200705
combined_hrp,2022-01-03,OXY,0.0016993425922902062
combined_hrp,2022-02-01,OXY,0.0020033401978291517
combined_hrp,2022-03-01,OXY,0.004174898165221729
combined_hrp,2022-04-01,OXY,0.0033184602154797665
combined_hrp,2022-05-02,OXY,0.002711497024431716
combined_hrp,2022-06-01,OXY,0.002554585561461969
combined_hrp,2022-07-01,OXY,0.0036176543235748354
combined_hrp,2022-08-01,OXY,0.004303119255482354
combined_hrp,2022-09-01,OXY,0.004802742633606246
combined_hrp,2022-10-03,OXY,0.0053864511443459185
combined_hrp,2022-11-01,OXY,0.004201573902321082
combined_hrp,2022-12-01,OXY,0.006859166505809944
combined_hrp,2023-01-03,OXY,0.0064815824810652515
combined_hrp,2023-02-01,OXY,0.007443474245545665
combined_hrp,2023-03-01,OXY,0.008349816444070799
combined_hrp,2023-04-03,OXY,0.006733421826112597
combined_hrp,2023-05-01,OXY,0.006755283759584289
combined_hrp,2023-06-01,OXY,0.0073140461459955545
combined_hrp,2023-07-03,OXY,0.008992949602289342
combined_hrp,2023-08-01,OXY,0.01022372222998615
combined_hrp,2023-09-01,OXY,0.008820270924168335
combined_hrp,2023-10-02,OXY,0.011131522479603022
combined_hrp,2023-11-01,OXY,0.009350243772268986
combined_hrp,2023-12-01,OXY,0.01132818878492378
combined_hrp,2021-01-04,PLD,0.015824307084647143
combined_hrp,2021-02-01,PLD,0.01922589186814601
combined_hrp,2021-03-01,PLD,0.018699458967358296
combined_hrp,2021-04-01,PLD,0.026841622522612282
combined_hrp,2021-05-03,PLD,0.02129809182009991
combined_hrp,2021-06-01,PLD,0.02045237752899246
combined_hrp,2021-07-01,PLD,0.020640078883231036
combined_hrp,2021-08-02,PLD,0.018779339934128888
combined_hrp,2021-09-01,PLD,0.016598273033917952
combined_hrp,2021-10-01,PLD,0.01643416934532328
combined_hrp,2021-11-01,PLD,0.016420580182783726
combined_hrp,2021-12-01,PLD,0.016454341607116358
combined_hrp,2022-01-03,PLD,0.018386652115553466
combined_hrp,2022-02-01,PLD,0.02472551940596859
combined_hrp,2022-03-01,PLD,0.017061736122626996
combined_hrp,2022-04-01,PLD,0.018291381426098152
combined_hrp,2022-05-02,PLD,0.019993000185980596
combined_hrp,2022-06-01,PLD,0.01188989748098158
combined_hrp,2022-07-01,PLD,0.02071157415323265
combined_hrp,2022-08-01,PLD,0.012237254331923877
combined_hrp,2022-09-01,PLD,0.010024511655196747
combined_hrp,2022-10-03,PLD,0.012934714280940233
combined_hrp,2022-11-01,PLD,0.013407827771091502
combined_hrp,2022-12-01,PLD,0.011287015703862374
combined_hrp,2023-01-03,PLD,0.008865202991082488
combined_hrp,2023-02-01,PLD,0.008886516010822606
combined_hrp,2023-03-01,PLD,0.009170327267652089
combined_hrp,2023-04-03,PLD,0.009441330870721704
combined_hrp,2023-05-01,PLD,0.009281191435580448
combined_hrp,2023-06-01,PLD,0.01078027394549102
combined_hrp,2023-07-03,PLD,0.011938331020771414
combined_hrp,2023-08-01,PLD,0.010904991431629147
combined_hrp,2023-09-01,PLD,0.011078772613588406
combined_hrp,2023-10-02,PLD,0.01053692637129926
combined_hrp,2023-11-01,PLD,0.012694975151070143
combined_hrp,2023-12-01,PLD,0.012760902107708435
combined_hrp,2021-01-04,PSA,0.0330627638959159
combined_hrp,2021-02-01,PSA,0.03237093394690113
combined_hrp,2021-03-01,PSA,0.030619237706931465
combined_hrp,2021-04-01,PSA,0.03563381955002528
combined_hrp,2021-05-03,PSA,0.02399200622582205
combined_hrp,2021-06-01,PSA,0.024061954162325837
combined_hrp,2021-07-01,PSA,0.02361095619670108
combined_hrp,2021-08-02,PSA,0.02190236634775908
combined_hrp,2021-09-01,PSA,0.03600324981317411
combined_hrp,2021-10-01,PSA,0.03570182126868766
combined_hrp,2021-11-01,PSA,0.03463152320387641
combined_hrp,2021-12-01,PSA,0.0305923796110635
combined_hrp,2022-01-03,PSA,0.03203533602946915
combined_hrp,2022-02-01,PSA,0.026211132353780215
combined_hrp,2022-03-01,PSA,0.02988060028331999
combined_hrp,2022-04-01,PSA,0.04120736064276642
combined_hrp,2022-05-02,PSA,0.022708937187961895
combined_hrp,2022-06-01,PSA,0.014766069735183672
combined_hrp,2022-07-01,PSA,0.024024818285298063
combined_hrp,2022-08-01,PSA,0.026139959763649752
combined_hrp,2022-09-01,PSA,0.014041686915062704
combined_hrp,2022-10-03,PSA,0.01878218799808037
combined_hrp,2022-11-01,PSA,0.020269358354766086
combined_hrp,2022-12-01,PSA,0.015928268598150424
combined_hrp,2023-01-03,PSA,0.01627282525987867
combined_hrp,2023-02-01,PSA,0.012790508414989575
combined_hrp,2023-03-01,PSA,0.014669433962306942
combined_hrp,2023-04-03,PSA,0.016508646091037433
combined_hrp,2023-05-01,PSA,0.013422661959976465
combined_hrp,2023-06-01,PSA,0.020869558257378483
combined_hrp,2023-07-03,PSA,0.015786927122521284
combined_hrp,2023-08-01,PSA,0.014258138109456276
combined_hrp,2023-09-01,PSA,0.014043883047702628
combined_hrp,2023-10-02,PSA,0.013726186731743646
combined_hrp,2023-11-01,PSA,0.014362375314748595
combined_hrp,2023-12-01,PSA,0.01582536099428778
combined_hrp,2021-01-04,QCOM,0.012613504563620315
combined_hrp,2021-02-01,QCOM,0.012946983126343185
combined_hrp,2021-03-01,QCOM,0.011713420257367059
combined_hrp,2021-04-01,QCOM,0.010863294881756974
combined_hrp,2021-05-03,QCOM,0.00887953932449928
combined_hrp,2021-06-01,QCOM,0.009455179430608146
combined_hrp,2021-07-01,QCOM,0.009107310116321056
combined_hrp,2021-08-02,QCOM,0.008001260686924461
combined_hrp,2021-09-01,QCOM,0.007082915682118345
combined_hrp,2021-10-01,QCOM,0.008018784689814835
combined_hrp,2021-11-01,QCOM,0.008121897094564987
combined_hrp,2021-12-01,QCOM,0.007855856154847872
combined_hrp,2022-01-03,QCOM,0.007155426977909083
combined_hrp,2022-02-01,QCOM,0.006920428234619825
combined_hrp,2022-03-01,QCOM,0.010686722861738628
combined_hrp,2022-04-01,QCOM,0.005896242356294383
combined_hrp,2022-05-02,QCOM,0.006231774397094634
combined_hrp,2022-06-01,QCOM,0.004989068905724228
combined_hrp,2022-07-01,QCOM,0.006558120202267568
combined_hrp,2022-08-01,QCOM,0.004123949498397672
combined_hrp,2022-09-01,QCOM,0.005644320210411446
combined_hrp,2022-10-03,QCOM,0.005992341884953411
combined_hrp,2022-11-01,QCOM,0.007822592207042511
combined_hrp,2022-12-01,QCOM,0.005312337660636007
combined_hrp,2023-01-03,QCOM,0.005575588956507195
combined_hrp,2023-02-01,QCOM,0.0044992638499111335
combined_hrp,2023-03-01,QCOM,0.005322259522337792
combined_hrp,2023-04-03,QCOM,0.006087540956326607
combined_hrp,2023-05-01,QCOM,0.006275846904009706
combined_hrp,2023-06-01,QCOM,0.006887327115066758
combined_hrp,2023-07-03,QCOM,0.010223744362206707
combined_hrp,2023-08-01,QCOM,0.007848343189066208
combined_hrp,2023-09-01,QCOM,0.010912578960008822
combined_hrp,2023-10-02,QCOM,0.00797173682923133
combined_hrp,2023-11-01,QCOM,0.006967746075027573
combined_hrp,2023-12-01,QCOM,0.01033233764247358
combined_hrp,2021-01-04,SBUX,0.021120317600819845
combined_hrp,2021-02-01,SBUX,0.013689191419112718
combined_hrp,2021-03-01,SBUX,0.013334286140020014
combined_hrp,2021-04-01,SBUX,0.016371464877414258
combined_hrp,2021-05-03,SBUX,0.01500737256015288
combined_hrp,2021-06-01,SBUX,0.016381875790771286
combined_hrp,2021-07-01,SBUX,0.021721632704066615
combined_hrp,2021-08-02,SBUX,0.019927608596127664
combined_hrp,2021-09-01,SBUX,0.01880144822939941
combined_hrp,2021-10-01,SBUX,0.019897911789433773
combined_hrp,2021-11-01,SBUX,0.013075760125514565
combined_hrp,2021-12-01,SBUX,0.024125551715286436
combined_hrp,2022-01-03,SBUX,0.01662668532008556
combined_hrp,2022-02-01,SBUX,0.028470020514834698
combined_hrp,2022-03-01,SBUX,0.02838473152035266
combined_hrp,2022-04-01,SBUX,0.021074350736198275
combined_hrp,2022-05-02,SBUX,0.025149067805326886
combined_hrp,2022-06-01,SBUX,0.01122720983864607
combined_hrp,2022-07-01,SBUX,0.010333263606381902
combined_hrp,2022-08-01,SBUX,0.010100899898515692
combined_hrp,2022-09-01,SBUX,0.010967071239874615
combined_hrp,2022-10-03,SBUX,0.011483262379845812
combined_hrp,2022-11-01,SBUX,0.011547625565767257
combined_hrp,2022-12-01,SBUX,0.013504589339471443
combined_hrp,2023-01-03,SBUX,0.011795497657908355
combined_hrp,2023-02-01,SBUX,0.009250974218365678
combined_hrp,2023-03-01,SBUX,0.011357578179917583
combined_hrp,2023-04-03,SBUX,0.013683344997833587
combined_hrp,2023-05-01,SBUX,0.016265975288779065
combined_hrp,2023-06-01,SBUX,0.013511442463289275
combined_hrp,2023-07-03,SBUX,0.01755479567808723
combined_hrp,2023-08-01,SBUX,0.01653753108051781
combined_hrp,2023-09-01,SBUX,0.016958003348096173
combined_hrp,2023-10-02,SBUX,0.01856275532670377
combined_hrp,2023-11-01,SBUX,0.015622607779296417
combined_hrp,2023-12-01,SBUX,0.020568599307355037
combined_hrp,2021-01-04,SHW,0.02162135144808469
combined_hrp,2021-02-01,SHW,0.01866904831535117
combined_hrp,2021-03-01,SHW,0.01890982693345266
combined_hrp,2021-04-01,SHW,0.031116568753715098
combined_hrp,2021-05-03,SHW,0.032335192801382306
combined_hrp,2021-06-01,SHW,0.03019166355934445
combined_hrp,2021-07-01,SHW,0.030879762405712507
combined_hrp,2021-08-02,SHW,0.02874958382877636
combined_hrp,2021-09-01,SHW,0.033171554434995434
combined_hrp,2021-10-01,SHW,0.03349031399920167
combined_hrp,2021-11-01,SHW,0.03377741698645265
combined_hrp,2021-12-01,SHW,0.036378631698603746
combined_hrp,2022-01-03,SHW,0.03596870725979895
combined_hrp,2022-02-01,SHW,0.036296782343961394
combined_hrp,2022-03-01,SHW,0.03126057426512319
combined_hrp,2022-04-01,SHW,0.02354600067061256
combined_hrp,2022-05-02,SHW,0.024833893630657224
combined_hrp,2022-06-01,SHW,0.024287335668241566
combined_hrp,2022-07-01,SHW,0.030713715159857657
combined_hrp,2022-08-01,SHW,0.023733937508294823
combined_hrp,2022-09-01,SHW,0.02379175715444491
combined_hrp,2022-10-03,SHW,0.02346054195203619
combined_hrp,2022-11-01,SHW,0.025073088782775057
combined_hrp,2022-12-01,SHW,0.01843975631542836
combined_hrp,2023-01-03,SHW,0.019850858036202613
combined_hrp,2023-02-01,SHW,0.022101719466423538
combined_hrp,2023-03-01,SHW,0.01271496155738363
combined_hrp,2023-04-03,SHW,0.017423973078546602
combined_hrp,2023-05-01,SHW,0.013926346648868635
combined_hrp,2023-06-01,SHW,0.0113180759669977
combined_hrp,2023-07-03,SHW,0.01887349420781284
combined_hrp,2023-08-01,SHW,0.0136770552243533
combined_hrp,2023-09-01,SHW,0.012969312087573572
combined_hrp,2023-10-02,SHW,0.011747178557986265
combined_hrp,2023-11-01,SHW,0.012311772780665373
combined_hrp,2023-12-01,SHW,0.016252759625594717
combined_hrp,2021-01-04,SLB,0.0043286090784497334
combined_hrp,2021-02-01,SLB,0.004324375541799492
combined_hrp,2021-03-01,SLB,0.0049007994283579905
combined_hrp,2021-04-01,SLB,0.003947883808260063
combined_hrp,2021-05-03,SLB,0.004632815795292991
combined_hrp,2021-06-01,SLB,0.0024639865134951705
combined_hrp,2021-07-01,SLB,0.002739275824994421
combined_hrp,2021-08-02,SLB,0.0033304541211659163
combined_hrp,2021-09-01,SLB,0.003149841240528338
combined_hrp,2021-10-01,SLB,0.002122186104668064
combined_hrp,2021-11-01,SLB,0.0019658317437601367
combined_hrp,2021-12-01,SLB,0.003253385342199289
combined_hrp,2022-01-03,SLB,0.003334494524771619
combined_hrp,2022-02-01,SLB,0.003743937676700105
combined_hrp,2022-03-01,SLB,0.006749275148085795
combined_hrp,2022-04-01,SLB,0.0060864689004274716
combined_hrp,2022-05-02,SLB,0.009369748590928983
combined_hrp,2022-06-01,SLB,0.010722555602792255
combined_hrp,2022-07-01,SLB,0.005778625379661134
combined_hrp,2022-08-01,SLB,0.006521109770753832
combined_hrp,2022-09-01,SLB,0.007141238959590485
combined_hrp,2022-10-03,SLB,0.007529671648359148
combined_hrp,2022-11-01,SLB,0.00535507210696931
combined_hrp,2022-12-01,SLB,0.005007736216651848
combined_hrp,2023-01-03,SLB,0.005444470615489081
combined_hrp,2023-02-01,SLB,0.008887462404228445
combined_hrp,2023-03-01,SLB,0.005178892809217048
combined_hrp,2023-04-03,SLB,0.004619717885027115
combined_hrp,2023-05-01,SLB,0.006000482990902032
combined_hrp,2023-06-01,SLB,0.0059723432475052825
combined_hrp,2023-07-03,SLB,0.007241939148910207
combined_hrp,2023-08-01,SLB,0.00596392250228504
combined_hrp,2023-09-01,SLB,0.005876804103923494
combined_hrp,2023-10-02,SLB,0.007875515655300955
combined_hrp,2023-11-01,SLB,0.010257057751965417
combined_hrp,2023-12-01,SLB,0.00746613462265565
combined_hrp,2021-01-04,SO,0.0139495471205293
combined_hrp,2021-02-01,SO,0.011423782470354103
combined_hrp,2021-03-01,SO,0.012809721665476784
combined_hrp,2021-04-01,SO,0.017473540251970975
combined_hrp,2021-05-03,SO,0.0239153257110376
combined_hrp,2021-06-01,SO,0.02665985346086056
combined_hrp,2021-07-01,SO,0.027233440749243148
combined_hrp,2021-08-02,SO,0.03830724980839236
combined_hrp,2021-09-01,SO,0.027266875527677543
combined_hrp,2021-10-01,SO,0.03531514653632118
combined_hrp,2021-11-01,SO,0.036987201037948905
combined_hrp,2021-12-01,SO,0.022321114125956304
combined_hrp,2022-01-03,SO,0.026023896953064413
combined_hrp,2022-02-01,SO,0.026272112899015942
combined_hrp,2022-03-01,SO,0.023944659246727708
combined_hrp,2022-04-01,SO,0.023677607175628775
combined_hrp,2022-05-02,SO,0.029326905188610544
combined_hrp,2022-06-01,SO,0.03309806615997562
combined_hrp,2022-07-01,SO,0.026193755431244647
combined_hrp,2022-08-01,SO,0.023991814284904944
combined_hrp,2022-09-01,SO,0.04414887579283872
combined_hrp,2022-10-03,SO,0.02080413285703104
combined_hrp,2022-11-01,SO,0.022700126045886497
combined_hrp,2022-12-01,SO,0.02903012013468634
combined_hrp,2023-01-03,SO,0.03143289605229786
combined_hrp,2023-02-01,SO,0.02094731097787046
combined_hrp,2023-03-01,SO,0.020613935316176474
combined_hrp,2023-04-03,SO,0.017446262332552007
combined_hrp,2023-05-01,SO,0.03130554771048598
combined_hrp,2023-06-01,SO,0.019988846426700364
combined_hrp,2023-07-03,SO,0.017321153012794854
combined_hrp,2023-08-01,SO,0.019896752538746634
combined_hrp,2023-09-01,SO,0.01875147913535706
combined_hrp,2023-10-02,SO,0.015436934262442649
combined_hrp,2023-11-01,SO,0.01994724752468461
combined_hrp,2023-12-01,SO,0.01714277978872943
combined_hrp,2021-01-04,T,0.024874963946642435
combined_hrp,2021-02-01,T,0.02210021170568514
combined_hrp,2021-03-01,T,0.02128321015776418
combined_hrp,2021-04-01,T,0.019887845942953904
combined_hrp,2021-05-03,T,0.02854929003863218
combined_hrp,2021-06-01,T,0.02974072256614288
combined_hrp,2021-07-01,T,0.058663414915383225
combined_hrp,2021-08-02,T,0.0377953941564303
combined_hrp,2021-09-01,T,0.02866952811893493
combined_hrp,2021-10-01,T,0.030163129586388632
combined_hrp,2021-11-01,T,0.03137133856184909
combined_hrp,2021-12-01,T,0.03597533121965272
combined_hrp,2022-01-03,T,0.03264446503703967
combined_hrp,2022-02-01,T,0.024866582041567883
combined_hrp,2022-03-01,T,0.020631596982723144
combined_hrp,2022-04-01,T,0.026684872280319728
combined_hrp,2022-05-02,T,0.014062543549713253
combined_hrp,2022-06-01,T,0.021640144352307156
combined_hrp,2022-07-01,T,0.035470005097541654
combined_hrp,2022-08-01,T,0.02699700538020569
combined_hrp,2022-09-01,T,0.02314508730762029
combined_hrp,2022-10-03,T,0.03372964813597336
combined_hrp,2022-11-01,T,0.03306628597251991
combined_hrp,2022-12-01,T,0.037896111205036664
combined_hrp,2023-01-03,T,0.04231747117794761
combined_hrp,2023-02-01,T,0.04792769548513194
combined_hrp,2023-03-01,T,0.04877095885969233
combined_hrp,2023-04-03,T,0.05014118807308324
combined_hrp,2023-05-01,T,0.029776853610441256
combined_hrp,2023-06-01,T,0.026959818867180164
combined_hrp,2023-07-03,T,0.03295246253466573
combined_hrp,2023-08-01,T,0.03163253494037719
combined_hrp,2023-09-01,T,0.03336265081965345
combined_hrp,2023-10-02,T,0.040649823354499626
combined_hrp,2023-11-01,T,0.03796253328053104
combined_hrp,2023-12-01,T,0.022923393225851737
combined_hrp,2021-01-04,TMUS,0.03706201826470126
combined_hrp,2021-02-01,TMUS,0.036264669974368655
combined_hrp,2021-03-01,TMUS,0.024671121513061483
combined_hrp,2021-04-01,TMUS,0.04406838203063846
combined_hrp,2021-05-03,TMUS,0.02077331790006644
combined_hrp,2021-06-01,TMUS,0.02225211898821952
combined_hrp,2021-07-01,TMUS,0.022763635821820644
combined_hrp,2021-08-02,TMUS,0.026874530266093283
combined_hrp,2021-09-01,TMUS,0.03405887950816986
combined_hrp,2021-10-01,TMUS,0.02436548112829563
combined_hrp,2021-11-01,TMUS,0.025133318249083367
combined_hrp,2021-12-01,TMUS,0.024509036310847398
combined_hrp,2022-01-03,TMUS,0.023440214771289568
combined_hrp,2022-02-01,TMUS,0.021602249888437848
combined_hrp,2022-03-01,TMUS,0.018668925762686944
combined_hrp,2022-04-01,TMUS,0.03253559198879389
combined_hrp,2022-05-02,TMUS,0.020575714037346367
combined_hrp,2022-06-01,TMUS,0.02602252314956301
combined_hrp,2022-07-01,TMUS,0.024898984907667926
combined_hrp,2022-08-01,TMUS,0.02191550504001874
combined_hrp,2022-09-01,TMUS,0.018998130145596686
combined_hrp,2022-10-03,TMUS,0.02788539907948946
combined_hrp,2022-11-01,TMUS,0.03056078486577677
combined_hrp,2022-12-01,TMUS,0.02491071157633647
combined_hrp,2023-01-03,TMUS,0.03197814528385803
combined_hrp,2023-02-01,TMUS,0.0401154396582051
combined_hrp,2023-03-01,TMUS,0.026315120061639632
combined_hrp,2023-04-03,TMUS,0.02823387900534344
combined_hrp,2023-05-01,TMUS,0.02556181241954817
combined_hrp,2023-06-01,TMUS,0.028149783148684975
combined_hrp,2023-07-03,TMUS,0.03307340112116839
combined_hrp,2023-08-01,TMUS,0.04978583028440059
combined_hrp,2023-09-01,TMUS,0.040929015322668606
combined_hrp,2023-10-02,TMUS,0.035192186756769855
combined_hrp,2023-11-01,TMUS,0.05876084276275884
combined_hrp,2023-12-01,TMUS,0.04918152867431077
combined_hrp,2021-01-04,TTWO,0.023256038234303684
combined_hrp,2021-02-01,TTWO,0.0221481724577237
combined_hrp,2021-03-01,TTWO,0.026182979725547072
combined_hrp,2021-04-01,TTWO,0.019680964309608674
combined_hrp,2021-05-03,TTWO,0.012668786815534851
combined_hrp,2021-06-01,TTWO,0.015476379795144856
combined_hrp,2021-07-01,TTWO,0.011558876895143887
combined_hrp,2021-08-02,TTWO,0.010819360255969853
combined_hrp,2021-09-01,TTWO,0.009123515138851268
combined_hrp,2021-10-01,TTWO,0.014709137544705807
combined_hrp,2021-11-01,TTWO,0.014844424007435283
combined_hrp,2021-12-01,TTWO,0.0161704250120916
combined_hrp,2022-01-03,TTWO,0.017729597536904482
combined_hrp,2022-02-01,TTWO,0.014380647222330777
combined_hrp,2022-03-01,TTWO,0.017484923346747356
combined_hrp,2022-04-01,TTWO,0.016921224890130517
combined_hrp,2022-05-02,TTWO,0.0175454657852521
combined_hrp,2022-06-01,TTWO,0.012969637830751678
combined_hrp,2022-07-01,TTWO,0.013181340161562949
combined_hrp,2022-08-01,TTWO,0.014129760110658097
combined_hrp,2022-09-01,TTWO,0.012999804689760083
combined_hrp,2022-10-03,TTWO,0.012362817930806902
combined_hrp,2022-11-01,TTWO,0.01568410204170155
combined_hrp,2022-12-01,TTWO,0.012537515072730841
combined_hrp,2023-01-03,TTWO,0.011235902667777438
combined_hrp,2023-02-01,TTWO,0.014814867019408292
combined_hrp,2023-03-01,TTWO,0.015766980140000796
combined_hrp,2023-04-03,TTWO,0.017383485511409207
combined_hrp,2023-05-01,TTWO,0.018787961080138655
combined_hrp,2023-06-01,TTWO,0.016626931076458174
combined_hrp,2023-07-03,TTWO,0.02117773677864512
combined_hrp,2023-08-01,TTWO,0.019773305048938844
combined_hrp,2023-09-01,TTWO,0.017158298999420358
combined_hrp,2023-10-02,TTWO,0.012746163572164473
combined_hrp,2023-11-01,TTWO,0.010026162215728522
combined_hrp,2023-12-01,TTWO,0.013557289017590105
combined_hrp,2021-01-04,UPS,0.036247279762275306
combined_hrp,2021-02-01,UPS,0.0374750050506063
combined_hrp,2021-03-01,UPS,0.03962693278649989
combined_hrp,2021-04-01,UPS,0.03534628590329751
combined_hrp,2021-05-03,UPS,0.020339617362390323
combined_hrp,2021-06-01,UPS,0.019519183681462608
combined_hrp,2021-07-01,UPS,0.016896683277253702
combined_hrp,2021-08-02,UPS,0.029545737186122707
combined_hrp,2021-09-01,UPS,0.03836372008810944
combined_hrp,2021-10-01,UPS,0.029829609620642707
combined_hrp,2021-11-01,UPS,0.021581767518394468
combined_hrp,2021-12-01,UPS,0.02772918204442693
combined_hrp,2022-01-03,UPS,0.022819074438173232
combined_hrp,2022-02-01,UPS,0.035921257208915355
combined_hrp,2022-03-01,UPS,0.015749190574100798
combined_hrp,2022-04-01,UPS,0.015814444278510958
combined_hrp,2022-05-02,UPS,0.027959139071927985
combined_hrp,2022-06-01,UPS,0.01834417913016288
combined_hrp,2022-07-01,UPS,0.025200394530986627
combined_hrp,2022-08-01,UPS,0.022578987439866464
combined_hrp,2022-09-01,UPS,0.019777381919519405
combined_hrp,2022-10-03,UPS,0.016074986260915823
combined_hrp,2022-11-01,UPS,0.01811476702450649
combined_hrp,2022-12-01,UPS,0.017619553173030756
combined_hrp,2023-01-03,UPS,0.016507770807367213
combined_hrp,2023-02-01,UPS,0.018609392692537252
combined_hrp,2023-03-01,UPS,0.019936734731978156
combined_hrp,2023-04-03,UPS,0.018186265928139336
combined_hrp,2023-05-01,UPS,0.022478252499141774
combined_hrp,2023-06-01,UPS,0.031532968803807813
combined_hrp,2023-07-03,UPS,0.018978593983806594
combined_hrp,2023-08-01,UPS,0.01473437437305539
combined_hrp,2023-09-01,UPS,0.016164111247071285
combined_hrp,2023-10-02,UPS,0.014341037712002165
combined_hrp,2023-11-01,UPS,0.012753123696687215
combined_hrp,2023-12-01,UPS,0.018434095701888458
combined_hrp,2021-01-04,USB,0.006500191051195726
combined_hrp,2021-02-01,USB,0.007612245787725053
combined_hrp,2021-03-01,USB,0.007205458001883186
combined_hrp,2021-04-01,USB,0.005661491800527405
combined_hrp,2021-05-03,USB,0.004419660548318788
combined_hrp,2021-06-01,USB,0.005347854872839297
combined_hrp,2021-07-01,USB,0.005864687936527739
combined_hrp,2021-08-02,USB,0.00720587296966106
combined_hrp,2021-09-01,USB,0.00626218142613737
combined_hrp,2021-10-01,USB,0.005323319163118958
combined_hrp,2021-11-01,USB,0.004975956403620808
combined_hrp,2021-12-01,USB,0.008119169450623952
combined_hrp,2022-01-03,USB,0.00791524687966439
combined_hrp,2022-02-01,USB,0.008820200057365599
combined_hrp,2022-03-01,USB,0.009210426782061906
combined_hrp,2022-04-01,USB,0.007267811290036347
combined_hrp,2022-05-02,USB,0.007913717907322067
combined_hrp,2022-06-01,USB,0.010412303209339722
combined_hrp,2022-07-01,USB,0.00954390961521039
combined_hrp,2022-08-01,USB,0.013223700220390024
combined_hrp,2022-09-01,USB,0.014615240081403103
combined_hrp,2022-10-03,USB,0.016784536429648087
combined_hrp,2022-11-01,USB,0.011158794451607798
combined_hrp,2022-12-01,USB,0.012092696270852092
combined_hrp,2023-01-03,USB,0.01511955024832235
combined_hrp,2023-02-01,USB,0.017729695284117608
combined_hrp,2023-03-01,USB,0.012583510292407125
combined_hrp,2023-04-03,USB,0.009820594278888798
combined_hrp,2023-05-01,USB,0.009707644479649481
combined_hrp,2023-06-01,USB,0.008245380370553331
combined_hrp,2023-07-03,USB,0.006865285205767617
combined_hrp,2023-08-01,USB,0.006688198247450466
combined_hrp,2023-09-01,USB,0.012333845915599743
combined_hrp,2023-10-02,USB,0.006457032422797921
combined_hrp,2023-11-01,USB,0.005610787556520394
combined_hrp,2023-12-01,USB,0.004276362059130806
combined_hrp,2021-01-04,V,0.013890602941411371
combined_hrp,2021-02-01,V,0.015210758245301065
combined_hrp,2021-03-01,V,0.014889678212560866
combined_hrp,2021-04-01,V,0.015083462606603195
combined_hrp,2021-05-03,V,0.01572447135994289
combined_hrp,2021-06-01,V,0.019528933843801242
combined_hrp,2021-07-01,V,0.025060747987503133
combined_hrp,2021-08-02,V,0.023623570639637204
combined_hrp,2021-09-01,V,0.020317483302117776
combined_hrp,2021-10-01,V,0.017360193674418538
combined_hrp,2021-11-01,V,0.012282409617404956
combined_hrp,2021-12-01,V,0.019938192183112227
combined_hrp,2022-01-03,V,0.012294551306376628
combined_hrp,2022-02-01,V,0.018088449759112463
combined_hrp,2022-03-01,V,0.019286145563246867
combined_hrp,2022-04-01,V,0.02264572043311921
combined_hrp,2022-05-02,V,0.015316202907574617
combined_hrp,2022-06-01,V,0.016114990722383052
combined_hrp,2022-07-01,V,0.014882964843413485
combined_hrp,2022-08-01,V,0.02302470641539312
combined_hrp,2022-09-01,V,0.01480064041737181
combined_hrp,2022-10-03,V,0.0139230099493267
combined_hrp,2022-11-01,V,0.020363797456882417
combined_hrp,2022-12-01,V,0.021689698612728164
combined_hrp,2023-01-03,V,0.020747643677716726
combined_hrp,2023-02-01,V,0.013637599713728145
combined_hrp,2023-03-01,V,0.013796211565254759
combined_hrp,2023-04-03,V,0.02020193666913681
combined_hrp,2023-05-01,V,0.023668130756091678
combined_hrp,2023-06-01,V,0.022544517324177615
combined_hrp,2023-07-03,V,0.028531868655248004
combined_hrp,2023-08-01,V,0.029773929653575667
combined_hrp,2023-09-01,V,0.03139428171836264
combined_hrp,2023-10-02,V,0.03276988514153784
combined_hrp,2023-11-01,V,0.025607579101856192
combined_hrp,2023-12-01,V,0.036583053573627344
combined_hrp,2021-01-04,WFC,0.0059217500393280295
combined_hrp,2021-02-01,WFC,0.006861622693086292
combined_hrp,2021-03-01,WFC,0.006386762543979345
combined_hrp,2021-04-01,WFC,0.004107613742424185
combined_hrp,2021-05-03,WFC,0.004555548890904979
combined_hrp,2021-06-01,WFC,0.005028972856830123
combined_hrp,2021-07-01,WFC,0.004948602888992911
combined_hrp,2021-08-02,WFC,0.005592240998748294
combined_hrp,2021-09-01,WFC,0.004656385180949661
combined_hrp,2021-10-01,WFC,0.0038051391162864426
combined_hrp,2021-11-01,WFC,0.003450311098632125
combined_hrp,2021-12-01,WFC,0.004955711681400852
combined_hrp,2022-01-03,WFC,0.004868320145506866
combined_hrp,2022-02-01,WFC,0.005854259546767823
combined_hrp,2022-03-01,WFC,0.008266707767572922
combined_hrp,2022-04-01,WFC,0.00463209062203965
combined_hrp,2022-05-02,WFC,0.00515131270792201
combined_hrp,2022-06-01,WFC,0.007363889840250083
combined_hrp,2022-07-01,WFC,0.006518990180164869
combined_hrp,2022-08-01,WFC,0.008866313536563699
combined_hrp,2022-09-01,WFC,0.009828835182341783
combined_hrp,2022-10-03,WFC,0.010554205565799045
combined_hrp,2022-11-01,WFC,0.008033096563453402
combined_hrp,2022-12-01,WFC,0.008584667010006668
combined_hrp,2023-01-03,WFC,0.011054935737580119
combined_hrp,2023-02-01,WFC,0.013129565333205197
combined_hrp,2023-03-01,WFC,0.009329900185391964
combined_hrp,2023-04-03,WFC,0.010817591195058663
combined_hrp,2023-05-01,WFC,0.011232896951023245
combined_hrp,2023-06-01,WFC,0.01147293109496808
combined_hrp,2023-07-03,WFC,0.01030910348865053
combined_hrp,2023-08-01,WFC,0.010791398852885298
combined_hrp,2023-09-01,WFC,0.012460997881830782
combined_hrp,2023-10-02,WFC,0.00977400386534402
combined_hrp,2023-11-01,WFC,0.010029569090869366
combined_hrp,2023-12-01,WFC,0.009602159390004706
combined_hrp,2021-01-04,WMT,0.06491725620246286
combined_hrp,2021-02-01,WMT,0.06647658715496642
combined_hrp,2021-03-01,WMT,0.06243968678612015
combined_hrp,2021-04-01,WMT,0.07707820806168705
combined_hrp,2021-05-03,WMT,0.09581111107720462
combined_hrp,2021-06-01,WMT,0.09668332365349279
combined_hrp,2021-07-01,WMT,0.05876829930788154
combined_hrp,2021-08-02,WMT,0.06272589023165281
combined_hrp,2021-09-01,WMT,0.042077573923764405
combined_hrp,2021-10-01,WMT,0.05693148420347033
combined_hrp,2021-11-01,WMT,0.05376230470032892
combined_hrp,2021-12-01,WMT,0.08575156977176263
combined_hrp,2022-01-03,WMT,0.08146131781367204
combined_hrp,2022-02-01,WMT,0.04163436265132214
combined_hrp,2022-03-01,WMT,0.053046947459542235
combined_hrp,2022-04-01,WMT,0.05400223116276589
combined_hrp,2022-05-02,WMT,0.0508038772986266
combined_hrp,2022-06-01,WMT,0.044422663217424066
combined_hrp,2022-07-01,WMT,0.045317607543802284
combined_hrp,2022-08-01,WMT,0.05026567804762586
combined_hrp,2022-09-01,WMT,0.03928109482320064
combined_hrp,2022-10-03,WMT,0.05247700749780038
combined_hrp,2022-11-01,WMT,0.03547166003781016
combined_hrp,2022-12-01,WMT,0.041663740434522895
combined_hrp,2023-01-03,WMT,0.04462071844403173
combined_hrp,2023-02-01,WMT,0.04665367191761527
combined_hrp,2023-03-01,WMT,0.04604084058342376
combined_hrp,2023-04-03,WMT,0.048845597881165395
combined_hrp,2023-05-01,WMT,0.04680412542928328
combined_hrp,2023-06-01,WMT,0.0538497060310316
combined_hrp,2023-07-03,WMT,0.05489844914386357
combined_hrp,2023-08-01,WMT,0.040825197279081196
combined_hrp,2023-09-01,WMT,0.05372328039978303
combined_hrp,2023-10-02,WMT,0.06457725376527415
combined_hrp,2023-11-01,WMT,0.07189086176820524
combined_hrp,2023-12-01,WMT,0.07740848338517438
combined_hrp,2021-01-04,XOM,0.009307454406817378
combined_hrp,2021-02-01,XOM,0.009158255324666627
combined_hrp,2021-03-01,XOM,0.010369969056279882
combined_hrp,2021-04-01,XOM,0.005122225971107935
combined_hrp,2021-05-03,XOM,0.0047393637588283005
combined_hrp,2021-06-01,XOM,0.0045277964505093535
combined_hrp,2021-07-01,XOM,0.00469330485884443
combined_hrp,2021-08-02,XOM,0.011065366598613971
combined_hrp,2021-09-01,XOM,0.004281185118831586
combined_hrp,2021-10-01,XOM,0.004468320188126029
combined_hrp,2021-11-01,XOM,0.005027951305019722
combined_hrp,2021-12-01,XOM,0.00692140007284674
combined_hrp,2022-01-03,XOM,0.00660813858949274
combined_hrp,2022-02-01,XOM,0.006896723528019334
combined_hrp,2022-03-01,XOM,0.008380642446162925
combined_hrp,2022-04-01,XOM,0.01467528780991165
combined_hrp,2022-05-02,XOM,0.009227582388510604
combined_hrp,2022-06-01,XOM,0.008335928053319725
combined_hrp,2022-07-01,XOM,0.015849121447670766
combined_hrp,2022-08-01,XOM,0.0112542257770728
combined_hrp,2022-09-01,XOM,0.011876641920172721
combined_hrp,2022-10-03,XOM,0.007908882583906351
combined_hrp,2022-11-01,XOM,0.016284032039511585
combined_hrp,2022-12-01,XOM,0.009296476427576686
combined_hrp,2023-01-03,XOM,0.012837638466306017
combined_hrp,2023-02-01,XOM,0.016349008444543938
combined_hrp,2023-03-01,XOM,0.009559928606518142
combined_hrp,2023-04-03,XOM,0.0114345907480713
combined_hrp,2023-05-01,XOM,0.021586794792051254
combined_hrp,2023-06-01,XOM,0.012159240838071338
combined_hrp,2023-07-03,XOM,0.01209309084892922
combined_hrp,2023-08-01,XOM,0.01225300904889162
combined_hrp,2023-09-01,XOM,0.016565949114797196
combined_hrp,2023-10-02,XOM,0.01180325782496834
combined_hrp,2023-11-01,XOM,0.012111818934518886
combined_hrp,2023-12-01,XOM,0.011911253884078135
combined_hrp,2021-01-04,ADA-USD,0.0037811398156368608
combined_hrp,2021-02-01,ADA-USD,0.0035743532968885014
combined_hrp,2021-03-01,ADA-USD,0.003117617112807152
combined_hrp,2021-04-01,ADA-USD,0.002831150800381351
combined_hrp,2021-05-03,ADA-USD,0.0018296957118736491
combined_hrp,2021-06-01,ADA-USD,0.0019277562293754556
combined_hrp,2021-07-01,ADA-USD,0.0012042339813169247
combined_hrp,2021-08-02,ADA-USD,0.0012723090796528357
combined_hrp,2021-09-01,ADA-USD,0.0013634964382165944
combined_hrp,2021-10-01,ADA-USD,0.0012449795239364628
combined_hrp,2021-11-01,ADA-USD,0.0012166866576729166
combined_hrp,2021-12-01,ADA-USD,0.0009452668292034279
combined_hrp,2022-01-03,ADA-USD,0.0005275337901753937
combined_hrp,2022-02-01,ADA-USD,0.0007293867373565919
combined_hrp,2022-03-01,ADA-USD,0.0011797052284611873
combined_hrp,2022-04-01,ADA-USD,0.0010930375788324035
combined_hrp,2022-05-02,ADA-USD,0.0018472187424662689
combined_hrp,2022-06-01,ADA-USD,0.0007770021830503866
combined_hrp,2022-07-01,ADA-USD,0.001876594157986849
combined_hrp,2022-08-01,ADA-USD,0.0010215229840435482
combined_hrp,2022-09-01,ADA-USD,0.0012009628922877017
combined_hrp,2022-10-03,ADA-USD,0.0014660963495795748
combined_hrp,2022-11-01,ADA-USD,0.00199827286297354
combined_hrp,2022-12-01,ADA-USD,0.0019272505690542017
combined_hrp,2023-01-03,ADA-USD,0.0016347868769104204
combined_hrp,2023-02-01,ADA-USD,0.00283102579627545
combined_hrp,2023-03-01,ADA-USD,0.00177291783821022
combined_hrp,2023-04-03,ADA-USD,0.0019504207469483073
combined_hrp,2023-05-01,ADA-USD,0.0017279408772744136
combined_hrp,2023-06-01,ADA-USD,0.0024074042522300144
combined_hrp,2023-07-03,ADA-USD,0.0034721004792711584
combined_hrp,2023-08-01,ADA-USD,0.0026030509760992084
combined_hrp,2023-09-01,ADA-USD,0.0024546352895387295
combined_hrp,2023-10-02,ADA-USD,0.0023329721754681773
combined_hrp,2023-11-01,ADA-USD,0.0022107542368113497
combined_hrp,2023-12-01,ADA-USD,0.002208868231902029
combined_hrp,2021-01-04,BCH-USD,0.004521940978823055
combined_hrp,2021-02-01,BCH-USD,0.004859601954270744
combined_hrp,2021-03-01,BCH-USD,0.004738306930131319
combined_hrp,2021-04-01,BCH-USD,0.002220101937652233
combined_hrp,2021-05-03,BCH-USD,0.003402384712401204
combined_hrp,2021-06-01,BCH-USD,0.000884261921852312
combined_hrp,2021-07-01,BCH-USD,0.0005771799054915546
combined_hrp,2021-08-02,BCH-USD,0.0005883970265041881
combined_hrp,2021-09-01,BCH-USD,0.0006268640273962218
combined_hrp,2021-10-01,BCH-USD,0.0005442972629280213
combined_hrp,2021-11-01,BCH-USD,0.00049513658065278
combined_hrp,2021-12-01,BCH-USD,0.0004090937600248354
combined_hrp,2022-01-03,BCH-USD,0.0009012656217787914
combined_hrp,2022-02-01,BCH-USD,0.0005780806711597616
combined_hrp,2022-03-01,BCH-USD,0.0007662903750878771
combined_hrp,2022-04-01,BCH-USD,0.0004898522214750316
combined_hrp,2022-05-02,BCH-USD,0.0005831867724607463
combined_hrp,2022-06-01,BCH-USD,0.001015893603588841
combined_hrp,2022-07-01,BCH-USD,0.0018265952553753895
combined_hrp,2022-08-01,BCH-USD,0.001351816400164106
combined_hrp,2022-09-01,BCH-USD,0.001234371104805506
combined_hrp,2022-10-03,BCH-USD,0.0022740042326345245
combined_hrp,2022-11-01,BCH-USD,0.004105920541670391
combined_hrp,2022-12-01,BCH-USD,0.002950616739544114
combined_hrp,2023-01-03,BCH-USD,0.0016372248275727367
combined_hrp,2023-02-01,BCH-USD,0.0025695630034345903
combined_hrp,2023-03-01,BCH-USD,0.001893350334871811
combined_hrp,2023-04-03,BCH-USD,0.0022146186214127114
combined_hrp,2023-05-01,BCH-USD,0.0020977293924615593
combined_hrp,2023-06-01,BCH-USD,0.0031489927541873686
combined_hrp,2023-07-03,BCH-USD,0.002447371889904826
combined_hrp,2023-08-01,BCH-USD,0.0019176099721241147
combined_hrp,2023-09-01,BCH-USD,0.0016685507782743033
combined_hrp,2023-10-02,BCH-USD,0.002637149511233488
combined_hrp,2023-11-01,BCH-USD,0.0019971731093162298
combined_hrp,2023-12-01,BCH-USD,0.0015721334677831487
combined_hrp,2021-01-04,BTC-USD,0.00772541518148071
combined_hrp,2021-02-01,BTC-USD,0.006958938727472256
combined_hrp,2021-03-01,BTC-USD,0.006336239497725175
combined_hrp,2021-04-01,BTC-USD,0.00618077240725935
combined_hrp,2021-05-03,BTC-USD,0.004379740406331105
combined_hrp,2021-06-01,BTC-USD,0.0029554721927800044
combined_hrp,2021-07-01,BTC-USD,0.0018525830339306965
combined_hrp,2021-08-02,BTC-USD,0.0018397094984691656
combined_hrp,2021-09-01,BTC-USD,0.0019014278190668202
combined_hrp,2021-10-01,BTC-USD,0.0015790372223127521
combined_hrp,2021-11-01,BTC-USD,0.0013893222377203806
combined_hrp,2021-12-01,BTC-USD,0.0011399308833227077
combined_hrp,2022-01-03,BTC-USD,0.0012455921480837963
combined_hrp,2022-02-01,BTC-USD,0.0016400568926301382
combined_hrp,2022-03-01,BTC-USD,0.0014536312559430904
combined_hrp,2022-04-01,BTC-USD,0.002247190812538448
combined_hrp,2022-05-02,BTC-USD,0.0017416125359988053
combined_hrp,2022-06-01,BTC-USD,0.001531041334875537
combined_hrp,2022-07-01,BTC-USD,0.0021582742640666023
combined_hrp,2022-08-01,BTC-USD,0.0020403285209667317
combined_hrp,2022-09-01,BTC-USD,0.0038964051038939524
combined_hrp,2022-10-03,BTC-USD,0.0028095030351868956
combined_hrp,2022-11-01,BTC-USD,0.004079112465356953
combined_hrp,2022-12-01,BTC-USD,0.004173222689478768
combined_hrp,2023-01-03,BTC-USD,0.0030612468923628877
combined_hrp,2023-02-01,BTC-USD,0.004370384146997289
combined_hrp,2023-03-01,BTC-USD,0.008779425399888102
combined_hrp,2023-04-03,BTC-USD,0.008731188924196122
combined_hrp,2023-05-01,BTC-USD,0.00462625527193262
combined_hrp,2023-06-01,BTC-USD,0.005115143167954172
combined_hrp,2023-07-03,BTC-USD,0.005024354275059187
combined_hrp,2023-08-01,BTC-USD,0.004868730120127494
combined_hrp,2023-09-01,BTC-USD,0.004496656680904269
combined_hrp,2023-10-02,BTC-USD,0.005554203657960417
combined_hrp,2023-11-01,BTC-USD,0.009425808964486443
combined_hrp,2023-12-01,BTC-USD,0.006764431989528653
combined_hrp,2021-01-04,EOS-USD,0.005311667959642178
combined_hrp,2021-02-01,EOS-USD,0.005529496971564711
combined_hrp,2021-03-01,EOS-USD,0.005184583799201271
combined_hrp,2021-04-01,EOS-USD,0.005152260680777657
combined_hrp,2021-05-03,EOS-USD,0.0035195311364378036
combined_hrp,2021-06-01,EOS-USD,0.0007403283075661433
combined_hrp,2021-07-01,EOS-USD,0.0004765766010133397
combined_hrp,2021-08-02,EOS-USD,0.0004764625652755909
combined_hrp,2021-09-01,EOS-USD,0.0005052790135182748
combined_hrp,2021-10-01,EOS-USD,0.00042846925629884
combined_hrp,2021-11-01,EOS-USD,0.00038939734347057494
combined_hrp,2021-12-01,EOS-USD,0.00032065984605344285
combined_hrp,2022-01-03,EOS-USD,0.0006979289693393886
combined_hrp,2022-02-01,EOS-USD,0.0004285830804364118
combined_hrp,2022-03-01,EOS-USD,0.000565961801459121
combined_hrp,2022-04-01,EOS-USD,0.0004197803329378342
combined_hrp,2022-05-02,EOS-USD,0.0004716884046372915
combined_hrp,2022-06-01,EOS-USD,0.000780055661629449
combined_hrp,2022-07-01,EOS-USD,0.0015085172733606683
combined_hrp,2022-08-01,EOS-USD,0.001241976304069497
combined_hrp,2022-09-01,EOS-USD,0.0011565230748601452
combined_hrp,2022-10-03,EOS-USD,0.002226785252157023
combined_hrp,2022-11-01,EOS-USD,0.002119763572540596
combined_hrp,2022-12-01,EOS-USD,0.0021769572278469733
combined_hrp,2023-01-03,EOS-USD,0.0015402999086162083
combined_hrp,2023-02-01,EOS-USD,0.0029123644987548414
combined_hrp,2023-03-01,EOS-USD,0.0019442705146604147
combined_hrp,2023-04-03,EOS-USD,0.002021131476575815
combined_hrp,2023-05-01,EOS-USD,0.0030552771733516533
combined_hrp,2023-06-01,EOS-USD,0.002003923261282632
combined_hrp,2023-07-03,EOS-USD,0.0018686244995105678
combined_hrp,2023-08-01,EOS-USD,0.002084613991920107
combined_hrp,2023-09-01,EOS-USD,0.0023372150677914805
combined_hrp,2023-10-02,EOS-USD,0.002561281990120909
combined_hrp,2023-11-01,EOS-USD,0.0027677318696847984
combined_hrp,2023-12-01,EOS-USD,0.002889779271098277
combined_hrp,2021-01-04,ETC-USD,0.004435274282738693
combined_hrp,2021-02-01,ETC-USD,0.00505140548342422
combined_hrp,2021-03-01,ETC-USD,0.004758566515581876
combined_hrp,2021-04-01,ETC-USD,0.002631903980999539
combined_hrp,2021-05-03,ETC-USD,0.0021252386546030747
combined_hrp,2021-06-01,ETC-USD,0.0009544977160752414
combined_hrp,2021-07-01,ETC-USD,0.0005757146667204338
combined_hrp,2021-08-02,ETC-USD,0.0005794103644479803
combined_hrp,2021-09-01,ETC-USD,0.0006124106224531597
combined_hrp,2021-10-01,ETC-USD,0.0004939034669721536
combined_hrp,2021-11-01,ETC-USD,0.0004513480505813818
combined_hrp,2021-12-01,ETC-USD,0.0003703971312690538
combined_hrp,2022-01-03,ETC-USD,0.0003872102843322617
combined_hrp,2022-02-01,ETC-USD,0.00047316050810277386
combined_hrp,2022-03-01,ETC-USD,0.0006851083354248458
combined_hrp,2022-04-01,ETC-USD,0.0005857295993368752
combined_hrp,2022-05-02,ETC-USD,0.001905635499084904
combined_hrp,2022-06-01,ETC-USD,0.0007513369773591058
combined_hrp,2022-07-01,ETC-USD,0.0027594554407414018
combined_hrp,2022-08-01,ETC-USD,0.0014609348620624942
combined_hrp,2022-09-01,ETC-USD,0.0014801355203409388
combined_hrp,2022-10-03,ETC-USD,0.0016465592847899357
combined_hrp,2022-11-01,ETC-USD,0.001529651741622818
combined_hrp,2022-12-01,ETC-USD,0.0014661982168480965
combined_hrp,2023-01-03,ETC-USD,0.0010259888225553624
combined_hrp,2023-02-01,ETC-USD,0.0016321270128314086
combined_hrp,2023-03-01,ETC-USD,0.0011601609921703853
combined_hrp,2023-04-03,ETC-USD,0.0011939415637266348
combined_hrp,2023-05-01,ETC-USD,0.001485604832738908
combined_hrp,2023-06-01,ETC-USD,0.0016703146742481018
combined_hrp,2023-07-03,ETC-USD,0.0015853439480589071
combined_hrp,2023-08-01,ETC-USD,0.0019432723076815302
combined_hrp,2023-09-01,ETC-USD,0.0019488853721000281
combined_hrp,2023-10-02,ETC-USD,0.0023509394073880923
combined_hrp,2023-11-01,ETC-USD,0.0018801652931456983
combined_hrp,2023-12-01,ETC-USD,0.003114456305239537
combined_hrp,2021-01-04,ETH-USD,0.00565518072532534
combined_hrp,2021-02-01,ETH-USD,0.005150269051524643
combined_hrp,2021-03-01,ETH-USD,0.005131200263512717
combined_hrp,2021-04-01,ETH-USD,0.0024176771935090786
combined_hrp,2021-05-03,ETH-USD,0.003137832191978494
combined_hrp,2021-06-01,ETH-USD,0.0017040776958917175
combined_hrp,2021-07-01,ETH-USD,0.0010843705686579843
combined_hrp,2021-08-02,ETH-USD,0.0010636660532675525
combined_hrp,2021-09-01,ETH-USD,0.001126011812064278
combined_hrp,2021-10-01,ETH-USD,0.0009449513485201929
combined_hrp,2021-11-01,ETH-USD,0.0008570497301125495
combined_hrp,2021-12-01,ETH-USD,0.0007018372240094327
combined_hrp,2022-01-03,ETH-USD,0.0007652017385707476
combined_hrp,2022-02-01,ETH-USD,0.000980331919714497
combined_hrp,2022-03-01,ETH-USD,0.0008334303242008319
combined_hrp,2022-04-01,ETH-USD,0.0009109713960656072
combined_hrp,2022-05-02,ETH-USD,0.0008904871381934451
combined_hrp,2022-06-01,ETH-USD,0.004784353899729869
combined_hrp,2022-07-01,ETH-USD,0.0014419430604538817
combined_hrp,2022-08-01,ETH-USD,0.0012874738883093954
combined_hrp,2022-09-01,ETH-USD,0.002347279369841902
combined_hrp,2022-10-03,ETH-USD,0.004429972513451046
combined_hrp,2022-11-01,ETH-USD,0.0024147603135536706
combined_hrp,2022-12-01,ETH-USD,0.00282141244351989
combined_hrp,2023-01-03,ETH-USD,0.0015772242107907639
combined_hrp,2023-02-01,ETH-USD,0.0038181959393098377
combined_hrp,2023-03-01,ETH-USD,0.005019068682012025
combined_hrp,2023-04-03,ETH-USD,0.0042630296692793505
combined_hrp,2023-05-01,ETH-USD,0.00376476361983138
combined_hrp,2023-06-01,ETH-USD,0.005784741677712535
combined_hrp,2023-07-03,ETH-USD,0.0029170919520685908
combined_hrp,2023-08-01,ETH-USD,0.008119136145881053
combined_hrp,2023-09-01,ETH-USD,0.008751795672977737
combined_hrp,2023-10-02,ETH-USD,0.006047365245008634
combined_hrp,2023-11-01,ETH-USD,0.006666670567343705
combined_hrp,2023-12-01,ETH-USD,0.009069963089362924
combined_hrp,2021-01-04,LTC-USD,0.005458559354315448
combined_hrp,2021-02-01,LTC-USD,0.005382318055476336
combined_hrp,2021-03-01,LTC-USD,0.005138699047843527
combined_hrp,2021-04-01,LTC-USD,0.0021129149198064467
combined_hrp,2021-05-03,LTC-USD,0.006437170015243598
combined_hrp,2021-06-01,LTC-USD,0.0027386215368057176
combined_hrp,2021-07-01,LTC-USD,0.0016378627069311212
combined_hrp,2021-08-02,LTC-USD,0.001665299705697032
combined_hrp,2021-09-01,LTC-USD,0.001862558593976621
combined_hrp,2021-10-01,LTC-USD,0.0015966390193950396
combined_hrp,2021-11-01,LTC-USD,0.0015373003507174363
combined_hrp,2021-12-01,LTC-USD,0.0011694402761286866
combined_hrp,2022-01-03,LTC-USD,0.002079099781921451
combined_hrp,2022-02-01,LTC-USD,0.001974124784587718
combined_hrp,2022-03-01,LTC-USD,0.0017736413219354315
combined_hrp,2022-04-01,LTC-USD,0.0006555692670644359
combined_hrp,2022-05-02,LTC-USD,0.0009605595631436241
combined_hrp,2022-06-01,LTC-USD,0.0008534199457504925
combined_hrp,2022-07-01,LTC-USD,0.0033562383707536367
combined_hrp,2022-08-01,LTC-USD,0.0027561904227727542
combined_hrp,2022-09-01,LTC-USD,0.001169996526232195
combined_hrp,2022-10-03,LTC-USD,0.0022824357903639017
combined_hrp,2022-11-01,LTC-USD,0.002292374489369475
combined_hrp,2022-12-01,LTC-USD,0.004803557278694785
combined_hrp,2023-01-03,LTC-USD,0.005693943265425045
combined_hrp,2023-02-01,LTC-USD,0.0021243536022094956
combined_hrp,2023-03-01,LTC-USD,0.0019214839877201265
combined_hrp,2023-04-03,LTC-USD,0.0020055838011277713
combined_hrp,2023-05-01,LTC-USD,0.0033518278910344168
combined_hrp,2023-06-01,LTC-USD,0.002270194454275962
combined_hrp,2023-07-03,LTC-USD,0.001966718764942479
combined_hrp,2023-08-01,LTC-USD,0.0023285258804964727
combined_hrp,2023-09-01,LTC-USD,0.0018999314086868677
combined_hrp,2023-10-02,LTC-USD,0.003085753886370014
combined_hrp,2023-11-01,LTC-USD,0.002220715256923971
combined_hrp,2023-12-01,LTC-USD,0.002266882313660066
combined_hrp,2021-01-04,TRX-USD,0.007223730662726323
combined_hrp,2021-02-01,TRX-USD,0.007900082530994267
combined_hrp,2021-03-01,TRX-USD,0.004485007159388106
combined_hrp,2021-04-01,TRX-USD,0.0027277092291861965
combined_hrp,2021-05-03,TRX-USD,0.0028351482279187915
combined_hrp,2021-06-01,TRX-USD,0.0012599047279943719
combined_hrp,2021-07-01,TRX-USD,0.0007864346947049844
combined_hrp,2021-08-02,TRX-USD,0.0007943773642500331
combined_hrp,2021-09-01,TRX-USD,0.0008751871776477943
combined_hrp,2021-10-01,TRX-USD,0.0007316528456316864
combined_hrp,2021-11-01,TRX-USD,0.0006662249645178336
combined_hrp,2021-12-01,TRX-USD,0.0005386548346671522
combined_hrp,2022-01-03,TRX-USD,0.0005703478025244062
combined_hrp,2022-02-01,TRX-USD,0.0012542764339750962
combined_hrp,2022-03-01,TRX-USD,0.001738150172097873
combined_hrp,2022-04-01,TRX-USD,0.0011057001736288399
combined_hrp,2022-05-02,TRX-USD,0.0022202369804179916
combined_hrp,2022-06-01,TRX-USD,0.0034761261481563986
combined_hrp,2022-07-01,TRX-USD,0.0024764733266068382
combined_hrp,2022-08-01,TRX-USD,0.002374890802782618
combined_hrp,2022-09-01,TRX-USD,0.00410649423808287
combined_hrp,2022-10-03,TRX-USD,0.00553960264648407
combined_hrp,2022-11-01,TRX-USD,0.006429939408900026
combined_hrp,2022-12-01,TRX-USD,0.003924928419390186
combined_hrp,2023-01-03,TRX-USD,0.007084207147932249
combined_hrp,2023-02-01,TRX-USD,0.0052616455158227575
combined_hrp,2023-03-01,TRX-USD,0.003565505297652668
combined_hrp,2023-04-03,TRX-USD,0.0034509961859074253
combined_hrp,2023-05-01,TRX-USD,0.008727637137186972
combined_hrp,2023-06-01,TRX-USD,0.01131737106022867
combined_hrp,2023-07-03,TRX-USD,0.009690007397076776
combined_hrp,2023-08-01,TRX-USD,0.015801760438495398
combined_hrp,2023-09-01,TRX-USD,0.01402712893521827
combined_hrp,2023-10-02,TRX-USD,0.014158200817602034
combined_hrp,2023-11-01,TRX-USD,0.007753385218164372
combined_hrp,2023-12-01,TRX-USD,0.008671113302369431
combined_hrp,2021-01-04,XLM-USD,0.004911749520004834
combined_hrp,2021-02-01,XLM-USD,0.003392770558295101
combined_hrp,2021-03-01,XLM-USD,0.003194196846100723
combined_hrp,2021-04-01,XLM-USD,0.0026632563469990073
combined_hrp,2021-05-03,XLM-USD,0.0009069233127750089
combined_hrp,2021-06-01,XLM-USD,0.001991937432749948
combined_hrp,2021-07-01,XLM-USD,0.0012217638919656216
combined_hrp,2021-08-02,XLM-USD,0.0012661284994421895
combined_hrp,2021-09-01,XLM-USD,0.001427449313760615
combined_hrp,2021-10-01,XLM-USD,0.0012471341891488008
combined_hrp,2021-11-01,XLM-USD,0.0012025993636411375
combined_hrp,2021-12-01,XLM-USD,0.0011121374274986287
combined_hrp,2022-01-03,XLM-USD,0.0004155746565222044
combined_hrp,2022-02-01,XLM-USD,0.0007373388180945891
combined_hrp,2022-03-01,XLM-USD,0.0006494233113515632
combined_hrp,2022-04-01,XLM-USD,0.0010771170321670937
combined_hrp,2022-05-02,XLM-USD,0.001032738572677806
combined_hrp,2022-06-01,XLM-USD,0.0009010275140386452
combined_hrp,2022-07-01,XLM-USD,0.001368089793029982
combined_hrp,2022-08-01,XLM-USD,0.0026310952716898624
combined_hrp,2022-09-01,XLM-USD,0.0014198643985591814
combined_hrp,2022-10-03,XLM-USD,0.001856777229130947
combined_hrp,2022-11-01,XLM-USD,0.004421755037627163
combined_hrp,2022-12-01,XLM-USD,0.0026360604500518807
combined_hrp,2023-01-03,XLM-USD,0.0020909102989464697
combined_hrp,2023-02-01,XLM-USD,0.004892346077795082
combined_hrp,2023-03-01,XLM-USD,0.002562203292347693
combined_hrp,2023-04-03,XLM-USD,0.002589237182582785
combined_hrp,2023-05-01,XLM-USD,0.002403828369500687
combined_hrp,2023-06-01,XLM-USD,0.0030307864741707384
combined_hrp,2023-07-03,XLM-USD,0.0030230066156839612
combined_hrp,2023-08-01,XLM-USD,0.0016270667245231786
combined_hrp,2023-09-01,XLM-USD,0.0013991375259205878
combined_hrp,2023-10-02,XLM-USD,0.0011646378381430663
combined_hrp,2023-11-01,XLM-USD,0.0015601446856982522
combined_hrp,2023-12-01,XLM-USD,0.0012871471782223412
combined_hrp,2021-01-04,XRP-USD,0.003458546483655263
combined_hrp,2021-02-01,XRP-USD,0.003468075496974592
combined_hrp,2021-03-01,XRP-USD,0.004822932322611382
combined_hrp,2021-04-01,XRP-USD,0.002841359864149857
combined_hrp,2021-05-03,XRP-USD,0.0012743466065886463
combined_hrp,2021-06-01,XRP-USD,0.001329894995224703
combined_hrp,2021-07-01,XRP-USD,0.000848054952503677
combined_hrp,2021-08-02,XRP-USD,0.0008570955926664791
combined_hrp,2021-09-01,XRP-USD,0.0008865100750712462
combined_hrp,2021-10-01,XRP-USD,0.0007407587710001761
combined_hrp,2021-11-01,XRP-USD,0.0006780106683842327
combined_hrp,2021-12-01,XRP-USD,0.0005971893435630895
combined_hrp,2022-01-03,XRP-USD,0.0007783965570645782
combined_hrp,2022-02-01,XRP-USD,0.0005339278959792174
combined_hrp,2022-03-01,XRP-USD,0.00044799237837581785
combined_hrp,2022-04-01,XRP-USD,0.0007582043409056489
combined_hrp,2022-05-02,XRP-USD,0.0015570835682774562
combined_hrp,2022-06-01,XRP-USD,0.0007927053340889929
combined_hrp,2022-07-01,XRP-USD,0.0012525483821622487
combined_hrp,2022-08-01,XRP-USD,0.0012695646711319041
combined_hrp,2022-09-01,XRP-USD,0.001443188449178166
combined_hrp,2022-10-03,XRP-USD,0.0018380600204451999
combined_hrp,2022-11-01,XRP-USD,0.0037838542781290074
combined_hrp,2022-12-01,XRP-USD,0.004035344601439236
combined_hrp,2023-01-03,XRP-USD,0.0016230373990158966
combined_hrp,2023-02-01,XRP-USD,0.002101441790008175
combined_hrp,2023-03-01,XRP-USD,0.0023757824728618125
combined_hrp,2023-04-03,XRP-USD,0.0019381921905289399
combined_hrp,2023-05-01,XRP-USD,0.0018761519645149691
combined_hrp,2023-06-01,XRP-USD,0.002873684193576357
combined_hrp,2023-07-03,XRP-USD,0.0020818249877549346
combined_hrp,2023-08-01,XRP-USD,0.0010957896275994462
combined_hrp,2023-09-01,XRP-USD,0.0009678989684936993
combined_hrp,2023-10-02,XRP-USD,0.0008776654009546672
combined_hrp,2023-11-01,XRP-USD,0.0010207744882533177
combined_hrp,2023-12-01,XRP-USD,0.0008709632620981539
equity_equal_weight,2021-01-04,ABBV,0.02
equity_equal_weight,2021-02-01,ABBV,0.02
equity_equal_weight,2021-03-01,ABBV,0.02
equity_equal_weight,2021-04-01,ABBV,0.02
equity_equal_weight,2021-05-03,ABBV,0.02
equity_equal_weight,2021-06-01,ABBV,0.02
equity_equal_weight,2021-07-01,ABBV,0.02
equity_equal_weight,2021-08-02,ABBV,0.02
equity_equal_weight,2021-09-01,ABBV,0.02
equity_equal_weight,2021-10-01,ABBV,0.02
equity_equal_weight,2021-11-01,ABBV,0.02
equity_equal_weight,2021-12-01,ABBV,0.02
equity_equal_weight,2022-01-03,ABBV,0.02
equity_equal_weight,2022-02-01,ABBV,0.02
equity_equal_weight,2022-03-01,ABBV,0.02
equity_equal_weight,2022-04-01,ABBV,0.02
equity_equal_weight,2022-05-02,ABBV,0.02
equity_equal_weight,2022-06-01,ABBV,0.02
equity_equal_weight,2022-07-01,ABBV,0.02
equity_equal_weight,2022-08-01,ABBV,0.02
equity_equal_weight,2022-09-01,ABBV,0.02
equity_equal_weight,2022-10-03,ABBV,0.02
equity_equal_weight,2022-11-01,ABBV,0.02
equity_equal_weight,2022-12-01,ABBV,0.02
equity_equal_weight,2023-01-03,ABBV,0.02
equity_equal_weight,2023-02-01,ABBV,0.02
equity_equal_weight,2023-03-01,ABBV,0.02
equity_equal_weight,2023-04-03,ABBV,0.02
equity_equal_weight,2023-05-01,ABBV,0.02
equity_equal_weight,2023-06-01,ABBV,0.02
equity_equal_weight,2023-07-03,ABBV,0.02
equity_equal_weight,2023-08-01,ABBV,0.02
equity_equal_weight,2023-09-01,ABBV,0.02
equity_equal_weight,2023-10-02,ABBV,0.02
equity_equal_weight,2023-11-01,ABBV,0.02
equity_equal_weight,2023-12-01,ABBV,0.02
equity_equal_weight,2021-01-04,ABT,0.02
equity_equal_weight,2021-02-01,ABT,0.02
equity_equal_weight,2021-03-01,ABT,0.02
equity_equal_weight,2021-04-01,ABT,0.02
equity_equal_weight,2021-05-03,ABT,0.02
equity_equal_weight,2021-06-01,ABT,0.02
equity_equal_weight,2021-07-01,ABT,0.02
equity_equal_weight,2021-08-02,ABT,0.02
equity_equal_weight,2021-09-01,ABT,0.02
equity_equal_weight,2021-10-01,ABT,0.02
equity_equal_weight,2021-11-01,ABT,0.02
equity_equal_weight,2021-12-01,ABT,0.02
equity_equal_weight,2022-01-03,ABT,0.02
equity_equal_weight,2022-02-01,ABT,0.02
equity_equal_weight,2022-03-01,ABT,0.02
equity_equal_weight,2022-04-01,ABT,0.02
equity_equal_weight,2022-05-02,ABT,0.02
equity_equal_weight,2022-06-01,ABT,0.02
equity_equal_weight,2022-07-01,ABT,0.02
equity_equal_weight,2022-08-01,ABT,0.02
equity_equal_weight,2022-09-01,ABT,0.02
equity_equal_weight,2022-10-03,ABT,0.02
equity_equal_weight,2022-11-01,ABT,0.02
equity_equal_weight,2022-12-01,ABT,0.02
equity_equal_weight,2023-01-03,ABT,0.02
equity_equal_weight,2023-02-01,ABT,0.02
equity_equal_weight,2023-03-01,ABT,0.02
equity_equal_weight,2023-04-03,ABT,0.02
equity_equal_weight,2023-05-01,ABT,0.02
equity_equal_weight,2023-06-01,ABT,0.02
equity_equal_weight,2023-07-03,ABT,0.02
equity_equal_weight,2023-08-01,ABT,0.02
equity_equal_weight,2023-09-01,ABT,0.02
equity_equal_weight,2023-10-02,ABT,0.02
equity_equal_weight,2023-11-01,ABT,0.02
equity_equal_weight,2023-12-01,ABT,0.02
equity_equal_weight,2021-01-04,ADBE,0.02
equity_equal_weight,2021-02-01,ADBE,0.02
equity_equal_weight,2021-03-01,ADBE,0.02
equity_equal_weight,2021-04-01,ADBE,0.02
equity_equal_weight,2021-05-03,ADBE,0.02
equity_equal_weight,2021-06-01,ADBE,0.02
equity_equal_weight,2021-07-01,ADBE,0.02
equity_equal_weight,2021-08-02,ADBE,0.02
equity_equal_weight,2021-09-01,ADBE,0.02
equity_equal_weight,2021-10-01,ADBE,0.02
equity_equal_weight,2021-11-01,ADBE,0.02
equity_equal_weight,2021-12-01,ADBE,0.02
equity_equal_weight,2022-01-03,ADBE,0.02
equity_equal_weight,2022-02-01,ADBE,0.02
equity_equal_weight,2022-03-01,ADBE,0.02
equity_equal_weight,2022-04-01,ADBE,0.02
equity_equal_weight,2022-05-02,ADBE,0.02
equity_equal_weight,2022-06-01,ADBE,0.02
equity_equal_weight,2022-07-01,ADBE,0.02
equity_equal_weight,2022-08-01,ADBE,0.02
equity_equal_weight,2022-09-01,ADBE,0.02
equity_equal_weight,2022-10-03,ADBE,0.02
equity_equal_weight,2022-11-01,ADBE,0.02
equity_equal_weight,2022-12-01,ADBE,0.02
equity_equal_weight,2023-01-03,ADBE,0.02
equity_equal_weight,2023-02-01,ADBE,0.02
equity_equal_weight,2023-03-01,ADBE,0.02
equity_equal_weight,2023-04-03,ADBE,0.02
equity_equal_weight,2023-05-01,ADBE,0.02
equity_equal_weight,2023-06-01,ADBE,0.02
equity_equal_weight,2023-07-03,ADBE,0.02
equity_equal_weight,2023-08-01,ADBE,0.02
equity_equal_weight,2023-09-01,ADBE,0.02
equity_equal_weight,2023-10-02,ADBE,0.02
equity_equal_weight,2023-11-01,ADBE,0.02
equity_equal_weight,2023-12-01,ADBE,0.02
equity_equal_weight,2021-01-04,AEP,0.02
equity_equal_weight,2021-02-01,AEP,0.02
equity_equal_weight,2021-03-01,AEP,0.02
equity_equal_weight,2021-04-01,AEP,0.02
equity_equal_weight,2021-05-03,AEP,0.02
equity_equal_weight,2021-06-01,AEP,0.02
equity_equal_weight,2021-07-01,AEP,0.02
equity_equal_weight,2021-08-02,AEP,0.02
equity_equal_weight,2021-09-01,AEP,0.02
equity_equal_weight,2021-10-01,AEP,0.02
equity_equal_weight,2021-11-01,AEP,0.02
equity_equal_weight,2021-12-01,AEP,0.02
equity_equal_weight,2022-01-03,AEP,0.02
equity_equal_weight,2022-02-01,AEP,0.02
equity_equal_weight,2022-03-01,AEP,0.02
equity_equal_weight,2022-04-01,AEP,0.02
equity_equal_weight,2022-05-02,AEP,0.02
equity_equal_weight,2022-06-01,AEP,0.02
equity_equal_weight,2022-07-01,AEP,0.02
equity_equal_weight,2022-08-01,AEP,0.02
equity_equal_weight,2022-09-01,AEP,0.02
equity_equal_weight,2022-10-03,AEP,0.02
equity_equal_weight,2022-11-01,AEP,0.02
equity_equal_weight,2022-12-01,AEP,0.02
equity_equal_weight,2023-01-03,AEP,0.02
equity_equal_weight,2023-02-01,AEP,0.02
equity_equal_weight,2023-03-01,AEP,0.02
equity_equal_weight,2023-04-03,AEP,0.02
equity_equal_weight,2023-05-01,AEP,0.02
equity_equal_weight,2023-06-01,AEP,0.02
equity_equal_weight,2023-07-03,AEP,0.02
equity_equal_weight,2023-08-01,AEP,0.02
equity_equal_weight,2023-09-01,AEP,0.02
equity_equal_weight,2023-10-02,AEP,0.02
equity_equal_weight,2023-11-01,AEP,0.02
equity_equal_weight,2023-12-01,AEP,0.02
equity_equal_weight,2021-01-04,AMD,0.02
equity_equal_weight,2021-02-01,AMD,0.02
equity_equal_weight,2021-03-01,AMD,0.02
equity_equal_weight,2021-04-01,AMD,0.02
equity_equal_weight,2021-05-03,AMD,0.02
equity_equal_weight,2021-06-01,AMD,0.02
equity_equal_weight,2021-07-01,AMD,0.02
equity_equal_weight,2021-08-02,AMD,0.02
equity_equal_weight,2021-09-01,AMD,0.02
equity_equal_weight,2021-10-01,AMD,0.02
equity_equal_weight,2021-11-01,AMD,0.02
equity_equal_weight,2021-12-01,AMD,0.02
equity_equal_weight,2022-01-03,AMD,0.02
equity_equal_weight,2022-02-01,AMD,0.02
equity_equal_weight,2022-03-01,AMD,0.02
equity_equal_weight,2022-04-01,AMD,0.02
equity_equal_weight,2022-05-02,AMD,0.02
equity_equal_weight,2022-06-01,AMD,0.02
equity_equal_weight,2022-07-01,AMD,0.02
equity_equal_weight,2022-08-01,AMD,0.02
equity_equal_weight,2022-09-01,AMD,0.02
equity_equal_weight,2022-10-03,AMD,0.02
equity_equal_weight,2022-11-01,AMD,0.02
equity_equal_weight,2022-12-01,AMD,0.02
equity_equal_weight,2023-01-03,AMD,0.02
equity_equal_weight,2023-02-01,AMD,0.02
equity_equal_weight,2023-03-01,AMD,0.02
equity_equal_weight,2023-04-03,AMD,0.02
equity_equal_weight,2023-05-01,AMD,0.02
equity_equal_weight,2023-06-01,AMD,0.02
equity_equal_weight,2023-07-03,AMD,0.02
equity_equal_weight,2023-08-01,AMD,0.02
equity_equal_weight,2023-09-01,AMD,0.02
equity_equal_weight,2023-10-02,AMD,0.02
equity_equal_weight,2023-11-01,AMD,0.02
equity_equal_weight,2023-12-01,AMD,0.02
equity_equal_weight,2021-01-04,AMGN,0.02
equity_equal_weight,2021-02-01,AMGN,0.02
equity_equal_weight,2021-03-01,AMGN,0.02
equity_equal_weight,2021-04-01,AMGN,0.02
equity_equal_weight,2021-05-03,AMGN,0.02
equity_equal_weight,2021-06-01,AMGN,0.02
equity_equal_weight,2021-07-01,AMGN,0.02
equity_equal_weight,2021-08-02,AMGN,0.02
equity_equal_weight,2021-09-01,AMGN,0.02
equity_equal_weight,2021-10-01,AMGN,0.02
equity_equal_weight,2021-11-01,AMGN,0.02
equity_equal_weight,2021-12-01,AMGN,0.02
equity_equal_weight,2022-01-03,AMGN,0.02
equity_equal_weight,2022-02-01,AMGN,0.02
equity_equal_weight,2022-03-01,AMGN,0.02
equity_equal_weight,2022-04-01,AMGN,0.02
equity_equal_weight,2022-05-02,AMGN,0.02
equity_equal_weight,2022-06-01,AMGN,0.02
equity_equal_weight,2022-07-01,AMGN,0.02
equity_equal_weight,2022-08-01,AMGN,0.02
equity_equal_weight,2022-09-01,AMGN,0.02
equity_equal_weight,2022-10-03,AMGN,0.02
equity_equal_weight,2022-11-01,AMGN,0.02
equity_equal_weight,2022-12-01,AMGN,0.02
equity_equal_weight,2023-01-03,AMGN,0.02
equity_equal_weight,2023-02-01,AMGN,0.02
equity_equal_weight,2023-03-01,AMGN,0.02
equity_equal_weight,2023-04-03,AMGN,0.02
equity_equal_weight,2023-05-01,AMGN,0.02
equity_equal_weight,2023-06-01,AMGN,0.02
equity_equal_weight,2023-07-03,AMGN,0.02
equity_equal_weight,2023-08-01,AMGN,0.02
equity_equal_weight,2023-09-01,AMGN,0.02
equity_equal_weight,2023-10-02,AMGN,0.02
equity_equal_weight,2023-11-01,AMGN,0.02
equity_equal_weight,2023-12-01,AMGN,0.02
equity_equal_weight,2021-01-04,AMT,0.02
equity_equal_weight,2021-02-01,AMT,0.02
equity_equal_weight,2021-03-01,AMT,0.02
equity_equal_weight,2021-04-01,AMT,0.02
equity_equal_weight,2021-05-03,AMT,0.02
equity_equal_weight,2021-06-01,AMT,0.02
equity_equal_weight,2021-07-01,AMT,0.02
equity_equal_weight,2021-08-02,AMT,0.02
equity_equal_weight,2021-09-01,AMT,0.02
equity_equal_weight,2021-10-01,AMT,0.02
equity_equal_weight,2021-11-01,AMT,0.02
equity_equal_weight,2021-12-01,AMT,0.02
equity_equal_weight,2022-01-03,AMT,0.02
equity_equal_weight,2022-02-01,AMT,0.02
equity_equal_weight,2022-03-01,AMT,0.02
equity_equal_weight,2022-04-01,AMT,0.02
equity_equal_weight,2022-05-02,AMT,0.02
equity_equal_weight,2022-06-01,AMT,0.02
equity_equal_weight,2022-07-01,AMT,0.02
equity_equal_weight,2022-08-01,AMT,0.02
equity_equal_weight,2022-09-01,AMT,0.02
equity_equal_weight,2022-10-03,AMT,0.02
equity_equal_weight,2022-11-01,AMT,0.02
equity_equal_weight,2022-12-01,AMT,0.02
equity_equal_weight,2023-01-03,AMT,0.02
equity_equal_weight,2023-02-01,AMT,0.02
equity_equal_weight,2023-03-01,AMT,0.02
equity_equal_weight,2023-04-03,AMT,0.02
equity_equal_weight,2023-05-01,AMT,0.02
equity_equal_weight,2023-06-01,AMT,0.02
equity_equal_weight,2023-07-03,AMT,0.02
equity_equal_weight,2023-08-01,AMT,0.02
equity_equal_weight,2023-09-01,AMT,0.02
equity_equal_weight,2023-10-02,AMT,0.02
equity_equal_weight,2023-11-01,AMT,0.02
equity_equal_weight,2023-12-01,AMT,0.02
equity_equal_weight,2021-01-04,BA,0.02
equity_equal_weight,2021-02-01,BA,0.02
equity_equal_weight,2021-03-01,BA,0.02
equity_equal_weight,2021-04-01,BA,0.02
equity_equal_weight,2021-05-03,BA,0.02
equity_equal_weight,2021-06-01,BA,0.02
equity_equal_weight,2021-07-01,BA,0.02
equity_equal_weight,2021-08-02,BA,0.02
equity_equal_weight,2021-09-01,BA,0.02
equity_equal_weight,2021-10-01,BA,0.02
equity_equal_weight,2021-11-01,BA,0.02
equity_equal_weight,2021-12-01,BA,0.02
equity_equal_weight,2022-01-03,BA,0.02
equity_equal_weight,2022-02-01,BA,0.02
equity_equal_weight,2022-03-01,BA,0.02
equity_equal_weight,2022-04-01,BA,0.02
equity_equal_weight,2022-05-02,BA,0.02
equity_equal_weight,2022-06-01,BA,0.02
equity_equal_weight,2022-07-01,BA,0.02
equity_equal_weight,2022-08-01,BA,0.02
equity_equal_weight,2022-09-01,BA,0.02
equity_equal_weight,2022-10-03,BA,0.02
equity_equal_weight,2022-11-01,BA,0.02
equity_equal_weight,2022-12-01,BA,0.02
equity_equal_weight,2023-01-03,BA,0.02
equity_equal_weight,2023-02-01,BA,0.02
equity_equal_weight,2023-03-01,BA,0.02
equity_equal_weight,2023-04-03,BA,0.02
equity_equal_weight,2023-05-01,BA,0.02
equity_equal_weight,2023-06-01,BA,0.02
equity_equal_weight,2023-07-03,BA,0.02
equity_equal_weight,2023-08-01,BA,0.02
equity_equal_weight,2023-09-01,BA,0.02
equity_equal_weight,2023-10-02,BA,0.02
equity_equal_weight,2023-11-01,BA,0.02
equity_equal_weight,2023-12-01,BA,0.02
equity_equal_weight,2021-01-04,CAT,0.02
equity_equal_weight,2021-02-01,CAT,0.02
equity_equal_weight,2021-03-01,CAT,0.02
equity_equal_weight,2021-04-01,CAT,0.02
equity_equal_weight,2021-05-03,CAT,0.02
equity_equal_weight,2021-06-01,CAT,0.02
equity_equal_weight,2021-07-01,CAT,0.02
equity_equal_weight,2021-08-02,CAT,0.02
equity_equal_weight,2021-09-01,CAT,0.02
equity_equal_weight,2021-10-01,CAT,0.02
equity_equal_weight,2021-11-01,CAT,0.02
equity_equal_weight,2021-12-01,CAT,0.02
equity_equal_weight,2022-01-03,CAT,0.02
equity_equal_weight,2022-02-01,CAT,0.02
equity_equal_weight,2022-03-01,CAT,0.02
equity_equal_weight,2022-04-01,CAT,0.02
equity_equal_weight,2022-05-02,CAT,0.02
equity_equal_weight,2022-06-01,CAT,0.02
equity_equal_weight,2022-07-01,CAT,0.02
equity_equal_weight,2022-08-01,CAT,0.02
equity_equal_weight,2022-09-01,CAT,0.02
equity_equal_weight,2022-10-03,CAT,0.02
equity_equal_weight,2022-11-01,CAT,0.02
equity_equal_weight,2022-12-01,CAT,0.02
equity_equal_weight,2023-01-03,CAT,0.02
equity_equal_weight,2023-02-01,CAT,0.02
equity_equal_weight,2023-03-01,CAT,0.02
equity_equal_weight,2023-04-03,CAT,0.02
equity_equal_weight,2023-05-01,CAT,0.02
equity_equal_weight,2023-06-01,CAT,0.02
equity_equal_weight,2023-07-03,CAT,0.02
equity_equal_weight,2023-08-01,CAT,0.02
equity_equal_weight,2023-09-01,CAT,0.02
equity_equal_weight,2023-10-02,CAT,0.02
equity_equal_weight,2023-11-01,CAT,0.02
equity_equal_weight,2023-12-01,CAT,0.02
equity_equal_weight,2021-01-04,CCI,0.02
equity_equal_weight,2021-02-01,CCI,0.02
equity_equal_weight,2021-03-01,CCI,0.02
equity_equal_weight,2021-04-01,CCI,0.02
equity_equal_weight,2021-05-03,CCI,0.02
equity_equal_weight,2021-06-01,CCI,0.02
equity_equal_weight,2021-07-01,CCI,0.02
equity_equal_weight,2021-08-02,CCI,0.02
equity_equal_weight,2021-09-01,CCI,0.02
equity_equal_weight,2021-10-01,CCI,0.02
equity_equal_weight,2021-11-01,CCI,0.02
equity_equal_weight,2021-12-01,CCI,0.02
equity_equal_weight,2022-01-03,CCI,0.02
equity_equal_weight,2022-02-01,CCI,0.02
equity_equal_weight,2022-03-01,CCI,0.02
equity_equal_weight,2022-04-01,CCI,0.02
equity_equal_weight,2022-05-02,CCI,0.02
equity_equal_weight,2022-06-01,CCI,0.02
equity_equal_weight,2022-07-01,CCI,0.02
equity_equal_weight,2022-08-01,CCI,0.02
equity_equal_weight,2022-09-01,CCI,0.02
equity_equal_weight,2022-10-03,CCI,0.02
equity_equal_weight,2022-11-01,CCI,0.02
equity_equal_weight,2022-12-01,CCI,0.02
equity_equal_weight,2023-01-03,CCI,0.02
equity_equal_weight,2023-02-01,CCI,0.02
equity_equal_weight,2023-03-01,CCI,0.02
equity_equal_weight,2023-04-03,CCI,0.02
equity_equal_weight,2023-05-01,CCI,0.02
equity_equal_weight,2023-06-01,CCI,0.02
equity_equal_weight,2023-07-03,CCI,0.02
equity_equal_weight,2023-08-01,CCI,0.02
equity_equal_weight,2023-09-01,CCI,0.02
equity_equal_weight,2023-10-02,CCI,0.02
equity_equal_weight,2023-11-01,CCI,0.02
equity_equal_weight,2023-12-01,CCI,0.02
equity_equal_weight,2021-01-04,CMCSA,0.02
equity_equal_weight,2021-02-01,CMCSA,0.02
equity_equal_weight,2021-03-01,CMCSA,0.02
equity_equal_weight,2021-04-01,CMCSA,0.02
equity_equal_weight,2021-05-03,CMCSA,0.02
equity_equal_weight,2021-06-01,CMCSA,0.02
equity_equal_weight,2021-07-01,CMCSA,0.02
equity_equal_weight,2021-08-02,CMCSA,0.02
equity_equal_weight,2021-09-01,CMCSA,0.02
equity_equal_weight,2021-10-01,CMCSA,0.02
equity_equal_weight,2021-11-01,CMCSA,0.02
equity_equal_weight,2021-12-01,CMCSA,0.02
equity_equal_weight,2022-01-03,CMCSA,0.02
equity_equal_weight,2022-02-01,CMCSA,0.02
equity_equal_weight,2022-03-01,CMCSA,0.02
equity_equal_weight,2022-04-01,CMCSA,0.02
equity_equal_weight,2022-05-02,CMCSA,0.02
equity_equal_weight,2022-06-01,CMCSA,0.02
equity_equal_weight,2022-07-01,CMCSA,0.02
equity_equal_weight,2022-08-01,CMCSA,0.02
equity_equal_weight,2022-09-01,CMCSA,0.02
equity_equal_weight,2022-10-03,CMCSA,0.02
equity_equal_weight,2022-11-01,CMCSA,0.02
equity_equal_weight,2022-12-01,CMCSA,0.02
equity_equal_weight,2023-01-03,CMCSA,0.02
equity_equal_weight,2023-02-01,CMCSA,0.02
equity_equal_weight,2023-03-01,CMCSA,0.02
equity_equal_weight,2023-04-03,CMCSA,0.02
equity_equal_weight,2023-05-01,CMCSA,0.02
equity_equal_weight,2023-06-01,CMCSA,0.02
equity_equal_weight,2023-07-03,CMCSA,0.02
equity_equal_weight,2023-08-01,CMCSA,0.02
equity_equal_weight,2023-09-01,CMCSA,0.02
equity_equal_weight,2023-10-02,CMCSA,0.02
equity_equal_weight,2023-11-01,CMCSA,0.02
equity_equal_weight,2023-12-01,CMCSA,0.02
equity_equal_weight,2021-01-04,COP,0.02
equity_equal_weight,2021-02-01,COP,0.02
equity_equal_weight,2021-03-01,COP,0.02
equity_equal_weight,2021-04-01,COP,0.02
equity_equal_weight,2021-05-03,COP,0.02
equity_equal_weight,2021-06-01,COP,0.02
equity_equal_weight,2021-07-01,COP,0.02
equity_equal_weight,2021-08-02,COP,0.02
equity_equal_weight,2021-09-01,COP,0.02
equity_equal_weight,2021-10-01,COP,0.02
equity_equal_weight,2021-11-01,COP,0.02
equity_equal_weight,2021-12-01,COP,0.02
equity_equal_weight,2022-01-03,COP,0.02
equity_equal_weight,2022-02-01,COP,0.02
equity_equal_weight,2022-03-01,COP,0.02
equity_equal_weight,2022-04-01,COP,0.02
equity_equal_weight,2022-05-02,COP,0.02
equity_equal_weight,2022-06-01,COP,0.02
equity_equal_weight,2022-07-01,COP,0.02
equity_equal_weight,2022-08-01,COP,0.02
equity_equal_weight,2022-09-01,COP,0.02
equity_equal_weight,2022-10-03,COP,0.02
equity_equal_weight,2022-11-01,COP,0.02
equity_equal_weight,2022-12-01,COP,0.02
equity_equal_weight,2023-01-03,COP,0.02
equity_equal_weight,2023-02-01,COP,0.02
equity_equal_weight,2023-03-01,COP,0.02
equity_equal_weight,2023-04-03,COP,0.02
equity_equal_weight,2023-05-01,COP,0.02
equity_equal_weight,2023-06-01,COP,0.02
equity_equal_weight,2023-07-03,COP,0.02
equity_equal_weight,2023-08-01,COP,0.02
equity_equal_weight,2023-09-01,COP,0.02
equity_equal_weight,2023-10-02,COP,0.02
equity_equal_weight,2023-11-01,COP,0.02
equity_equal_weight,2023-12-01,COP,0.02
equity_equal_weight,2021-01-04,CVX,0.02
equity_equal_weight,2021-02-01,CVX,0.02
equity_equal_weight,2021-03-01,CVX,0.02
equity_equal_weight,2021-04-01,CVX,0.02
equity_equal_weight,2021-05-03,CVX,0.02
equity_equal_weight,2021-06-01,CVX,0.02
equity_equal_weight,2021-07-01,CVX,0.02
equity_equal_weight,2021-08-02,CVX,0.02
equity_equal_weight,2021-09-01,CVX,0.02
equity_equal_weight,2021-10-01,CVX,0.02
equity_equal_weight,2021-11-01,CVX,0.02
equity_equal_weight,2021-12-01,CVX,0.02
equity_equal_weight,2022-01-03,CVX,0.02
equity_equal_weight,2022-02-01,CVX,0.02
equity_equal_weight,2022-03-01,CVX,0.02
equity_equal_weight,2022-04-01,CVX,0.02
equity_equal_weight,2022-05-02,CVX,0.02
equity_equal_weight,2022-06-01,CVX,0.02
equity_equal_weight,2022-07-01,CVX,0.02
equity_equal_weight,2022-08-01,CVX,0.02
equity_equal_weight,2022-09-01,CVX,0.02
equity_equal_weight,2022-10-03,CVX,0.02
equity_equal_weight,2022-11-01,CVX,0.02
equity_equal_weight,2022-12-01,CVX,0.02
equity_equal_weight,2023-01-03,CVX,0.02
equity_equal_weight,2023-02-01,CVX,0.02
equity_equal_weight,2023-03-01,CVX,0.02
equity_equal_weight,2023-04-03,CVX,0.02
equity_equal_weight,2023-05-01,CVX,0.02
equity_equal_weight,2023-06-01,CVX,0.02
equity_equal_weight,2023-07-03,CVX,0.02
equity_equal_weight,2023-08-01,CVX,0.02
equity_equal_weight,2023-09-01,CVX,0.02
equity_equal_weight,2023-10-02,CVX,0.02
equity_equal_weight,2023-11-01,CVX,0.02
equity_equal_weight,2023-12-01,CVX,0.02
equity_equal_weight,2021-01-04,D,0.02
equity_equal_weight,2021-02-01,D,0.02
equity_equal_weight,2021-03-01,D,0.02
equity_equal_weight,2021-04-01,D,0.02
equity_equal_weight,2021-05-03,D,0.02
equity_equal_weight,2021-06-01,D,0.02
equity_equal_weight,2021-07-01,D,0.02
equity_equal_weight,2021-08-02,D,0.02
equity_equal_weight,2021-09-01,D,0.02
equity_equal_weight,2021-10-01,D,0.02
equity_equal_weight,2021-11-01,D,0.02
equity_equal_weight,2021-12-01,D,0.02
equity_equal_weight,2022-01-03,D,0.02
equity_equal_weight,2022-02-01,D,0.02
equity_equal_weight,2022-03-01,D,0.02
equity_equal_weight,2022-04-01,D,0.02
equity_equal_weight,2022-05-02,D,0.02
equity_equal_weight,2022-06-01,D,0.02
equity_equal_weight,2022-07-01,D,0.02
equity_equal_weight,2022-08-01,D,0.02
equity_equal_weight,2022-09-01,D,0.02
equity_equal_weight,2022-10-03,D,0.02
equity_equal_weight,2022-11-01,D,0.02
equity_equal_weight,2022-12-01,D,0.02
equity_equal_weight,2023-01-03,D,0.02
equity_equal_weight,2023-02-01,D,0.02
equity_equal_weight,2023-03-01,D,0.02
equity_equal_weight,2023-04-03,D,0.02
equity_equal_weight,2023-05-01,D,0.02
equity_equal_weight,2023-06-01,D,0.02
equity_equal_weight,2023-07-03,D,0.02
equity_equal_weight,2023-08-01,D,0.02
equity_equal_weight,2023-09-01,D,0.02
equity_equal_weight,2023-10-02,D,0.02
equity_equal_weight,2023-11-01,D,0.02
equity_equal_weight,2023-12-01,D,0.02
equity_equal_weight,2021-01-04,DD,0.02
equity_equal_weight,2021-02-01,DD,0.02
equity_equal_weight,2021-03-01,DD,0.02
equity_equal_weight,2021-04-01,DD,0.02
equity_equal_weight,2021-05-03,DD,0.02
equity_equal_weight,2021-06-01,DD,0.02
equity_equal_weight,2021-07-01,DD,0.02
equity_equal_weight,2021-08-02,DD,0.02
equity_equal_weight,2021-09-01,DD,0.02
equity_equal_weight,2021-10-01,DD,0.02
equity_equal_weight,2021-11-01,DD,0.02
equity_equal_weight,2021-12-01,DD,0.02
equity_equal_weight,2022-01-03,DD,0.02
equity_equal_weight,2022-02-01,DD,0.02
equity_equal_weight,2022-03-01,DD,0.02
equity_equal_weight,2022-04-01,DD,0.02
equity_equal_weight,2022-05-02,DD,0.02
equity_equal_weight,2022-06-01,DD,0.02
equity_equal_weight,2022-07-01,DD,0.02
equity_equal_weight,2022-08-01,DD,0.02
equity_equal_weight,2022-09-01,DD,0.02
equity_equal_weight,2022-10-03,DD,0.02
equity_equal_weight,2022-11-01,DD,0.02
equity_equal_weight,2022-12-01,DD,0.02
equity_equal_weight,2023-01-03,DD,0.02
equity_equal_weight,2023-02-01,DD,0.02
equity_equal_weight,2023-03-01,DD,0.02
equity_equal_weight,2023-04-03,DD,0.02
equity_equal_weight,2023-05-01,DD,0.02
equity_equal_weight,2023-06-01,DD,0.02
equity_equal_weight,2023-07-03,DD,0.02
equity_equal_weight,2023-08-01,DD,0.02
equity_equal_weight,2023-09-01,DD,0.02
equity_equal_weight,2023-10-02,DD,0.02
equity_equal_weight,2023-11-01,DD,0.02
equity_equal_weight,2023-12-01,DD,0.02
equity_equal_weight,2021-01-04,DIS,0.02
equity_equal_weight,2021-02-01,DIS,0.02
equity_equal_weight,2021-03-01,DIS,0.02
equity_equal_weight,2021-04-01,DIS,0.02
equity_equal_weight,2021-05-03,DIS,0.02
equity_equal_weight,2021-06-01,DIS,0.02
equity_equal_weight,2021-07-01,DIS,0.02
equity_equal_weight,2021-08-02,DIS,0.02
equity_equal_weight,2021-09-01,DIS,0.02
equity_equal_weight,2021-10-01,DIS,0.02
equity_equal_weight,2021-11-01,DIS,0.02
equity_equal_weight,2021-12-01,DIS,0.02
equity_equal_weight,2022-01-03,DIS,0.02
equity_equal_weight,2022-02-01,DIS,0.02
equity_equal_weight,2022-03-01,DIS,0.02
equity_equal_weight,2022-04-01,DIS,0.02
equity_equal_weight,2022-05-02,DIS,0.02
equity_equal_weight,2022-06-01,DIS,0.02
equity_equal_weight,2022-07-01,DIS,0.02
equity_equal_weight,2022-08-01,DIS,0.02
equity_equal_weight,2022-09-01,DIS,0.02
equity_equal_weight,2022-10-03,DIS,0.02
equity_equal_weight,2022-11-01,DIS,0.02
equity_equal_weight,2022-12-01,DIS,0.02
equity_equal_weight,2023-01-03,DIS,0.02
equity_equal_weight,2023-02-01,DIS,0.02
equity_equal_weight,2023-03-01,DIS,0.02
equity_equal_weight,2023-04-03,DIS,0.02
equity_equal_weight,2023-05-01,DIS,0.02
equity_equal_weight,2023-06-01,DIS,0.02
equity_equal_weight,2023-07-03,DIS,0.02
equity_equal_weight,2023-08-01,DIS,0.02
equity_equal_weight,2023-09-01,DIS,0.02
equity_equal_weight,2023-10-02,DIS,0.02
equity_equal_weight,2023-11-01,DIS,0.02
equity_equal_weight,2023-12-01,DIS,0.02
equity_equal_weight,2021-01-04,DOW,0.02
equity_equal_weight,2021-02-01,DOW,0.02
equity_equal_weight,2021-03-01,DOW,0.02
equity_equal_weight,2021-04-01,DOW,0.02
equity_equal_weight,2021-05-03,DOW,0.02
equity_equal_weight,2021-06-01,DOW,0.02
equity_equal_weight,2021-07-01,DOW,0.02
equity_equal_weight,2021-08-02,DOW,0.02
equity_equal_weight,2021-09-01,DOW,0.02
equity_equal_weight,2021-10-01,DOW,0.02
equity_equal_weight,2021-11-01,DOW,0.02
equity_equal_weight,2021-12-01,DOW,0.02
equity_equal_weight,2022-01-03,DOW,0.02
equity_equal_weight,2022-02-01,DOW,0.02
equity_equal_weight,2022-03-01,DOW,0.02
equity_equal_weight,2022-04-01,DOW,0.02
equity_equal_weight,2022-05-02,DOW,0.02
equity_equal_weight,2022-06-01,DOW,0.02
equity_equal_weight,2022-07-01,DOW,0.02
equity_equal_weight,2022-08-01,DOW,0.02
equity_equal_weight,2022-09-01,DOW,0.02
equity_equal_weight,2022-10-03,DOW,0.02
equity_equal_weight,2022-11-01,DOW,0.02
equity_equal_weight,2022-12-01,DOW,0.02
equity_equal_weight,2023-01-03,DOW,0.02
equity_equal_weight,2023-02-01,DOW,0.02
equity_equal_weight,2023-03-01,DOW,0.02
equity_equal_weight,2023-04-03,DOW,0.02
equity_equal_weight,2023-05-01,DOW,0.02
equity_equal_weight,2023-06-01,DOW,0.02
equity_equal_weight,2023-07-03,DOW,0.02
equity_equal_weight,2023-08-01,DOW,0.02
equity_equal_weight,2023-09-01,DOW,0.02
equity_equal_weight,2023-10-02,DOW,0.02
equity_equal_weight,2023-11-01,DOW,0.02
equity_equal_weight,2023-12-01,DOW,0.02
equity_equal_weight,2021-01-04,DUK,0.02
equity_equal_weight,2021-02-01,DUK,0.02
equity_equal_weight,2021-03-01,DUK,0.02
equity_equal_weight,2021-04-01,DUK,0.02
equity_equal_weight,2021-05-03,DUK,0.02
equity_equal_weight,2021-06-01,DUK,0.02
equity_equal_weight,2021-07-01,DUK,0.02
equity_equal_weight,2021-08-02,DUK,0.02
equity_equal_weight,2021-09-01,DUK,0.02
equity_equal_weight,2021-10-01,DUK,0.02
equity_equal_weight,2021-11-01,DUK,0.02
equity_equal_weight,2021-12-01,DUK,0.02
equity_equal_weight,2022-01-03,DUK,0.02
equity_equal_weight,2022-02-01,DUK,0.02
equity_equal_weight,2022-03-01,DUK,0.02
equity_equal_weight,2022-04-01,DUK,0.02
equity_equal_weight,2022-05-02,DUK,0.02
equity_equal_weight,2022-06-01,DUK,0.02
equity_equal_weight,2022-07-01,DUK,0.02
equity_equal_weight,2022-08-01,DUK,0.02
equity_equal_weight,2022-09-01,DUK,0.02
equity_equal_weight,2022-10-03,DUK,0.02
equity_equal_weight,2022-11-01,DUK,0.02
equity_equal_weight,2022-12-01,DUK,0.02
equity_equal_weight,2023-01-03,DUK,0.02
equity_equal_weight,2023-02-01,DUK,0.02
equity_equal_weight,2023-03-01,DUK,0.02
equity_equal_weight,2023-04-03,DUK,0.02
equity_equal_weight,2023-05-01,DUK,0.02
equity_equal_weight,2023-06-01,DUK,0.02
equity_equal_weight,2023-07-03,DUK,0.02
equity_equal_weight,2023-08-01,DUK,0.02
equity_equal_weight,2023-09-01,DUK,0.02
equity_equal_weight,2023-10-02,DUK,0.02
equity_equal_weight,2023-11-01,DUK,0.02
equity_equal_weight,2023-12-01,DUK,0.02
equity_equal_weight,2021-01-04,EA,0.02
equity_equal_weight,2021-02-01,EA,0.02
equity_equal_weight,2021-03-01,EA,0.02
equity_equal_weight,2021-04-01,EA,0.02
equity_equal_weight,2021-05-03,EA,0.02
equity_equal_weight,2021-06-01,EA,0.02
equity_equal_weight,2021-07-01,EA,0.02
equity_equal_weight,2021-08-02,EA,0.02
equity_equal_weight,2021-09-01,EA,0.02
equity_equal_weight,2021-10-01,EA,0.02
equity_equal_weight,2021-11-01,EA,0.02
equity_equal_weight,2021-12-01,EA,0.02
equity_equal_weight,2022-01-03,EA,0.02
equity_equal_weight,2022-02-01,EA,0.02
equity_equal_weight,2022-03-01,EA,0.02
equity_equal_weight,2022-04-01,EA,0.02
equity_equal_weight,2022-05-02,EA,0.02
equity_equal_weight,2022-06-01,EA,0.02
equity_equal_weight,2022-07-01,EA,0.02
equity_equal_weight,2022-08-01,EA,0.02
equity_equal_weight,2022-09-01,EA,0.02
equity_equal_weight,2022-10-03,EA,0.02
equity_equal_weight,2022-11-01,EA,0.02
equity_equal_weight,2022-12-01,EA,0.02
equity_equal_weight,2023-01-03,EA,0.02
equity_equal_weight,2023-02-01,EA,0.02
equity_equal_weight,2023-03-01,EA,0.02
equity_equal_weight,2023-04-03,EA,0.02
equity_equal_weight,2023-05-01,EA,0.02
equity_equal_weight,2023-06-01,EA,0.02
equity_equal_weight,2023-07-03,EA,0.02
equity_equal_weight,2023-08-01,EA,0.02
equity_equal_weight,2023-09-01,EA,0.02
equity_equal_weight,2023-10-02,EA,0.02
equity_equal_weight,2023-11-01,EA,0.02
equity_equal_weight,2023-12-01,EA,0.02
equity_equal_weight,2021-01-04,GE,0.02
equity_equal_weight,2021-02-01,GE,0.02
equity_equal_weight,2021-03-01,GE,0.02
equity_equal_weight,2021-04-01,GE,0.02
equity_equal_weight,2021-05-03,GE,0.02
equity_equal_weight,2021-06-01,GE,0.02
equity_equal_weight,2021-07-01,GE,0.02
equity_equal_weight,2021-08-02,GE,0.02
equity_equal_weight,2021-09-01,GE,0.02
equity_equal_weight,2021-10-01,GE,0.02
equity_equal_weight,2021-11-01,GE,0.02
equity_equal_weight,2021-12-01,GE,0.02
equity_equal_weight,2022-01-03,GE,0.02
equity_equal_weight,2022-02-01,GE,0.02
equity_equal_weight,2022-03-01,GE,0.02
equity_equal_weight,2022-04-01,GE,0.02
equity_equal_weight,2022-05-02,GE,0.02
equity_equal_weight,2022-06-01,GE,0.02
equity_equal_weight,2022-07-01,GE,0.02
equity_equal_weight,2022-08-01,GE,0.02
equity_equal_weight,2022-09-01,GE,0.02
equity_equal_weight,2022-10-03,GE,0.02
equity_equal_weight,2022-11-01,GE,0.02
equity_equal_weight,2022-12-01,GE,0.02
equity_equal_weight,2023-01-03,GE,0.02
equity_equal_weight,2023-02-01,GE,0.02
equity_equal_weight,2023-03-01,GE,0.02
equity_equal_weight,2023-04-03,GE,0.02
equity_equal_weight,2023-05-01,GE,0.02
equity_equal_weight,2023-06-01,GE,0.02
equity_equal_weight,2023-07-03,GE,0.02
equity_equal_weight,2023-08-01,GE,0.02
equity_equal_weight,2023-09-01,GE,0.02
equity_equal_weight,2023-10-02,GE,0.02
equity_equal_weight,2023-11-01,GE,0.02
equity_equal_weight,2023-12-01,GE,0.02
equity_equal_weight,2021-01-04,GILD,0.02
equity_equal_weight,2021-02-01,GILD,0.02
equity_equal_weight,2021-03-01,GILD,0.02
equity_equal_weight,2021-04-01,GILD,0.02
equity_equal_weight,2021-05-03,GILD,0.02
equity_equal_weight,2021-06-01,GILD,0.02
equity_equal_weight,2021-07-01,GILD,0.02
equity_equal_weight,2021-08-02,GILD,0.02
equity_equal_weight,2021-09-01,GILD,0.02
equity_equal_weight,2021-10-01,GILD,0.02
equity_equal_weight,2021-11-01,GILD,0.02
equity_equal_weight,2021-12-01,GILD,0.02
equity_equal_weight,2022-01-03,GILD,0.02
equity_equal_weight,2022-02-01,GILD,0.02
equity_equal_weight,2022-03-01,GILD,0.02
equity_equal_weight,2022-04-01,GILD,0.02
equity_equal_weight,2022-05-02,GILD,0.02
equity_equal_weight,2022-06-01,GILD,0.02
equity_equal_weight,2022-07-01,GILD,0.02
equity_equal_weight,2022-08-01,GILD,0.02
equity_equal_weight,2022-09-01,GILD,0.02
equity_equal_weight,2022-10-03,GILD,0.02
equity_equal_weight,2022-11-01,GILD,0.02
equity_equal_weight,2022-12-01,GILD,0.02
equity_equal_weight,2023-01-03,GILD,0.02
equity_equal_weight,2023-02-01,GILD,0.02
equity_equal_weight,2023-03-01,GILD,0.02
equity_equal_weight,2023-04-03,GILD,0.02
equity_equal_weight,2023-05-01,GILD,0.02
equity_equal_weight,2023-06-01,GILD,0.02
equity_equal_weight,2023-07-03,GILD,0.02
equity_equal_weight,2023-08-01,GILD,0.02
equity_equal_weight,2023-09-01,GILD,0.02
equity_equal_weight,2023-10-02,GILD,0.02
equity_equal_weight,2023-11-01,GILD,0.02
equity_equal_weight,2023-12-01,GILD,0.02
equity_equal_weight,2021-01-04,GS,0.02
equity_equal_weight,2021-02-01,GS,0.02
equity_equal_weight,2021-03-01,GS,0.02
equity_equal_weight,2021-04-01,GS,0.02
equity_equal_weight,2021-05-03,GS,0.02
equity_equal_weight,2021-06-01,GS,0.02
equity_equal_weight,2021-07-01,GS,0.02
equity_equal_weight,2021-08-02,GS,0.02
equity_equal_weight,2021-09-01,GS,0.02
equity_equal_weight,2021-10-01,GS,0.02
equity_equal_weight,2021-11-01,GS,0.02
equity_equal_weight,2021-12-01,GS,0.02
equity_equal_weight,2022-01-03,GS,0.02
equity_equal_weight,2022-02-01,GS,0.02
equity_equal_weight,2022-03-01,GS,0.02
equity_equal_weight,2022-04-01,GS,0.02
equity_equal_weight,2022-05-02,GS,0.02
equity_equal_weight,2022-06-01,GS,0.02
equity_equal_weight,2022-07-01,GS,0.02
equity_equal_weight,2022-08-01,GS,0.02
equity_equal_weight,2022-09-01,GS,0.02
equity_equal_weight,2022-10-03,GS,0.02
equity_equal_weight,2022-11-01,GS,0.02
equity_equal_weight,2022-12-01,GS,0.02
equity_equal_weight,2023-01-03,GS,0.02
equity_equal_weight,2023-02-01,GS,0.02
equity_equal_weight,2023-03-01,GS,0.02
equity_equal_weight,2023-04-03,GS,0.02
equity_equal_weight,2023-05-01,GS,0.02
equity_equal_weight,2023-06-01,GS,0.02
equity_equal_weight,2023-07-03,GS,0.02
equity_equal_weight,2023-08-01,GS,0.02
equity_equal_weight,2023-09-01,GS,0.02
equity_equal_weight,2023-10-02,GS,0.02
equity_equal_weight,2023-11-01,GS,0.02
equity_equal_weight,2023-12-01,GS,0.02
equity_equal_weight,2021-01-04,INTC,0.02
equity_equal_weight,2021-02-01,INTC,0.02
equity_equal_weight,2021-03-01,INTC,0.02
equity_equal_weight,2021-04-01,INTC,0.02
equity_equal_weight,2021-05-03,INTC,0.02
equity_equal_weight,2021-06-01,INTC,0.02
equity_equal_weight,2021-07-01,INTC,0.02
equity_equal_weight,2021-08-02,INTC,0.02
equity_equal_weight,2021-09-01,INTC,0.02
equity_equal_weight,2021-10-01,INTC,0.02
equity_equal_weight,2021-11-01,INTC,0.02
equity_equal_weight,2021-12-01,INTC,0.02
equity_equal_weight,2022-01-03,INTC,0.02
equity_equal_weight,2022-02-01,INTC,0.02
equity_equal_weight,2022-03-01,INTC,0.02
equity_equal_weight,2022-04-01,INTC,0.02
equity_equal_weight,2022-05-02,INTC,0.02
equity_equal_weight,2022-06-01,INTC,0.02
equity_equal_weight,2022-07-01,INTC,0.02
equity_equal_weight,2022-08-01,INTC,0.02
equity_equal_weight,2022-09-01,INTC,0.02
equity_equal_weight,2022-10-03,INTC,0.02
equity_equal_weight,2022-11-01,INTC,0.02
equity_equal_weight,2022-12-01,INTC,0.02
equity_equal_weight,2023-01-03,INTC,0.02
equity_equal_weight,2023-02-01,INTC,0.02
equity_equal_weight,2023-03-01,INTC,0.02
equity_equal_weight,2023-04-03,INTC,0.02
equity_equal_weight,2023-05-01,INTC,0.02
equity_equal_weight,2023-06-01,INTC,0.02
equity_equal_weight,2023-07-03,INTC,0.02
equity_equal_weight,2023-08-01,INTC,0.02
equity_equal_weight,2023-09-01,INTC,0.02
equity_equal_weight,2023-10-02,INTC,0.02
equity_equal_weight,2023-11-01,INTC,0.02
equity_equal_weight,2023-12-01,INTC,0.02
equity_equal_weight,2021-01-04,KO,0.02
equity_equal_weight,2021-02-01,KO,0.02
equity_equal_weight,2021-03-01,KO,0.02
equity_equal_weight,2021-04-01,KO,0.02
equity_equal_weight,2021-05-03,KO,0.02
equity_equal_weight,2021-06-01,KO,0.02
equity_equal_weight,2021-07-01,KO,0.02
equity_equal_weight,2021-08-02,KO,0.02
equity_equal_weight,2021-09-01,KO,0.02
equity_equal_weight,2021-10-01,KO,0.02
equity_equal_weight,2021-11-01,KO,0.02
equity_equal_weight,2021-12-01,KO,0.02
equity_equal_weight,2022-01-03,KO,0.02
equity_equal_weight,2022-02-01,KO,0.02
equity_equal_weight,2022-03-01,KO,0.02
equity_equal_weight,2022-04-01,KO,0.02
equity_equal_weight,2022-05-02,KO,0.02
equity_equal_weight,2022-06-01,KO,0.02
equity_equal_weight,2022-07-01,KO,0.02
equity_equal_weight,2022-08-01,KO,0.02
equity_equal_weight,2022-09-01,KO,0.02
equity_equal_weight,2022-10-03,KO,0.02
equity_equal_weight,2022-11-01,KO,0.02
equity_equal_weight,2022-12-01,KO,0.02
equity_equal_weight,2023-01-03,KO,0.02
equity_equal_weight,2023-02-01,KO,0.02
equity_equal_weight,2023-03-01,KO,0.02
equity_equal_weight,2023-04-03,KO,0.02
equity_equal_weight,2023-05-01,KO,0.02
equity_equal_weight,2023-06-01,KO,0.02
equity_equal_weight,2023-07-03,KO,0.02
equity_equal_weight,2023-08-01,KO,0.02
equity_equal_weight,2023-09-01,KO,0.02
equity_equal_weight,2023-10-02,KO,0.02
equity_equal_weight,2023-11-01,KO,0.02
equity_equal_weight,2023-12-01,KO,0.02
equity_equal_weight,2021-01-04,MMM,0.02
equity_equal_weight,2021-02-01,MMM,0.02
equity_equal_weight,2021-03-01,MMM,0.02
equity_equal_weight,2021-04-01,MMM,0.02
equity_equal_weight,2021-05-03,MMM,0.02
equity_equal_weight,2021-06-01,MMM,0.02
equity_equal_weight,2021-07-01,MMM,0.02
equity_equal_weight,2021-08-02,MMM,0.02
equity_equal_weight,2021-09-01,MMM,0.02
equity_equal_weight,2021-10-01,MMM,0.02
equity_equal_weight,2021-11-01,MMM,0.02
equity_equal_weight,2021-12-01,MMM,0.02
equity_equal_weight,2022-01-03,MMM,0.02
equity_equal_weight,2022-02-01,MMM,0.02
equity_equal_weight,2022-03-01,MMM,0.02
equity_equal_weight,2022-04-01,MMM,0.02
equity_equal_weight,2022-05-02,MMM,0.02
equity_equal_weight,2022-06-01,MMM,0.02
equity_equal_weight,2022-07-01,MMM,0.02
equity_equal_weight,2022-08-01,MMM,0.02
equity_equal_weight,2022-09-01,MMM,0.02
equity_equal_weight,2022-10-03,MMM,0.02
equity_equal_weight,2022-11-01,MMM,0.02
equity_equal_weight,2022-12-01,MMM,0.02
equity_equal_weight,2023-01-03,MMM,0.02
equity_equal_weight,2023-02-01,MMM,0.02
equity_equal_weight,2023-03-01,MMM,0.02
equity_equal_weight,2023-04-03,MMM,0.02
equity_equal_weight,2023-05-01,MMM,0.02
equity_equal_weight,2023-06-01,MMM,0.02
equity_equal_weight,2023-07-03,MMM,0.02
equity_equal_weight,2023-08-01,MMM,0.02
equity_equal_weight,2023-09-01,MMM,0.02
equity_equal_weight,2023-10-02,MMM,0.02
equity_equal_weight,2023-11-01,MMM,0.02
equity_equal_weight,2023-12-01,MMM,0.02
equity_equal_weight,2021-01-04,MRK,0.02
equity_equal_weight,2021-02-01,MRK,0.02
equity_equal_weight,2021-03-01,MRK,0.02
equity_equal_weight,2021-04-01,MRK,0.02
equity_equal_weight,2021-05-03,MRK,0.02
equity_equal_weight,2021-06-01,MRK,0.02
equity_equal_weight,2021-07-01,MRK,0.02
equity_equal_weight,2021-08-02,MRK,0.02
equity_equal_weight,2021-09-01,MRK,0.02
equity_equal_weight,2021-10-01,MRK,0.02
equity_equal_weight,2021-11-01,MRK,0.02
equity_equal_weight,2021-12-01,MRK,0.02
equity_equal_weight,2022-01-03,MRK,0.02
equity_equal_weight,2022-02-01,MRK,0.02
equity_equal_weight,2022-03-01,MRK,0.02
equity_equal_weight,2022-04-01,MRK,0.02
equity_equal_weight,2022-05-02,MRK,0.02
equity_equal_weight,2022-06-01,MRK,0.02
equity_equal_weight,2022-07-01,MRK,0.02
equity_equal_weight,2022-08-01,MRK,0.02
equity_equal_weight,2022-09-01,MRK,0.02
equity_equal_weight,2022-10-03,MRK,0.02
equity_equal_weight,2022-11-01,MRK,0.02
equity_equal_weight,2022-12-01,MRK,0.02
equity_equal_weight,2023-01-03,MRK,0.02
equity_equal_weight,2023-02-01,MRK,0.02
equity_equal_weight,2023-03-01,MRK,0.02
equity_equal_weight,2023-04-03,MRK,0.02
equity_equal_weight,2023-05-01,MRK,0.02
equity_equal_weight,2023-06-01,MRK,0.02
equity_equal_weight,2023-07-03,MRK,0.02
equity_equal_weight,2023-08-01,MRK,0.02
equity_equal_weight,2023-09-01,MRK,0.02
equity_equal_weight,2023-10-02,MRK,0.02
equity_equal_weight,2023-11-01,MRK,0.02
equity_equal_weight,2023-12-01,MRK,0.02
equity_equal_weight,2021-01-04,MS,0.02
equity_equal_weight,2021-02-01,MS,0.02
equity_equal_weight,2021-03-01,MS,0.02
equity_equal_weight,2021-04-01,MS,0.02
equity_equal_weight,2021-05-03,MS,0.02
equity_equal_weight,2021-06-01,MS,0.02
equity_equal_weight,2021-07-01,MS,0.02
equity_equal_weight,2021-08-02,MS,0.02
equity_equal_weight,2021-09-01,MS,0.02
equity_equal_weight,2021-10-01,MS,0.02
equity_equal_weight,2021-11-01,MS,0.02
equity_equal_weight,2021-12-01,MS,0.02
equity_equal_weight,2022-01-03,MS,0.02
equity_equal_weight,2022-02-01,MS,0.02
equity_equal_weight,2022-03-01,MS,0.02
equity_equal_weight,2022-04-01,MS,0.02
equity_equal_weight,2022-05-02,MS,0.02
equity_equal_weight,2022-06-01,MS,0.02
equity_equal_weight,2022-07-01,MS,0.02
equity_equal_weight,2022-08-01,MS,0.02
equity_equal_weight,2022-09-01,MS,0.02
equity_equal_weight,2022-10-03,MS,0.02
equity_equal_weight,2022-11-01,MS,0.02
equity_equal_weight,2022-12-01,MS,0.02
equity_equal_weight,2023-01-03,MS,0.02
equity_equal_weight,2023-02-01,MS,0.02
equity_equal_weight,2023-03-01,MS,0.02
equity_equal_weight,2023-04-03,MS,0.02
equity_equal_weight,2023-05-01,MS,0.02
equity_equal_weight,2023-06-01,MS,0.02
equity_equal_weight,2023-07-03,MS,0.02
equity_equal_weight,2023-08-01,MS,0.02
equity_equal_weight,2023-09-01,MS,0.02
equity_equal_weight,2023-10-02,MS,0.02
equity_equal_weight,2023-11-01,MS,0.02
equity_equal_weight,2023-12-01,MS,0.02
equity_equal_weight,2021-01-04,NEE,0.02
equity_equal_weight,2021-02-01,NEE,0.02
equity_equal_weight,2021-03-01,NEE,0.02
equity_equal_weight,2021-04-01,NEE,0.02
equity_equal_weight,2021-05-03,NEE,0.02
equity_equal_weight,2021-06-01,NEE,0.02
equity_equal_weight,2021-07-01,NEE,0.02
equity_equal_weight,2021-08-02,NEE,0.02
equity_equal_weight,2021-09-01,NEE,0.02
equity_equal_weight,2021-10-01,NEE,0.02
equity_equal_weight,2021-11-01,NEE,0.02
equity_equal_weight,2021-12-01,NEE,0.02
equity_equal_weight,2022-01-03,NEE,0.02
equity_equal_weight,2022-02-01,NEE,0.02
equity_equal_weight,2022-03-01,NEE,0.02
equity_equal_weight,2022-04-01,NEE,0.02
equity_equal_weight,2022-05-02,NEE,0.02
equity_equal_weight,2022-06-01,NEE,0.02
equity_equal_weight,2022-07-01,NEE,0.02
equity_equal_weight,2022-08-01,NEE,0.02
equity_equal_weight,2022-09-01,NEE,0.02
equity_equal_weight,2022-10-03,NEE,0.02
equity_equal_weight,2022-11-01,NEE,0.02
equity_equal_weight,2022-12-01,NEE,0.02
equity_equal_weight,2023-01-03,NEE,0.02
equity_equal_weight,2023-02-01,NEE,0.02
equity_equal_weight,2023-03-01,NEE,0.02
equity_equal_weight,2023-04-03,NEE,0.02
equity_equal_weight,2023-05-01,NEE,0.02
equity_equal_weight,2023-06-01,NEE,0.02
equity_equal_weight,2023-07-03,NEE,0.02
equity_equal_weight,2023-08-01,NEE,0.02
equity_equal_weight,2023-09-01,NEE,0.02
equity_equal_weight,2023-10-02,NEE,0.02
equity_equal_weight,2023-11-01,NEE,0.02
equity_equal_weight,2023-12-01,NEE,0.02
equity_equal_weight,2021-01-04,NEM,0.02
equity_equal_weight,2021-02-01,NEM,0.02
equity_equal_weight,2021-03-01,NEM,0.02
equity_equal_weight,2021-04-01,NEM,0.02
equity_equal_weight,2021-05-03,NEM,0.02
equity_equal_weight,2021-06-01,NEM,0.02
equity_equal_weight,2021-07-01,NEM,0.02
equity_equal_weight,2021-08-02,NEM,0.02
equity_equal_weight,2021-09-01,NEM,0.02
equity_equal_weight,2021-10-01,NEM,0.02
equity_equal_weight,2021-11-01,NEM,0.02
equity_equal_weight,2021-12-01,NEM,0.02
equity_equal_weight,2022-01-03,NEM,0.02
equity_equal_weight,2022-02-01,NEM,0.02
equity_equal_weight,2022-03-01,NEM,0.02
equity_equal_weight,2022-04-01,NEM,0.02
equity_equal_weight,2022-05-02,NEM,0.02
equity_equal_weight,2022-06-01,NEM,0.02
equity_equal_weight,2022-07-01,NEM,0.02
equity_equal_weight,2022-08-01,NEM,0.02
equity_equal_weight,2022-09-01,NEM,0.02
equity_equal_weight,2022-10-03,NEM,0.02
equity_equal_weight,2022-11-01,NEM,0.02
equity_equal_weight,2022-12-01,NEM,0.02
equity_equal_weight,2023-01-03,NEM,0.02
equity_equal_weight,2023-02-01,NEM,0.02
equity_equal_weight,2023-03-01,NEM,0.02
equity_equal_weight,2023-04-03,NEM,0.02
equity_equal_weight,2023-05-01,NEM,0.02
equity_equal_weight,2023-06-01,NEM,0.02
equity_equal_weight,2023-07-03,NEM,0.02
equity_equal_weight,2023-08-01,NEM,0.02
equity_equal_weight,2023-09-01,NEM,0.02
equity_equal_weight,2023-10-02,NEM,0.02
equity_equal_weight,2023-11-01,NEM,0.02
equity_equal_weight,2023-12-01,NEM,0.02
equity_equal_weight,2021-01-04,NKE,0.02
equity_equal_weight,2021-02-01,NKE,0.02
equity_equal_weight,2021-03-01,NKE,0.02
equity_equal_weight,2021-04-01,NKE,0.02
equity_equal_weight,2021-05-03,NKE,0.02
equity_equal_weight,2021-06-01,NKE,0.02
equity_equal_weight,2021-07-01,NKE,0.02
equity_equal_weight,2021-08-02,NKE,0.02
equity_equal_weight,2021-09-01,NKE,0.02
equity_equal_weight,2021-10-01,NKE,0.02
equity_equal_weight,2021-11-01,NKE,0.02
equity_equal_weight,2021-12-01,NKE,0.02
equity_equal_weight,2022-01-03,NKE,0.02
equity_equal_weight,2022-02-01,NKE,0.02
equity_equal_weight,2022-03-01,NKE,0.02
equity_equal_weight,2022-04-01,NKE,0.02
equity_equal_weight,2022-05-02,NKE,0.02
equity_equal_weight,2022-06-01,NKE,0.02
equity_equal_weight,2022-07-01,NKE,0.02
equity_equal_weight,2022-08-01,NKE,0.02
equity_equal_weight,2022-09-01,NKE,0.02
equity_equal_weight,2022-10-03,NKE,0.02
equity_equal_weight,2022-11-01,NKE,0.02
equity_equal_weight,2022-12-01,NKE,0.02
equity_equal_weight,2023-01-03,NKE,0.02
equity_equal_weight,2023-02-01,NKE,0.02
equity_equal_weight,2023-03-01,NKE,0.02
equity_equal_weight,2023-04-03,NKE,0.02
equity_equal_weight,2023-05-01,NKE,0.02
equity_equal_weight,2023-06-01,NKE,0.02
equity_equal_weight,2023-07-03,NKE,0.02
equity_equal_weight,2023-08-01,NKE,0.02
equity_equal_weight,2023-09-01,NKE,0.02
equity_equal_weight,2023-10-02,NKE,0.02
equity_equal_weight,2023-11-01,NKE,0.02
equity_equal_weight,2023-12-01,NKE,0.02
equity_equal_weight,2021-01-04,NUE,0.02
equity_equal_weight,2021-02-01,NUE,0.02
equity_equal_weight,2021-03-01,NUE,0.02
equity_equal_weight,2021-04-01,NUE,0.02
equity_equal_weight,2021-05-03,NUE,0.02
equity_equal_weight,2021-06-01,NUE,0.02
equity_equal_weight,2021-07-01,NUE,0.02
equity_equal_weight,2021-08-02,NUE,0.02
equity_equal_weight,2021-09-01,NUE,0.02
equity_equal_weight,2021-10-01,NUE,0.02
equity_equal_weight,2021-11-01,NUE,0.02
equity_equal_weight,2021-12-01,NUE,0.02
equity_equal_weight,2022-01-03,NUE,0.02
equity_equal_weight,2022-02-01,NUE,0.02
equity_equal_weight,2022-03-01,NUE,0.02
equity_equal_weight,2022-04-01,NUE,0.02
equity_equal_weight,2022-05-02,NUE,0.02
equity_equal_weight,2022-06-01,NUE,0.02
equity_equal_weight,2022-07-01,NUE,0.02
equity_equal_weight,2022-08-01,NUE,0.02
equity_equal_weight,2022-09-01,NUE,0.02
equity_equal_weight,2022-10-03,NUE,0.02
equity_equal_weight,2022-11-01,NUE,0.02
equity_equal_weight,2022-12-01,NUE,0.02
equity_equal_weight,2023-01-03,NUE,0.02
equity_equal_weight,2023-02-01,NUE,0.02
equity_equal_weight,2023-03-01,NUE,0.02
equity_equal_weight,2023-04-03,NUE,0.02
equity_equal_weight,2023-05-01,NUE,0.02
equity_equal_weight,2023-06-01,NUE,0.02
equity_equal_weight,2023-07-03,NUE,0.02
equity_equal_weight,2023-08-01,NUE,0.02
equity_equal_weight,2023-09-01,NUE,0.02
equity_equal_weight,2023-10-02,NUE,0.02
equity_equal_weight,2023-11-01,NUE,0.02
equity_equal_weight,2023-12-01,NUE,0.02
equity_equal_weight,2021-01-04,NVDA,0.02
equity_equal_weight,2021-02-01,NVDA,0.02
equity_equal_weight,2021-03-01,NVDA,0.02
equity_equal_weight,2021-04-01,NVDA,0.02
equity_equal_weight,2021-05-03,NVDA,0.02
equity_equal_weight,2021-06-01,NVDA,0.02
equity_equal_weight,2021-07-01,NVDA,0.02
equity_equal_weight,2021-08-02,NVDA,0.02
equity_equal_weight,2021-09-01,NVDA,0.02
equity_equal_weight,2021-10-01,NVDA,0.02
equity_equal_weight,2021-11-01,NVDA,0.02
equity_equal_weight,2021-12-01,NVDA,0.02
equity_equal_weight,2022-01-03,NVDA,0.02
equity_equal_weight,2022-02-01,NVDA,0.02
equity_equal_weight,2022-03-01,NVDA,0.02
equity_equal_weight,2022-04-01,NVDA,0.02
equity_equal_weight,2022-05-02,NVDA,0.02
equity_equal_weight,2022-06-01,NVDA,0.02
equity_equal_weight,2022-07-01,NVDA,0.02
equity_equal_weight,2022-08-01,NVDA,0.02
equity_equal_weight,2022-09-01,NVDA,0.02
equity_equal_weight,2022-10-03,NVDA,0.02
equity_equal_weight,2022-11-01,NVDA,0.02
equity_equal_weight,2022-12-01,NVDA,0.02
equity_equal_weight,2023-01-03,NVDA,0.02
equity_equal_weight,2023-02-01,NVDA,0.02
equity_equal_weight,2023-03-01,NVDA,0.02
equity_equal_weight,2023-04-03,NVDA,0.02
equity_equal_weight,2023-05-01,NVDA,0.02
equity_equal_weight,2023-06-01,NVDA,0.02
equity_equal_weight,2023-07-03,NVDA,0.02
equity_equal_weight,2023-08-01,NVDA,0.02
equity_equal_weight,2023-09-01,NVDA,0.02
equity_equal_weight,2023-10-02,NVDA,0.02
equity_equal_weight,2023-11-01,NVDA,0.02
equity_equal_weight,2023-12-01,NVDA,0.02
equity_equal_weight,2021-01-04,O,0.02
equity_equal_weight,2021-02-01,O,0.02
equity_equal_weight,2021-03-01,O,0.02
equity_equal_weight,2021-04-01,O,0.02
equity_equal_weight,2021-05-03,O,0.02
equity_equal_weight,2021-06-01,O,0.02
equity_equal_weight,2021-07-01,O,0.02
equity_equal_weight,2021-08-02,O,0.02
equity_equal_weight,2021-09-01,O,0.02
equity_equal_weight,2021-10-01,O,0.02
equity_equal_weight,2021-11-01,O,0.02
equity_equal_weight,2021-12-01,O,0.02
equity_equal_weight,2022-01-03,O,0.02
equity_equal_weight,2022-02-01,O,0.02
equity_equal_weight,2022-03-01,O,0.02
equity_equal_weight,2022-04-01,O,0.02
equity_equal_weight,2022-05-02,O,0.02
equity_equal_weight,2022-06-01,O,0.02
equity_equal_weight,2022-07-01,O,0.02
equity_equal_weight,2022-08-01,O,0.02
equity_equal_weight,2022-09-01,O,0.02
equity_equal_weight,2022-10-03,O,0.02
equity_equal_weight,2022-11-01,O,0.02
equity_equal_weight,2022-12-01,O,0.02
equity_equal_weight,2023-01-03,O,0.02
equity_equal_weight,2023-02-01,O,0.02
equity_equal_weight,2023-03-01,O,0.02
equity_equal_weight,2023-04-03,O,0.02
equity_equal_weight,2023-05-01,O,0.02
equity_equal_weight,2023-06-01,O,0.02
equity_equal_weight,2023-07-03,O,0.02
equity_equal_weight,2023-08-01,O,0.02
equity_equal_weight,2023-09-01,O,0.02
equity_equal_weight,2023-10-02,O,0.02
equity_equal_weight,2023-11-01,O,0.02
equity_equal_weight,2023-12-01,O,0.02
equity_equal_weight,2021-01-04,OXY,0.02
equity_equal_weight,2021-02-01,OXY,0.02
equity_equal_weight,2021-03-01,OXY,0.02
equity_equal_weight,2021-04-01,OXY,0.02
equity_equal_weight,2021-05-03,OXY,0.02
equity_equal_weight,2021-06-01,OXY,0.02
equity_equal_weight,2021-07-01,OXY,0.02
equity_equal_weight,2021-08-02,OXY,0.02
equity_equal_weight,2021-09-01,OXY,0.02
equity_equal_weight,2021-10-01,OXY,0.02
equity_equal_weight,2021-11-01,OXY,0.02
equity_equal_weight,2021-12-01,OXY,0.02
equity_equal_weight,2022-01-03,OXY,0.02
equity_equal_weight,2022-02-01,OXY,0.02
equity_equal_weight,2022-03-01,OXY,0.02
equity_equal_weight,2022-04-01,OXY,0.02
equity_equal_weight,2022-05-02,OXY,0.02
equity_equal_weight,2022-06-01,OXY,0.02
equity_equal_weight,2022-07-01,OXY,0.02
equity_equal_weight,2022-08-01,OXY,0.02
equity_equal_weight,2022-09-01,OXY,0.02
equity_equal_weight,2022-10-03,OXY,0.02
equity_equal_weight,2022-11-01,OXY,0.02
equity_equal_weight,2022-12-01,OXY,0.02
equity_equal_weight,2023-01-03,OXY,0.02
equity_equal_weight,2023-02-01,OXY,0.02
equity_equal_weight,2023-03-01,OXY,0.02
equity_equal_weight,2023-04-03,OXY,0.02
equity_equal_weight,2023-05-01,OXY,0.02
equity_equal_weight,2023-06-01,OXY,0.02
equity_equal_weight,2023-07-03,OXY,0.02
equity_equal_weight,2023-08-01,OXY,0.02
equity_equal_weight,2023-09-01,OXY,0.02
equity_equal_weight,2023-10-02,OXY,0.02
equity_equal_weight,2023-11-01,OXY,0.02
equity_equal_weight,2023-12-01,OXY,0.02
equity_equal_weight,2021-01-04,PLD,0.02
equity_equal_weight,2021-02-01,PLD,0.02
equity_equal_weight,2021-03-01,PLD,0.02
equity_equal_weight,2021-04-01,PLD,0.02
equity_equal_weight,2021-05-03,PLD,0.02
equity_equal_weight,2021-06-01,PLD,0.02
equity_equal_weight,2021-07-01,PLD,0.02
equity_equal_weight,2021-08-02,PLD,0.02
equity_equal_weight,2021-09-01,PLD,0.02
equity_equal_weight,2021-10-01,PLD,0.02
equity_equal_weight,2021-11-01,PLD,0.02
equity_equal_weight,2021-12-01,PLD,0.02
equity_equal_weight,2022-01-03,PLD,0.02
equity_equal_weight,2022-02-01,PLD,0.02
equity_equal_weight,2022-03-01,PLD,0.02
equity_equal_weight,2022-04-01,PLD,0.02
equity_equal_weight,2022-05-02,PLD,0.02
equity_equal_weight,2022-06-01,PLD,0.02
equity_equal_weight,2022-07-01,PLD,0.02
equity_equal_weight,2022-08-01,PLD,0.02
equity_equal_weight,2022-09-01,PLD,0.02
equity_equal_weight,2022-10-03,PLD,0.02
equity_equal_weight,2022-11-01,PLD,0.02
equity_equal_weight,2022-12-01,PLD,0.02
equity_equal_weight,2023-01-03,PLD,0.02
equity_equal_weight,2023-02-01,PLD,0.02
equity_equal_weight,2023-03-01,PLD,0.02
equity_equal_weight,2023-04-03,PLD,0.02
equity_equal_weight,2023-05-01,PLD,0.02
equity_equal_weight,2023-06-01,PLD,0.02
equity_equal_weight,2023-07-03,PLD,0.02
equity_equal_weight,2023-08-01,PLD,0.02
equity_equal_weight,2023-09-01,PLD,0.02
equity_equal_weight,2023-10-02,PLD,0.02
equity_equal_weight,2023-11-01,PLD,0.02
equity_equal_weight,2023-12-01,PLD,0.02
equity_equal_weight,2021-01-04,PSA,0.02
equity_equal_weight,2021-02-01,PSA,0.02
equity_equal_weight,2021-03-01,PSA,0.02
equity_equal_weight,2021-04-01,PSA,0.02
equity_equal_weight,2021-05-03,PSA,0.02
equity_equal_weight,2021-06-01,PSA,0.02
equity_equal_weight,2021-07-01,PSA,0.02
equity_equal_weight,2021-08-02,PSA,0.02
equity_equal_weight,2021-09-01,PSA,0.02
equity_equal_weight,2021-10-01,PSA,0.02
equity_equal_weight,2021-11-01,PSA,0.02
equity_equal_weight,2021-12-01,PSA,0.02
equity_equal_weight,2022-01-03,PSA,0.02
equity_equal_weight,2022-02-01,PSA,0.02
equity_equal_weight,2022-03-01,PSA,0.02
equity_equal_weight,2022-04-01,PSA,0.02
equity_equal_weight,2022-05-02,PSA,0.02
equity_equal_weight,2022-06-01,PSA,0.02
equity_equal_weight,2022-07-01,PSA,0.02
equity_equal_weight,2022-08-01,PSA,0.02
equity_equal_weight,2022-09-01,PSA,0.02
equity_equal_weight,2022-10-03,PSA,0.02
equity_equal_weight,2022-11-01,PSA,0.02
equity_equal_weight,2022-12-01,PSA,0.02
equity_equal_weight,2023-01-03,PSA,0.02
equity_equal_weight,2023-02-01,PSA,0.02
equity_equal_weight,2023-03-01,PSA,0.02
equity_equal_weight,2023-04-03,PSA,0.02
equity_equal_weight,2023-05-01,PSA,0.02
equity_equal_weight,2023-06-01,PSA,0.02
equity_equal_weight,2023-07-03,PSA,0.02
equity_equal_weight,2023-08-01,PSA,0.02
equity_equal_weight,2023-09-01,PSA,0.02
equity_equal_weight,2023-10-02,PSA,0.02
equity_equal_weight,2023-11-01,PSA,0.02
equity_equal_weight,2023-12-01,PSA,0.02
equity_equal_weight,2021-01-04,QCOM,0.02
equity_equal_weight,2021-02-01,QCOM,0.02
equity_equal_weight,2021-03-01,QCOM,0.02
equity_equal_weight,2021-04-01,QCOM,0.02
equity_equal_weight,2021-05-03,QCOM,0.02
equity_equal_weight,2021-06-01,QCOM,0.02
equity_equal_weight,2021-07-01,QCOM,0.02
equity_equal_weight,2021-08-02,QCOM,0.02
equity_equal_weight,2021-09-01,QCOM,0.02
equity_equal_weight,2021-10-01,QCOM,0.02
equity_equal_weight,2021-11-01,QCOM,0.02
equity_equal_weight,2021-12-01,QCOM,0.02
equity_equal_weight,2022-01-03,QCOM,0.02
equity_equal_weight,2022-02-01,QCOM,0.02
equity_equal_weight,2022-03-01,QCOM,0.02
equity_equal_weight,2022-04-01,QCOM,0.02
equity_equal_weight,2022-05-02,QCOM,0.02
equity_equal_weight,2022-06-01,QCOM,0.02
equity_equal_weight,2022-07-01,QCOM,0.02
equity_equal_weight,2022-08-01,QCOM,0.02
equity_equal_weight,2022-09-01,QCOM,0.02
equity_equal_weight,2022-10-03,QCOM,0.02
equity_equal_weight,2022-11-01,QCOM,0.02
equity_equal_weight,2022-12-01,QCOM,0.02
equity_equal_weight,2023-01-03,QCOM,0.02
equity_equal_weight,2023-02-01,QCOM,0.02
equity_equal_weight,2023-03-01,QCOM,0.02
equity_equal_weight,2023-04-03,QCOM,0.02
equity_equal_weight,2023-05-01,QCOM,0.02
equity_equal_weight,2023-06-01,QCOM,0.02
equity_equal_weight,2023-07-03,QCOM,0.02
equity_equal_weight,2023-08-01,QCOM,0.02
equity_equal_weight,2023-09-01,QCOM,0.02
equity_equal_weight,2023-10-02,QCOM,0.02
equity_equal_weight,2023-11-01,QCOM,0.02
equity_equal_weight,2023-12-01,QCOM,0.02
equity_equal_weight,2021-01-04,SBUX,0.02
equity_equal_weight,2021-02-01,SBUX,0.02
equity_equal_weight,2021-03-01,SBUX,0.02
equity_equal_weight,2021-04-01,SBUX,0.02
equity_equal_weight,2021-05-03,SBUX,0.02
equity_equal_weight,2021-06-01,SBUX,0.02
equity_equal_weight,2021-07-01,SBUX,0.02
equity_equal_weight,2021-08-02,SBUX,0.02
equity_equal_weight,2021-09-01,SBUX,0.02
equity_equal_weight,2021-10-01,SBUX,0.02
equity_equal_weight,2021-11-01,SBUX,0.02
equity_equal_weight,2021-12-01,SBUX,0.02
equity_equal_weight,2022-01-03,SBUX,0.02
equity_equal_weight,2022-02-01,SBUX,0.02
equity_equal_weight,2022-03-01,SBUX,0.02
equity_equal_weight,2022-04-01,SBUX,0.02
equity_equal_weight,2022-05-02,SBUX,0.02
equity_equal_weight,2022-06-01,SBUX,0.02
equity_equal_weight,2022-07-01,SBUX,0.02
equity_equal_weight,2022-08-01,SBUX,0.02
equity_equal_weight,2022-09-01,SBUX,0.02
equity_equal_weight,2022-10-03,SBUX,0.02
equity_equal_weight,2022-11-01,SBUX,0.02
equity_equal_weight,2022-12-01,SBUX,0.02
equity_equal_weight,2023-01-03,SBUX,0.02
equity_equal_weight,2023-02-01,SBUX,0.02
equity_equal_weight,2023-03-01,SBUX,0.02
equity_equal_weight,2023-04-03,SBUX,0.02
equity_equal_weight,2023-05-01,SBUX,0.02
equity_equal_weight,2023-06-01,SBUX,0.02
equity_equal_weight,2023-07-03,SBUX,0.02
equity_equal_weight,2023-08-01,SBUX,0.02
equity_equal_weight,2023-09-01,SBUX,0.02
equity_equal_weight,2023-10-02,SBUX,0.02
equity_equal_weight,2023-11-01,SBUX,0.02
equity_equal_weight,2023-12-01,SBUX,0.02
equity_equal_weight,2021-01-04,SHW,0.02
equity_equal_weight,2021-02-01,SHW,0.02
equity_equal_weight,2021-03-01,SHW,0.02
equity_equal_weight,2021-04-01,SHW,0.02
equity_equal_weight,2021-05-03,SHW,0.02
equity_equal_weight,2021-06-01,SHW,0.02
equity_equal_weight,2021-07-01,SHW,0.02
equity_equal_weight,2021-08-02,SHW,0.02
equity_equal_weight,2021-09-01,SHW,0.02
equity_equal_weight,2021-10-01,SHW,0.02
equity_equal_weight,2021-11-01,SHW,0.02
equity_equal_weight,2021-12-01,SHW,0.02
equity_equal_weight,2022-01-03,SHW,0.02
equity_equal_weight,2022-02-01,SHW,0.02
equity_equal_weight,2022-03-01,SHW,0.02
equity_equal_weight,2022-04-01,SHW,0.02
equity_equal_weight,2022-05-02,SHW,0.02
equity_equal_weight,2022-06-01,SHW,0.02
equity_equal_weight,2022-07-01,SHW,0.02
equity_equal_weight,2022-08-01,SHW,0.02
equity_equal_weight,2022-09-01,SHW,0.02
equity_equal_weight,2022-10-03,SHW,0.02
equity_equal_weight,2022-11-01,SHW,0.02
equity_equal_weight,2022-12-01,SHW,0.02
equity_equal_weight,2023-01-03,SHW,0.02
equity_equal_weight,2023-02-01,SHW,0.02
equity_equal_weight,2023-03-01,SHW,0.02
equity_equal_weight,2023-04-03,SHW,0.02
equity_equal_weight,2023-05-01,SHW,0.02
equity_equal_weight,2023-06-01,SHW,0.02
equity_equal_weight,2023-07-03,SHW,0.02
equity_equal_weight,2023-08-01,SHW,0.02
equity_equal_weight,2023-09-01,SHW,0.02
equity_equal_weight,2023-10-02,SHW,0.02
equity_equal_weight,2023-11-01,SHW,0.02
equity_equal_weight,2023-12-01,SHW,0.02
equity_equal_weight,2021-01-04,SLB,0.02
equity_equal_weight,2021-02-01,SLB,0.02
equity_equal_weight,2021-03-01,SLB,0.02
equity_equal_weight,2021-04-01,SLB,0.02
equity_equal_weight,2021-05-03,SLB,0.02
equity_equal_weight,2021-06-01,SLB,0.02
equity_equal_weight,2021-07-01,SLB,0.02
equity_equal_weight,2021-08-02,SLB,0.02
equity_equal_weight,2021-09-01,SLB,0.02
equity_equal_weight,2021-10-01,SLB,0.02
equity_equal_weight,2021-11-01,SLB,0.02
equity_equal_weight,2021-12-01,SLB,0.02
equity_equal_weight,2022-01-03,SLB,0.02
equity_equal_weight,2022-02-01,SLB,0.02
equity_equal_weight,2022-03-01,SLB,0.02
equity_equal_weight,2022-04-01,SLB,0.02
equity_equal_weight,2022-05-02,SLB,0.02
equity_equal_weight,2022-06-01,SLB,0.02
equity_equal_weight,2022-07-01,SLB,0.02
equity_equal_weight,2022-08-01,SLB,0.02
equity_equal_weight,2022-09-01,SLB,0.02
equity_equal_weight,2022-10-03,SLB,0.02
equity_equal_weight,2022-11-01,SLB,0.02
equity_equal_weight,2022-12-01,SLB,0.02
equity_equal_weight,2023-01-03,SLB,0.02
equity_equal_weight,2023-02-01,SLB,0.02
equity_equal_weight,2023-03-01,SLB,0.02
equity_equal_weight,2023-04-03,SLB,0.02
equity_equal_weight,2023-05-01,SLB,0.02
equity_equal_weight,2023-06-01,SLB,0.02
equity_equal_weight,2023-07-03,SLB,0.02
equity_equal_weight,2023-08-01,SLB,0.02
equity_equal_weight,2023-09-01,SLB,0.02
equity_equal_weight,2023-10-02,SLB,0.02
equity_equal_weight,2023-11-01,SLB,0.02
equity_equal_weight,2023-12-01,SLB,0.02
equity_equal_weight,2021-01-04,SO,0.02
equity_equal_weight,2021-02-01,SO,0.02
equity_equal_weight,2021-03-01,SO,0.02
equity_equal_weight,2021-04-01,SO,0.02
equity_equal_weight,2021-05-03,SO,0.02
equity_equal_weight,2021-06-01,SO,0.02
equity_equal_weight,2021-07-01,SO,0.02
equity_equal_weight,2021-08-02,SO,0.02
equity_equal_weight,2021-09-01,SO,0.02
equity_equal_weight,2021-10-01,SO,0.02
equity_equal_weight,2021-11-01,SO,0.02
equity_equal_weight,2021-12-01,SO,0.02
equity_equal_weight,2022-01-03,SO,0.02
equity_equal_weight,2022-02-01,SO,0.02
equity_equal_weight,2022-03-01,SO,0.02
equity_equal_weight,2022-04-01,SO,0.02
equity_equal_weight,2022-05-02,SO,0.02
equity_equal_weight,2022-06-01,SO,0.02
equity_equal_weight,2022-07-01,SO,0.02
equity_equal_weight,2022-08-01,SO,0.02
equity_equal_weight,2022-09-01,SO,0.02
equity_equal_weight,2022-10-03,SO,0.02
equity_equal_weight,2022-11-01,SO,0.02
equity_equal_weight,2022-12-01,SO,0.02
equity_equal_weight,2023-01-03,SO,0.02
equity_equal_weight,2023-02-01,SO,0.02
equity_equal_weight,2023-03-01,SO,0.02
equity_equal_weight,2023-04-03,SO,0.02
equity_equal_weight,2023-05-01,SO,0.02
equity_equal_weight,2023-06-01,SO,0.02
equity_equal_weight,2023-07-03,SO,0.02
equity_equal_weight,2023-08-01,SO,0.02
equity_equal_weight,2023-09-01,SO,0.02
equity_equal_weight,2023-10-02,SO,0.02
equity_equal_weight,2023-11-01,SO,0.02
equity_equal_weight,2023-12-01,SO,0.02
equity_equal_weight,2021-01-04,T,0.02
equity_equal_weight,2021-02-01,T,0.02
equity_equal_weight,2021-03-01,T,0.02
equity_equal_weight,2021-04-01,T,0.02
equity_equal_weight,2021-05-03,T,0.02
equity_equal_weight,2021-06-01,T,0.02
equity_equal_weight,2021-07-01,T,0.02
equity_equal_weight,2021-08-02,T,0.02
equity_equal_weight,2021-09-01,T,0.02
equity_equal_weight,2021-10-01,T,0.02
equity_equal_weight,2021-11-01,T,0.02
equity_equal_weight,2021-12-01,T,0.02
equity_equal_weight,2022-01-03,T,0.02
equity_equal_weight,2022-02-01,T,0.02
equity_equal_weight,2022-03-01,T,0.02
equity_equal_weight,2022-04-01,T,0.02
equity_equal_weight,2022-05-02,T,0.02
equity_equal_weight,2022-06-01,T,0.02
equity_equal_weight,2022-07-01,T,0.02
equity_equal_weight,2022-08-01,T,0.02
equity_equal_weight,2022-09-01,T,0.02
equity_equal_weight,2022-10-03,T,0.02
equity_equal_weight,2022-11-01,T,0.02
equity_equal_weight,2022-12-01,T,0.02
equity_equal_weight,2023-01-03,T,0.02
equity_equal_weight,2023-02-01,T,0.02
equity_equal_weight,2023-03-01,T,0.02
equity_equal_weight,2023-04-03,T,0.02
equity_equal_weight,2023-05-01,T,0.02
equity_equal_weight,2023-06-01,T,0.02
equity_equal_weight,2023-07-03,T,0.02
equity_equal_weight,2023-08-01,T,0.02
equity_equal_weight,2023-09-01,T,0.02
equity_equal_weight,2023-10-02,T,0.02
equity_equal_weight,2023-11-01,T,0.02
equity_equal_weight,2023-12-01,T,0.02
equity_equal_weight,2021-01-04,TMUS,0.02
equity_equal_weight,2021-02-01,TMUS,0.02
equity_equal_weight,2021-03-01,TMUS,0.02
equity_equal_weight,2021-04-01,TMUS,0.02
equity_equal_weight,2021-05-03,TMUS,0.02
equity_equal_weight,2021-06-01,TMUS,0.02
equity_equal_weight,2021-07-01,TMUS,0.02
equity_equal_weight,2021-08-02,TMUS,0.02
equity_equal_weight,2021-09-01,TMUS,0.02
equity_equal_weight,2021-10-01,TMUS,0.02
equity_equal_weight,2021-11-01,TMUS,0.02
equity_equal_weight,2021-12-01,TMUS,0.02
equity_equal_weight,2022-01-03,TMUS,0.02
equity_equal_weight,2022-02-01,TMUS,0.02
equity_equal_weight,2022-03-01,TMUS,0.02
equity_equal_weight,2022-04-01,TMUS,0.02
equity_equal_weight,2022-05-02,TMUS,0.02
equity_equal_weight,2022-06-01,TMUS,0.02
equity_equal_weight,2022-07-01,TMUS,0.02
equity_equal_weight,2022-08-01,TMUS,0.02
equity_equal_weight,2022-09-01,TMUS,0.02
equity_equal_weight,2022-10-03,TMUS,0.02
equity_equal_weight,2022-11-01,TMUS,0.02
equity_equal_weight,2022-12-01,TMUS,0.02
equity_equal_weight,2023-01-03,TMUS,0.02
equity_equal_weight,2023-02-01,TMUS,0.02
equity_equal_weight,2023-03-01,TMUS,0.02
equity_equal_weight,2023-04-03,TMUS,0.02
equity_equal_weight,2023-05-01,TMUS,0.02
equity_equal_weight,2023-06-01,TMUS,0.02
equity_equal_weight,2023-07-03,TMUS,0.02
equity_equal_weight,2023-08-01,TMUS,0.02
equity_equal_weight,2023-09-01,TMUS,0.02
equity_equal_weight,2023-10-02,TMUS,0.02
equity_equal_weight,2023-11-01,TMUS,0.02
equity_equal_weight,2023-12-01,TMUS,0.02
equity_equal_weight,2021-01-04,TTWO,0.02
equity_equal_weight,2021-02-01,TTWO,0.02
equity_equal_weight,2021-03-01,TTWO,0.02
equity_equal_weight,2021-04-01,TTWO,0.02
equity_equal_weight,2021-05-03,TTWO,0.02
equity_equal_weight,2021-06-01,TTWO,0.02
equity_equal_weight,2021-07-01,TTWO,0.02
equity_equal_weight,2021-08-02,TTWO,0.02
equity_equal_weight,2021-09-01,TTWO,0.02
equity_equal_weight,2021-10-01,TTWO,0.02
equity_equal_weight,2021-11-01,TTWO,0.02
equity_equal_weight,2021-12-01,TTWO,0.02
equity_equal_weight,2022-01-03,TTWO,0.02
equity_equal_weight,2022-02-01,TTWO,0.02
equity_equal_weight,2022-03-01,TTWO,0.02
equity_equal_weight,2022-04-01,TTWO,0.02
equity_equal_weight,2022-05-02,TTWO,0.02
equity_equal_weight,2022-06-01,TTWO,0.02
equity_equal_weight,2022-07-01,TTWO,0.02
equity_equal_weight,2022-08-01,TTWO,0.02
equity_equal_weight,2022-09-01,TTWO,0.02
equity_equal_weight,2022-10-03,TTWO,0.02
equity_equal_weight,2022-11-01,TTWO,0.02
equity_equal_weight,2022-12-01,TTWO,0.02
equity_equal_weight,2023-01-03,TTWO,0.02
equity_equal_weight,2023-02-01,TTWO,0.02
equity_equal_weight,2023-03-01,TTWO,0.02
equity_equal_weight,2023-04-03,TTWO,0.02
equity_equal_weight,2023-05-01,TTWO,0.02
equity_equal_weight,2023-06-01,TTWO,0.02
equity_equal_weight,2023-07-03,TTWO,0.02
equity_equal_weight,2023-08-01,TTWO,0.02
equity_equal_weight,2023-09-01,TTWO,0.02
equity_equal_weight,2023-10-02,TTWO,0.02
equity_equal_weight,2023-11-01,TTWO,0.02
equity_equal_weight,2023-12-01,TTWO,0.02
equity_equal_weight,2021-01-04,UPS,0.02
equity_equal_weight,2021-02-01,UPS,0.02
equity_equal_weight,2021-03-01,UPS,0.02
equity_equal_weight,2021-04-01,UPS,0.02
equity_equal_weight,2021-05-03,UPS,0.02
equity_equal_weight,2021-06-01,UPS,0.02
equity_equal_weight,2021-07-01,UPS,0.02
equity_equal_weight,2021-08-02,UPS,0.02
equity_equal_weight,2021-09-01,UPS,0.02
equity_equal_weight,2021-10-01,UPS,0.02
equity_equal_weight,2021-11-01,UPS,0.02
equity_equal_weight,2021-12-01,UPS,0.02
equity_equal_weight,2022-01-03,UPS,0.02
equity_equal_weight,2022-02-01,UPS,0.02
equity_equal_weight,2022-03-01,UPS,0.02
equity_equal_weight,2022-04-01,UPS,0.02
equity_equal_weight,2022-05-02,UPS,0.02
equity_equal_weight,2022-06-01,UPS,0.02
equity_equal_weight,2022-07-01,UPS,0.02
equity_equal_weight,2022-08-01,UPS,0.02
equity_equal_weight,2022-09-01,UPS,0.02
equity_equal_weight,2022-10-03,UPS,0.02
equity_equal_weight,2022-11-01,UPS,0.02
equity_equal_weight,2022-12-01,UPS,0.02
equity_equal_weight,2023-01-03,UPS,0.02
equity_equal_weight,2023-02-01,UPS,0.02
equity_equal_weight,2023-03-01,UPS,0.02
equity_equal_weight,2023-04-03,UPS,0.02
equity_equal_weight,2023-05-01,UPS,0.02
equity_equal_weight,2023-06-01,UPS,0.02
equity_equal_weight,2023-07-03,UPS,0.02
equity_equal_weight,2023-08-01,UPS,0.02
equity_equal_weight,2023-09-01,UPS,0.02
equity_equal_weight,2023-10-02,UPS,0.02
equity_equal_weight,2023-11-01,UPS,0.02
equity_equal_weight,2023-12-01,UPS,0.02
equity_equal_weight,2021-01-04,USB,0.02
equity_equal_weight,2021-02-01,USB,0.02
equity_equal_weight,2021-03-01,USB,0.02
equity_equal_weight,2021-04-01,USB,0.02
equity_equal_weight,2021-05-03,USB,0.02
equity_equal_weight,2021-06-01,USB,0.02
equity_equal_weight,2021-07-01,USB,0.02
equity_equal_weight,2021-08-02,USB,0.02
equity_equal_weight,2021-09-01,USB,0.02
equity_equal_weight,2021-10-01,USB,0.02
equity_equal_weight,2021-11-01,USB,0.02
equity_equal_weight,2021-12-01,USB,0.02
equity_equal_weight,2022-01-03,USB,0.02
equity_equal_weight,2022-02-01,USB,0.02
equity_equal_weight,2022-03-01,USB,0.02
equity_equal_weight,2022-04-01,USB,0.02
equity_equal_weight,2022-05-02,USB,0.02
equity_equal_weight,2022-06-01,USB,0.02
equity_equal_weight,2022-07-01,USB,0.02
equity_equal_weight,2022-08-01,USB,0.02
equity_equal_weight,2022-09-01,USB,0.02
equity_equal_weight,2022-10-03,USB,0.02
equity_equal_weight,2022-11-01,USB,0.02
equity_equal_weight,2022-12-01,USB,0.02
equity_equal_weight,2023-01-03,USB,0.02
equity_equal_weight,2023-02-01,USB,0.02
equity_equal_weight,2023-03-01,USB,0.02
equity_equal_weight,2023-04-03,USB,0.02
equity_equal_weight,2023-05-01,USB,0.02
equity_equal_weight,2023-06-01,USB,0.02
equity_equal_weight,2023-07-03,USB,0.02
equity_equal_weight,2023-08-01,USB,0.02
equity_equal_weight,2023-09-01,USB,0.02
equity_equal_weight,2023-10-02,USB,0.02
equity_equal_weight,2023-11-01,USB,0.02
equity_equal_weight,2023-12-01,USB,0.02
equity_equal_weight,2021-01-04,V,0.02
equity_equal_weight,2021-02-01,V,0.02
equity_equal_weight,2021-03-01,V,0.02
equity_equal_weight,2021-04-01,V,0.02
equity_equal_weight,2021-05-03,V,0.02
equity_equal_weight,2021-06-01,V,0.02
equity_equal_weight,2021-07-01,V,0.02
equity_equal_weight,2021-08-02,V,0.02
equity_equal_weight,2021-09-01,V,0.02
equity_equal_weight,2021-10-01,V,0.02
equity_equal_weight,2021-11-01,V,0.02
equity_equal_weight,2021-12-01,V,0.02
equity_equal_weight,2022-01-03,V,0.02
equity_equal_weight,2022-02-01,V,0.02
equity_equal_weight,2022-03-01,V,0.02
equity_equal_weight,2022-04-01,V,0.02
equity_equal_weight,2022-05-02,V,0.02
equity_equal_weight,2022-06-01,V,0.02
equity_equal_weight,2022-07-01,V,0.02
equity_equal_weight,2022-08-01,V,0.02
equity_equal_weight,2022-09-01,V,0.02
equity_equal_weight,2022-10-03,V,0.02
equity_equal_weight,2022-11-01,V,0.02
equity_equal_weight,2022-12-01,V,0.02
equity_equal_weight,2023-01-03,V,0.02
equity_equal_weight,2023-02-01,V,0.02
equity_equal_weight,2023-03-01,V,0.02
equity_equal_weight,2023-04-03,V,0.02
equity_equal_weight,2023-05-01,V,0.02
equity_equal_weight,2023-06-01,V,0.02
equity_equal_weight,2023-07-03,V,0.02
equity_equal_weight,2023-08-01,V,0.02
equity_equal_weight,2023-09-01,V,0.02
equity_equal_weight,2023-10-02,V,0.02
equity_equal_weight,2023-11-01,V,0.02
equity_equal_weight,2023-12-01,V,0.02
equity_equal_weight,2021-01-04,WFC,0.02
equity_equal_weight,2021-02-01,WFC,0.02
equity_equal_weight,2021-03-01,WFC,0.02
equity_equal_weight,2021-04-01,WFC,0.02
equity_equal_weight,2021-05-03,WFC,0.02
equity_equal_weight,2021-06-01,WFC,0.02
equity_equal_weight,2021-07-01,WFC,0.02
equity_equal_weight,2021-08-02,WFC,0.02
equity_equal_weight,2021-09-01,WFC,0.02
equity_equal_weight,2021-10-01,WFC,0.02
equity_equal_weight,2021-11-01,WFC,0.02
equity_equal_weight,2021-12-01,WFC,0.02
equity_equal_weight,2022-01-03,WFC,0.02
equity_equal_weight,2022-02-01,WFC,0.02
equity_equal_weight,2022-03-01,WFC,0.02
equity_equal_weight,2022-04-01,WFC,0.02
equity_equal_weight,2022-05-02,WFC,0.02
equity_equal_weight,2022-06-01,WFC,0.02
equity_equal_weight,2022-07-01,WFC,0.02
equity_equal_weight,2022-08-01,WFC,0.02
equity_equal_weight,2022-09-01,WFC,0.02
equity_equal_weight,2022-10-03,WFC,0.02
equity_equal_weight,2022-11-01,WFC,0.02
equity_equal_weight,2022-12-01,WFC,0.02
equity_equal_weight,2023-01-03,WFC,0.02
equity_equal_weight,2023-02-01,WFC,0.02
equity_equal_weight,2023-03-01,WFC,0.02
equity_equal_weight,2023-04-03,WFC,0.02
equity_equal_weight,2023-05-01,WFC,0.02
equity_equal_weight,2023-06-01,WFC,0.02
equity_equal_weight,2023-07-03,WFC,0.02
equity_equal_weight,2023-08-01,WFC,0.02
equity_equal_weight,2023-09-01,WFC,0.02
equity_equal_weight,2023-10-02,WFC,0.02
equity_equal_weight,2023-11-01,WFC,0.02
equity_equal_weight,2023-12-01,WFC,0.02
equity_equal_weight,2021-01-04,WMT,0.02
equity_equal_weight,2021-02-01,WMT,0.02
equity_equal_weight,2021-03-01,WMT,0.02
equity_equal_weight,2021-04-01,WMT,0.02
equity_equal_weight,2021-05-03,WMT,0.02
equity_equal_weight,2021-06-01,WMT,0.02
equity_equal_weight,2021-07-01,WMT,0.02
equity_equal_weight,2021-08-02,WMT,0.02
equity_equal_weight,2021-09-01,WMT,0.02
equity_equal_weight,2021-10-01,WMT,0.02
equity_equal_weight,2021-11-01,WMT,0.02
equity_equal_weight,2021-12-01,WMT,0.02
equity_equal_weight,2022-01-03,WMT,0.02
equity_equal_weight,2022-02-01,WMT,0.02
equity_equal_weight,2022-03-01,WMT,0.02
equity_equal_weight,2022-04-01,WMT,0.02
equity_equal_weight,2022-05-02,WMT,0.02
equity_equal_weight,2022-06-01,WMT,0.02
equity_equal_weight,2022-07-01,WMT,0.02
equity_equal_weight,2022-08-01,WMT,0.02
equity_equal_weight,2022-09-01,WMT,0.02
equity_equal_weight,2022-10-03,WMT,0.02
equity_equal_weight,2022-11-01,WMT,0.02
equity_equal_weight,2022-12-01,WMT,0.02
equity_equal_weight,2023-01-03,WMT,0.02
equity_equal_weight,2023-02-01,WMT,0.02
equity_equal_weight,2023-03-01,WMT,0.02
equity_equal_weight,2023-04-03,WMT,0.02
equity_equal_weight,2023-05-01,WMT,0.02
equity_equal_weight,2023-06-01,WMT,0.02
equity_equal_weight,2023-07-03,WMT,0.02
equity_equal_weight,2023-08-01,WMT,0.02
equity_equal_weight,2023-09-01,WMT,0.02
equity_equal_weight,2023-10-02,WMT,0.02
equity_equal_weight,2023-11-01,WMT,0.02
equity_equal_weight,2023-12-01,WMT,0.02
equity_equal_weight,2021-01-04,XOM,0.02
equity_equal_weight,2021-02-01,XOM,0.02
equity_equal_weight,2021-03-01,XOM,0.02
equity_equal_weight,2021-04-01,XOM,0.02
equity_equal_weight,2021-05-03,XOM,0.02
equity_equal_weight,2021-06-01,XOM,0.02
equity_equal_weight,2021-07-01,XOM,0.02
equity_equal_weight,2021-08-02,XOM,0.02
equity_equal_weight,2021-09-01,XOM,0.02
equity_equal_weight,2021-10-01,XOM,0.02
equity_equal_weight,2021-11-01,XOM,0.02
equity_equal_weight,2021-12-01,XOM,0.02
equity_equal_weight,2022-01-03,XOM,0.02
equity_equal_weight,2022-02-01,XOM,0.02
equity_equal_weight,2022-03-01,XOM,0.02
equity_equal_weight,2022-04-01,XOM,0.02
equity_equal_weight,2022-05-02,XOM,0.02
equity_equal_weight,2022-06-01,XOM,0.02
equity_equal_weight,2022-07-01,XOM,0.02
equity_equal_weight,2022-08-01,XOM,0.02
equity_equal_weight,2022-09-01,XOM,0.02
equity_equal_weight,2022-10-03,XOM,0.02
equity_equal_weight,2022-11-01,XOM,0.02
equity_equal_weight,2022-12-01,XOM,0.02
equity_equal_weight,2023-01-03,XOM,0.02
equity_equal_weight,2023-02-01,XOM,0.02
equity_equal_weight,2023-03-01,XOM,0.02
equity_equal_weight,2023-04-03,XOM,0.02
equity_equal_weight,2023-05-01,XOM,0.02
equity_equal_weight,2023-06-01,XOM,0.02
equity_equal_weight,2023-07-03,XOM,0.02
equity_equal_weight,2023-08-01,XOM,0.02
equity_equal_weight,2023-09-01,XOM,0.02
equity_equal_weight,2023-10-02,XOM,0.02
equity_equal_weight,2023-11-01,XOM,0.02
equity_equal_weight,2023-12-01,XOM,0.02
equity_min_variance,2021-01-04,ABBV,0.14313842675527266
equity_min_variance,2021-02-01,ABBV,0.13376263725466914
equity_min_variance,2021-03-01,ABBV,0.15523296511910015
equity_min_variance,2021-04-01,ABBV,0.10323818768282962
equity_min_variance,2021-05-03,ABBV,0.08522677813454099
equity_min_variance,2021-06-01,ABBV,0.05228718261741347
equity_min_variance,2021-07-01,ABBV,0.04007040284958503
equity_min_variance,2021-08-02,ABBV,0.033643803193312
equity_min_variance,2021-09-01,ABBV,0.023946029627866006
equity_min_variance,2021-11-01,ABBV,0.018816207191208204
equity_min_variance,2021-12-01,ABBV,0.031174421641860316
equity_min_variance,2022-01-03,ABBV,0.024445988679651497
equity_min_variance,2022-02-01,ABBV,0.05025587564657671
equity_min_variance,2022-03-01,ABBV,0.04045008240595919
equity_min_variance,2022-04-01,ABBV,0.052061851968647654
equity_min_variance,2022-05-02,ABBV,0.026300442868452102
equity_min_variance,2022-06-01,ABBV,0.06852198804122898
equity_min_variance,2022-07-01,ABBV,0.047634584530218335
equity_min_variance,2022-08-01,ABBV,0.057211765244564505
equity_min_variance,2022-09-01,ABBV,0.05892858938676575
equity_min_variance,2022-10-03,ABBV,0.07754582371408344
equity_min_variance,2022-11-01,ABBV,0.09196454155473732
equity_min_variance,2022-12-01,ABBV,0.07764793907799823
equity_min_variance,2023-01-03,ABBV,0.08604314089092123
equity_min_variance,2023-02-01,ABBV,0.07123748376236035
equity_min_variance,2023-03-01,ABBV,0.05946538516036928
equity_min_variance,2023-04-03,ABBV,0.06518026131500428
equity_min_variance,2023-05-01,ABBV,0.08350264966105658
equity_min_variance,2023-06-01,ABBV,0.06895550182596495
equity_min_variance,2023-07-03,ABBV,0.09073551260096828
equity_min_variance,2023-08-01,ABBV,0.0884633063016321
equity_min_variance,2023-09-01,ABBV,0.08238634289260637
equity_min_variance,2023-10-02,ABBV,0.07341374947790177
equity_min_variance,2023-11-01,ABBV,0.0777407760264959
equity_min_variance,2023-12-01,ABBV,0.08330379892410378
equity_min_variance,2021-07-01,ABT,0.00811920329237431
equity_min_variance,2021-08-02,ABT,0.014907029500967586
equity_min_variance,2021-09-01,ABT,0.016715719185904376
equity_min_variance,2021-10-01,ABT,0.03488066474041327
equity_min_variance,2021-11-01,ABT,0.053357069815495504
equity_min_variance,2021-12-01,ABT,0.07165919828086736
equity_min_variance,2022-01-03,ABT,0.064308152624831
equity_min_variance,2022-02-01,ABT,0.03645285344804194
equity_min_variance,2022-03-01,ABT,0.018380044794544657
equity_min_variance,2022-04-01,ABT,0.005546203082169859
equity_min_variance,2023-11-01,ABT,0.006694975079510776
equity_min_variance,2023-12-01,ABT,0.025727601844594696
equity_min_variance,2022-01-03,ADBE,0.013021055854012354
equity_min_variance,2022-02-01,ADBE,0.009397823865340119
equity_min_variance,2022-03-01,ADBE,0.01087196433057656
equity_min_variance,2022-04-01,ADBE,0.009962414160692056
equity_min_variance,2022-05-02,ADBE,0.016570756025064585
equity_min_variance,2022-06-01,ADBE,0.0064618354183549175
equity_min_variance,2021-05-03,AEP,0.056780146039125054
equity_min_variance,2021-06-01,AEP,0.08544539909134283
equity_min_variance,2021-07-01,AEP,0.07207122583972023
equity_min_variance,2021-08-02,AEP,0.08119200589619197
equity_min_variance,2021-09-01,AEP,0.09092984934257825
equity_min_variance,2021-10-01,AEP,0.05575756749016089
equity_min_variance,2021-11-01,AEP,0.051200304020621146
equity_min_variance,2021-12-01,AEP,0.051558601433069305
equity_min_variance,2022-01-03,AEP,0.05453942164873261
equity_min_variance,2022-02-01,AEP,0.04407132190147166
equity_min_variance,2022-03-01,AEP,0.04835689979317588
equity_min_variance,2022-04-01,AEP,0.026518628849295508
equity_min_variance,2022-05-02,AEP,0.008272803807313645
equity_min_variance,2022-06-01,AEP,0.024583953441385756
equity_min_variance,2022-07-01,AEP,0.009917662761956733
equity_min_variance,2022-08-01,AEP,0.02204247951586818
equity_min_variance,2022-09-01,AEP,0.013241716017578013
equity_min_variance,2021-07-01,AMD,0.007391133632478579
equity_min_variance,2021-08-02,AMD,0.004209160583168304
equity_min_variance,2021-09-01,AMD,0.012068820635617088
equity_min_variance,2021-10-01,AMD,0.01872208191709575
equity_min_variance,2021-11-01,AMD,0.03139304027185768
equity_min_variance,2021-12-01,AMD,0.02295728520807733
equity_min_variance,2022-01-03,AMD,0.019898856361663116
equity_min_variance,2022-02-01,AMD,0.008598761240650173
equity_min_variance,2022-04-01,AMD,0.001944981306481223
equity_min_variance,2023-11-01,AMD,0.000565698078340065
equity_min_variance,2023-12-01,AMD,0.009454028408829397
equity_min_variance,2022-05-02,AMGN,0.017863105167077713
equity_min_variance,2022-06-01,AMGN,0.04392836479253159
equity_min_variance,2022-07-01,AMGN,0.07215701141196142
equity_min_variance,2022-08-01,AMGN,0.0782582595745232
equity_min_variance,2022-09-01,AMGN,0.12877733359175184
equity_min_variance,2022-10-03,AMGN,0.1528497928978391
equity_min_variance,2022-11-01,AMGN,0.16213183076340434
equity_min_variance,2022-12-01,AMGN,0.16030166600378679
equity_min_variance,2023-01-03,AMGN,0.16235696332436644
equity_min_variance,2023-02-01,AMGN,0.16533615122765613
equity_min_variance,2023-03-01,AMGN,0.1898199800823853
equity_min_variance,2023-04-03,AMGN,0.18032867290487034
equity_min_variance,2023-05-01,AMGN,0.17079890679432647
equity_min_variance,2023-06-01,AMGN,0.08966833665997971
equity_min_variance,2023-07-03,AMGN,0.032257362341713613
equity_min_variance,2023-08-01,AMGN,0.0326618598297761
equity_min_variance,2023-09-01,AMGN,0.04808505153929941
equity_min_variance,2023-10-02,AMGN,0.05259739733311165
equity_min_variance,2023-11-01,AMGN,0.04030556395768638
equity_min_variance,2023-12-01,AMGN,0.01776884002188336
equity_min_variance,2021-07-01,CAT,0.00678981304069063
equity_min_variance,2021-08-02,CAT,0.011544349121677448
equity_min_variance,2021-09-01,CAT,0.009631927574138794
equity_min_variance,2021-10-01,CAT,0.004743743900062575
equity_min_variance,2022-02-01,CAT,0.01870283601138089
equity_min_variance,2022-03-01,CAT,0.016244839661392202
equity_min_variance,2022-04-01,CAT,0.03117100292618899
equity_min_variance,2022-05-02,CAT,0.04264634766976386
equity_min_variance,2022-06-01,CAT,0.019530089915725215
equity_min_variance,2022-07-01,CAT,0.010091469665472612
equity_min_variance,2022-08-01,CAT,0.0018779690237555092
equity_min_variance,2021-07-01,CCI,0.05551597799690245
equity_min_variance,2021-08-02,CCI,0.06279942824270694
equity_min_variance,2021-09-01,CCI,0.06754653955862551
equity_min_variance,2021-10-01,CCI,0.08676739834287497
equity_min_variance,2021-11-01,CCI,0.05652859978204207
equity_min_variance,2021-12-01,CCI,0.00984488995116476
equity_min_variance,2022-01-03,CCI,0.003543577463558558
equity_min_variance,2023-11-01,CMCSA,0.002662271564745666
equity_min_variance,2021-11-01,COP,0.0036290718491703393
equity_min_variance,2021-12-01,COP,0.010415573451924749
equity_min_variance,2021-12-01,CVX,0.01806686386632795
equity_min_variance,2022-01-03,CVX,0.019800124345160205
equity_min_variance,2022-02-01,CVX,0.0651164240726592
equity_min_variance,2022-03-01,CVX,0.04928094899361105
equity_min_variance,2022-04-01,CVX,0.07880116018093195
equity_min_variance,2022-05-02,CVX,0.05976633258977698
equity_min_variance,2022-06-01,CVX,0.03767820743816652
equity_min_variance,2022-07-01,CVX,0.04489325160846434
equity_min_variance,2022-08-01,CVX,0.04613094943449985
equity_min_variance,2022-09-01,CVX,0.068485969439919
equity_min_variance,2022-10-03,CVX,0.07295833965540045
equity_min_variance,2022-11-01,CVX,0.06623684664874754
equity_min_variance,2022-12-01,CVX,0.05177447388636691
equity_min_variance,2023-01-03,CVX,0.044514684517642275
equity_min_variance,2023-02-01,CVX,0.042489102922128236
equity_min_variance,2023-03-01,CVX,0.05015208068787509
equity_min_variance,2023-04-03,CVX,0.02816351174469338
equity_min_variance,2023-05-01,CVX,0.033573077746870905
equity_min_variance,2023-06-01,CVX,0.03724147867052245
equity_min_variance,2023-07-03,CVX,0.0182707346193278
equity_min_variance,2023-08-01,CVX,0.01674997203708267
equity_min_variance,2023-09-01,CVX,0.004388387162708878
equity_min_variance,2023-10-02,CVX,0.030487957767413754
equity_min_variance,2023-11-01,CVX,0.039545451725972326
equity_min_variance,2023-12-01,CVX,0.02856173946336436
equity_min_variance,2021-04-01,D,0.06484989258348507
equity_min_variance,2021-05-03,D,0.07648185171035862
equity_min_variance,2021-06-01,D,0.0516336111338024
equity_min_variance,2021-07-01,D,0.03060675105682746
equity_min_variance,2022-12-01,D,0.01153007684776646
equity_min_variance,2023-01-03,D,0.02065901458862121
equity_min_variance,2023-02-01,D,0.03186493058595508
equity_min_variance,2023-03-01,D,0.013573196393953912
equity_min_variance,2023-04-03,D,0.018649604074183763
equity_min_variance,2023-05-01,D,0.016893202429306666
equity_min_variance,2021-10-01,DD,0.004035432821035946
equity_min_variance,2023-11-01,DD,0.01818924080561535
equity_min_variance,2023-12-01,DD,0.009747769455975299
equity_min_variance,2021-04-01,DIS,0.010945419767336513
equity_min_variance,2021-05-03,DIS,0.0018131498508217687
equity_min_variance,2021-06-01,DIS,0.012577360082762376
equity_min_variance,2021-07-01,DIS,0.016028023584539277
equity_min_variance,2021-08-02,DIS,0.015172580421435548
equity_min_variance,2021-09-01,DIS,0.014404134863298947
equity_min_variance,2021-10-01,DIS,0.007567349424279377
equity_min_variance,2021-11-01,DIS,0.0005204319780590605
equity_min_variance,2021-12-01,DIS,0.0062697985863751065
equity_min_variance,2022-01-03,DIS,0.022896879915187036
equity_min_variance,2022-02-01,DIS,0.015351630580485375
equity_min_variance,2022-03-01,DIS,0.06140432195378608
equity_min_variance,2022-04-01,DIS,0.045533836166470124
equity_min_variance,2022-05-02,DIS,0.03917449595207116
equity_min_variance,2022-06-01,DIS,0.05041567847001921
equity_min_variance,2022-07-01,DIS,0.04616904073964732
equity_min_variance,2022-08-01,DIS,0.04712496820655562
equity_min_variance,2022-09-01,DIS,0.027915965865131512
equity_min_variance,2023-05-01,DOW,0.003011215434811372
equity_min_variance,2023-12-01,DOW,0.003545018905060007
equity_min_variance,2021-05-03,DUK,0.02722875105162385
equity_min_variance,2021-06-01,DUK,0.02624883883707662
equity_min_variance,2021-07-01,DUK,0.0016622910331370272
equity_min_variance,2021-08-02,DUK,0.020590026083746053
equity_min_variance,2021-09-01,DUK,0.018146472622765752
equity_min_variance,2021-10-01,DUK,0.049990778581415936
equity_min_variance,2021-11-01,DUK,0.055915199791372126
equity_min_variance,2021-12-01,DUK,0.064758619964174
equity_min_variance,2022-01-03,DUK,0.06967618922133159
equity_min_variance,2022-02-01,DUK,0.05909859307096863
equity_min_variance,2022-03-01,DUK,0.022346080111143068
equity_min_variance,2022-04-01,DUK,0.02799996616996816
equity_min_variance,2022-05-02,DUK,0.08472172883966156
equity_min_variance,2022-06-01,DUK,0.1393489777967848
equity_min_variance,2022-07-01,DUK,0.1385681329922112
equity_min_variance,2022-08-01,DUK,0.1221326514855913
equity_min_variance,2022-09-01,DUK,0.09597979049061316
equity_min_variance,2022-10-03,DUK,0.0641695683063949
equity_min_variance,2022-11-01,DUK,0.02683331909731663
equity_min_variance,2022-12-01,DUK,0.02576157906394449
equity_min_variance,2023-01-03,DUK,0.028662170084309026
equity_min_variance,2023-02-01,DUK,0.022757946024183864
equity_min_variance,2023-03-01,DUK,0.051655282200757956
equity_min_variance,2023-04-03,DUK,0.024347338787141164
equity_min_variance,2023-05-01,DUK,0.007314530842891891
equity_min_variance,2023-12-01,DUK,0.014967699376167886
equity_min_variance,2021-01-04,EA,0.08068120231384238
equity_min_variance,2021-02-01,EA,0.08825417531881943
equity_min_variance,2021-03-01,EA,0.08823291917086708
equity_min_variance,2021-04-01,EA,0.09202717698230153
equity_min_variance,2021-05-03,EA,0.06260876287113953
equity_min_variance,2021-06-01,EA,0.06373456814693922
equity_min_variance,2021-07-01,EA,0.030869014737984073
equity_min_variance,2021-08-02,EA,0.028569811231777483
equity_min_variance,2021-09-01,EA,0.027738331647131832
equity_min_variance,2021-10-01,EA,0.04540064090054632
equity_min_variance,2021-11-01,EA,0.05091310651082794
equity_min_variance,2021-12-01,EA,0.0629798409640478
equity_min_variance,2022-01-03,EA,0.05599900024968709
equity_min_variance,2022-02-01,EA,0.05970607703967522
equity_min_variance,2022-03-01,EA,0.06497338708912133
equity_min_variance,2022-04-01,EA,0.06979399385865263
equity_min_variance,2022-05-02,EA,0.08815510518947547
equity_min_variance,2022-06-01,EA,0.08592390249149462
equity_min_variance,2022-07-01,EA,0.08495250563099918
equity_min_variance,2022-08-01,EA,0.08905261750348466
equity_min_variance,2022-09-01,EA,0.09275043222497768
equity_min_variance,2022-10-03,EA,0.08826659567632052
equity_min_variance,2022-11-01,EA,0.09797097646661257
equity_min_variance,2022-12-01,EA,0.1025463097174211
equity_min_variance,2023-01-03,EA,0.10116314778875231
equity_min_variance,2023-02-01,EA,0.12356733296303479
equity_min_variance,2023-03-01,EA,0.09134453705629901
equity_min_variance,2023-04-03,EA,0.0995837103993644
equity_min_variance,2023-05-01,EA,0.07748608842981321
equity_min_variance,2023-06-01,EA,0.12567478522636463
equity_min_variance,2023-07-03,EA,0.1150631139582496
equity_min_variance,2023-08-01,EA,0.10446536811090956
equity_min_variance,2023-09-01,EA,0.07481629176871395
equity_min_variance,2023-10-02,EA,0.07781462693835663
equity_min_variance,2023-11-01,EA,0.062140155220175186
equity_min_variance,2023-12-01,EA,0.04396154357214992
equity_min_variance,2023-09-01,GE,0.0031205322275432777
equity_min_variance,2023-10-02,GE,0.00798756633149798
equity_min_variance,2023-11-01,GE,0.010835838605265229
equity_min_variance,2023-12-01,GE,0.014043228267517366
equity_min_variance,2021-01-04,GILD,0.1266549381350621
equity_min_variance,2021-02-01,GILD,0.12043943777752138
equity_min_variance,2021-03-01,GILD,0.1280265016078031
equity_min_variance,2021-04-01,GILD,0.05828958543390777
equity_min_variance,2021-05-03,GILD,0.049921938042826595
equity_min_variance,2021-06-01,GILD,0.06273498265371157
equity_min_variance,2021-07-01,GILD,0.037006365965858844
equity_min_variance,2021-08-02,GILD,0.031368716971764764
equity_min_variance,2021-09-01,GILD,0.027017367663308717
equity_min_variance,2021-10-01,GILD,0.01861645133334413
equity_min_variance,2021-11-01,GILD,0.04579711616851726
equity_min_variance,2021-12-01,GILD,0.04029090649578435
equity_min_variance,2022-01-03,GILD,0.06682558314578306
equity_min_variance,2022-02-01,GILD,0.06306731382315418
equity_min_variance,2022-03-01,GILD,0.12745600599351387
equity_min_variance,2022-04-01,GILD,0.12806953395308301
equity_min_variance,2022-05-02,GILD,0.1174531770090959
equity_min_variance,2022-06-01,GILD,0.15629559637711685
equity_min_variance,2022-07-01,GILD,0.15850899825237777
equity_min_variance,2022-08-01,GILD,0.15616857327618772
equity_min_variance,2022-09-01,GILD,0.13198651365107525
equity_min_variance,2022-10-03,GILD,0.09585934109898069
equity_min_variance,2022-11-01,GILD,0.043870222080663934
equity_min_variance,2022-12-01,GILD,0.03654925836630118
equity_min_variance,2023-01-03,GILD,0.02076793573718016
equity_min_variance,2023-02-01,GILD,0.009360519266753315
equity_min_variance,2021-07-01,GS,0.02299331252232398
equity_min_variance,2021-08-02,GS,0.023028465628101867
equity_min_variance,2021-09-01,GS,0.029968624326027236
equity_min_variance,2021-10-01,GS,0.04094518899422418
equity_min_variance,2021-11-01,GS,0.055910526742519125
equity_min_variance,2021-12-01,GS,0.0469053287188354
equity_min_variance,2022-01-03,GS,0.04168116963659372
equity_min_variance,2022-02-01,GS,0.006138772419276292
equity_min_variance,2022-03-01,GS,0.006218608202502712
equity_min_variance,2023-10-02,GS,0.0002799405781413914
equity_min_variance,2023-11-01,GS,0.00991506827261236
equity_min_variance,2021-10-01,INTC,0.0038846223446970165
equity_min_variance,2021-11-01,INTC,0.002719102601645355
equity_min_variance,2021-12-01,INTC,0.007263487666912806
equity_min_variance,2022-01-03,INTC,0.008267375782179004
equity_min_variance,2022-02-01,INTC,0.013171817600699687
equity_min_variance,2022-03-01,INTC,0.003432843622631005
equity_min_variance,2022-04-01,INTC,0.005770768256051357
equity_min_variance,2022-06-01,INTC,0.004919264252583298
equity_min_variance,2023-12-01,INTC,0.002534428918579419
equity_min_variance,2021-01-04,KO,0.018186160642085645
equity_min_variance,2021-02-01,KO,0.019649417538744177
equity_min_variance,2021-03-01,KO,0.012161654729782895
equity_min_variance,2021-09-01,KO,0.005382653751391589
equity_min_variance,2021-10-01,KO,0.015023164484023096
equity_min_variance,2021-11-01,KO,0.06606196711248312
equity_min_variance,2021-12-01,KO,0.04028587990998569
equity_min_variance,2022-01-03,KO,0.032373143058442196
equity_min_variance,2022-02-01,KO,0.042084305352238276
equity_min_variance,2022-03-01,KO,0.08962263101490493
equity_min_variance,2022-04-01,KO,0.08303318472409217
equity_min_variance,2022-05-02,KO,0.10766950285415626
equity_min_variance,2022-07-01,KO,0.04166213909729316
equity_min_variance,2022-08-01,KO,0.03921575365629062
equity_min_variance,2022-09-01,KO,0.042029915175860764
equity_min_variance,2022-10-03,KO,0.0699209970983207
equity_min_variance,2022-11-01,KO,0.08594284417787881
equity_min_variance,2022-12-01,KO,0.09745967632352934
equity_min_variance,2023-01-03,KO,0.09637509888955492
equity_min_variance,2023-02-01,KO,0.08418745888248405
equity_min_variance,2023-03-01,KO,0.09104897374713875
equity_min_variance,2023-04-03,KO,0.1323892431797169
equity_min_variance,2023-05-01,KO,0.15298992947413714
equity_min_variance,2023-06-01,KO,0.19999999999999996
equity_min_variance,2023-07-03,KO,0.19999999999999998
equity_min_variance,2023-08-01,KO,0.2
equity_min_variance,2023-09-01,KO,0.19999999999999993
equity_min_variance,2023-10-02,KO,0.2
equity_min_variance,2023-11-01,KO,0.17505578262771757
equity_min_variance,2023-12-01,KO,0.177772175737726
equity_min_variance,2021-01-04,MMM,0.07392422418730202
equity_min_variance,2021-02-01,MMM,0.09308389635635934
equity_min_variance,2021-03-01,MMM,0.07673455552602955
equity_min_variance,2021-04-01,MMM,0.10119743435034724
equity_min_variance,2021-05-03,MMM,0.06940462687009509
equity_min_variance,2021-06-01,MMM,0.0835698794676082
equity_min_variance,2021-07-01,MMM,0.08904324107053485
equity_min_variance,2021-08-02,MMM,0.08040139452534881
equity_min_variance,2021-09-01,MMM,0.07219306447077498
equity_min_variance,2021-10-01,MMM,0.07619462311769251
equity_min_variance,2021-11-01,MMM,0.06397835989273644
equity_min_variance,2021-12-01,MMM,0.06101438332023523
equity_min_variance,2022-01-03,MMM,0.0710263793760286
equity_min_variance,2022-02-01,MMM,0.02091179163845139
equity_min_variance,2022-07-01,MMM,0.011213122398318351
equity_min_variance,2022-08-01,MMM,0.03628067613698421
equity_min_variance,2022-09-01,MMM,0.004820301720718336
equity_min_variance,2022-10-03,MMM,0.024940015372177996
equity_min_variance,2022-12-01,MMM,0.0006276342831500612
equity_min_variance,2021-01-04,MRK,0.07641326424631509
equity_min_variance,2021-02-01,MRK,0.0835593036865389
equity_min_variance,2021-03-01,MRK,0.05446563881273938
equity_min_variance,2021-04-01,MRK,0.05884033061071634
equity_min_variance,2021-05-03,MRK,0.1044541974416558
equity_min_variance,2021-06-01,MRK,0.11259943706243418
equity_min_variance,2021-07-01,MRK,0.12463909138004463
equity_min_variance,2021-08-02,MRK,0.13261164138167175
equity_min_variance,2021-09-01,MRK,0.11910420214139886
equity_min_variance,2021-10-01,MRK,0.13507063768108696
equity_min_variance,2021-11-01,MRK,0.06912402154758975
equity_min_variance,2021-12-01,MRK,0.03484229201322759
equity_min_variance,2022-01-03,MRK,0.04846812642522384
equity_min_variance,2022-02-01,MRK,0.06127645576953839
equity_min_variance,2022-03-01,MRK,0.04754314955371761
equity_min_variance,2022-04-01,MRK,0.05105786495018766
equity_min_variance,2022-05-02,MRK,0.05484773858507564
equity_min_variance,2022-06-01,MRK,0.07217373542827953
equity_min_variance,2022-07-01,MRK,0.061695988614649526
equity_min_variance,2022-08-01,MRK,0.06254742235837718
equity_min_variance,2022-09-01,MRK,0.0650736241437913
equity_min_variance,2022-10-03,MRK,0.07835733329166779
equity_min_variance,2022-11-01,MRK,0.1298149699831967
equity_min_variance,2022-12-01,MRK,0.2
equity_min_variance,2023-01-03,MRK,0.19999999999999996
equity_min_variance,2023-02-01,MRK,0.19690312307618404
equity_min_variance,2023-03-01,MRK,0.19048296318342997
equity_min_variance,2023-04-03,MRK,0.17683209875553296
equity_min_variance,2023-05-01,MRK,0.16744495108866153
equity_min_variance,2023-06-01,MRK,0.15850112620473752
equity_min_variance,2023-07-03,MRK,0.169597097324313
equity_min_variance,2023-08-01,MRK,0.15372487863135958
equity_min_variance,2023-09-01,MRK,0.14033449182337623
equity_min_variance,2023-10-02,MRK,0.12386170079626178
equity_min_variance,2023-11-01,MRK,0.11485776303974153
equity_min_variance,2023-12-01,MRK,0.0990005669434282
equity_min_variance,2022-02-01,MS,0.018998520266141652
equity_min_variance,2022-03-01,MS,0.009997222129983706
equity_min_variance,2023-09-01,MS,0.0014115330065634331
equity_min_variance,2022-04-01,NEE,0.01851118320435701
equity_min_variance,2021-01-04,NEM,0.1266375161020185
equity_min_variance,2021-02-01,NEM,0.12014313741401345
equity_min_variance,2021-03-01,NEM,0.12150841232526426
equity_min_variance,2021-04-01,NEM,0.009603432265532516
equity_min_variance,2021-05-03,NEM,0.007526440789977483
equity_min_variance,2021-11-01,NEM,0.00507085968771064
equity_min_variance,2021-12-01,NEM,0.015929542653633305
equity_min_variance,2022-01-03,NEM,0.015562555494508076
equity_min_variance,2022-02-01,NEM,0.014929365912995231
equity_min_variance,2022-03-01,NEM,0.02306326461604166
equity_min_variance,2022-04-01,NEM,0.03499490909350405
equity_min_variance,2022-05-02,NEM,0.04615235657868917
equity_min_variance,2022-06-01,NEM,0.05894914831433141
equity_min_variance,2022-07-01,NEM,0.05978261509762789
equity_min_variance,2022-08-01,NEM,0.05693317889257295
equity_min_variance,2022-09-01,NEM,0.056736942975117464
equity_min_variance,2022-10-03,NEM,0.05356289139585629
equity_min_variance,2022-11-01,NEM,0.05323084658547054
equity_min_variance,2022-12-01,NEM,0.016965840196199948
equity_min_variance,2023-01-03,NEM,0.016632672178327753
equity_min_variance,2023-02-01,NEM,0.009294660272192763
equity_min_variance,2023-03-01,NEM,0.00440782133790449
equity_min_variance,2023-04-03,NEM,0.008253525786191266
equity_min_variance,2023-05-01,NEM,0.007272234839450683
equity_min_variance,2023-12-01,NEM,0.010580560384193428
equity_min_variance,2021-01-04,NKE,0.011512205511437147
equity_min_variance,2021-02-01,NKE,0.0023907142434554047
equity_min_variance,2021-03-01,NKE,0.0036727812532448595
equity_min_variance,2021-04-01,NKE,0.008731447018970082
equity_min_variance,2021-05-03,NKE,0.031163618895846807
equity_min_variance,2021-06-01,NKE,0.03007264116806644
equity_min_variance,2021-07-01,NKE,0.035986235182367377
equity_min_variance,2021-08-02,NKE,0.03389984419286766
equity_min_variance,2021-09-01,NKE,0.02983824946906397
equity_min_variance,2021-10-01,NKE,0.00014270267592037967
equity_min_variance,2021-11-01,NKE,0.0015124693698729352
equity_min_variance,2021-12-01,NKE,0.004107796526429167
equity_min_variance,2022-01-03,NKE,0.010116788432097453
equity_min_variance,2022-02-01,NKE,0.016738171786588096
equity_min_variance,2022-03-01,NKE,0.021852007877777045
equity_min_variance,2022-04-01,NKE,0.013206167393542644
equity_min_variance,2022-06-01,NKE,0.0022371075701854417
equity_min_variance,2021-10-01,NVDA,0.0019107941869433652
equity_min_variance,2023-11-01,NVDA,0.002934078027599633
equity_min_variance,2023-12-01,NVDA,0.011149884229075764
equity_min_variance,2021-12-01,O,0.013189771769018314
equity_min_variance,2022-01-03,O,0.015205200909809905
equity_min_variance,2022-02-01,O,0.017819321491839898
equity_min_variance,2022-03-01,O,0.014769096156287092
equity_min_variance,2022-04-01,O,0.017983109806310744
equity_min_variance,2022-05-02,O,0.012026782845067167
equity_min_variance,2022-07-01,O,0.004685491976134139
equity_min_variance,2022-09-01,O,0.02647498818409962
equity_min_variance,2022-10-03,O,0.07073285831026402
equity_min_variance,2022-11-01,O,0.07914261430909034
equity_min_variance,2022-12-01,O,0.04735879977617185
equity_min_variance,2023-01-03,O,0.061238029052388065
equity_min_variance,2023-02-01,O,0.07268429927596805
equity_min_variance,2023-03-01,O,0.08461844329959109
equity_min_variance,2023-04-03,O,0.07004950977121599
equity_min_variance,2023-05-01,O,0.09665447951889591
equity_min_variance,2023-06-01,O,0.10853476394657885
equity_min_variance,2023-07-03,O,0.12229839173690593
equity_min_variance,2023-08-01,O,0.12392569151135656
equity_min_variance,2023-09-01,O,0.1050735086553484
equity_min_variance,2023-10-02,O,0.0861136138186152
equity_min_variance,2023-11-01,O,0.09636889350956712
equity_min_variance,2023-12-01,O,0.07517940269883037
equity_min_variance,2021-10-01,OXY,0.0022758762801781043
equity_min_variance,2021-11-01,OXY,0.003608479813870941
equity_min_variance,2022-01-03,OXY,0.004334140861099912
equity_min_variance,2022-03-01,OXY,0.006443433337847095
equity_min_variance,2023-07-03,OXY,0.004716885072937438
equity_min_variance,2023-08-01,OXY,0.011479533572072471
equity_min_variance,2023-09-01,OXY,0.01490357244504146
equity_min_variance,2023-10-02,OXY,0.0127107190591327
equity_min_variance,2023-12-01,OXY,0.02439565737591607
equity_min_variance,2021-01-04,PSA,0.0771783692591375
equity_min_variance,2021-02-01,PSA,0.08073634888046614
equity_min_variance,2021-03-01,PSA,0.10790049229336385
equity_min_variance,2021-04-01,PSA,0.11999748433694005
equity_min_variance,2021-05-03,PSA,0.06561112649895576
equity_min_variance,2021-06-01,PSA,0.08676522747102156
equity_min_variance,2021-07-01,PSA,0.09999501856551074
equity_min_variance,2021-08-02,PSA,0.10244307909585715
equity_min_variance,2021-09-01,PSA,0.11168966820624548
equity_min_variance,2021-10-01,PSA,0.09178987755750068
equity_min_variance,2021-11-01,PSA,0.09399309301761714
equity_min_variance,2021-12-01,PSA,0.10936609826887332
equity_min_variance,2022-01-03,PSA,0.10016757995711933
equity_min_variance,2022-02-01,PSA,0.09293864470068451
equity_min_variance,2022-03-01,PSA,0.06323346099903027
equity_min_variance,2022-04-01,PSA,0.043934959049347626
equity_min_variance,2021-05-03,SBUX,0.0025216858548370432
equity_min_variance,2021-07-01,SBUX,0.024333808915702197
equity_min_variance,2021-08-02,SBUX,0.017500353806281756
equity_min_variance,2021-09-01,SBUX,0.00809576696061625
equity_min_variance,2021-10-01,SBUX,0.02045522852936483
equity_min_variance,2021-11-01,SBUX,0.01588579836087549
equity_min_variance,2021-12-01,SBUX,0.012177683406111646
equity_min_variance,2022-02-01,SBUX,0.022405427873922752
equity_min_variance,2021-10-01,SHW,6.107846015948689e-05
equity_min_variance,2021-12-01,SHW,0.0281731079490965
equity_min_variance,2022-01-03,SHW,0.012954844667416253
equity_min_variance,2022-02-01,SHW,0.01442155876861849
equity_min_variance,2022-04-01,SHW,0.011814585996688878
equity_min_variance,2022-05-02,SHW,0.06465415427927564
equity_min_variance,2022-06-01,SHW,0.05317813228504729
equity_min_variance,2022-07-01,SHW,0.028215580458744734
equity_min_variance,2022-08-01,SHW,0.025428335317591297
equity_min_variance,2022-09-01,SHW,0.023637925343544405
equity_min_variance,2022-10-03,SHW,0.013402326491475314
equity_min_variance,2021-10-01,SLB,0.0012165589838489584
equity_min_variance,2023-11-01,SLB,0.00016630233760733814
equity_min_variance,2021-12-01,SO,0.016406480557545428
equity_min_variance,2022-01-03,SO,0.01780443903824334
equity_min_variance,2022-02-01,SO,0.09049193715886192
equity_min_variance,2022-03-01,SO,0.07829601516787572
equity_min_variance,2022-04-01,SO,0.07924262751622686
equity_min_variance,2022-05-02,SO,0.06560617028286471
equity_min_variance,2022-06-01,SO,0.06003949411934168
equity_min_variance,2022-07-01,SO,0.03578608561641589
equity_min_variance,2022-08-01,SO,0.02744302371962225
equity_min_variance,2022-09-01,SO,0.04464645751402805
equity_min_variance,2022-10-03,SO,0.006552798878234748
equity_min_variance,2022-11-01,SO,0.01301361517807431
equity_min_variance,2021-04-01,T,0.09485735869184808
equity_min_variance,2021-05-03,T,0.10715847622704906
equity_min_variance,2021-06-01,T,0.11047033086649083
equity_min_variance,2021-07-01,T,0.1516005784476732
equity_min_variance,2021-08-02,T,0.15034090291582566
equity_min_variance,2021-09-01,T,0.14772508137967233
equity_min_variance,2021-10-01,T,0.12267132350807532
equity_min_variance,2021-11-01,T,0.10298899824938146
equity_min_variance,2021-12-01,T,0.08224048947866265
equity_min_variance,2022-01-03,T,0.07035234711943417
equity_min_variance,2022-02-01,T,0.01284005971989935
equity_min_variance,2022-10-03,T,0.00030658907507878993
equity_min_variance,2022-12-01,T,0.006475268668288437
equity_min_variance,2023-01-03,T,0.011318341815202458
equity_min_variance,2023-02-01,T,0.03405356061764191
equity_min_variance,2023-03-01,T,0.04622603276654032
equity_min_variance,2023-04-03,T,0.05370473363478252
equity_min_variance,2023-05-01,T,0.03913250448840069
equity_min_variance,2023-06-01,T,0.029999456953608634
equity_min_variance,2023-07-03,T,0.043874868622939135
equity_min_variance,2023-08-01,T,0.0290718995122888
equity_min_variance,2023-09-01,T,0.033485802308588705
equity_min_variance,2023-10-02,T,0.029863311289079524
equity_min_variance,2023-11-01,T,0.03877517150408975
equity_min_variance,2023-12-01,T,0.03356961870630186
equity_min_variance,2021-11-01,TMUS,0.00618861392205785
equity_min_variance,2022-02-01,TMUS,0.0010457703870115989
equity_min_variance,2022-03-01,TMUS,0.001705795434793019
equity_min_variance,2022-04-01,TMUS,0.017510152249689565
equity_min_variance,2023-06-01,TMUS,0.016345781274120983
equity_min_variance,2023-07-03,TMUS,0.039226393551577754
equity_min_variance,2023-08-01,TMUS,0.0571625690650306
equity_min_variance,2023-09-01,TMUS,0.04362988030492214
equity_min_variance,2023-10-02,TMUS,0.0660103088437087
equity_min_variance,2023-11-01,TMUS,0.06646410265739812
equity_min_variance,2023-12-01,TMUS,0.06589187688634288
equity_min_variance,2021-01-04,TTWO,0.044434777156702916
equity_min_variance,2021-02-01,TTWO,0.04035012018276691
equity_min_variance,2021-03-01,TTWO,0.030237764187264097
equity_min_variance,2021-04-01,TTWO,0.07742225027578521
equity_min_variance,2021-05-03,TTWO,0.05885169441453345
equity_min_variance,2021-06-01,TTWO,0.05585985568343537
equity_min_variance,2021-07-01,TTWO,0.04386391522745028
equity_min_variance,2021-08-02,TTWO,0.049902517927272974
equity_min_variance,2021-09-01,TTWO,0.050481169293981935
equity_min_variance,2021-10-01,TTWO,0.03840946577239098
equity_min_variance,2021-11-01,TTWO,0.02759138127768826
equity_min_variance,2021-12-01,TTWO,0.024130262233537376
equity_min_variance,2022-01-03,TTWO,0.021445679784867284
equity_min_variance,2022-02-01,TTWO,0.02966472677746206
equity_min_variance,2022-03-01,TTWO,0.03785254387084013
equity_min_variance,2022-04-01,TTWO,0.032882773901104084
equity_min_variance,2022-05-02,TTWO,0.03851532332905542
equity_min_variance,2022-06-01,TTWO,0.026977136354459075
equity_min_variance,2022-07-01,TTWO,0.027339675327353576
equity_min_variance,2022-08-01,TTWO,0.028322975971851277
equity_min_variance,2022-09-01,TTWO,0.015464414461330412
equity_min_variance,2022-10-03,TTWO,0.016215845144529794
equity_min_variance,2022-11-01,TTWO,0.02274936599188841
equity_min_variance,2022-12-01,TTWO,0.03285974528077485
equity_min_variance,2023-01-03,TTWO,0.03259691829997533
equity_min_variance,2023-02-01,TTWO,0.024490211196194423
equity_min_variance,2023-03-01,TTWO,0.027122846061040144
equity_min_variance,2023-04-03,TTWO,0.023608722679240014
equity_min_variance,2023-05-01,TTWO,0.021780211874439452
equity_min_variance,2023-07-03,TTWO,0.007796442228839559
equity_min_variance,2023-08-01,TTWO,0.007899423116964977
equity_min_variance,2023-09-01,TTWO,0.017709751049468665
equity_min_variance,2023-10-02,TTWO,0.018614013001776068
equity_min_variance,2023-11-01,TTWO,0.003482707895869787
equity_min_variance,2021-01-04,UPS,0.02123891569082398
equity_min_variance,2021-02-01,UPS,0.017630811346645514
equity_min_variance,2021-03-01,UPS,0.02711932578539062
equity_min_variance,2021-11-01,UPS,0.011847329748141365
equity_min_variance,2021-12-01,UPS,0.005512419690055006
equity_min_variance,2022-01-03,UPS,0.006674664665709637
equity_min_variance,2022-02-01,UPS,0.005734556863173518
equity_min_variance,2022-03-01,UPS,0.013186171549631379
equity_min_variance,2022-04-01,UPS,0.0016212976224866669
equity_min_variance,2022-06-01,UPS,0.005156658498416376
equity_min_variance,2022-07-01,UPS,0.013099736180233358
equity_min_variance,2022-09-01,UPS,0.009597795466206451
equity_min_variance,2022-10-03,UPS,0.007088162079947003
equity_min_variance,2022-11-01,UPS,0.021998817284648267
equity_min_variance,2022-12-01,UPS,0.0025582680978083736
equity_min_variance,2023-04-03,UPS,0.005156268300005221
equity_min_variance,2023-06-01,UPS,0.00594698993088149
equity_min_variance,2022-06-01,USB,0.000321059394739062
equity_min_variance,2022-08-01,USB,0.0008251146160084345
equity_min_variance,2023-07-03,V,0.010992900890312482
equity_min_variance,2023-08-01,V,0.027101819699982217
equity_min_variance,2023-09-01,V,0.035249480169964
equity_min_variance,2023-10-02,V,0.04658434322655718
equity_min_variance,2023-11-01,V,0.04251185377183899
equity_min_variance,2023-12-01,V,0.08025243875353845
equity_min_variance,2023-10-02,WFC,0.002477515745638665
equity_min_variance,2021-01-04,WMT,0.19999999999999996
equity_min_variance,2021-02-01,WMT,0.19999999999999996
equity_min_variance,2021-03-01,WMT,0.19470698918914997
equity_min_variance,2021-04-01,WMT,0.2
equity_min_variance,2021-05-03,WMT,0.193246755306613
equity_min_variance,2021-06-01,WMT,0.16600068571789506
equity_min_variance,2021-07-01,WMT,0.10141459565829478
equity_min_variance,2021-08-02,WMT,0.10587488928002427
equity_min_variance,2021-09-01,WMT,0.11737632727959205
equity_min_variance,2021-10-01,WMT,0.1234667479726651
equity_min_variance,2021-11-01,WMT,0.10544885127663886
equity_min_variance,2021-12-01,WMT,0.10847897599416746
equity_min_variance,2022-01-03,WMT,0.10861073528162923
equity_min_variance,2022-02-01,WMT,0.088569284812193
equity_min_variance,2022-03-01,WMT,0.12301918133931276
equity_min_variance,2022-04-01,WMT,0.11103284361382937
equity_min_variance,2022-05-02,WMT,0.10796616551928155
equity_min_variance,2022-06-01,WMT,0.08335966959980828
equity_min_variance,2022-07-01,WMT,0.1036269076399206
equity_min_variance,2022-08-01,WMT,0.10300328606567129
equity_min_variance,2022-09-01,WMT,0.0934513243474911
equity_min_variance,2022-10-03,WMT,0.10727072151342844
equity_min_variance,2022-11-01,WMT,0.10339510908056229
equity_min_variance,2022-12-01,WMT,0.10504800273552278
equity_min_variance,2023-01-03,WMT,0.10023986152810492
equity_min_variance,2023-02-01,WMT,0.09497284293113192
equity_min_variance,2023-03-01,WMT,0.08973515647226284
equity_min_variance,2023-04-03,WMT,0.09765947417483861
equity_min_variance,2023-05-01,WMT,0.11215300491425644
equity_min_variance,2023-06-01,WMT,0.15296090695933365
equity_min_variance,2023-07-03,WMT,0.13471271121468062
equity_min_variance,2023-08-01,WMT,0.13743650786675365
equity_min_variance,2023-09-01,WMT,0.18099526726726628
equity_min_variance,2023-10-02,WMT,0.1674811455390279
equity_min_variance,2023-11-01,WMT,0.18328851060014967
equity_min_variance,2023-12-01,WMT,0.16859212112642158
equity_min_variance,2022-05-02,XOM,0.0016375106087815848
equity_min_variance,2022-11-01,XOM,0.0017040807977077347
equity_min_variance,2022-12-01,XOM,0.024535461674969106
equity_min_variance,2023-01-03,XOM,0.017432021304653725
equity_min_variance,2023-02-01,XOM,0.016800376996130847
equity_min_variance,2023-03-01,XOM,0.010347301550451719
equity_min_variance,2023-04-03,XOM,0.01609332449321918
equity_min_variance,2023-05-01,XOM,0.009993012462681116
equity_min_variance,2023-06-01,XOM,0.0061708723479069975
equity_min_variance,2023-07-03,XOM,0.010457585837234702
equity_min_variance,2023-08-01,XOM,0.00985717074479063
equity_min_variance,2023-09-01,XOM,0.014410107378588761
equity_min_variance,2023-10-02,XOM,0.0037020902537790983
equity_min_variance,2023-11-01,XOM,0.007499794692001311
equity_max_sharpe,2021-02-01,ABBV,0.031156111159552496
equity_max_sharpe,2021-04-01,ABBV,0.1061703046195311
equity_max_sharpe,2021-05-03,ABBV,0.12758592977263924
equity_max_sharpe,2021-08-02,ABBV,0.008863180877087134
equity_max_sharpe,2021-09-01,ABBV,0.03717157077466203
equity_max_sharpe,2021-10-01,ABBV,0.029936796871342215
equity_max_sharpe,2021-11-01,ABBV,0.052835239713645524
equity_max_sharpe,2022-01-03,ABBV,0.009625595719706476
equity_max_sharpe,2022-02-01,ABBV,0.127934604082112
equity_max_sharpe,2022-03-01,ABBV,0.19127053073821013
equity_max_sharpe,2022-04-01,ABBV,0.19999999999995413
equity_max_sharpe,2022-05-02,ABBV,0.18500159188841925
equity_max_sharpe,2022-06-01,ABBV,0.19999999999842966
equity_max_sharpe,2022-07-01,ABBV,0.1999999999999449
equity_max_sharpe,2022-08-01,ABBV,0.1999999999999904
equity_max_sharpe,2022-09-01,ABBV,0.0941398823161754
equity_max_sharpe,2022-10-03,ABBV,0.19999999999901696
equity_max_sharpe,2022-11-01,ABBV,0.19999999999939613
equity_max_sharpe,2022-12-01,ABBV,0.20000000000088536
equity_max_sharpe,2023-01-03,ABBV,0.14420540890554082
equity_max_sharpe,2023-03-01,ABBV,0.02291614419914039
equity_max_sharpe,2023-09-01,ABBV,0.03282603894762645
equity_max_sharpe,2021-03-01,ABT,0.06695897306812464
equity_max_sharpe,2021-04-01,ABT,0.06828847739802071
equity_max_sharpe,2021-07-01,ABT,0.040984617198367164
equity_max_sharpe,2021-08-02,ABT,0.017902306307335934
equity_max_sharpe,2021-09-01,ABT,0.003839698707366444
equity_max_sharpe,2021-10-01,ABT,0.0329907596815455
equity_max_sharpe,2021-11-01,ABT,0.08787538615412298
equity_max_sharpe,2021-12-01,ABT,0.043264515404079315
equity_max_sharpe,2022-01-03,ABT,0.09090591107165243
equity_max_sharpe,2021-08-02,ADBE,0.04848932153502611
equity_max_sharpe,2021-09-01,ADBE,0.0030711081503444785
equity_max_sharpe,2021-11-01,ADBE,0.010258802697788833
equity_max_sharpe,2023-10-02,ADBE,0.011202508916949796
equity_max_sharpe,2023-11-01,ADBE,0.04139441887315865
equity_max_sharpe,2023-12-01,ADBE,0.1408544515916886
equity_max_sharpe,2022-03-01,AEP,0.06592723243443384
equity_max_sharpe,2022-04-01,AEP,0.03023563696708351
equity_max_sharpe,2022-06-01,AEP,0.13473640329361358
equity_max_sharpe,2022-07-01,AEP,0.02321425538033586
equity_max_sharpe,2021-01-04,AMD,0.002468713231655605
equity_max_sharpe,2021-03-01,AMD,0.05451018290331778
equity_max_sharpe,2021-07-01,AMD,0.041971832443797326
equity_max_sharpe,2021-11-01,AMD,0.013483664346540265
equity_max_sharpe,2022-06-01,AMD,0.03977059799001831
equity_max_sharpe,2022-09-01,AMGN,0.09321572674958473
equity_max_sharpe,2022-10-03,AMGN,0.11468796295843267
equity_max_sharpe,2022-11-01,AMGN,0.19999999999939613
equity_max_sharpe,2022-12-01,AMGN,0.20000000000088536
equity_max_sharpe,2023-01-03,AMGN,0.17934504364330683
equity_max_sharpe,2023-03-01,AMGN,0.014881725543587335
equity_max_sharpe,2023-04-03,AMGN,0.01673555093524684
equity_max_sharpe,2023-10-02,AMGN,0.10598467725606285
equity_max_sharpe,2021-10-01,AMT,0.00024016760420603105
equity_max_sharpe,2023-06-01,BA,0.12187536720109084
equity_max_sharpe,2023-07-03,BA,0.026586317844913734
equity_max_sharpe,2023-08-01,BA,0.0005956713255733038
equity_max_sharpe,2023-11-01,BA,0.038522203827146134
equity_max_sharpe,2023-12-01,BA,0.03121600978990668
equity_max_sharpe,2021-03-01,CAT,0.19999999999998772
equity_max_sharpe,2021-04-01,CAT,0.04141674907984717
equity_max_sharpe,2021-05-03,CAT,0.1296635775008719
equity_max_sharpe,2021-06-01,CAT,0.12483663666884226
equity_max_sharpe,2021-07-01,CAT,0.0236173242374117
equity_max_sharpe,2023-03-01,CAT,0.08105977766561881
equity_max_sharpe,2023-09-01,CAT,0.0603579819233362
equity_max_sharpe,2023-10-02,CAT,0.09063854956838256
equity_max_sharpe,2021-09-01,CCI,0.058993735690045804
equity_max_sharpe,2021-10-01,CCI,0.027338213367744096
equity_max_sharpe,2021-11-01,CCI,0.0013800311732526619
equity_max_sharpe,2023-10-02,CMCSA,0.04777918042848485
equity_max_sharpe,2023-11-01,CMCSA,0.10875199501249297
equity_max_sharpe,2021-11-01,COP,0.03435803491185395
equity_max_sharpe,2021-12-01,COP,0.04086483323984255
equity_max_sharpe,2022-01-03,COP,0.08992447854235813
equity_max_sharpe,2022-02-01,COP,0.1518882813896376
equity_max_sharpe,2022-03-01,COP,0.14213003247238123
equity_max_sharpe,2022-04-01,COP,0.07547848522161342
equity_max_sharpe,2022-05-02,COP,0.1391933172080796
equity_max_sharpe,2022-06-01,COP,0.07763800442820784
equity_max_sharpe,2022-09-01,COP,0.09183787098007465
equity_max_sharpe,2022-04-01,CVX,0.13285838919493664
equity_max_sharpe,2022-05-02,CVX,0.10660023109306599
equity_max_sharpe,2022-06-01,CVX,0.18200727024383787
equity_max_sharpe,2022-07-01,CVX,0.17274605611340418
equity_max_sharpe,2022-08-01,CVX,0.1999999999999904
equity_max_sharpe,2022-09-01,CVX,0.14034649633439586
equity_max_sharpe,2022-10-03,CVX,0.135659506182709
equity_max_sharpe,2022-11-01,CVX,0.109059666832753
equity_max_sharpe,2022-12-01,CVX,0.0058344796681418475
equity_max_sharpe,2023-01-03,CVX,0.027444389344840624
equity_max_sharpe,2021-02-01,DD,0.10210958469982033
equity_max_sharpe,2021-04-01,DD,0.09435314407556912
equity_max_sharpe,2023-11-01,DD,0.02717975623391066
equity_max_sharpe,2021-03-01,DIS,0.04740405983895794
equity_max_sharpe,2021-04-01,DIS,0.05541468151051769
equity_max_sharpe,2021-05-03,DIS,0.006179222810923186
equity_max_sharpe,2021-07-01,DIS,0.015656311679653805
equity_max_sharpe,2021-07-01,DUK,0.058205281274319454
equity_max_sharpe,2021-08-02,DUK,0.09494168595914851
equity_max_sharpe,2021-09-01,DUK,0.12265618500088792
equity_max_sharpe,2021-10-01,DUK,0.04163000504477983
equity_max_sharpe,2022-01-03,DUK,0.0005940502787769274
equity_max_sharpe,2021-04-01,EA,0.06994442060259236
equity_max_sharpe,2021-10-01,EA,0.018176111927408846
equity_max_sharpe,2021-11-01,EA,0.0004860731796305183
equity_max_sharpe,2021-05-03,GE,0.014098331645994635
equity_max_sharpe,2021-06-01,GE,0.07101532187355923
equity_max_sharpe,2021-07-01,GE,0.0793656241633861
equity_max_sharpe,2021-08-02,GE,0.07607204135060261
equity_max_sharpe,2021-09-01,GE,0.06896385296745126
equity_max_sharpe,2021-10-01,GE,0.11387079409413642
equity_max_sharpe,2023-04-03,GE,0.19999999999941115
equity_max_sharpe,2023-05-01,GE,0.19999999999990742
equity_max_sharpe,2023-06-01,GE,0.19999999999954646
equity_max_sharpe,2023-07-03,GE,0.1999999999994369
equity_max_sharpe,2023-08-01,GE,0.1999999999999682
equity_max_sharpe,2023-09-01,GE,0.1999999999997114
equity_max_sharpe,2023-10-02,GE,0.19999999999994703
equity_max_sharpe,2023-11-01,GE,0.199999999999795
equity_max_sharpe,2023-12-01,GE,0.19999999999999402
equity_max_sharpe,2021-10-01,GILD,0.014290193647881885
equity_max_sharpe,2021-12-01,GILD,0.08031612090058493
equity_max_sharpe,2022-01-03,GILD,0.11766958039085772
equity_max_sharpe,2022-11-01,GILD,0.12549387483706254
equity_max_sharpe,2022-12-01,GILD,0.0495177858623879
equity_max_sharpe,2023-01-03,GILD,0.10694090155920175
equity_max_sharpe,2023-02-01,GILD,0.188289649700232
equity_max_sharpe,2023-03-01,GILD,0.19999999999978457
equity_max_sharpe,2023-04-03,GILD,0.19999999999924656
equity_max_sharpe,2023-05-01,GILD,0.1999999999999237
equity_max_sharpe,2023-06-01,GILD,0.17461419110865534
equity_max_sharpe,2023-07-03,GILD,0.1513892657577086
equity_max_sharpe,2023-08-01,GILD,0.13642828719131103
equity_max_sharpe,2023-09-01,GILD,0.05285944509677875
equity_max_sharpe,2021-04-01,GS,0.08792801391981914
equity_max_sharpe,2021-05-03,GS,0.010665754394251183
equity_max_sharpe,2021-07-01,GS,0.14962501203573877
equity_max_sharpe,2021-08-02,GS,0.12309677480151678
equity_max_sharpe,2021-09-01,GS,0.17950109654799548
equity_max_sharpe,2021-10-01,GS,0.09202076391739296
equity_max_sharpe,2021-11-01,GS,0.15701310311018143
equity_max_sharpe,2021-12-01,GS,0.12506117806666914
equity_max_sharpe,2022-01-03,GS,0.02184102364915136
equity_max_sharpe,2023-12-01,INTC,0.07795894863556793
equity_max_sharpe,2022-02-01,KO,0.0513915305955635
equity_max_sharpe,2022-03-01,KO,0.09245470999882975
equity_max_sharpe,2022-05-02,KO,0.05966947652290444
equity_max_sharpe,2022-07-01,KO,0.19999999999997145
equity_max_sharpe,2022-08-01,KO,0.07478462485404243
equity_max_sharpe,2022-09-01,KO,0.040593054166247027
equity_max_sharpe,2022-10-03,KO,4.345733931991553e-05
equity_max_sharpe,2022-12-01,KO,0.01962520494905998
equity_max_sharpe,2021-11-01,MRK,0.03880921450655918
equity_max_sharpe,2022-05-02,MRK,0.07877816970999334
equity_max_sharpe,2022-06-01,MRK,0.146218931965476
equity_max_sharpe,2022-07-01,MRK,0.10798784145400869
equity_max_sharpe,2022-08-01,MRK,0.09031019320978147
equity_max_sharpe,2022-09-01,MRK,0.050005066348848506
equity_max_sharpe,2022-10-03,MRK,0.14361918933371914
equity_max_sharpe,2022-11-01,MRK,0.047547169962902265
equity_max_sharpe,2022-12-01,MRK,0.20000000000088536
equity_max_sharpe,2023-01-03,MRK,0.19999999999992105
equity_max_sharpe,2023-02-01,MRK,0.19999999999894907
equity_max_sharpe,2023-03-01,MRK,0.19999999999987897
equity_max_sharpe,2023-04-03,MRK,0.19999999999919887
equity_max_sharpe,2023-05-01,MRK,0.19999999999989315
equity_max_sharpe,2023-06-01,MRK,0.19999999999954646
equity_max_sharpe,2023-07-03,MRK,0.1999999999994369
equity_max_sharpe,2023-08-01,MRK,0.1999999999999682
equity_max_sharpe,2023-09-01,MRK,0.19999999999882126
equity_max_sharpe,2023-10-02,MRK,0.19999999999994703
equity_max_sharpe,2023-11-01,MRK,0.1841516260534389
equity_max_sharpe,2023-12-01,MRK,0.007332228024126019
equity_max_sharpe,2021-04-01,MS,0.050303364335103004
equity_max_sharpe,2021-05-03,MS,0.10578655420851169
equity_max_sharpe,2021-06-01,MS,0.1274029695839876
equity_max_sharpe,2021-07-01,MS,0.010110485307584573
equity_max_sharpe,2021-08-02,MS,0.029438568535420564
equity_max_sharpe,2021-09-01,MS,0.015708833108208
equity_max_sharpe,2021-10-01,MS,0.1177646453792135
equity_max_sharpe,2021-11-01,MS,0.024940122895870356
equity_max_sharpe,2022-02-01,MS,0.016486785772951755
equity_max_sharpe,2021-01-04,NEM,0.18524019149531337
equity_max_sharpe,2021-02-01,NEM,0.14482573466671197
equity_max_sharpe,2021-03-01,NEM,0.015753110468072096
equity_max_sharpe,2021-04-01,NEM,0.0186196908374765
equity_max_sharpe,2021-06-01,NEM,0.003347234501496008
equity_max_sharpe,2022-03-01,NEM,0.03092320406262584
equity_max_sharpe,2022-04-01,NEM,0.06652802861624685
equity_max_sharpe,2021-01-04,NKE,0.012448592681528774
equity_max_sharpe,2021-03-01,NKE,0.05159590641064576
equity_max_sharpe,2021-07-01,NKE,0.07601053984047042
equity_max_sharpe,2021-08-02,NKE,0.13767384462571328
equity_max_sharpe,2021-09-01,NKE,0.07559881454325208
equity_max_sharpe,2021-04-01,NUE,0.12390087752357112
equity_max_sharpe,2021-05-03,NUE,0.022499105882365117
equity_max_sharpe,2021-06-01,NUE,0.10158032519624627
equity_max_sharpe,2021-07-01,NUE,0.08940671312555033
equity_max_sharpe,2021-08-02,NUE,0.11618352125571221
equity_max_sharpe,2021-09-01,NUE,0.10818457074965174
equity_max_sharpe,2021-10-01,NUE,0.060266593086757435
equity_max_sharpe,2021-11-01,NUE,0.027873146786939373
equity_max_sharpe,2021-12-01,NUE,0.05288860498544393
equity_max_sharpe,2022-01-03,NUE,0.09477614569354458
equity_max_sharpe,2022-02-01,NUE,0.06899643561855712
equity_max_sharpe,2022-03-01,NUE,0.09395717748530658
equity_max_sharpe,2022-04-01,NUE,0.04385220101879953
equity_max_sharpe,2022-05-02,NUE,0.09766469815948839
equity_max_sharpe,2022-08-01,NUE,0.024832667721273016
equity_max_sharpe,2023-02-01,NUE,0.1515841521034866
equity_max_sharpe,2023-03-01,NUE,0.06405585813083658
equity_max_sharpe,2023-07-03,NUE,0.019507037426498185
equity_max_sharpe,2021-01-04,NVDA,0.19999999999997556
equity_max_sharpe,2021-02-01,NVDA,0.1999999999999924
equity_max_sharpe,2021-03-01,NVDA,0.13815966933380497
equity_max_sharpe,2021-04-01,NVDA,0.02547167281367578
equity_max_sharpe,2021-05-03,NVDA,0.07211643584336125
equity_max_sharpe,2021-06-01,NVDA,0.06088098543842286
equity_max_sharpe,2021-07-01,NVDA,0.08856800614483942
equity_max_sharpe,2021-08-02,NVDA,0.07513635426575523
equity_max_sharpe,2021-09-01,NVDA,0.07708148794182212
equity_max_sharpe,2021-10-01,NVDA,0.10038039068509942
equity_max_sharpe,2021-11-01,NVDA,0.0710142986497568
equity_max_sharpe,2021-12-01,NVDA,0.13316210735052064
equity_max_sharpe,2022-01-03,NVDA,0.07943812018806848
equity_max_sharpe,2022-02-01,NVDA,0.05884088126188151
equity_max_sharpe,2022-03-01,NVDA,0.05943820440688952
equity_max_sharpe,2022-04-01,NVDA,0.07163179428426035
equity_max_sharpe,2023-05-01,NVDA,0.0013180381643441137
equity_max_sharpe,2023-06-01,NVDA,0.14802703868061748
equity_max_sharpe,2023-07-03,NVDA,0.15924309397118872
equity_max_sharpe,2023-08-01,NVDA,0.16302534670497743
equity_max_sharpe,2023-09-01,NVDA,0.19352016439988587
equity_max_sharpe,2023-10-02,NVDA,0.17421481278862236
equity_max_sharpe,2023-11-01,NVDA,0.19999999999976453
equity_max_sharpe,2023-12-01,NVDA,0.19999999999999357
equity_max_sharpe,2021-10-01,OXY,0.03349760531753969
equity_max_sharpe,2021-11-01,OXY,0.03525944364445457
equity_max_sharpe,2022-04-01,OXY,0.008455700844226387
equity_max_sharpe,2022-05-02,OXY,0.025034604706010488
equity_max_sharpe,2022-06-01,OXY,0.0628264026233244
equity_max_sharpe,2022-07-01,OXY,0.0960518470516983
equity_max_sharpe,2022-08-01,OXY,0.14594713626515352
equity_max_sharpe,2022-09-01,OXY,0.1892555858099758
equity_max_sharpe,2022-10-03,OXY,0.18974162860913701
equity_max_sharpe,2022-11-01,OXY,0.09768668606374836
equity_max_sharpe,2022-12-01,OXY,0.07924192345217215
equity_max_sharpe,2023-01-03,OXY,0.12043442085404175
equity_max_sharpe,2023-02-01,OXY,0.0826146094865559
equity_max_sharpe,2023-03-01,OXY,0.0802147606550252
equity_max_sharpe,2021-10-01,PLD,0.06014637510079392
equity_max_sharpe,2021-11-01,PLD,0.11448139614833919
equity_max_sharpe,2021-12-01,PLD,0.16623636798750768
equity_max_sharpe,2022-01-03,PLD,0.19999999999996598
equity_max_sharpe,2022-02-01,PLD,0.1893245337295753
equity_max_sharpe,2022-03-01,PLD,0.12098582618894431
equity_max_sharpe,2022-04-01,PLD,0.14277106784192042
equity_max_sharpe,2022-05-02,PLD,0.19668061513448587
equity_max_sharpe,2021-04-01,PSA,0.00961135636538502
equity_max_sharpe,2021-05-03,PSA,0.18866870077132425
equity_max_sharpe,2021-06-01,PSA,0.19999999999997875
equity_max_sharpe,2021-07-01,PSA,0.19999999999995527
equity_max_sharpe,2021-08-02,PSA,0.19999999999993928
equity_max_sharpe,2021-09-01,PSA,0.19999999999995066
equity_max_sharpe,2021-10-01,PSA,0.19999999999981613
equity_max_sharpe,2021-11-01,PSA,0.19999999999994658
equity_max_sharpe,2021-12-01,PSA,0.19999999999997986
equity_max_sharpe,2022-01-03,PSA,0.19999999999996598
equity_max_sharpe,2022-02-01,PSA,0.19999999999996523
equity_max_sharpe,2022-03-01,PSA,0.19999999999995688
equity_max_sharpe,2022-04-01,PSA,0.19999999999995413
equity_max_sharpe,2022-05-02,PSA,0.11137729557697935
equity_max_sharpe,2021-01-04,QCOM,0.06068619481059921
equity_max_sharpe,2021-02-01,QCOM,0.1249413493234479
equity_max_sharpe,2021-03-01,QCOM,0.025618097977068398
equity_max_sharpe,2021-04-01,QCOM,0.007476874370686998
equity_max_sharpe,2021-07-01,SBUX,0.00028161674940951247
equity_max_sharpe,2021-08-02,SBUX,0.04778422402926376
equity_max_sharpe,2023-03-01,SBUX,0.019619287367984035
equity_max_sharpe,2023-04-03,SBUX,0.0576276618902565
equity_max_sharpe,2023-05-01,SBUX,0.19999999999990864
equity_max_sharpe,2023-06-01,SBUX,0.007809380889069425
equity_max_sharpe,2021-05-03,SHW,0.04712342387660445
equity_max_sharpe,2021-07-01,SHW,0.01735399730685591
equity_max_sharpe,2021-08-02,SHW,0.024418176457221445
equity_max_sharpe,2021-09-01,SHW,0.04922904581812314
equity_max_sharpe,2021-10-01,SHW,0.040290628777125
equity_max_sharpe,2021-11-01,SHW,0.05377109642982594
equity_max_sharpe,2021-12-01,SHW,0.05436610046388984
equity_max_sharpe,2022-01-03,SHW,0.07178380136137782
equity_max_sharpe,2023-01-03,SLB,0.017808614960550362
equity_max_sharpe,2023-07-03,SLB,0.04327428499430873
equity_max_sharpe,2023-08-01,SLB,0.12148412116417924
equity_max_sharpe,2023-09-01,SLB,0.06043636963279622
equity_max_sharpe,2023-10-02,SLB,0.07298770201292683
equity_max_sharpe,2022-02-01,SO,0.07377743790319836
equity_max_sharpe,2022-04-01,SO,0.028188696010776046
equity_max_sharpe,2022-06-01,SO,0.156802389455207
equity_max_sharpe,2022-07-01,SO,0.19999999999976062
equity_max_sharpe,2022-08-01,SO,0.1999999999999904
equity_max_sharpe,2022-09-01,SO,0.1999999999998473
equity_max_sharpe,2022-10-03,SO,0.11721812845036922
equity_max_sharpe,2023-12-01,SO,0.18212985662474063
equity_max_sharpe,2023-03-01,T,0.07188740017435899
equity_max_sharpe,2023-04-03,T,0.1229538951571836
equity_max_sharpe,2021-01-04,TMUS,0.19999999999997936
equity_max_sharpe,2021-02-01,TMUS,0.09463895821955659
equity_max_sharpe,2022-11-01,TMUS,0.040422282625441
equity_max_sharpe,2022-12-01,TMUS,0.04815725684620585
equity_max_sharpe,2023-01-03,TMUS,0.0038212207316383954
equity_max_sharpe,2023-02-01,TMUS,0.17751158871041692
equity_max_sharpe,2023-12-01,TMUS,0.0050365205228108684
equity_max_sharpe,2021-01-04,TTWO,0.19999999999997936
equity_max_sharpe,2021-02-01,TTWO,0.1894461372241966
equity_max_sharpe,2021-03-01,TTWO,0.1999999999999952
equity_max_sharpe,2021-04-01,TTWO,0.15144359587835246
equity_max_sharpe,2021-05-03,TTWO,0.09752712307891749
equity_max_sharpe,2021-06-01,TTWO,0.11093652673741333
equity_max_sharpe,2023-12-01,TTWO,0.11578453370327894
equity_max_sharpe,2021-01-04,UPS,0.13915630778087867
equity_max_sharpe,2021-02-01,UPS,0.112882124706635
equity_max_sharpe,2021-03-01,UPS,0.19999999999999524
equity_max_sharpe,2021-04-01,UPS,0.08965677666983765
equity_max_sharpe,2021-05-03,UPS,0.17808584021423138
equity_max_sharpe,2021-06-01,UPS,0.1999999999999802
equity_max_sharpe,2021-07-01,UPS,0.10884263849241034
equity_max_sharpe,2023-12-01,V,0.03968745110787851
equity_max_sharpe,2021-10-01,WFC,0.01715995549716856
equity_max_sharpe,2021-11-01,WFC,0.07616094565098554
equity_max_sharpe,2021-12-01,WFC,0.060316484778894695
equity_max_sharpe,2022-01-03,WFC,0.023441293104487202
equity_max_sharpe,2022-02-01,WFC,0.061359509646412
equity_max_sharpe,2022-03-01,WFC,0.0029130822122734254
equity_max_sharpe,2023-03-01,WMT,0.04536504626318655
equity_max_sharpe,2023-04-03,WMT,0.002682892016143402
equity_max_sharpe,2023-06-01,WMT,0.1476740221197324
equity_max_sharpe,2023-07-03,WMT,0.1999999999994369
equity_max_sharpe,2023-08-01,WMT,0.1784665736139102
equity_max_sharpe,2023-09-01,WMT,0.19999999999871446
equity_max_sharpe,2023-10-02,WMT,0.09719256902838917
equity_max_sharpe,2023-11-01,WMT,0.199999999999795
equity_max_sharpe,2021-12-01,XOM,0.04352368682253627
equity_max_sharpe,2022-08-01,XOM,0.06412537794951143
equity_max_sharpe,2022-09-01,XOM,0.10060631729426593
equity_max_sharpe,2022-10-03,XOM,0.09903012712527669
equity_max_sharpe,2022-11-01,XOM,0.17979031967512987
equity_max_sharpe,2022-12-01,XOM,0.19762334921474586
equity_max_sharpe,2023-01-03,XOM,0.19999999999989695
equity_max_sharpe,2023-02-01,XOM,0.19999999999894907
equity_max_sharpe,2023-03-01,XOM,0.1999999999999353
equity_max_sharpe,2023-04-03,XOM,0.19999999999943657
equity_max_sharpe,2023-05-01,XOM,0.1986819618355798
equity_risk_parity,2021-01-04,ABBV,0.027197710652806708
equity_risk_parity,2021-02-01,ABBV,0.026775558824996545
equity_risk_parity,2021-03-01,ABBV,0.02707482575867676
equity_risk_parity,2021-04-01,ABBV,0.028498405590910506
equity_risk_parity,2021-05-03,ABBV,0.029787438405243245
equity_risk_parity,2021-06-01,ABBV,0.02486828377951633
equity_risk_parity,2021-07-01,ABBV,0.02378372442779552
equity_risk_parity,2021-08-02,ABBV,0.022933065126031056
equity_risk_parity,2021-09-01,ABBV,0.022112369519735366
equity_risk_parity,2021-10-01,ABBV,0.020895769153548713
equity_risk_parity,2021-11-01,ABBV,0.022195578733591615
equity_risk_parity,2021-12-01,ABBV,0.02231128588235516
equity_risk_parity,2022-01-03,ABBV,0.02312341559690464
equity_risk_parity,2022-02-01,ABBV,0.027255162607084573
equity_risk_parity,2022-03-01,ABBV,0.028059790170458045
equity_risk_parity,2022-04-01,ABBV,0.029375895746466155
equity_risk_parity,2022-05-02,ABBV,0.02782051179697125
equity_risk_parity,2022-06-01,ABBV,0.031868630725014134
equity_risk_parity,2022-07-01,ABBV,0.030582504389046167
equity_risk_parity,2022-08-01,ABBV,0.03229791970579184
equity_risk_parity,2022-09-01,ABBV,0.032489403909574215
equity_risk_parity,2022-10-03,ABBV,0.03333421713288495
equity_risk_parity,2022-11-01,ABBV,0.03377070622481611
equity_risk_parity,2022-12-01,ABBV,0.034401217265254046
equity_risk_parity,2023-01-03,ABBV,0.03494258180039502
equity_risk_parity,2023-02-01,ABBV,0.034726837033826
equity_risk_parity,2023-03-01,ABBV,0.034877253828823424
equity_risk_parity,2023-04-03,ABBV,0.03522525416358435
equity_risk_parity,2023-05-01,ABBV,0.036205554500535746
equity_risk_parity,2023-06-01,ABBV,0.03507603044930702
equity_risk_parity,2023-07-03,ABBV,0.036577847620741004
equity_risk_parity,2023-08-01,ABBV,0.03673491924139547
equity_risk_parity,2023-09-01,ABBV,0.03658873558378369
equity_risk_parity,2023-10-02,ABBV,0.03530402508415403
equity_risk_parity,2023-11-01,ABBV,0.03678112975833935
equity_risk_parity,2023-12-01,ABBV,0.03862757137008935
equity_risk_parity,2021-01-04,ABT,0.022341319674970724
equity_risk_parity,2021-02-01,ABT,0.022562769433377716
equity_risk_parity,2021-03-01,ABT,0.02279782934223968
equity_risk_parity,2021-04-01,ABT,0.026004175396218177
equity_risk_parity,2021-05-03,ABT,0.023936588124089928
equity_risk_parity,2021-06-01,ABT,0.024164436566826517
equity_risk_parity,2021-07-01,ABT,0.025914069834292862
equity_risk_parity,2021-08-02,ABT,0.026970299802761232
equity_risk_parity,2021-09-01,ABT,0.027113813428087555
equity_risk_parity,2021-10-01,ABT,0.029180930732179942
equity_risk_parity,2021-11-01,ABT,0.030954947456218372
equity_risk_parity,2021-12-01,ABT,0.031434265151038816
equity_risk_parity,2022-01-03,ABT,0.03116583012711397
equity_risk_parity,2022-02-01,ABT,0.027723479300333018
equity_risk_parity,2022-03-01,ABT,0.02528463638062763
equity_risk_parity,2022-04-01,ABT,0.02325331436283114
equity_risk_parity,2022-05-02,ABT,0.022353401990215637
equity_risk_parity,2022-06-01,ABT,0.020486034426032237
equity_risk_parity,2022-07-01,ABT,0.019730361166578538
equity_risk_parity,2022-08-01,ABT,0.01894657062814087
equity_risk_parity,2022-09-01,ABT,0.018714952845549127
equity_risk_parity,2022-10-03,ABT,0.019382868494829744
equity_risk_parity,2022-11-01,ABT,0.019418533634454817
equity_risk_parity,2022-12-01,ABT,0.018957269278254255
equity_risk_parity,2023-01-03,ABT,0.018663121461705973
equity_risk_parity,2023-02-01,ABT,0.018947393042566756
equity_risk_parity,2023-03-01,ABT,0.019185743704294128
equity_risk_parity,2023-04-03,ABT,0.019421495539588607
equity_risk_parity,2023-05-01,ABT,0.019746404595631158
equity_risk_parity,2023-06-01,ABT,0.020743487977671515
equity_risk_parity,2023-07-03,ABT,0.021516872803346878
equity_risk_parity,2023-08-01,ABT,0.02209108074254885
equity_risk_parity,2023-09-01,ABT,0.022259322950812267
equity_risk_parity,2023-10-02,ABT,0.021718207174469185
equity_risk_parity,2023-11-01,ABT,0.023613383765024417
equity_risk_parity,2023-12-01,ABT,0.025027463717021314
equity_risk_parity,2021-01-04,ADBE,0.01918131058629995
equity_risk_parity,2021-02-01,ADBE,0.019192004423558742
equity_risk_parity,2021-03-01,ADBE,0.019087425816671715
equity_risk_parity,2021-04-01,ADBE,0.019882758417209816
equity_risk_parity,2021-05-03,ADBE,0.020918036038487107
equity_risk_parity,2021-06-01,ADBE,0.019398470568907755
equity_risk_parity,2021-07-01,ADBE,0.019859228505892543
equity_risk_parity,2021-08-02,ADBE,0.019959002101650587
equity_risk_parity,2021-09-01,ADBE,0.018937924038138043
equity_risk_parity,2021-10-01,ADBE,0.020107338296518326
equity_risk_parity,2021-11-01,ADBE,0.02135405738546373
equity_risk_parity,2021-12-01,ADBE,0.02019288497213705
equity_risk_parity,2022-01-03,ADBE,0.01850520882851943
equity_risk_parity,2022-02-01,ADBE,0.017675861573600325
equity_risk_parity,2022-03-01,ADBE,0.017062840617630564
equity_risk_parity,2022-04-01,ADBE,0.015797705360058388
equity_risk_parity,2022-05-02,ADBE,0.015915426014993087
equity_risk_parity,2022-06-01,ADBE,0.0150322771759985
equity_risk_parity,2022-07-01,ADBE,0.014179482663282896
equity_risk_parity,2022-08-01,ADBE,0.013757462740509098
equity_risk_parity,2022-09-01,ADBE,0.013528264126285675
equity_risk_parity,2022-10-03,ADBE,0.012968392601893653
equity_risk_parity,2022-11-01,ADBE,0.013520761726920353
equity_risk_parity,2022-12-01,ADBE,0.012686003448298904
equity_risk_parity,2023-01-03,ADBE,0.012697126581674677
equity_risk_parity,2023-02-01,ADBE,0.012901373259392543
equity_risk_parity,2023-03-01,ADBE,0.012923959058928127
equity_risk_parity,2023-04-03,ADBE,0.013197337816171575
equity_risk_parity,2023-05-01,ADBE,0.013268396667063035
equity_risk_parity,2023-06-01,ADBE,0.013123428238715066
equity_risk_parity,2023-07-03,ADBE,0.013230914821063975
equity_risk_parity,2023-08-01,ADBE,0.013336974769652154
equity_risk_parity,2023-09-01,ADBE,0.01344741289009161
equity_risk_parity,2023-10-02,ADBE,0.014247913007349053
equity_risk_parity,2023-11-01,ADBE,0.01320495737897783
equity_risk_parity,2023-12-01,ADBE,0.014360526084486718
equity_risk_parity,2021-01-04,AEP,0.02417768903651015
equity_risk_parity,2021-02-01,AEP,0.02434609670817908
equity_risk_parity,2021-03-01,AEP,0.024414174920673125
equity_risk_parity,2021-04-01,AEP,0.022926421954096308
equity_risk_parity,2021-05-03,AEP,0.029049089394912513
equity_risk_parity,2021-06-01,AEP,0.03115566007592866
equity_risk_parity,2021-07-01,AEP,0.031191700520988245
equity_risk_parity,2021-08-02,AEP,0.030783001272741976
equity_risk_parity,2021-09-01,AEP,0.031808967273406194
equity_risk_parity,2021-10-01,AEP,0.029931965581825034
equity_risk_parity,2021-11-01,AEP,0.029463615647656993
equity_risk_parity,2021-12-01,AEP,0.029459452670460948
equity_risk_parity,2022-01-03,AEP,0.030076643283647404
equity_risk_parity,2022-02-01,AEP,0.030387508641322787
equity_risk_parity,2022-03-01,AEP,0.030014255188785494
equity_risk_parity,2022-04-01,AEP,0.0300885590180149
equity_risk_parity,2022-05-02,AEP,0.028244968424933164
equity_risk_parity,2022-06-01,AEP,0.03008359713112359
equity_risk_parity,2022-07-01,AEP,0.028905358165298146
equity_risk_parity,2022-08-01,AEP,0.02880532121080341
equity_risk_parity,2022-09-01,AEP,0.028268257055743658
equity_risk_parity,2022-10-03,AEP,0.02638726782672951
equity_risk_parity,2022-11-01,AEP,0.024597987114523993
equity_risk_parity,2022-12-01,AEP,0.02453644182507746
equity_risk_parity,2023-01-03,AEP,0.024352031560968802
equity_risk_parity,2023-02-01,AEP,0.023945881011299963
equity_risk_parity,2023-03-01,AEP,0.023577917915913838
equity_risk_parity,2023-04-03,AEP,0.023131197950824637
equity_risk_parity,2023-05-01,AEP,0.022957543164791858
equity_risk_parity,2023-06-01,AEP,0.02195396412045112
equity_risk_parity,2023-07-03,AEP,0.021721763831915233
equity_risk_parity,2023-08-01,AEP,0.02119536447462816
equity_risk_parity,2023-09-01,AEP,0.02117605144542985
equity_risk_parity,2023-10-02,AEP,0.021032919355721855
equity_risk_parity,2023-11-01,AEP,0.02197758829533874
equity_risk_parity,2023-12-01,AEP,0.020965125427819423
equity_risk_parity,2021-01-04,AMD,0.017248302108200598
equity_risk_parity,2021-02-01,AMD,0.01736566664656368
equity_risk_parity,2021-03-01,AMD,0.017748712738587545
equity_risk_parity,2021-04-01,AMD,0.01660207765569788
equity_risk_parity,2021-05-03,AMD,0.015756003027643233
equity_risk_parity,2021-06-01,AMD,0.01574941597262558
equity_risk_parity,2021-07-01,AMD,0.016157861821257054
equity_risk_parity,2021-08-02,AMD,0.01596339114836688
equity_risk_parity,2021-09-01,AMD,0.016820119147515022
equity_risk_parity,2021-10-01,AMD,0.017074283612131414
equity_risk_parity,2021-11-01,AMD,0.018171745003399516
equity_risk_parity,2021-12-01,AMD,0.01591401283943785
equity_risk_parity,2022-01-03,AMD,0.014908139690478883
equity_risk_parity,2022-02-01,AMD,0.013037104684070405
equity_risk_parity,2022-03-01,AMD,0.011624157831303853
equity_risk_parity,2022-04-01,AMD,0.011066858878885819
equity_risk_parity,2022-05-02,AMD,0.011242150683092167
equity_risk_parity,2022-06-01,AMD,0.009656170020940323
equity_risk_parity,2022-07-01,AMD,0.009093858508374752
equity_risk_parity,2022-08-01,AMD,0.009024070060715384
equity_risk_parity,2022-09-01,AMD,0.008986349090883857
equity_risk_parity,2022-10-03,AMD,0.00911191128454552
equity_risk_parity,2022-11-01,AMD,0.009214124614237642
equity_risk_parity,2022-12-01,AMD,0.008781956774887498
equity_risk_parity,2023-01-03,AMD,0.008754778495292886
equity_risk_parity,2023-02-01,AMD,0.008843969445973756
equity_risk_parity,2023-03-01,AMD,0.00908127668424489
equity_risk_parity,2023-04-03,AMD,0.009543897884114333
equity_risk_parity,2023-05-01,AMD,0.009830489426833263
equity_risk_parity,2023-06-01,AMD,0.010665467755527812
equity_risk_parity,2023-07-03,AMD,0.011501902515556323
equity_risk_parity,2023-08-01,AMD,0.011860961794252604
equity_risk_parity,2023-09-01,AMD,0.011707181272587776
equity_risk_parity,2023-10-02,AMD,0.011731345239526264
equity_risk_parity,2023-11-01,AMD,0.012175369982154634
equity_risk_parity,2023-12-01,AMD,0.014333257575307729
equity_risk_parity,2021-01-04,AMGN,0.023803593220641926
equity_risk_parity,2021-02-01,AMGN,0.023802724651466132
equity_risk_parity,2021-03-01,AMGN,0.024359740051049864
equity_risk_parity,2021-04-01,AMGN,0.02686635078858269
equity_risk_parity,2021-05-03,AMGN,0.0259351174194356
equity_risk_parity,2021-06-01,AMGN,0.023657250482315255
equity_risk_parity,2021-07-01,AMGN,0.021315200892370437
equity_risk_parity,2021-08-02,AMGN,0.021378823027686247
equity_risk_parity,2021-09-01,AMGN,0.019914968128478244
equity_risk_parity,2021-10-01,AMGN,0.020833038134524806
equity_risk_parity,2021-11-01,AMGN,0.02096692772537954
equity_risk_parity,2021-12-01,AMGN,0.02097368321935685
equity_risk_parity,2022-01-03,AMGN,0.021846018948638964
equity_risk_parity,2022-02-01,AMGN,0.022728884180461324
equity_risk_parity,2022-03-01,AMGN,0.02134382946563569
equity_risk_parity,2022-04-01,AMGN,0.022761162914181888
equity_risk_parity,2022-05-02,AMGN,0.02559262001165625
equity_risk_parity,2022-06-01,AMGN,0.02965038478736076
equity_risk_parity,2022-07-01,AMGN,0.03167549762781418
equity_risk_parity,2022-08-01,AMGN,0.03159058396061261
equity_risk_parity,2022-09-01,AMGN,0.03354280722854214
equity_risk_parity,2022-10-03,AMGN,0.03400749244817171
equity_risk_parity,2022-11-01,AMGN,0.03438857498532136
equity_risk_parity,2022-12-01,AMGN,0.03643242050156492
equity_risk_parity,2023-01-03,AMGN,0.03734848813671844
equity_risk_parity,2023-02-01,AMGN,0.03763375346642407
equity_risk_parity,2023-03-01,AMGN,0.03856879132535459
equity_risk_parity,2023-04-03,AMGN,0.03882770155364531
equity_risk_parity,2023-05-01,AMGN,0.038701763867672774
equity_risk_parity,2023-06-01,AMGN,0.03392713789516394
equity_risk_parity,2023-07-03,AMGN,0.03206186241051959
equity_risk_parity,2023-08-01,AMGN,0.03185675717414889
equity_risk_parity,2023-09-01,AMGN,0.03242338285386156
equity_risk_parity,2023-10-02,AMGN,0.032799688512278075
equity_risk_parity,2023-11-01,AMGN,0.030958832495329793
equity_risk_parity,2023-12-01,AMGN,0.027110785535281432
equity_risk_parity,2021-01-04,AMT,0.01878469726313873
equity_risk_parity,2021-02-01,AMT,0.01891465880217385
equity_risk_parity,2021-03-01,AMT,0.018623566656767423
equity_risk_parity,2021-04-01,AMT,0.01972669003448865
equity_risk_parity,2021-05-03,AMT,0.021573735802160644
equity_risk_parity,2021-06-01,AMT,0.02180635124254959
equity_risk_parity,2021-07-01,AMT,0.023846684204094557
equity_risk_parity,2021-08-02,AMT,0.024473642544424464
equity_risk_parity,2021-09-01,AMT,0.02520340350297629
equity_risk_parity,2021-10-01,AMT,0.026774284657814684
equity_risk_parity,2021-11-01,AMT,0.02627144594614277
equity_risk_parity,2021-12-01,AMT,0.024623581299711515
equity_risk_parity,2022-01-03,AMT,0.024060657951481993
equity_risk_parity,2022-02-01,AMT,0.02154097173316142
equity_risk_parity,2022-03-01,AMT,0.02102982589548816
equity_risk_parity,2022-04-01,AMT,0.021643276684225866
equity_risk_parity,2022-05-02,AMT,0.021464613813118476
equity_risk_parity,2022-06-01,AMT,0.02013041607539154
equity_risk_parity,2022-07-01,AMT,0.019094791765721767
equity_risk_parity,2022-08-01,AMT,0.018605387921781336
equity_risk_parity,2022-09-01,AMT,0.018454850597670824
equity_risk_parity,2022-10-03,AMT,0.01840935856363054
equity_risk_parity,2022-11-01,AMT,0.018104760890105955
equity_risk_parity,2022-12-01,AMT,0.01703173435518531
equity_risk_parity,2023-01-03,AMT,0.01726899987391191
equity_risk_parity,2023-02-01,AMT,0.017319351090165202
equity_risk_parity,2023-03-01,AMT,0.017012762408900168
equity_risk_parity,2023-04-03,AMT,0.01692582092864679
equity_risk_parity,2023-05-01,AMT,0.01685826914361777
equity_risk_parity,2023-06-01,AMT,0.01670958272766961
equity_risk_parity,2023-07-03,AMT,0.0167005714482035
equity_risk_parity,2023-08-01,AMT,0.01668097874505557
equity_risk_parity,2023-09-01,AMT,0.016545267662057515
equity_risk_parity,2023-10-02,AMT,0.015990202313981558
equity_risk_parity,2023-11-01,AMT,0.015634485473817773
equity_risk_parity,2023-12-01,AMT,0.015790494721121488
equity_risk_parity,2021-01-04,BA,0.01102485490507465
equity_risk_parity,2021-02-01,BA,0.010982486983656326
equity_risk_parity,2021-03-01,BA,0.010846360297387218
equity_risk_parity,2021-04-01,BA,0.009438765038111006
equity_risk_parity,2021-05-03,BA,0.00847546158536553
equity_risk_parity,2021-06-01,BA,0.008395445980266794
equity_risk_parity,2021-07-01,BA,0.010125033747250165
equity_risk_parity,2021-08-02,BA,0.010121015018679092
equity_risk_parity,2021-09-01,BA,0.009875214429728739
equity_risk_parity,2021-10-01,BA,0.009985869130379407
equity_risk_parity,2021-11-01,BA,0.010713035769664028
equity_risk_parity,2021-12-01,BA,0.013081325553714978
equity_risk_parity,2022-01-03,BA,0.011898692024938687
equity_risk_parity,2022-02-01,BA,0.011757521109281336
equity_risk_parity,2022-03-01,BA,0.012866219547961313
equity_risk_parity,2022-04-01,BA,0.012107913576280582
equity_risk_parity,2022-05-02,BA,0.012519564977305124
equity_risk_parity,2022-06-01,BA,0.011713215709333468
equity_risk_parity,2022-07-01,BA,0.011618259244220136
equity_risk_parity,2022-08-01,BA,0.011849878395772973
equity_risk_parity,2022-09-01,BA,0.012024644143937537
equity_risk_parity,2022-10-03,BA,0.011998705488275467
equity_risk_parity,2022-11-01,BA,0.012566934126976178
equity_risk_parity,2022-12-01,BA,0.013049562863041386
equity_risk_parity,2023-01-03,BA,0.013455837885850088
equity_risk_parity,2023-02-01,BA,0.013695501797097505
equity_risk_parity,2023-03-01,BA,0.013570763199013387
equity_risk_parity,2023-04-03,BA,0.013698970483491486
equity_risk_parity,2023-05-01,BA,0.013885123630673448
equity_risk_parity,2023-06-01,BA,0.014725682396091849
equity_risk_parity,2023-07-03,BA,0.015276758772300478
equity_risk_parity,2023-08-01,BA,0.015423643619845233
equity_risk_parity,2023-09-01,BA,0.015393394154583994
equity_risk_parity,2023-10-02,BA,0.01638996742667599
equity_risk_parity,2023-11-01,BA,0.016125648155541367
equity_risk_parity,2023-12-01,BA,0.015753932326297772
equity_risk_parity,2021-01-04,CAT,0.018538691523065084
equity_risk_parity,2021-02-01,CAT,0.018607819269630402
equity_risk_parity,2021-03-01,CAT,0.018666990089794746
equity_risk_parity,2021-04-01,CAT,0.01608933625479195
equity_risk_parity,2021-05-03,CAT,0.015165446728376959
equity_risk_parity,2021-06-01,CAT,0.016179458592985065
equity_risk_parity,2021-07-01,CAT,0.017367974367298707
equity_risk_parity,2021-08-02,CAT,0.01727224763624085
equity_risk_parity,2021-09-01,CAT,0.01661221559832959
equity_risk_parity,2021-10-01,CAT,0.015324744295963018
equity_risk_parity,2021-11-01,CAT,0.015496815257890055
equity_risk_parity,2021-12-01,CAT,0.015153631923254855
equity_risk_parity,2022-01-03,CAT,0.015234239641598797
equity_risk_parity,2022-02-01,CAT,0.01655410833754852
equity_risk_parity,2022-03-01,CAT,0.016498904114883653
equity_risk_parity,2022-04-01,CAT,0.018172140592283795
equity_risk_parity,2022-05-02,CAT,0.018493963774267628
equity_risk_parity,2022-06-01,CAT,0.01728273294822809
equity_risk_parity,2022-07-01,CAT,0.017050122139935283
equity_risk_parity,2022-08-01,CAT,0.01651438980433846
equity_risk_parity,2022-09-01,CAT,0.01640941880051939
equity_risk_parity,2022-10-03,CAT,0.01673332458367441
equity_risk_parity,2022-11-01,CAT,0.016737536000431496
equity_risk_parity,2022-12-01,CAT,0.017173795075295463
equity_risk_parity,2023-01-03,CAT,0.01731257753943388
equity_risk_parity,2023-02-01,CAT,0.01705342193423298
equity_risk_parity,2023-03-01,CAT,0.017189354032330528
equity_risk_parity,2023-04-03,CAT,0.01652429536828788
equity_risk_parity,2023-05-01,CAT,0.016852865461994417
equity_risk_parity,2023-06-01,CAT,0.01640295561776151
equity_risk_parity,2023-07-03,CAT,0.015424619068545867
equity_risk_parity,2023-08-01,CAT,0.01590065440033498
equity_risk_parity,2023-09-01,CAT,0.016559005343830483
equity_risk_parity,2023-10-02,CAT,0.016739225245063438
equity_risk_parity,2023-11-01,CAT,0.016540454213529884
equity_risk_parity,2023-12-01,CAT,0.01571689678944948
equity_risk_parity,2021-01-04,CCI,0.019851465672244592
equity_risk_parity,2021-02-01,CCI,0.019995963277926403
equity_risk_parity,2021-03-01,CCI,0.020284374876073718
equity_risk_parity,2021-04-01,CCI,0.02170156276499586
equity_risk_parity,2021-05-03,CCI,0.022296453959089947
equity_risk_parity,2021-06-01,CCI,0.023910015407010998
equity_risk_parity,2021-07-01,CCI,0.027468071846384196
equity_risk_parity,2021-08-02,CCI,0.028655483498160675
equity_risk_parity,2021-09-01,CCI,0.029930351846294487
equity_risk_parity,2021-10-01,CCI,0.03431451140119329
equity_risk_parity,2021-11-01,CCI,0.03146036362871692
equity_risk_parity,2021-12-01,CCI,0.02655253197339714
equity_risk_parity,2022-01-03,CCI,0.025588270189922102
equity_risk_parity,2022-02-01,CCI,0.022352158881260867
equity_risk_parity,2022-03-01,CCI,0.020801196377029155
equity_risk_parity,2022-04-01,CCI,0.02183991057676608
equity_risk_parity,2022-05-02,CCI,0.02196644062571941
equity_risk_parity,2022-06-01,CCI,0.021657220771063853
equity_risk_parity,2022-07-01,CCI,0.02009738834789366
equity_risk_parity,2022-08-01,CCI,0.01963410149775465
equity_risk_parity,2022-09-01,CCI,0.019459739053046068
equity_risk_parity,2022-10-03,CCI,0.019016237192988786
equity_risk_parity,2022-11-01,CCI,0.0192398664250819
equity_risk_parity,2022-12-01,CCI,0.018134209919187162
equity_risk_parity,2023-01-03,CCI,0.0183815785183201
equity_risk_parity,2023-02-01,CCI,0.018132268567627695
equity_risk_parity,2023-03-01,CCI,0.017923016704841567
equity_risk_parity,2023-04-03,CCI,0.017800683620541963
equity_risk_parity,2023-05-01,CCI,0.01742476994374087
equity_risk_parity,2023-06-01,CCI,0.01689844129065028
equity_risk_parity,2023-07-03,CCI,0.017000726174361266
equity_risk_parity,2023-08-01,CCI,0.016922178403502068
equity_risk_parity,2023-09-01,CCI,0.01686031259970384
equity_risk_parity,2023-10-02,CCI,0.016459571852396337
equity_risk_parity,2023-11-01,CCI,0.015537006419500704
equity_risk_parity,2023-12-01,CCI,0.015302934742572813
equity_risk_parity,2021-01-04,CMCSA,0.020992202571837815
equity_risk_parity,2021-02-01,CMCSA,0.02084766883500974
equity_risk_parity,2021-03-01,CMCSA,0.020852739584742985
equity_risk_parity,2021-04-01,CMCSA,0.01837398245559825
equity_risk_parity,2021-05-03,CMCSA,0.018372140035637675
equity_risk_parity,2021-06-01,CMCSA,0.018470858294070688
equity_risk_parity,2021-07-01,CMCSA,0.01700255713166114
equity_risk_parity,2021-08-02,CMCSA,0.017187329162284434
equity_risk_parity,2021-09-01,CMCSA,0.016806247559860512
equity_risk_parity,2021-10-01,CMCSA,0.01529085356508136
equity_risk_parity,2021-11-01,CMCSA,0.015053847464548065
equity_risk_parity,2021-12-01,CMCSA,0.01575420318514651
equity_risk_parity,2022-01-03,CMCSA,0.016254415266864105
equity_risk_parity,2022-02-01,CMCSA,0.0173700959091606
equity_risk_parity,2022-03-01,CMCSA,0.017057858791592526
equity_risk_parity,2022-04-01,CMCSA,0.01721167114568011
equity_risk_parity,2022-05-02,CMCSA,0.018416621999257213
equity_risk_parity,2022-06-01,CMCSA,0.019463373232009255
equity_risk_parity,2022-07-01,CMCSA,0.020414721768699996
equity_risk_parity,2022-08-01,CMCSA,0.021352899258526962
equity_risk_parity,2022-09-01,CMCSA,0.021040953330470853
equity_risk_parity,2022-10-03,CMCSA,0.019924504874670325
equity_risk_parity,2022-11-01,CMCSA,0.020459884974171467
equity_risk_parity,2022-12-01,CMCSA,0.020063010254458263
equity_risk_parity,2023-01-03,CMCSA,0.019806192786619162
equity_risk_parity,2023-02-01,CMCSA,0.019617083295257295
equity_risk_parity,2023-03-01,CMCSA,0.019557244292547026
equity_risk_parity,2023-04-03,CMCSA,0.01955579306348879
equity_risk_parity,2023-05-01,CMCSA,0.019182276538171502
equity_risk_parity,2023-06-01,CMCSA,0.018378684278077803
equity_risk_parity,2023-07-03,CMCSA,0.017618302101282856
equity_risk_parity,2023-08-01,CMCSA,0.01744091978151205
equity_risk_parity,2023-09-01,CMCSA,0.017469727971405512
equity_risk_parity,2023-10-02,CMCSA,0.018643423515099226
equity_risk_parity,2023-11-01,CMCSA,0.01856517538342842
equity_risk_parity,2023-12-01,CMCSA,0.01857886891197077
equity_risk_parity,2021-01-04,COP,0.012531996545434932
equity_risk_parity,2021-02-01,COP,0.012486190776841677
equity_risk_parity,2021-03-01,COP,0.01245757391066205
equity_risk_parity,2021-04-01,COP,0.011712098323886802
equity_risk_parity,2021-05-03,COP,0.010675254302173271
equity_risk_parity,2021-06-01,COP,0.01053686419697782
equity_risk_parity,2021-07-01,COP,0.010418391980483086
equity_risk_parity,2021-08-02,COP,0.010537421728794304
equity_risk_parity,2021-09-01,COP,0.010543535682604722
equity_risk_parity,2021-10-01,COP,0.010289184222391664
equity_risk_parity,2021-11-01,COP,0.011128293512574532
equity_risk_parity,2021-12-01,COP,0.012290234052971982
equity_risk_parity,2022-01-03,COP,0.01227028156889804
equity_risk_parity,2022-02-01,COP,0.013208298329552424
equity_risk_parity,2022-03-01,COP,0.013688823558765125
equity_risk_parity,2022-04-01,COP,0.014738871545939638
equity_risk_parity,2022-05-02,COP,0.014679990559146377
equity_risk_parity,2022-06-01,COP,0.014007620961319463
equity_risk_parity,2022-07-01,COP,0.014360899129928753
equity_risk_parity,2022-08-01,COP,0.014307333873848131
equity_risk_parity,2022-09-01,COP,0.015272546521946262
equity_risk_parity,2022-10-03,COP,0.015689151033864923
equity_risk_parity,2022-11-01,COP,0.01608944154209336
equity_risk_parity,2022-12-01,COP,0.01677639634533834
equity_risk_parity,2023-01-03,COP,0.016932614760322075
equity_risk_parity,2023-02-01,COP,0.017359198285494655
equity_risk_parity,2023-03-01,COP,0.017032656566630222
equity_risk_parity,2023-04-03,COP,0.016546954268517183
equity_risk_parity,2023-05-01,COP,0.01643966268613179
equity_risk_parity,2023-06-01,COP,0.016915609719803215
equity_risk_parity,2023-07-03,COP,0.016966234582548843
equity_risk_parity,2023-08-01,COP,0.017038760923816683
equity_risk_parity,2023-09-01,COP,0.01668218610458983
equity_risk_parity,2023-10-02,COP,0.016924055945226044
equity_risk_parity,2023-11-01,COP,0.016743069897670652
equity_risk_parity,2023-12-01,COP,0.016991265521780916
equity_risk_parity,2021-01-04,CVX,0.013566984960097237
equity_risk_parity,2021-02-01,CVX,0.013558555669647001
equity_risk_parity,2021-03-01,CVX,0.013505950712909052
equity_risk_parity,2021-04-01,CVX,0.013279026094025976
equity_risk_parity,2021-05-03,CVX,0.012976015707218392
equity_risk_parity,2021-06-01,CVX,0.01295504627857175
equity_risk_parity,2021-07-01,CVX,0.012835331041539274
equity_risk_parity,2021-08-02,CVX,0.013101331546978625
equity_risk_parity,2021-09-01,CVX,0.012987181321232801
equity_risk_parity,2021-10-01,CVX,0.012595938313754225
equity_risk_parity,2021-11-01,CVX,0.012743158411777903
equity_risk_parity,2021-12-01,CVX,0.01518531914801307
equity_risk_parity,2022-01-03,CVX,0.015477665859535443
equity_risk_parity,2022-02-01,CVX,0.017654502532478484
equity_risk_parity,2022-03-01,CVX,0.018239531543574366
equity_risk_parity,2022-04-01,CVX,0.021478626905697122
equity_risk_parity,2022-05-02,CVX,0.020376969353232906
equity_risk_parity,2022-06-01,CVX,0.01956873834305061
equity_risk_parity,2022-07-01,CVX,0.019840889712056022
equity_risk_parity,2022-08-01,CVX,0.01948494321575311
equity_risk_parity,2022-09-01,CVX,0.02063607322064471
equity_risk_parity,2022-10-03,CVX,0.02107784506943547
equity_risk_parity,2022-11-01,CVX,0.021088219451693205
equity_risk_parity,2022-12-01,CVX,0.021228718316242377
equity_risk_parity,2023-01-03,CVX,0.02105362528234325
equity_risk_parity,2023-02-01,CVX,0.021038461356556248
equity_risk_parity,2023-03-01,CVX,0.020924759469754427
equity_risk_parity,2023-04-03,CVX,0.01965278435057354
equity_risk_parity,2023-05-01,CVX,0.019714972931129768
equity_risk_parity,2023-06-01,CVX,0.019960755205589247
equity_risk_parity,2023-07-03,CVX,0.019674091159255162
equity_risk_parity,2023-08-01,CVX,0.01979933151863119
equity_risk_parity,2023-09-01,CVX,0.019614399030476255
equity_risk_parity,2023-10-02,CVX,0.020177377784854986
equity_risk_parity,2023-11-01,CVX,0.020348459066685694
equity_risk_parity,2023-12-01,CVX,0.020633974557342536
equity_risk_parity,2021-01-04,D,0.019398309328637845
equity_risk_parity,2021-02-01,D,0.019625890022617675
equity_risk_parity,2021-03-01,D,0.019467724435447052
equity_risk_parity,2021-04-01,D,0.02635194785100178
equity_risk_parity,2021-05-03,D,0.0327901190832726
equity_risk_parity,2021-06-01,D,0.0318477933182593
equity_risk_parity,2021-07-01,D,0.029007184485880747
equity_risk_parity,2021-08-02,D,0.028368941966784314
equity_risk_parity,2021-09-01,D,0.02880110704387726
equity_risk_parity,2021-10-01,D,0.02791608392216268
equity_risk_parity,2021-11-01,D,0.026634829698086445
equity_risk_parity,2021-12-01,D,0.026670137993248664
equity_risk_parity,2022-01-03,D,0.026419684846457684
equity_risk_parity,2022-02-01,D,0.02546509242735396
equity_risk_parity,2022-03-01,D,0.026277840891542597
equity_risk_parity,2022-04-01,D,0.026674230952767428
equity_risk_parity,2022-05-02,D,0.027554547821538766
equity_risk_parity,2022-06-01,D,0.029496495486595182
equity_risk_parity,2022-07-01,D,0.029761915447120164
equity_risk_parity,2022-08-01,D,0.029268755213680102
equity_risk_parity,2022-09-01,D,0.029191474012110613
equity_risk_parity,2022-10-03,D,0.02728469606077513
equity_risk_parity,2022-11-01,D,0.025841284723430148
equity_risk_parity,2022-12-01,D,0.026492516037259304
equity_risk_parity,2023-01-03,D,0.026783046710787687
equity_risk_parity,2023-02-01,D,0.026479260970489495
equity_risk_parity,2023-03-01,D,0.02625769149614021
equity_risk_parity,2023-04-03,D,0.02589533773457517
equity_risk_parity,2023-05-01,D,0.025563744212213014
equity_risk_parity,2023-06-01,D,0.024007713959518163
equity_risk_parity,2023-07-03,D,0.023325474455995372
equity_risk_parity,2023-08-01,D,0.022454734239592
equity_risk_parity,2023-09-01,D,0.02195653222425737
equity_risk_parity,2023-10-02,D,0.021117637766160664
equity_risk_parity,2023-11-01,D,0.021624921324686
equity_risk_parity,2023-12-01,D,0.019521107370421783
equity_risk_parity,2021-01-04,DD,0.016035141662387425
equity_risk_parity,2021-02-01,DD,0.015964001450181873
equity_risk_parity,2021-03-01,DD,0.016073614768802078
equity_risk_parity,2021-04-01,DD,0.014753121949509966
equity_risk_parity,2021-05-03,DD,0.014217103571601985
equity_risk_parity,2021-06-01,DD,0.01418880235146676
equity_risk_parity,2021-07-01,DD,0.013878382816188573
equity_risk_parity,2021-08-02,DD,0.0135386173522483
equity_risk_parity,2021-09-01,DD,0.013753273245154124
equity_risk_parity,2021-10-01,DD,0.014230867089948638
equity_risk_parity,2021-11-01,DD,0.013700093709303874
equity_risk_parity,2021-12-01,DD,0.013504006910397475
equity_risk_parity,2022-01-03,DD,0.013691118968593532
equity_risk_parity,2022-02-01,DD,0.014019306520021861
equity_risk_parity,2022-03-01,DD,0.013748801944877029
equity_risk_parity,2022-04-01,DD,0.012430153446521066
equity_risk_parity,2022-05-02,DD,0.01335092266408078
equity_risk_parity,2022-06-01,DD,0.013662278397952267
equity_risk_parity,2022-07-01,DD,0.01357927023363332
equity_risk_parity,2022-08-01,DD,0.013846736517426522
equity_risk_parity,2022-09-01,DD,0.01356409195059957
equity_risk_parity,2022-10-03,DD,0.013931273197201003
equity_risk_parity,2022-11-01,DD,0.014252865045022522
equity_risk_parity,2022-12-01,DD,0.01487980419867546
equity_risk_parity,2023-01-03,DD,0.015038142042060769
equity_risk_parity,2023-02-01,DD,0.015132672887035202
equity_risk_parity,2023-03-01,DD,0.015301173718703997
equity_risk_parity,2023-04-03,DD,0.01571220223639215
equity_risk_parity,2023-05-01,DD,0.015735819287392684
equity_risk_parity,2023-06-01,DD,0.015321802248173155
equity_risk_parity,2023-07-03,DD,0.0152903564100646
equity_risk_parity,2023-08-01,DD,0.01553212498499116
equity_risk_parity,2023-09-01,DD,0.01610111211977147
equity_risk_parity,2023-10-02,DD,0.01656595369987103
equity_risk_parity,2023-11-01,DD,0.016802189037227046
equity_risk_parity,2023-12-01,DD,0.016372578762411744
equity_risk_parity,2021-01-04,DIS,0.018292792280374382
equity_risk_parity,2021-02-01,DIS,0.0182376613632154
equity_risk_parity,2021-03-01,DIS,0.018113563249890902
equity_risk_parity,2021-04-01,DIS,0.017522063777600804
equity_risk_parity,2021-05-03,DIS,0.016016713113176095
equity_risk_parity,2021-06-01,DIS,0.017027502918627133
equity_risk_parity,2021-07-01,DIS,0.017664713625437926
equity_risk_parity,2021-08-02,DIS,0.01703853898965759
equity_risk_parity,2021-09-01,DIS,0.016867649087939543
equity_risk_parity,2021-10-01,DIS,0.015325559279371445
equity_risk_parity,2021-11-01,DIS,0.015133066886259114
equity_risk_parity,2021-12-01,DIS,0.016898691015351543
equity_risk_parity,2022-01-03,DIS,0.017351978441684904
equity_risk_parity,2022-02-01,DIS,0.017098515486944427
equity_risk_parity,2022-03-01,DIS,0.01986684181297263
equity_risk_parity,2022-04-01,DIS,0.01781270886595966
equity_risk_parity,2022-05-02,DIS,0.017593783819800004
equity_risk_parity,2022-06-01,DIS,0.016500961271149018
equity_risk_parity,2022-07-01,DIS,0.016741802975124703
equity_risk_parity,2022-08-01,DIS,0.016592074974808534
equity_risk_parity,2022-09-01,DIS,0.015972112140117106
equity_risk_parity,2022-10-03,DIS,0.015666021547763982
equity_risk_parity,2022-11-01,DIS,0.015837401756839845
equity_risk_parity,2022-12-01,DIS,0.014889312989690578
equity_risk_parity,2023-01-03,DIS,0.01477775360251587
equity_risk_parity,2023-02-01,DIS,0.014844964280294859
equity_risk_parity,2023-03-01,DIS,0.014516993308754356
equity_risk_parity,2023-04-03,DIS,0.014759012556659394
equity_risk_parity,2023-05-01,DIS,0.014743750121078104
equity_risk_parity,2023-06-01,DIS,0.014267871633514737
equity_risk_parity,2023-07-03,DIS,0.013659327505833282
equity_risk_parity,2023-08-01,DIS,0.013846649986046499
equity_risk_parity,2023-09-01,DIS,0.01416779824171781
equity_risk_parity,2023-10-02,DIS,0.014389498527176447
equity_risk_parity,2023-11-01,DIS,0.014185825374585456
equity_risk_parity,2023-12-01,DIS,0.01598316321703379
equity_risk_parity,2021-01-04,DOW,0.013678529058223145
equity_risk_parity,2021-02-01,DOW,0.013646027356057671
equity_risk_parity,2021-03-01,DOW,0.013745824649417968
equity_risk_parity,2021-04-01,DOW,0.01190690126592318
equity_risk_parity,2021-05-03,DOW,0.011484317754789046
equity_risk_parity,2021-06-01,DOW,0.012369997318920673
equity_risk_parity,2021-07-01,DOW,0.01278420436783315
equity_risk_parity,2021-08-02,DOW,0.012948353938355093
equity_risk_parity,2021-09-01,DOW,0.013025388080067885
equity_risk_parity,2021-10-01,DOW,0.012673302441547393
equity_risk_parity,2021-11-01,DOW,0.01190674693686525
equity_risk_parity,2021-12-01,DOW,0.012670617672644605
equity_risk_parity,2022-01-03,DOW,0.01282624168970615
equity_risk_parity,2022-02-01,DOW,0.013882457005481862
equity_risk_parity,2022-03-01,DOW,0.014606409617728503
equity_risk_parity,2022-04-01,DOW,0.013996752793252645
equity_risk_parity,2022-05-02,DOW,0.016541464658695552
equity_risk_parity,2022-06-01,DOW,0.0172952202619911
equity_risk_parity,2022-07-01,DOW,0.01721809755303316
equity_risk_parity,2022-08-01,DOW,0.017618439890025612
equity_risk_parity,2022-09-01,DOW,0.01756838124728632
equity_risk_parity,2022-10-03,DOW,0.017819619812508323
equity_risk_parity,2022-11-01,DOW,0.018178764424593277
equity_risk_parity,2022-12-01,DOW,0.017676097619450066
equity_risk_parity,2023-01-03,DOW,0.01777048512277169
equity_risk_parity,2023-02-01,DOW,0.01749640385332999
equity_risk_parity,2023-03-01,DOW,0.017549621293532592
equity_risk_parity,2023-04-03,DOW,0.01790661560103544
equity_risk_parity,2023-05-01,DOW,0.01729045385964435
equity_risk_parity,2023-06-01,DOW,0.016534225282679418
equity_risk_parity,2023-07-03,DOW,0.016091697758148754
equity_risk_parity,2023-08-01,DOW,0.016291461378573516
equity_risk_parity,2023-09-01,DOW,0.016529249725888363
equity_risk_parity,2023-10-02,DOW,0.01647608107733958
equity_risk_parity,2023-11-01,DOW,0.015960567418518774
equity_risk_parity,2023-12-01,DOW,0.016847261788647507
equity_risk_parity,2021-01-04,DUK,0.019386803481535632
equity_risk_parity,2021-02-01,DUK,0.019574558586938105
equity_risk_parity,2021-03-01,DUK,0.019435110119490284
equity_risk_parity,2021-04-01,DUK,0.02302136031000507
equity_risk_parity,2021-05-03,DUK,0.027724382984126154
equity_risk_parity,2021-06-01,DUK,0.02866998367287386
equity_risk_parity,2021-07-01,DUK,0.027275747592073497
equity_risk_parity,2021-08-02,DUK,0.0277103800566628
equity_risk_parity,2021-09-01,DUK,0.028010667819223515
equity_risk_parity,2021-10-01,DUK,0.029064433181225972
equity_risk_parity,2021-11-01,DUK,0.029201224405242695
equity_risk_parity,2021-12-01,DUK,0.03186920081512831
equity_risk_parity,2022-01-03,DUK,0.0325251529753351
equity_risk_parity,2022-02-01,DUK,0.031989608308001266
equity_risk_parity,2022-03-01,DUK,0.029334962871390462
equity_risk_parity,2022-04-01,DUK,0.03041152465995208
equity_risk_parity,2022-05-02,DUK,0.031147021426631893
equity_risk_parity,2022-06-01,DUK,0.03368946146171924
equity_risk_parity,2022-07-01,DUK,0.033189333647868594
equity_risk_parity,2022-08-01,DUK,0.03267934742321842
equity_risk_parity,2022-09-01,DUK,0.032228576434150766
equity_risk_parity,2022-10-03,DUK,0.02975480418713818
equity_risk_parity,2022-11-01,DUK,0.027317097763856407
equity_risk_parity,2022-12-01,DUK,0.027780460662678065
equity_risk_parity,2023-01-03,DUK,0.027808878070561188
equity_risk_parity,2023-02-01,DUK,0.027608066154768088
equity_risk_parity,2023-03-01,DUK,0.02792413232475383
equity_risk_parity,2023-04-03,DUK,0.026877003246729474
equity_risk_parity,2023-05-01,DUK,0.026490627030311305
equity_risk_parity,2023-06-01,DUK,0.02512508885683515
equity_risk_parity,2023-07-03,DUK,0.02449890956257801
equity_risk_parity,2023-08-01,DUK,0.023652348333511163
equity_risk_parity,2023-09-01,DUK,0.02350358361690073
equity_risk_parity,2023-10-02,DUK,0.023560214232188938
equity_risk_parity,2023-11-01,DUK,0.025357953260882672
equity_risk_parity,2023-12-01,DUK,0.024741541512319807
equity_risk_parity,2021-01-04,EA,0.03261626162856998
equity_risk_parity,2021-02-01,EA,0.032958403966620815
equity_risk_parity,2021-03-01,EA,0.03321578654980716
equity_risk_parity,2021-04-01,EA,0.037691718301825265
equity_risk_parity,2021-05-03,EA,0.03266124349714708
equity_risk_parity,2021-06-01,EA,0.030960648463130933
equity_risk_parity,2021-07-01,EA,0.025571563588543726
equity_risk_parity,2021-08-02,EA,0.02553376088044579
equity_risk_parity,2021-09-01,EA,0.026108145685616445
equity_risk_parity,2021-10-01,EA,0.029818003691819722
equity_risk_parity,2021-11-01,EA,0.02975710072935928
equity_risk_parity,2021-12-01,EA,0.029191825412188878
equity_risk_parity,2022-01-03,EA,0.027806257376798354
equity_risk_parity,2022-02-01,EA,0.028262338153133094
equity_risk_parity,2022-03-01,EA,0.02868950693074358
equity_risk_parity,2022-04-01,EA,0.02786521150985193
equity_risk_parity,2022-05-02,EA,0.029244002651529048
equity_risk_parity,2022-06-01,EA,0.028275333513198372
equity_risk_parity,2022-07-01,EA,0.02712446573359448
equity_risk_parity,2022-08-01,EA,0.02700252379550606
equity_risk_parity,2022-09-01,EA,0.02729642441102968
equity_risk_parity,2022-10-03,EA,0.025671090845399785
equity_risk_parity,2022-11-01,EA,0.026067264762449638
equity_risk_parity,2022-12-01,EA,0.026048063873258732
equity_risk_parity,2023-01-03,EA,0.025928399168622954
equity_risk_parity,2023-02-01,EA,0.026158926054902155
equity_risk_parity,2023-03-01,EA,0.026098186286881632
equity_risk_parity,2023-04-03,EA,0.02658283758864016
equity_risk_parity,2023-05-01,EA,0.025505136290156497
equity_risk_parity,2023-06-01,EA,0.026954736146718908
equity_risk_parity,2023-07-03,EA,0.027325054630436312
equity_risk_parity,2023-08-01,EA,0.02724235159610313
equity_risk_parity,2023-09-01,EA,0.02519002667089964
equity_risk_parity,2023-10-02,EA,0.02586724105253597
equity_risk_parity,2023-11-01,EA,0.024845318355311268
equity_risk_parity,2023-12-01,EA,0.023720987882266016
equity_risk_parity,2021-01-04,GE,0.014799447945883672
equity_risk_parity,2021-02-01,GE,0.014846427696179137
equity_risk_parity,2021-03-01,GE,0.01479294945741222
equity_risk_parity,2021-04-01,GE,0.01408732626448067
equity_risk_parity,2021-05-03,GE,0.012503995152732289
equity_risk_parity,2021-06-01,GE,0.013587350392578218
equity_risk_parity,2021-07-01,GE,0.01488963388144278
equity_risk_parity,2021-08-02,GE,0.014436820537597686
equity_risk_parity,2021-09-01,GE,0.014636463487078087
equity_risk_parity,2021-10-01,GE,0.01522319918843802
equity_risk_parity,2021-11-01,GE,0.013883767172124473
equity_risk_parity,2021-12-01,GE,0.014119086950713688
equity_risk_parity,2022-01-03,GE,0.01414291310049603
equity_risk_parity,2022-02-01,GE,0.012954956129150747
equity_risk_parity,2022-03-01,GE,0.013286660427166166
equity_risk_parity,2022-04-01,GE,0.012540917237200706
equity_risk_parity,2022-05-02,GE,0.012441461155492621
equity_risk_parity,2022-06-01,GE,0.012692585916119336
equity_risk_parity,2022-07-01,GE,0.01297191979877522
equity_risk_parity,2022-08-01,GE,0.013366195619169434
equity_risk_parity,2022-09-01,GE,0.013294844245081032
equity_risk_parity,2022-10-03,GE,0.014196518042688781
equity_risk_parity,2022-11-01,GE,0.014326168801520415
equity_risk_parity,2022-12-01,GE,0.014995296505209183
equity_risk_parity,2023-01-03,GE,0.015014861155209999
equity_risk_parity,2023-02-01,GE,0.01518120977908757
equity_risk_parity,2023-03-01,GE,0.015635259262993643
equity_risk_parity,2023-04-03,GE,0.01605775789919769
equity_risk_parity,2023-05-01,GE,0.01668549293879867
equity_risk_parity,2023-06-01,GE,0.01703530707588907
equity_risk_parity,2023-07-03,GE,0.017784588586301896
equity_risk_parity,2023-08-01,GE,0.01830808258674982
equity_risk_parity,2023-09-01,GE,0.018733806735884363
equity_risk_parity,2023-10-02,GE,0.01864953800581205
equity_risk_parity,2023-11-01,GE,0.01884034221086001
equity_risk_parity,2023-12-01,GE,0.019401554061204522
equity_risk_parity,2021-01-04,GILD,0.0361889407985467
equity_risk_parity,2021-02-01,GILD,0.03606824718567045
equity_risk_parity,2021-03-01,GILD,0.03507048441832054
equity_risk_parity,2021-04-01,GILD,0.02876955317168343
equity_risk_parity,2021-05-03,GILD,0.029960475719279733
equity_risk_parity,2021-06-01,GILD,0.03114787102136021
equity_risk_parity,2021-07-01,GILD,0.027925007349156965
equity_risk_parity,2021-08-02,GILD,0.02723830557787544
equity_risk_parity,2021-09-01,GILD,0.026651766972144428
equity_risk_parity,2021-10-01,GILD,0.02612334233424043
equity_risk_parity,2021-11-01,GILD,0.027533931933399078
equity_risk_parity,2021-12-01,GILD,0.0267162245195503
equity_risk_parity,2022-01-03,GILD,0.029236738528150327
equity_risk_parity,2022-02-01,GILD,0.027405946726385584
equity_risk_parity,2022-03-01,GILD,0.0318663214172936
equity_risk_parity,2022-04-01,GILD,0.03173033589806575
equity_risk_parity,2022-05-02,GILD,0.02968930526771878
equity_risk_parity,2022-06-01,GILD,0.03263524247957178
equity_risk_parity,2022-07-01,GILD,0.032886894330274016
equity_risk_parity,2022-08-01,GILD,0.03269167972774455
equity_risk_parity,2022-09-01,GILD,0.0327044424995101
equity_risk_parity,2022-10-03,GILD,0.030146612690059253
equity_risk_parity,2022-11-01,GILD,0.026554603267014393
equity_risk_parity,2022-12-01,GILD,0.02772558176280111
equity_risk_parity,2023-01-03,GILD,0.027258278826729113
equity_risk_parity,2023-02-01,GILD,0.02768112473475817
equity_risk_parity,2023-03-01,GILD,0.027135792396027095
equity_risk_parity,2023-04-03,GILD,0.02673777020424986
equity_risk_parity,2023-05-01,GILD,0.027169850560696693
equity_risk_parity,2023-06-01,GILD,0.025894657063950777
equity_risk_parity,2023-07-03,GILD,0.02492802177456648
equity_risk_parity,2023-08-01,GILD,0.024929832307366236
equity_risk_parity,2023-09-01,GILD,0.024712567606653378
equity_risk_parity,2023-10-02,GILD,0.025540727467465607
equity_risk_parity,2023-11-01,GILD,0.029230034658583957
equity_risk_parity,2023-12-01,GILD,0.025945720763326716
equity_risk_parity,2021-01-04,GS,0.015006459949690198
equity_risk_parity,2021-02-01,GS,0.015078546820342757
equity_risk_parity,2021-03-01,GS,0.0149421317639338
equity_risk_parity,2021-04-01,GS,0.015488918335004554
equity_risk_parity,2021-05-03,GS,0.014761585281025794
equity_risk_parity,2021-06-01,GS,0.015299302028136763
equity_risk_parity,2021-07-01,GS,0.01708470640076855
equity_risk_parity,2021-08-02,GS,0.01683468264974431
equity_risk_parity,2021-09-01,GS,0.016432441580111173
equity_risk_parity,2021-10-01,GS,0.015519295514869552
equity_risk_parity,2021-11-01,GS,0.015705199290111157
equity_risk_parity,2021-12-01,GS,0.016405982706768026
equity_risk_parity,2022-01-03,GS,0.015868526892903023
equity_risk_parity,2022-02-01,GS,0.014941116458551307
equity_risk_parity,2022-03-01,GS,0.01549255272272843
equity_risk_parity,2022-04-01,GS,0.013792409426037185
equity_risk_parity,2022-05-02,GS,0.014011839283346475
equity_risk_parity,2022-06-01,GS,0.0148856086458185
equity_risk_parity,2022-07-01,GS,0.015256171527575904
equity_risk_parity,2022-08-01,GS,0.015125329109982386
equity_risk_parity,2022-09-01,GS,0.015371631085838248
equity_risk_parity,2022-10-03,GS,0.015914263491434943
equity_risk_parity,2022-11-01,GS,0.01590641155018377
equity_risk_parity,2022-12-01,GS,0.016354757273367316
equity_risk_parity,2023-01-03,GS,0.016665228862310637
equity_risk_parity,2023-02-01,GS,0.017213006578689394
equity_risk_parity,2023-03-01,GS,0.017378504901239638
equity_risk_parity,2023-04-03,GS,0.017297665081040685
equity_risk_parity,2023-05-01,GS,0.01769539711282545
equity_risk_parity,2023-06-01,GS,0.01764148256051309
equity_risk_parity,2023-07-03,GS,0.017568848530512535
equity_risk_parity,2023-08-01,GS,0.0180225229400897
equity_risk_parity,2023-09-01,GS,0.018057003872317304
equity_risk_parity,2023-10-02,GS,0.017847445170658748
equity_risk_parity,2023-11-01,GS,0.017784593021000772
equity_risk_parity,2023-12-01,GS,0.016547915109409096
equity_risk_parity,2021-01-04,INTC,0.016724050639961806
equity_risk_parity,2021-02-01,INTC,0.016684787148964497
equity_risk_parity,2021-03-01,INTC,0.016794945711226163
equity_risk_parity,2021-04-01,INTC,0.018142978281003277
equity_risk_parity,2021-05-03,INTC,0.017442711918525894
equity_risk_parity,2021-06-01,INTC,0.017124416190823406
equity_risk_parity,2021-07-01,INTC,0.015689538867295617
equity_risk_parity,2021-08-02,INTC,0.015862468377935694
equity_risk_parity,2021-09-01,INTC,0.01582094235080867
equity_risk_parity,2021-10-01,INTC,0.015719800071844786
equity_risk_parity,2021-11-01,INTC,0.01568661867180058
equity_risk_parity,2021-12-01,INTC,0.015358432239794951
equity_risk_parity,2022-01-03,INTC,0.01537828350527269
equity_risk_parity,2022-02-01,INTC,0.01609153055237319
equity_risk_parity,2022-03-01,INTC,0.01615446784346534
equity_risk_parity,2022-04-01,INTC,0.01639058977758497
equity_risk_parity,2022-05-02,INTC,0.015635487400771683
equity_risk_parity,2022-06-01,INTC,0.015669740835679416
equity_risk_parity,2022-07-01,INTC,0.015580025741052984
equity_risk_parity,2022-08-01,INTC,0.015891695161790034
equity_risk_parity,2022-09-01,INTC,0.015241135238269785
equity_risk_parity,2022-10-03,INTC,0.015153883006288183
equity_risk_parity,2022-11-01,INTC,0.014468016770068167
equity_risk_parity,2022-12-01,INTC,0.013686255913365189
equity_risk_parity,2023-01-03,INTC,0.013855973881349381
equity_risk_parity,2023-02-01,INTC,0.01339597507940581
equity_risk_parity,2023-03-01,INTC,0.013281841580202965
equity_risk_parity,2023-04-03,INTC,0.0136322542106279
equity_risk_parity,2023-05-01,INTC,0.013622249808544446
equity_risk_parity,2023-06-01,INTC,0.013851647799840546
equity_risk_parity,2023-07-03,INTC,0.013407707864847478
equity_risk_parity,2023-08-01,INTC,0.013258573091645185
equity_risk_parity,2023-09-01,INTC,0.01303402309729916
equity_risk_parity,2023-10-02,INTC,0.012854828276494168
equity_risk_parity,2023-11-01,INTC,0.013685558910466212
equity_risk_parity,2023-12-01,INTC,0.014677369265740066
equity_risk_parity,2021-01-04,KO,0.02269127781646047
equity_risk_parity,2021-02-01,KO,0.02277441828365573
equity_risk_parity,2021-03-01,KO,0.022649511130565236
equity_risk_parity,2021-04-01,KO,0.019564931938907033
equity_risk_parity,2021-05-03,KO,0.020057926043482954
equity_risk_parity,2021-06-01,KO,0.02007297731305079
equity_risk_parity,2021-07-01,KO,0.020706472687281135
equity_risk_parity,2021-08-02,KO,0.021446039162135777
equity_risk_parity,2021-09-01,KO,0.02169430993440629
equity_risk_parity,2021-10-01,KO,0.02199443100010915
equity_risk_parity,2021-11-01,KO,0.024140801202288658
equity_risk_parity,2021-12-01,KO,0.024852918053934095
equity_risk_parity,2022-01-03,KO,0.025052281512228478
equity_risk_parity,2022-02-01,KO,0.025647486815251433
equity_risk_parity,2022-03-01,KO,0.028265538106888977
equity_risk_parity,2022-04-01,KO,0.02764116200597374
equity_risk_parity,2022-05-02,KO,0.02829438745609843
equity_risk_parity,2022-06-01,KO,0.02502286445478405
equity_risk_parity,2022-07-01,KO,0.02708801445978648
equity_risk_parity,2022-08-01,KO,0.02712901188286863
equity_risk_parity,2022-09-01,KO,0.026888604056374023
equity_risk_parity,2022-10-03,KO,0.027529630566623085
equity_risk_parity,2022-11-01,KO,0.02750706015797263
equity_risk_parity,2022-12-01,KO,0.02812225446329924
equity_risk_parity,2023-01-03,KO,0.028373138932532665
equity_risk_parity,2023-02-01,KO,0.02850659245482194
equity_risk_parity,2023-03-01,KO,0.028153031990655122
equity_risk_parity,2023-04-03,KO,0.02908371347940078
equity_risk_parity,2023-05-01,KO,0.029238785522333267
equity_risk_parity,2023-06-01,KO,0.031772345482277205
equity_risk_parity,2023-07-03,KO,0.030846621205330438
equity_risk_parity,2023-08-01,KO,0.030955372202366417
equity_risk_parity,2023-09-01,KO,0.031899203140867485
equity_risk_parity,2023-10-02,KO,0.032849127980975085
equity_risk_parity,2023-11-01,KO,0.03161845459108415
equity_risk_parity,2023-12-01,KO,0.03451061899732245
equity_risk_parity,2021-01-04,MMM,0.022636927678553177
equity_risk_parity,2021-02-01,MMM,0.023138354179808716
equity_risk_parity,2021-03-01,MMM,0.022958621430646167
equity_risk_parity,2021-04-01,MMM,0.022938871277912835
equity_risk_parity,2021-05-03,MMM,0.021914513803980393
equity_risk_parity,2021-06-01,MMM,0.024039425228308882
equity_risk_parity,2021-07-01,MMM,0.026248462620010887
equity_risk_parity,2021-08-02,MMM,0.02646368615583781
equity_risk_parity,2021-09-01,MMM,0.025724747516708984
equity_risk_parity,2021-10-01,MMM,0.02602637387496909
equity_risk_parity,2021-11-01,MMM,0.026243721086212354
equity_risk_parity,2021-12-01,MMM,0.026443807067472493
equity_risk_parity,2022-01-03,MMM,0.02646121229909739
equity_risk_parity,2022-02-01,MMM,0.022632262053338095
equity_risk_parity,2022-03-01,MMM,0.019904632392869152
equity_risk_parity,2022-04-01,MMM,0.018551246347124958
equity_risk_parity,2022-05-02,MMM,0.01958016790154354
equity_risk_parity,2022-06-01,MMM,0.020838472255157794
equity_risk_parity,2022-07-01,MMM,0.022140888682087773
equity_risk_parity,2022-08-01,MMM,0.022788744671785523
equity_risk_parity,2022-09-01,MMM,0.02099650321552742
equity_risk_parity,2022-10-03,MMM,0.021877434534951952
equity_risk_parity,2022-11-01,MMM,0.021089316415536935
equity_risk_parity,2022-12-01,MMM,0.020931472862639917
equity_risk_parity,2023-01-03,MMM,0.020768195705983903
equity_risk_parity,2023-02-01,MMM,0.019597203133103855
equity_risk_parity,2023-03-01,MMM,0.01989024491163485
equity_risk_parity,2023-04-03,MMM,0.020035243951888878
equity_risk_parity,2023-05-01,MMM,0.019891424485800332
equity_risk_parity,2023-06-01,MMM,0.018696375752398745
equity_risk_parity,2023-07-03,MMM,0.016900098262183947
equity_risk_parity,2023-08-01,MMM,0.01600293435396268
equity_risk_parity,2023-09-01,MMM,0.016634210957992845
equity_risk_parity,2023-10-02,MMM,0.016031900434490147
equity_risk_parity,2023-11-01,MMM,0.014968410218082161
equity_risk_parity,2023-12-01,MMM,0.014651073796914034
equity_risk_parity,2021-01-04,MRK,0.0273708678773735
equity_risk_parity,2021-02-01,MRK,0.027256339983315375
equity_risk_parity,2021-03-01,MRK,0.02695953948277791
equity_risk_parity,2021-04-01,MRK,0.026250819546272834
equity_risk_parity,2021-05-03,MRK,0.03009795870414381
equity_risk_parity,2021-06-01,MRK,0.02871054878214657
equity_risk_parity,2021-07-01,MRK,0.03094918879346692
equity_risk_parity,2021-08-02,MRK,0.03177330301916439
equity_risk_parity,2021-09-01,MRK,0.030386883964861267
equity_risk_parity,2021-10-01,MRK,0.03162934045635248
equity_risk_parity,2021-11-01,MRK,0.028471890921188764
equity_risk_parity,2021-12-01,MRK,0.02755205031137747
equity_risk_parity,2022-01-03,MRK,0.030561581184618408
equity_risk_parity,2022-02-01,MRK,0.03622352275684681
equity_risk_parity,2022-03-01,MRK,0.03319291843858503
equity_risk_parity,2022-04-01,MRK,0.03487396347300802
equity_risk_parity,2022-05-02,MRK,0.033323721715143556
equity_risk_parity,2022-06-01,MRK,0.035714412459672995
equity_risk_parity,2022-07-01,MRK,0.03407894432418948
equity_risk_parity,2022-08-01,MRK,0.034811439928176605
equity_risk_parity,2022-09-01,MRK,0.03467318585900932
equity_risk_parity,2022-10-03,MRK,0.03661359709424789
equity_risk_parity,2022-11-01,MRK,0.040002805285986556
equity_risk_parity,2022-12-01,MRK,0.045143729349002425
equity_risk_parity,2023-01-03,MRK,0.04264236265144739
equity_risk_parity,2023-02-01,MRK,0.04180611710013855
equity_risk_parity,2023-03-01,MRK,0.042445055908394536
equity_risk_parity,2023-04-03,MRK,0.04214726057740369
equity_risk_parity,2023-05-01,MRK,0.04187752510053573
equity_risk_parity,2023-06-01,MRK,0.042249551759507696
equity_risk_parity,2023-07-03,MRK,0.046484982694741
equity_risk_parity,2023-08-01,MRK,0.04563716798406535
equity_risk_parity,2023-09-01,MRK,0.04446295149027338
equity_risk_parity,2023-10-02,MRK,0.04343015004989747
equity_risk_parity,2023-11-01,MRK,0.045890053101075
equity_risk_parity,2023-12-01,MRK,0.041207985565767755
equity_risk_parity,2021-01-04,MS,0.013269064237692101
equity_risk_parity,2021-02-01,MS,0.013305427542614493
equity_risk_parity,2021-03-01,MS,0.013207717269073445
equity_risk_parity,2021-04-01,MS,0.01357667778643051
equity_risk_parity,2021-05-03,MS,0.013617792404359787
equity_risk_parity,2021-06-01,MS,0.014754377086895835
equity_risk_parity,2021-07-01,MS,0.014552256490073297
equity_risk_parity,2021-08-02,MS,0.014241247572828344
equity_risk_parity,2021-09-01,MS,0.013788172655635868
equity_risk_parity,2021-10-01,MS,0.013481054669934756
equity_risk_parity,2021-11-01,MS,0.013547395574281914
equity_risk_parity,2021-12-01,MS,0.014348810054402592
equity_risk_parity,2022-01-03,MS,0.014306191190983588
equity_risk_parity,2022-02-01,MS,0.015361760933123778
equity_risk_parity,2022-03-01,MS,0.015337836752874064
equity_risk_parity,2022-04-01,MS,0.013353103634574232
equity_risk_parity,2022-05-02,MS,0.013532113512263298
equity_risk_parity,2022-06-01,MS,0.013643289606369902
equity_risk_parity,2022-07-01,MS,0.014197554030576084
equity_risk_parity,2022-08-01,MS,0.014263023639721317
equity_risk_parity,2022-09-01,MS,0.014365222336285855
equity_risk_parity,2022-10-03,MS,0.015082407318409529
equity_risk_parity,2022-11-01,MS,0.015000008268509266
equity_risk_parity,2022-12-01,MS,0.015204521489601648
equity_risk_parity,2023-01-03,MS,0.015321415039374443
equity_risk_parity,2023-02-01,MS,0.015428286795052742
equity_risk_parity,2023-03-01,MS,0.015745339555294113
equity_risk_parity,2023-04-03,MS,0.01586645621225514
equity_risk_parity,2023-05-01,MS,0.016321426894425773
equity_risk_parity,2023-06-01,MS,0.016526636707710343
equity_risk_parity,2023-07-03,MS,0.016358569018098387
equity_risk_parity,2023-08-01,MS,0.016552068736563293
equity_risk_parity,2023-09-01,MS,0.016844372165571476
equity_risk_parity,2023-10-02,MS,0.016297915447367743
equity_risk_parity,2023-11-01,MS,0.016226522634207236
equity_risk_parity,2023-12-01,MS,0.015231303538328102
equity_risk_parity,2021-01-04,NEE,0.019744881158023836
equity_risk_parity,2021-02-01,NEE,0.01928602217062449
equity_risk_parity,2021-03-01,NEE,0.019133709433612887
equity_risk_parity,2021-04-01,NEE,0.01981841106748691
equity_risk_parity,2021-05-03,NEE,0.021929224409171083
equity_risk_parity,2021-06-01,NEE,0.021918020310107172
equity_risk_parity,2021-07-01,NEE,0.019965678665191295
equity_risk_parity,2021-08-02,NEE,0.02061171624717646
equity_risk_parity,2021-09-01,NEE,0.02132226782546104
equity_risk_parity,2021-10-01,NEE,0.020832694990998064
equity_risk_parity,2021-11-01,NEE,0.019936785254034927
equity_risk_parity,2021-12-01,NEE,0.019883345385957575
equity_risk_parity,2022-01-03,NEE,0.0206495906699798
equity_risk_parity,2022-02-01,NEE,0.02304963583427419
equity_risk_parity,2022-03-01,NEE,0.02298650301372089
equity_risk_parity,2022-04-01,NEE,0.025778115757300053
equity_risk_parity,2022-05-02,NEE,0.02417639994391992
equity_risk_parity,2022-06-01,NEE,0.022649670547217327
equity_risk_parity,2022-07-01,NEE,0.021210102453381747
equity_risk_parity,2022-08-01,NEE,0.020583125573415864
equity_risk_parity,2022-09-01,NEE,0.020784367789885388
equity_risk_parity,2022-10-03,NEE,0.020759353508025394
equity_risk_parity,2022-11-01,NEE,0.020215593955111393
equity_risk_parity,2022-12-01,NEE,0.019860527630308936
equity_risk_parity,2023-01-03,NEE,0.019739718624225303
equity_risk_parity,2023-02-01,NEE,0.020210724095629625
equity_risk_parity,2023-03-01,NEE,0.020400059481925015
equity_risk_parity,2023-04-03,NEE,0.019740570060783107
equity_risk_parity,2023-05-01,NEE,0.019542786232927205
equity_risk_parity,2023-06-01,NEE,0.019800720273195148
equity_risk_parity,2023-07-03,NEE,0.020410311590251837
equity_risk_parity,2023-08-01,NEE,0.020220081902211997
equity_risk_parity,2023-09-01,NEE,0.019867186207750513
equity_risk_parity,2023-10-02,NEE,0.019301709913045736
equity_risk_parity,2023-11-01,NEE,0.018743062295631687
equity_risk_parity,2023-12-01,NEE,0.017975669058843888
equity_risk_parity,2021-01-04,NEM,0.03887610629156039
equity_risk_parity,2021-02-01,NEM,0.03822593504718629
equity_risk_parity,2021-03-01,NEM,0.037981322365805134
equity_risk_parity,2021-04-01,NEM,0.030344948918926144
equity_risk_parity,2021-05-03,NEM,0.029153238869576402
equity_risk_parity,2021-06-01,NEM,0.024045955757710274
equity_risk_parity,2021-07-01,NEM,0.019545124315568527
equity_risk_parity,2021-08-02,NEM,0.019496664960732293
equity_risk_parity,2021-09-01,NEM,0.019354627686980565
equity_risk_parity,2021-10-01,NEM,0.020276911734926368
equity_risk_parity,2021-11-01,NEM,0.02178668246852038
equity_risk_parity,2021-12-01,NEM,0.02135677712904677
equity_risk_parity,2022-01-03,NEM,0.022701210051954464
equity_risk_parity,2022-02-01,NEM,0.02363418717254789
equity_risk_parity,2022-03-01,NEM,0.027099351633161444
equity_risk_parity,2022-04-01,NEM,0.03418166155524545
equity_risk_parity,2022-05-02,NEM,0.03295367386496724
equity_risk_parity,2022-06-01,NEM,0.0332443425428786
equity_risk_parity,2022-07-01,NEM,0.034879517516650006
equity_risk_parity,2022-08-01,NEM,0.036037267951529096
equity_risk_parity,2022-09-01,NEM,0.03539417010580758
equity_risk_parity,2022-10-03,NEM,0.033066455949513615
equity_risk_parity,2022-11-01,NEM,0.03121607197905483
equity_risk_parity,2022-12-01,NEM,0.025066675663243894
equity_risk_parity,2023-01-03,NEM,0.02493710626761018
equity_risk_parity,2023-02-01,NEM,0.023657527847304315
equity_risk_parity,2023-03-01,NEM,0.02221764298438191
equity_risk_parity,2023-04-03,NEM,0.022503850376793283
equity_risk_parity,2023-05-01,NEM,0.022998086338182608
equity_risk_parity,2023-06-01,NEM,0.022342355160472588
equity_risk_parity,2023-07-03,NEM,0.020546257907237592
equity_risk_parity,2023-08-01,NEM,0.01963635181829783
equity_risk_parity,2023-09-01,NEM,0.019489633294049374
equity_risk_parity,2023-10-02,NEM,0.01967911333501733
equity_risk_parity,2023-11-01,NEM,0.017977312691015268
equity_risk_parity,2023-12-01,NEM,0.02021403698934689
equity_risk_parity,2021-01-04,NKE,0.02074126709866328
equity_risk_parity,2021-02-01,NKE,0.020682769103465917
equity_risk_parity,2021-03-01,NKE,0.020859944317794886
equity_risk_parity,2021-04-01,NKE,0.020724427922628057
equity_risk_parity,2021-05-03,NKE,0.02072381850418153
equity_risk_parity,2021-06-01,NKE,0.020503051505629262
equity_risk_parity,2021-07-01,NKE,0.023073166330329922
equity_risk_parity,2021-08-02,NKE,0.02350438740614382
equity_risk_parity,2021-09-01,NKE,0.022505634280608585
equity_risk_parity,2021-10-01,NKE,0.018243108222292796
equity_risk_parity,2021-11-01,NKE,0.018250346244890282
equity_risk_parity,2021-12-01,NKE,0.01826016213611762
equity_risk_parity,2022-01-03,NKE,0.01807309817905705
equity_risk_parity,2022-02-01,NKE,0.018407644059167744
equity_risk_parity,2022-03-01,NKE,0.01829647110372271
equity_risk_parity,2022-04-01,NKE,0.016220826375597772
equity_risk_parity,2022-05-02,NKE,0.015864159141675122
equity_risk_parity,2022-06-01,NKE,0.015075947461311044
equity_risk_parity,2022-07-01,NKE,0.014826628005401285
equity_risk_parity,2022-08-01,NKE,0.014415899706128502
equity_risk_parity,2022-09-01,NKE,0.014220621697047905
equity_risk_parity,2022-10-03,NKE,0.013285109436986521
equity_risk_parity,2022-11-01,NKE,0.013694042541514465
equity_risk_parity,2022-12-01,NKE,0.012985311153963694
equity_risk_parity,2023-01-03,NKE,0.012528093821021893
equity_risk_parity,2023-02-01,NKE,0.012528924455649158
equity_risk_parity,2023-03-01,NKE,0.012355141488209489
equity_risk_parity,2023-04-03,NKE,0.012861805212474549
equity_risk_parity,2023-05-01,NKE,0.013233031773362358
equity_risk_parity,2023-06-01,NKE,0.013284677669841696
equity_risk_parity,2023-07-03,NKE,0.013219575372690568
equity_risk_parity,2023-08-01,NKE,0.013444106808081006
equity_risk_parity,2023-09-01,NKE,0.01368799308180602
equity_risk_parity,2023-10-02,NKE,0.013883537167381964
equity_risk_parity,2023-11-01,NKE,0.014062145922593952
equity_risk_parity,2023-12-01,NKE,0.015283020939348854
equity_risk_parity,2021-01-04,NUE,0.01647248264738305
equity_risk_parity,2021-02-01,NUE,0.01649150211086015
equity_risk_parity,2021-03-01,NUE,0.016461540266862987
equity_risk_parity,2021-04-01,NUE,0.015367846597586674
equity_risk_parity,2021-05-03,NUE,0.013130472480460204
equity_risk_parity,2021-06-01,NUE,0.012534122572594042
equity_risk_parity,2021-07-01,NUE,0.01232572158828601
equity_risk_parity,2021-08-02,NUE,0.01200702722360917
equity_risk_parity,2021-09-01,NUE,0.011848910868116907
equity_risk_parity,2021-10-01,NUE,0.011036993030541242
equity_risk_parity,2021-11-01,NUE,0.010953035879919401
equity_risk_parity,2021-12-01,NUE,0.011187829240020196
equity_risk_parity,2022-01-03,NUE,0.012145254479868804
equity_risk_parity,2022-02-01,NUE,0.011425940999359209
equity_risk_parity,2022-03-01,NUE,0.010864786015802767
equity_risk_parity,2022-04-01,NUE,0.010988722015805112
equity_risk_parity,2022-05-02,NUE,0.011667850990679409
equity_risk_parity,2022-06-01,NUE,0.011804782293037965
equity_risk_parity,2022-07-01,NUE,0.011992721195525986
equity_risk_parity,2022-08-01,NUE,0.01220031489949482
equity_risk_parity,2022-09-01,NUE,0.012441010328159714
equity_risk_parity,2022-10-03,NUE,0.013439299043313558
equity_risk_parity,2022-11-01,NUE,0.013376423285700021
equity_risk_parity,2022-12-01,NUE,0.013476782203697524
equity_risk_parity,2023-01-03,NUE,0.013069875244428968
equity_risk_parity,2023-02-01,NUE,0.012997221446249065
equity_risk_parity,2023-03-01,NUE,0.013524646289247894
equity_risk_parity,2023-04-03,NUE,0.01346278036398274
equity_risk_parity,2023-05-01,NUE,0.01343691188038763
equity_risk_parity,2023-06-01,NUE,0.013644375554486186
equity_risk_parity,2023-07-03,NUE,0.013494737097594469
equity_risk_parity,2023-08-01,NUE,0.01368178580704413
equity_risk_parity,2023-09-01,NUE,0.013904865701020836
equity_risk_parity,2023-10-02,NUE,0.01323966169258547
equity_risk_parity,2023-11-01,NUE,0.012938328928097542
equity_risk_parity,2023-12-01,NUE,0.01309278546476052
equity_risk_parity,2021-01-04,NVDA,0.015253401662310519
equity_risk_parity,2021-02-01,NVDA,0.015375808706690463
equity_risk_parity,2021-03-01,NVDA,0.015545051124320948
equity_risk_parity,2021-04-01,NVDA,0.015094336592886701
equity_risk_parity,2021-05-03,NVDA,0.015219196801324244
equity_risk_parity,2021-06-01,NVDA,0.014417598851956573
equity_risk_parity,2021-07-01,NVDA,0.013813585651055862
equity_risk_parity,2021-08-02,NVDA,0.01373370561699535
equity_risk_parity,2021-09-01,NVDA,0.013737446335862305
equity_risk_parity,2021-10-01,NVDA,0.015537982926874338
equity_risk_parity,2021-11-01,NVDA,0.015965384535418906
equity_risk_parity,2021-12-01,NVDA,0.013853691907866733
equity_risk_parity,2022-01-03,NVDA,0.01285340277492843
equity_risk_parity,2022-02-01,NVDA,0.01141631209031169
equity_risk_parity,2022-03-01,NVDA,0.010450427498764127
equity_risk_parity,2022-04-01,NVDA,0.009881564450506338
equity_risk_parity,2022-05-02,NVDA,0.009747401584740906
equity_risk_parity,2022-06-01,NVDA,0.009293569172005111
equity_risk_parity,2022-07-01,NVDA,0.008836591471852043
equity_risk_parity,2022-08-01,NVDA,0.00877309218208871
equity_risk_parity,2022-09-01,NVDA,0.008485887778083404
equity_risk_parity,2022-10-03,NVDA,0.008853616893396572
equity_risk_parity,2022-11-01,NVDA,0.009013583414010344
equity_risk_parity,2022-12-01,NVDA,0.008512458379434604
equity_risk_parity,2023-01-03,NVDA,0.008522520032313905
equity_risk_parity,2023-02-01,NVDA,0.00851944085715685
equity_risk_parity,2023-03-01,NVDA,0.008754634530271511
equity_risk_parity,2023-04-03,NVDA,0.009211557040405391
equity_risk_parity,2023-05-01,NVDA,0.009376155545021277
equity_risk_parity,2023-06-01,NVDA,0.009988180864637364
equity_risk_parity,2023-07-03,NVDA,0.010587385994489166
equity_risk_parity,2023-08-01,NVDA,0.010718052840184024
equity_risk_parity,2023-09-01,NVDA,0.011269593038710089
equity_risk_parity,2023-10-02,NVDA,0.011206586533823825
equity_risk_parity,2023-11-01,NVDA,0.011639692779931914
equity_risk_parity,2023-12-01,NVDA,0.013891746214639154
equity_risk_parity,2021-01-04,O,0.01573315376606209
equity_risk_parity,2021-02-01,O,0.015796993100759257
equity_risk_parity,2021-03-01,O,0.015748218391647677
equity_risk_parity,2021-04-01,O,0.016145814220532254
equity_risk_parity,2021-05-03,O,0.017181192998328557
equity_risk_parity,2021-06-01,O,0.017790975193908244
equity_risk_parity,2021-07-01,O,0.01929396764750318
equity_risk_parity,2021-08-02,O,0.01991862731386697
equity_risk_parity,2021-09-01,O,0.02074551286223419
equity_risk_parity,2021-10-01,O,0.020273399925024315
equity_risk_parity,2021-11-01,O,0.019903908672564787
equity_risk_parity,2021-12-01,O,0.023350658322625808
equity_risk_parity,2022-01-03,O,0.022606874066964697
equity_risk_parity,2022-02-01,O,0.02211767094002082
equity_risk_parity,2022-03-01,O,0.02122643529950488
equity_risk_parity,2022-04-01,O,0.021212723380519844
equity_risk_parity,2022-05-02,O,0.021051842870429407
equity_risk_parity,2022-06-01,O,0.021604668610479057
equity_risk_parity,2022-07-01,O,0.022356979183491336
equity_risk_parity,2022-08-01,O,0.022406320687969886
equity_risk_parity,2022-09-01,O,0.022828519158262
equity_risk_parity,2022-10-03,O,0.023739547519509442
equity_risk_parity,2022-11-01,O,0.02411301072389228
equity_risk_parity,2022-12-01,O,0.023704221478814087
equity_risk_parity,2023-01-03,O,0.02454942589806489
equity_risk_parity,2023-02-01,O,0.02489222303190948
equity_risk_parity,2023-03-01,O,0.025162354424501286
equity_risk_parity,2023-04-03,O,0.02493236037651791
equity_risk_parity,2023-05-01,O,0.025166783196264406
equity_risk_parity,2023-06-01,O,0.02531109644612635
equity_risk_parity,2023-07-03,O,0.02528482350433426
equity_risk_parity,2023-08-01,O,0.025205680028533003
equity_risk_parity,2023-09-01,O,0.02467137999250047
equity_risk_parity,2023-10-02,O,0.023521110862669118
equity_risk_parity,2023-11-01,O,0.02374972603120903
equity_risk_parity,2023-12-01,O,0.022256949701603256
equity_risk_parity,2021-01-04,OXY,0.009780259980886677
equity_risk_parity,2021-02-01,OXY,0.009766535797300191
equity_risk_parity,2021-03-01,OXY,0.009712298844271003
equity_risk_parity,2021-04-01,OXY,0.007608582365426372
equity_risk_parity,2021-05-03,OXY,0.006712491681509081
equity_risk_parity,2021-06-01,OXY,0.006789828430765439
equity_risk_parity,2021-07-01,OXY,0.00835297266725717
equity_risk_parity,2021-08-02,OXY,0.008479505184727884
equity_risk_parity,2021-09-01,OXY,0.008405074981042305
equity_risk_parity,2021-10-01,OXY,0.007965878960326779
equity_risk_parity,2021-11-01,OXY,0.00824356333176489
equity_risk_parity,2021-12-01,OXY,0.00920715046436703
equity_risk_parity,2022-01-03,OXY,0.009675173905717505
equity_risk_parity,2022-02-01,OXY,0.009598806856957656
equity_risk_parity,2022-03-01,OXY,0.01162144444752602
equity_risk_parity,2022-04-01,OXY,0.011069510990552544
equity_risk_parity,2022-05-02,OXY,0.01094933878773337
equity_risk_parity,2022-06-01,OXY,0.010699057660030313
equity_risk_parity,2022-07-01,OXY,0.011205744169364464
equity_risk_parity,2022-08-01,OXY,0.011366761089749936
equity_risk_parity,2022-09-01,OXY,0.012368440610338035
equity_risk_parity,2022-10-03,OXY,0.01373178248798712
equity_risk_parity,2022-11-01,OXY,0.014923171921438319
equity_risk_parity,2022-12-01,OXY,0.015133272580372694
equity_risk_parity,2023-01-03,OXY,0.01530040358157981
equity_risk_parity,2023-02-01,OXY,0.016038331661215117
equity_risk_parity,2023-03-01,OXY,0.01521787918270573
equity_risk_parity,2023-04-03,OXY,0.015365564086273207
equity_risk_parity,2023-05-01,OXY,0.015768598886069574
equity_risk_parity,2023-06-01,OXY,0.017166082048105557
equity_risk_parity,2023-07-03,OXY,0.01750943495511807
equity_risk_parity,2023-08-01,OXY,0.017834669987957946
equity_risk_parity,2023-09-01,OXY,0.01747638598791736
equity_risk_parity,2023-10-02,OXY,0.017427211844817166
equity_risk_parity,2023-11-01,OXY,0.015882465399864654
equity_risk_parity,2023-12-01,OXY,0.018124100610185448
equity_risk_parity,2021-01-04,PLD,0.01709906289046453
equity_risk_parity,2021-02-01,PLD,0.017178492380084582
equity_risk_parity,2021-03-01,PLD,0.017272105444456048
equity_risk_parity,2021-04-01,PLD,0.016789736879314177
equity_risk_parity,2021-05-03,PLD,0.018048945985411017
equity_risk_parity,2021-06-01,PLD,0.019119903283699176
equity_risk_parity,2021-07-01,PLD,0.020104350623607357
equity_risk_parity,2021-08-02,PLD,0.020079837094167885
equity_risk_parity,2021-09-01,PLD,0.020189034526012777
equity_risk_parity,2021-10-01,PLD,0.021903072220261083
equity_risk_parity,2021-11-01,PLD,0.022262499891889803
equity_risk_parity,2021-12-01,PLD,0.019926224497483526
equity_risk_parity,2022-01-03,PLD,0.020677525526294913
equity_risk_parity,2022-02-01,PLD,0.021085424350291985
equity_risk_parity,2022-03-01,PLD,0.019297044260389112
equity_risk_parity,2022-04-01,PLD,0.01934154278541149
equity_risk_parity,2022-05-02,PLD,0.0175843382242514
equity_risk_parity,2022-06-01,PLD,0.01620452571004436
equity_risk_parity,2022-07-01,PLD,0.015202209247403703
equity_risk_parity,2022-08-01,PLD,0.014728019419689426
equity_risk_parity,2022-09-01,PLD,0.0146529179596546
equity_risk_parity,2022-10-03,PLD,0.015017139152176744
equity_risk_parity,2022-11-01,PLD,0.015409673050705461
equity_risk_parity,2022-12-01,PLD,0.014991716588821494
equity_risk_parity,2023-01-03,PLD,0.014807970955233419
equity_risk_parity,2023-02-01,PLD,0.0145232668893029
equity_risk_parity,2023-03-01,PLD,0.014703101387427652
equity_risk_parity,2023-04-03,PLD,0.014299720948934336
equity_risk_parity,2023-05-01,PLD,0.01418064597870416
equity_risk_parity,2023-06-01,PLD,0.01479256679299658
equity_risk_parity,2023-07-03,PLD,0.015324901527731478
equity_risk_parity,2023-08-01,PLD,0.01567159470729376
equity_risk_parity,2023-09-01,PLD,0.015715358930204374
equity_risk_parity,2023-10-02,PLD,0.015146791273815402
equity_risk_parity,2023-11-01,PLD,0.01392633009131223
equity_risk_parity,2023-12-01,PLD,0.013594698761217565
equity_risk_parity,2021-01-04,PSA,0.026052035554773572
equity_risk_parity,2021-02-01,PSA,0.02616850548714743
equity_risk_parity,2021-03-01,PSA,0.026406686880309387
equity_risk_parity,2021-04-01,PSA,0.030855261478098216
equity_risk_parity,2021-05-03,PSA,0.0285610552474862
equity_risk_parity,2021-06-01,PSA,0.03295944570313057
equity_risk_parity,2021-07-01,PSA,0.03694087904922387
equity_risk_parity,2021-08-02,PSA,0.03631472752376824
equity_risk_parity,2021-09-01,PSA,0.03804818528685792
equity_risk_parity,2021-10-01,PSA,0.037471436579440555
equity_risk_parity,2021-11-01,PSA,0.03763531443549383
equity_risk_parity,2021-12-01,PSA,0.03490045039537771
equity_risk_parity,2022-01-03,PSA,0.0328335319612659
equity_risk_parity,2022-02-01,PSA,0.03159981422414871
equity_risk_parity,2022-03-01,PSA,0.02812810266155624
equity_risk_parity,2022-04-01,PSA,0.02648614488991189
equity_risk_parity,2022-05-02,PSA,0.02269129914563661
equity_risk_parity,2022-06-01,PSA,0.021085805470879147
equity_risk_parity,2022-07-01,PSA,0.020922779043395782
equity_risk_parity,2022-08-01,PSA,0.02052663816712929
equity_risk_parity,2022-09-01,PSA,0.020110278413280575
equity_risk_parity,2022-10-03,PSA,0.020702990021238155
equity_risk_parity,2022-11-01,PSA,0.021403028542581408
equity_risk_parity,2022-12-01,PSA,0.020009386278694266
equity_risk_parity,2023-01-03,PSA,0.019839610619899424
equity_risk_parity,2023-02-01,PSA,0.019830955539906384
equity_risk_parity,2023-03-01,PSA,0.020214152884311165
equity_risk_parity,2023-04-03,PSA,0.020050545865123198
equity_risk_parity,2023-05-01,PSA,0.020270084617392114
equity_risk_parity,2023-06-01,PSA,0.021407355091656498
equity_risk_parity,2023-07-03,PSA,0.020832931695667356
equity_risk_parity,2023-08-01,PSA,0.021249521327072175
equity_risk_parity,2023-09-01,PSA,0.021301816154403803
equity_risk_parity,2023-10-02,PSA,0.020805135240711266
equity_risk_parity,2023-11-01,PSA,0.018755380452751373
equity_risk_parity,2023-12-01,PSA,0.019476537616762366
equity_risk_parity,2021-01-04,QCOM,0.017220624835427883
equity_risk_parity,2021-02-01,QCOM,0.017176522849611513
equity_risk_parity,2021-03-01,QCOM,0.01737403562561712
equity_risk_parity,2021-04-01,QCOM,0.016149641078090946
equity_risk_parity,2021-05-03,QCOM,0.014087739147115887
equity_risk_parity,2021-06-01,QCOM,0.014089577721618363
equity_risk_parity,2021-07-01,QCOM,0.013926235657886124
equity_risk_parity,2021-08-02,QCOM,0.012995044027112941
equity_risk_parity,2021-09-01,QCOM,0.012825569851428494
equity_risk_parity,2021-10-01,QCOM,0.012978074463962746
equity_risk_parity,2021-11-01,QCOM,0.012809758499783042
equity_risk_parity,2021-12-01,QCOM,0.013300600010770925
equity_risk_parity,2022-01-03,QCOM,0.014020403937440865
equity_risk_parity,2022-02-01,QCOM,0.01386501421875088
equity_risk_parity,2022-03-01,QCOM,0.012347037772882642
equity_risk_parity,2022-04-01,QCOM,0.011837610389262433
equity_risk_parity,2022-05-02,QCOM,0.011958885794908919
equity_risk_parity,2022-06-01,QCOM,0.012098509199565177
equity_risk_parity,2022-07-01,QCOM,0.012335726448948063
equity_risk_parity,2022-08-01,QCOM,0.012801785545310253
equity_risk_parity,2022-09-01,QCOM,0.012495992345974646
equity_risk_parity,2022-10-03,QCOM,0.012888928150145246
equity_risk_parity,2022-11-01,QCOM,0.01311197808070731
equity_risk_parity,2022-12-01,QCOM,0.012291600601845245
equity_risk_parity,2023-01-03,QCOM,0.0120030716197209
equity_risk_parity,2023-02-01,QCOM,0.01195440942025
equity_risk_parity,2023-03-01,QCOM,0.012295028627279991
equity_risk_parity,2023-04-03,QCOM,0.012941973774630206
equity_risk_parity,2023-05-01,QCOM,0.012933170778350885
equity_risk_parity,2023-06-01,QCOM,0.01338082056837673
equity_risk_parity,2023-07-03,QCOM,0.01306605076998262
equity_risk_parity,2023-08-01,QCOM,0.012844717402089239
equity_risk_parity,2023-09-01,QCOM,0.012978765813306547
equity_risk_parity,2023-10-02,QCOM,0.012489688480151159
equity_risk_parity,2023-11-01,QCOM,0.012293900016318129
equity_risk_parity,2023-12-01,QCOM,0.012855332430917528
equity_risk_parity,2021-01-04,SBUX,0.01726409749336683
equity_risk_parity,2021-02-01,SBUX,0.017212767242858234
equity_risk_parity,2021-03-01,SBUX,0.017110259758809445
equity_risk_parity,2021-04-01,SBUX,0.016880353813258676
equity_risk_parity,2021-05-03,SBUX,0.017004526310536717
equity_risk_parity,2021-06-01,SBUX,0.01645012034006419
equity_risk_parity,2021-07-01,SBUX,0.01822308981305062
equity_risk_parity,2021-08-02,SBUX,0.01842057642793158
equity_risk_parity,2021-09-01,SBUX,0.01805934199476964
equity_risk_parity,2021-10-01,SBUX,0.01788930698425083
equity_risk_parity,2021-11-01,SBUX,0.01815201501240549
equity_risk_parity,2021-12-01,SBUX,0.018568306326632027
equity_risk_parity,2022-01-03,SBUX,0.017607589862120004
equity_risk_parity,2022-02-01,SBUX,0.019286380259717666
equity_risk_parity,2022-03-01,SBUX,0.01797347183731805
equity_risk_parity,2022-04-01,SBUX,0.015583371566271662
equity_risk_parity,2022-05-02,SBUX,0.016394935227751012
equity_risk_parity,2022-06-01,SBUX,0.014339712969026615
equity_risk_parity,2022-07-01,SBUX,0.014421591017724533
equity_risk_parity,2022-08-01,SBUX,0.01451030620487583
equity_risk_parity,2022-09-01,SBUX,0.01439383007977337
equity_risk_parity,2022-10-03,SBUX,0.015000559680164316
equity_risk_parity,2022-11-01,SBUX,0.015725027621228942
equity_risk_parity,2022-12-01,SBUX,0.015598930264402957
equity_risk_parity,2023-01-03,SBUX,0.016016419656505958
equity_risk_parity,2023-02-01,SBUX,0.015920109282687955
equity_risk_parity,2023-03-01,SBUX,0.015716417941684744
equity_risk_parity,2023-04-03,SBUX,0.0166279840603773
equity_risk_parity,2023-05-01,SBUX,0.016871175691208103
equity_risk_parity,2023-06-01,SBUX,0.01802257696596859
equity_risk_parity,2023-07-03,SBUX,0.018485704515394025
equity_risk_parity,2023-08-01,SBUX,0.018597812950447816
equity_risk_parity,2023-09-01,SBUX,0.0191456142317631
equity_risk_parity,2023-10-02,SBUX,0.018667547141578113
equity_risk_parity,2023-11-01,SBUX,0.018311833755006206
equity_risk_parity,2023-12-01,SBUX,0.01769625391522589
equity_risk_parity,2021-01-04,SHW,0.020079370783501145
equity_risk_parity,2021-02-01,SHW,0.02021710534964053
equity_risk_parity,2021-03-01,SHW,0.020306433043371905
equity_risk_parity,2021-04-01,SHW,0.02005072236203825
equity_risk_parity,2021-05-03,SHW,0.02457802116230958
equity_risk_parity,2021-06-01,SHW,0.023429638996322315
equity_risk_parity,2021-07-01,SHW,0.024429240936174074
equity_risk_parity,2021-08-02,SHW,0.025849629992713417
equity_risk_parity,2021-09-01,SHW,0.025505190017513862
equity_risk_parity,2021-10-01,SHW,0.02616839006142665
equity_risk_parity,2021-11-01,SHW,0.024306774689564773
equity_risk_parity,2021-12-01,SHW,0.023507187733842
equity_risk_parity,2022-01-03,SHW,0.022368336457871712
equity_risk_parity,2022-02-01,SHW,0.022059510768623097
equity_risk_parity,2022-03-01,SHW,0.02008153916837392
equity_risk_parity,2022-04-01,SHW,0.01985023226168822
equity_risk_parity,2022-05-02,SHW,0.023774413257244338
equity_risk_parity,2022-06-01,SHW,0.023412345607444804
equity_risk_parity,2022-07-01,SHW,0.021430377606539867
equity_risk_parity,2022-08-01,SHW,0.021824246966766946
equity_risk_parity,2022-09-01,SHW,0.021059965739685566
equity_risk_parity,2022-10-03,SHW,0.020909557766517126
equity_risk_parity,2022-11-01,SHW,0.019573157647273676
equity_risk_parity,2022-12-01,SHW,0.0182622262612569
equity_risk_parity,2023-01-03,SHW,0.01823779459679482
equity_risk_parity,2023-02-01,SHW,0.017766217127844965
equity_risk_parity,2023-03-01,SHW,0.018060651005512594
equity_risk_parity,2023-04-03,SHW,0.017981792989946965
equity_risk_parity,2023-05-01,SHW,0.017134557241778082
equity_risk_parity,2023-06-01,SHW,0.01639816571279667
equity_risk_parity,2023-07-03,SHW,0.016333122110421518
equity_risk_parity,2023-08-01,SHW,0.015800012871581275
equity_risk_parity,2023-09-01,SHW,0.01603344230124863
equity_risk_parity,2023-10-02,SHW,0.015629228757930477
equity_risk_parity,2023-11-01,SHW,0.01629277189835913
equity_risk_parity,2023-12-01,SHW,0.016663074452483304
equity_risk_parity,2021-01-04,SLB,0.012276815384362132
equity_risk_parity,2021-02-01,SLB,0.012229991261445321
equity_risk_parity,2021-03-01,SLB,0.012206420854160242
equity_risk_parity,2021-04-01,SLB,0.010015572402103294
equity_risk_parity,2021-05-03,SLB,0.008954934269757821
equity_risk_parity,2021-06-01,SLB,0.009697820182643292
equity_risk_parity,2021-07-01,SLB,0.010163897491880802
equity_risk_parity,2021-08-02,SLB,0.01018200368245253
equity_risk_parity,2021-09-01,SLB,0.010150074490284258
equity_risk_parity,2021-10-01,SLB,0.00983447483758904
equity_risk_parity,2021-11-01,SLB,0.009588362049493045
equity_risk_parity,2021-12-01,SLB,0.010056882780635655
equity_risk_parity,2022-01-03,SLB,0.010515534144775752
equity_risk_parity,2022-02-01,SLB,0.011196075438871739
equity_risk_parity,2022-03-01,SLB,0.011954217518686338
equity_risk_parity,2022-04-01,SLB,0.01345363452193752
equity_risk_parity,2022-05-02,SLB,0.014668958414841159
equity_risk_parity,2022-06-01,SLB,0.012480031612132464
equity_risk_parity,2022-07-01,SLB,0.013333589809519918
equity_risk_parity,2022-08-01,SLB,0.013649362869545944
equity_risk_parity,2022-09-01,SLB,0.014431874102375692
equity_risk_parity,2022-10-03,SLB,0.014912470451911582
equity_risk_parity,2022-11-01,SLB,0.015411683285960926
equity_risk_parity,2022-12-01,SLB,0.016655946421413104
equity_risk_parity,2023-01-03,SLB,0.016339087894858113
equity_risk_parity,2023-02-01,SLB,0.01677601125337533
equity_risk_parity,2023-03-01,SLB,0.01661910332829098
equity_risk_parity,2023-04-03,SLB,0.015495662452007996
equity_risk_parity,2023-05-01,SLB,0.015021561269968259
equity_risk_parity,2023-06-01,SLB,0.016030228011269302
equity_risk_parity,2023-07-03,SLB,0.015818837149288986
equity_risk_parity,2023-08-01,SLB,0.016059109152234418
equity_risk_parity,2023-09-01,SLB,0.01570679862844113
equity_risk_parity,2023-10-02,SLB,0.016430166359847245
equity_risk_parity,2023-11-01,SLB,0.016504485118278997
equity_risk_parity,2023-12-01,SLB,0.015589619945414381
equity_risk_parity,2021-01-04,SO,0.017822876877247557
equity_risk_parity,2021-02-01,SO,0.017799042718452365
equity_risk_parity,2021-03-01,SO,0.01762151532573337
equity_risk_parity,2021-04-01,SO,0.01859540467462906
equity_risk_parity,2021-05-03,SO,0.022607737791835256
equity_risk_parity,2021-06-01,SO,0.02440992314708353
equity_risk_parity,2021-07-01,SO,0.02368786391151299
equity_risk_parity,2021-08-02,SO,0.024174039443436855
equity_risk_parity,2021-09-01,SO,0.0246687769507985
equity_risk_parity,2021-10-01,SO,0.023029658585060363
equity_risk_parity,2021-11-01,SO,0.022864363803421602
equity_risk_parity,2021-12-01,SO,0.024969929350515167
equity_risk_parity,2022-01-03,SO,0.02633426900465594
equity_risk_parity,2022-02-01,SO,0.029853573227960336
equity_risk_parity,2022-03-01,SO,0.0294019276996636
equity_risk_parity,2022-04-01,SO,0.03085923107134172
equity_risk_parity,2022-05-02,SO,0.029356310032232606
equity_risk_parity,2022-06-01,SO,0.03157405779634522
equity_risk_parity,2022-07-01,SO,0.030396310977052216
equity_risk_parity,2022-08-01,SO,0.029946258380591836
equity_risk_parity,2022-09-01,SO,0.02998006352418487
equity_risk_parity,2022-10-03,SO,0.027868098984579072
equity_risk_parity,2022-11-01,SO,0.026226155852502236
equity_risk_parity,2022-12-01,SO,0.026048478468268393
equity_risk_parity,2023-01-03,SO,0.025981163318746787
equity_risk_parity,2023-02-01,SO,0.025427225782684883
equity_risk_parity,2023-03-01,SO,0.025208128798502347
equity_risk_parity,2023-04-03,SO,0.024787838170776694
equity_risk_parity,2023-05-01,SO,0.024657960590938194
equity_risk_parity,2023-06-01,SO,0.023759024777749934
equity_risk_parity,2023-07-03,SO,0.023851474808732075
equity_risk_parity,2023-08-01,SO,0.023436394831743396
equity_risk_parity,2023-09-01,SO,0.02305974933791509
equity_risk_parity,2023-10-02,SO,0.022731014754748865
equity_risk_parity,2023-11-01,SO,0.024281599131341064
equity_risk_parity,2023-12-01,SO,0.023384174980116974
equity_risk_parity,2021-01-04,T,0.021948381497123012
equity_risk_parity,2021-02-01,T,0.022177542972915774
equity_risk_parity,2021-03-01,T,0.021867201688427335
equity_risk_parity,2021-04-01,T,0.022390702561878265
equity_risk_parity,2021-05-03,T,0.024694445388781797
equity_risk_parity,2021-06-01,T,0.026538979135556355
equity_risk_parity,2021-07-01,T,0.03150989676116383
equity_risk_parity,2021-08-02,T,0.030897052809968347
equity_risk_parity,2021-09-01,T,0.030178124206479234
equity_risk_parity,2021-10-01,T,0.027978292225672503
equity_risk_parity,2021-11-01,T,0.027265535149292194
equity_risk_parity,2021-12-01,T,0.026955099981489213
equity_risk_parity,2022-01-03,T,0.026341024319816362
equity_risk_parity,2022-02-01,T,0.02178677328046685
equity_risk_parity,2022-03-01,T,0.022029475084575017
equity_risk_parity,2022-04-01,T,0.020762532399121802
equity_risk_parity,2022-05-02,T,0.022323023446327257
equity_risk_parity,2022-06-01,T,0.022911027062453744
equity_risk_parity,2022-07-01,T,0.022524944347733587
equity_risk_parity,2022-08-01,T,0.022884014768976686
equity_risk_parity,2022-09-01,T,0.023520774926471585
equity_risk_parity,2022-10-03,T,0.024022887656010163
equity_risk_parity,2022-11-01,T,0.02369100858841772
equity_risk_parity,2022-12-01,T,0.02469699474278286
equity_risk_parity,2023-01-03,T,0.025317062211978682
equity_risk_parity,2023-02-01,T,0.026372440222835716
equity_risk_parity,2023-03-01,T,0.02651992579976932
equity_risk_parity,2023-04-03,T,0.026758152103503314
equity_risk_parity,2023-05-01,T,0.025363990716625817
equity_risk_parity,2023-06-01,T,0.02480211861539564
equity_risk_parity,2023-07-03,T,0.02554499013595791
equity_risk_parity,2023-08-01,T,0.024450605247133366
equity_risk_parity,2023-09-01,T,0.024138500527854156
equity_risk_parity,2023-10-02,T,0.02418737664167486
equity_risk_parity,2023-11-01,T,0.024974877023395306
equity_risk_parity,2023-12-01,T,0.02463301955450325
equity_risk_parity,2021-01-04,TMUS,0.022830612821835107
equity_risk_parity,2021-02-01,TMUS,0.02257603084323841
equity_risk_parity,2021-03-01,TMUS,0.022741405436378186
equity_risk_parity,2021-04-01,TMUS,0.023594277680533866
equity_risk_parity,2021-05-03,TMUS,0.01899092721182482
equity_risk_parity,2021-06-01,TMUS,0.02075017114624046
equity_risk_parity,2021-07-01,TMUS,0.01993378244315255
equity_risk_parity,2021-08-02,TMUS,0.019793446489065232
equity_risk_parity,2021-09-01,TMUS,0.02009145398275047
equity_risk_parity,2021-10-01,TMUS,0.02025670372652401
equity_risk_parity,2021-11-01,TMUS,0.020697205612866004
equity_risk_parity,2021-12-01,TMUS,0.01819574576659059
equity_risk_parity,2022-01-03,TMUS,0.01758984337109837
equity_risk_parity,2022-02-01,TMUS,0.01882530126829662
equity_risk_parity,2022-03-01,TMUS,0.019410627015658936
equity_risk_parity,2022-04-01,TMUS,0.020676974747374885
equity_risk_parity,2022-05-02,TMUS,0.018831249584867718
equity_risk_parity,2022-06-01,TMUS,0.018335209091418492
equity_risk_parity,2022-07-01,TMUS,0.018400281891029064
equity_risk_parity,2022-08-01,TMUS,0.018244527062153067
equity_risk_parity,2022-09-01,TMUS,0.01857331458010972
equity_risk_parity,2022-10-03,TMUS,0.018938957726097102
equity_risk_parity,2022-11-01,TMUS,0.01905691587142611
equity_risk_parity,2022-12-01,TMUS,0.02066418084736267
equity_risk_parity,2023-01-03,TMUS,0.02152852223067192
equity_risk_parity,2023-02-01,TMUS,0.022342406097706314
equity_risk_parity,2023-03-01,TMUS,0.021888961177261988
equity_risk_parity,2023-04-03,TMUS,0.02255806544431416
equity_risk_parity,2023-05-01,TMUS,0.02351718227931155
equity_risk_parity,2023-06-01,TMUS,0.02708005858727312
equity_risk_parity,2023-07-03,TMUS,0.029822083354183015
equity_risk_parity,2023-08-01,TMUS,0.030758984731602143
equity_risk_parity,2023-09-01,TMUS,0.030334447923882017
equity_risk_parity,2023-10-02,TMUS,0.03327182278348808
equity_risk_parity,2023-11-01,TMUS,0.03570163742357892
equity_risk_parity,2023-12-01,TMUS,0.03439622413158807
equity_risk_parity,2021-01-04,TTWO,0.03159606620854472
equity_risk_parity,2021-02-01,TTWO,0.031398495385864644
equity_risk_parity,2021-03-01,TTWO,0.03139258634718179
equity_risk_parity,2021-04-01,TTWO,0.037989188210643614
equity_risk_parity,2021-05-03,TTWO,0.03157946509331125
equity_risk_parity,2021-06-01,TTWO,0.029746312787110873
equity_risk_parity,2021-07-01,TTWO,0.025511319353550714
equity_risk_parity,2021-08-02,TTWO,0.02610426220806755
equity_risk_parity,2021-09-01,TTWO,0.027185358708235016
equity_risk_parity,2021-10-01,TTWO,0.02756474648376896
equity_risk_parity,2021-11-01,TTWO,0.025841670283011712
equity_risk_parity,2021-12-01,TTWO,0.023793594093335643
equity_risk_parity,2022-01-03,TTWO,0.023472360348601444
equity_risk_parity,2022-02-01,TTWO,0.022863217646185208
equity_risk_parity,2022-03-01,TTWO,0.025107099090480374
equity_risk_parity,2022-04-01,TTWO,0.022983201929688994
equity_risk_parity,2022-05-02,TTWO,0.022713552555432785
equity_risk_parity,2022-06-01,TTWO,0.01845766563778499
equity_risk_parity,2022-07-01,TTWO,0.01850671361890941
equity_risk_parity,2022-08-01,TTWO,0.018491951429502485
equity_risk_parity,2022-09-01,TTWO,0.018053910501631996
equity_risk_parity,2022-10-03,TTWO,0.017558699631669714
equity_risk_parity,2022-11-01,TTWO,0.018852788270460566
equity_risk_parity,2022-12-01,TTWO,0.018925328326751808
equity_risk_parity,2023-01-03,TTWO,0.018605665657759504
equity_risk_parity,2023-02-01,TTWO,0.01886217804823025
equity_risk_parity,2023-03-01,TTWO,0.018196978471182786
equity_risk_parity,2023-04-03,TTWO,0.01828940107373466
equity_risk_parity,2023-05-01,TTWO,0.018114352358413677
equity_risk_parity,2023-06-01,TTWO,0.019458930334383444
equity_risk_parity,2023-07-03,TTWO,0.02014493787546472
equity_risk_parity,2023-08-01,TTWO,0.019986445621631193
equity_risk_parity,2023-09-01,TTWO,0.019693335692138995
equity_risk_parity,2023-10-02,TTWO,0.02034883213713962
equity_risk_parity,2023-11-01,TTWO,0.018573482505508634
equity_risk_parity,2023-12-01,TTWO,0.017453541898146036
equity_risk_parity,2021-01-04,UPS,0.02396215927475868
equity_risk_parity,2021-02-01,UPS,0.023982872279921342
equity_risk_parity,2021-03-01,UPS,0.02461716183285224
equity_risk_parity,2021-04-01,UPS,0.020335269566413756
equity_risk_parity,2021-05-03,UPS,0.019032115949530262
equity_risk_parity,2021-06-01,UPS,0.018942818094707655
equity_risk_parity,2021-07-01,UPS,0.019949823083234095
equity_risk_parity,2021-08-02,UPS,0.019426381124539236
equity_risk_parity,2021-09-01,UPS,0.019858533268291092
equity_risk_parity,2021-10-01,UPS,0.01958653734031062
equity_risk_parity,2021-11-01,UPS,0.02162560254884945
equity_risk_parity,2021-12-01,UPS,0.02155883811615109
equity_risk_parity,2022-01-03,UPS,0.019906781686883267
equity_risk_parity,2022-02-01,UPS,0.019211993096509304
equity_risk_parity,2022-03-01,UPS,0.01796145686400638
equity_risk_parity,2022-04-01,UPS,0.0167775952736062
equity_risk_parity,2022-05-02,UPS,0.01673763093435702
equity_risk_parity,2022-06-01,UPS,0.017252393039898315
equity_risk_parity,2022-07-01,UPS,0.018763082929858472
equity_risk_parity,2022-08-01,UPS,0.01788316344269585
equity_risk_parity,2022-09-01,UPS,0.01804768407522952
equity_risk_parity,2022-10-03,UPS,0.018040608818977778
equity_risk_parity,2022-11-01,UPS,0.01897790976035745
equity_risk_parity,2022-12-01,UPS,0.01816084077735523
equity_risk_parity,2023-01-03,UPS,0.018028738227715935
equity_risk_parity,2023-02-01,UPS,0.017838320688609348
equity_risk_parity,2023-03-01,UPS,0.01849865767668631
equity_risk_parity,2023-04-03,UPS,0.019372860371320227
equity_risk_parity,2023-05-01,UPS,0.018690403424378665
equity_risk_parity,2023-06-01,UPS,0.018878913755637165
equity_risk_parity,2023-07-03,UPS,0.017490796288447952
equity_risk_parity,2023-08-01,UPS,0.017673365921123195
equity_risk_parity,2023-09-01,UPS,0.01756794281000538
equity_risk_parity,2023-10-02,UPS,0.01734874351904541
equity_risk_parity,2023-11-01,UPS,0.016051073229115666
equity_risk_parity,2023-12-01,UPS,0.016506874196291006
equity_risk_parity,2021-01-04,USB,0.014260241310441754
equity_risk_parity,2021-02-01,USB,0.014234690971647875
equity_risk_parity,2021-03-01,USB,0.014091055707297705
equity_risk_parity,2021-04-01,USB,0.012485055796787188
equity_risk_parity,2021-05-03,USB,0.012715087295957064
equity_risk_parity,2021-06-01,USB,0.013680647007227332
equity_risk_parity,2021-07-01,USB,0.014621992296129897
equity_risk_parity,2021-08-02,USB,0.014030127278288578
equity_risk_parity,2021-09-01,USB,0.013575418430086333
equity_risk_parity,2021-10-01,USB,0.013685411254374898
equity_risk_parity,2021-11-01,USB,0.014169723154540752
equity_risk_parity,2021-12-01,USB,0.014856717242401568
equity_risk_parity,2022-01-03,USB,0.014645219209885877
equity_risk_parity,2022-02-01,USB,0.01482887636896766
equity_risk_parity,2022-03-01,USB,0.015410921328405072
equity_risk_parity,2022-04-01,USB,0.013836817880809342
equity_risk_parity,2022-05-02,USB,0.014899512576571393
equity_risk_parity,2022-06-01,USB,0.01636909098310233
equity_risk_parity,2022-07-01,USB,0.01664240357113928
equity_risk_parity,2022-08-01,USB,0.017481635671841727
equity_risk_parity,2022-09-01,USB,0.017865627465367063
equity_risk_parity,2022-10-03,USB,0.018444724538642907
equity_risk_parity,2022-11-01,USB,0.018758026362213204
equity_risk_parity,2022-12-01,USB,0.018896063552815104
equity_risk_parity,2023-01-03,USB,0.01904256266891951
equity_risk_parity,2023-02-01,USB,0.01904857476430871
equity_risk_parity,2023-03-01,USB,0.01930058936185612
equity_risk_parity,2023-04-03,USB,0.01767389422431975
equity_risk_parity,2023-05-01,USB,0.017308385629221112
equity_risk_parity,2023-06-01,USB,0.015342382637525085
equity_risk_parity,2023-07-03,USB,0.014523002273663568
equity_risk_parity,2023-08-01,USB,0.014082224589745706
equity_risk_parity,2023-09-01,USB,0.013967940329728817
equity_risk_parity,2023-10-02,USB,0.013284604039434033
equity_risk_parity,2023-11-01,USB,0.011578111356320763
equity_risk_parity,2023-12-01,USB,0.010310929239787388
equity_risk_parity,2021-01-04,V,0.017395339980489866
equity_risk_parity,2021-02-01,V,0.017433913185302685
equity_risk_parity,2021-03-01,V,0.017521704804161067
equity_risk_parity,2021-04-01,V,0.016164416133274167
equity_risk_parity,2021-05-03,V,0.017453904017404345
equity_risk_parity,2021-06-01,V,0.017088227923627235
equity_risk_parity,2021-07-01,V,0.01623072477580816
equity_risk_parity,2021-08-02,V,0.016263209172222567
equity_risk_parity,2021-09-01,V,0.0159177215203948
equity_risk_parity,2021-10-01,V,0.01616663556006015
equity_risk_parity,2021-11-01,V,0.01584245634216178
equity_risk_parity,2021-12-01,V,0.01717277953819268
equity_risk_parity,2022-01-03,V,0.01636356644614449
equity_risk_parity,2022-02-01,V,0.015371508361821171
equity_risk_parity,2022-03-01,V,0.01575722541153859
equity_risk_parity,2022-04-01,V,0.015612792691853268
equity_risk_parity,2022-05-02,V,0.015602996248735705
equity_risk_parity,2022-06-01,V,0.015042807995558702
equity_risk_parity,2022-07-01,V,0.01482211136715365
equity_risk_parity,2022-08-01,V,0.0151013053630011
equity_risk_parity,2022-09-01,V,0.015143738665718531
equity_risk_parity,2022-10-03,V,0.015905487778152014
equity_risk_parity,2022-11-01,V,0.016924616188250214
equity_risk_parity,2022-12-01,V,0.016539464546331883
equity_risk_parity,2023-01-03,V,0.0170048407990821
equity_risk_parity,2023-02-01,V,0.017612121117373997
equity_risk_parity,2023-03-01,V,0.017762249395659537
equity_risk_parity,2023-04-03,V,0.018444228960570123
equity_risk_parity,2023-05-01,V,0.018898318464191863
equity_risk_parity,2023-06-01,V,0.01974783363916017
equity_risk_parity,2023-07-03,V,0.021054461688275815
equity_risk_parity,2023-08-01,V,0.02131914619002636
equity_risk_parity,2023-09-01,V,0.021683045552839036
equity_risk_parity,2023-10-02,V,0.021914786435781028
equity_risk_parity,2023-11-01,V,0.021579409248133886
equity_risk_parity,2023-12-01,V,0.024038368710238078
equity_risk_parity,2021-01-04,WFC,0.013422896151775037
equity_risk_parity,2021-02-01,WFC,0.01329404726916661
equity_risk_parity,2021-03-01,WFC,0.013069560549604585
equity_risk_parity,2021-04-01,WFC,0.012334801385177667
equity_risk_parity,2021-05-03,WFC,0.011706407941598771
equity_risk_parity,2021-06-01,WFC,0.012524684458015961
equity_risk_parity,2021-07-01,WFC,0.013450589743936129
equity_risk_parity,2021-08-02,WFC,0.013001245357634828
equity_risk_parity,2021-09-01,WFC,0.012602420473634269
equity_risk_parity,2021-10-01,WFC,0.012140616199430179
equity_risk_parity,2021-11-01,WFC,0.012715355963777637
equity_risk_parity,2021-12-01,WFC,0.012908529253627893
equity_risk_parity,2022-01-03,WFC,0.012685508778188456
equity_risk_parity,2022-02-01,WFC,0.01385761634241968
equity_risk_parity,2022-03-01,WFC,0.01431811126059996
equity_risk_parity,2022-04-01,WFC,0.012638608325342195
equity_risk_parity,2022-05-02,WFC,0.013429392791946028
equity_risk_parity,2022-06-01,WFC,0.013452787013686277
equity_risk_parity,2022-07-01,WFC,0.013715087230857003
equity_risk_parity,2022-08-01,WFC,0.01382477559890752
equity_risk_parity,2022-09-01,WFC,0.014080104309537472
equity_risk_parity,2022-10-03,WFC,0.014694854601521472
equity_risk_parity,2022-11-01,WFC,0.015064173275740006
equity_risk_parity,2022-12-01,WFC,0.01577609866604774
equity_risk_parity,2023-01-03,WFC,0.016467030355952438
equity_risk_parity,2023-02-01,WFC,0.016714604717881595
equity_risk_parity,2023-03-01,WFC,0.01686103936935123
equity_risk_parity,2023-04-03,WFC,0.016912770544993665
equity_risk_parity,2023-05-01,WFC,0.01686487502661143
equity_risk_parity,2023-06-01,WFC,0.016730555940978834
equity_risk_parity,2023-07-03,WFC,0.016921471070075265
equity_risk_parity,2023-08-01,WFC,0.0175562860215875
equity_risk_parity,2023-09-01,WFC,0.017762100622661103
equity_risk_parity,2023-10-02,WFC,0.01764676683556988
equity_risk_parity,2023-11-01,WFC,0.01682485018848051
equity_risk_parity,2023-12-01,WFC,0.015839903579375286
equity_risk_parity,2021-01-04,WMT,0.03633368249507611
equity_risk_parity,2021-02-01,WMT,0.036229616137391035
equity_risk_parity,2021-03-01,WMT,0.036271607265720096
equity_risk_parity,2021-04-01,WMT,0.04530864843711054
equity_risk_parity,2021-05-03,WMT,0.043657222207550854
equity_risk_parity,2021-06-01,WMT,0.038950518102201785
equity_risk_parity,2021-07-01,WMT,0.03029806280367939
equity_risk_parity,2021-08-02,WMT,0.028784127364454935
equity_risk_parity,2021-09-01,WMT,0.029912441739918864
equity_risk_parity,2021-10-01,WMT,0.03001394336970365
equity_risk_parity,2021-11-01,WMT,0.029653818563837628
equity_risk_parity,2021-12-01,WMT,0.029426516179282144
equity_risk_parity,2022-01-03,WMT,0.029940134791065196
equity_risk_parity,2022-02-01,WMT,0.02888063312439633
equity_risk_parity,2022-03-01,WMT,0.03264024230713144
equity_risk_parity,2022-04-01,WMT,0.034112386916749844
equity_risk_parity,2022-05-02,WMT,0.03298638837593898
equity_risk_parity,2022-06-01,WMT,0.03429731877472678
equity_risk_parity,2022-07-01,WMT,0.037156415484318334
equity_risk_parity,2022-08-01,WMT,0.0353761666059194
equity_risk_parity,2022-09-01,WMT,0.0342672480759412
equity_risk_parity,2022-10-03,WMT,0.034183014537162514
equity_risk_parity,2022-11-01,WMT,0.03363083167797825
equity_risk_parity,2022-12-01,WMT,0.03361589278572568
equity_risk_parity,2023-01-03,WMT,0.032543461321218756
equity_risk_parity,2023-02-01,WMT,0.031699672847456326
equity_risk_parity,2023-03-01,WMT,0.03115555227568953
equity_risk_parity,2023-04-03,WMT,0.031647161479959725
equity_risk_parity,2023-05-01,WMT,0.03246677870636144
equity_risk_parity,2023-06-01,WMT,0.03183794794034728
equity_risk_parity,2023-07-03,WMT,0.03048658645565308
equity_risk_parity,2023-08-01,WMT,0.031053953869482724
equity_risk_parity,2023-09-01,WMT,0.032367815446370025
equity_risk_parity,2023-10-02,WMT,0.032436145076961416
equity_risk_parity,2023-11-01,WMT,0.034286059072923945
equity_risk_parity,2023-12-01,WMT,0.0380524389976652
equity_risk_parity,2021-01-04,XOM,0.016498490731709226
equity_risk_parity,2021-02-01,XOM,0.016467541739215108
equity_risk_parity,2021-03-01,XOM,0.016540385498556978
equity_risk_parity,2021-04-01,XOM,0.013787739029000134
equity_risk_parity,2021-05-03,XOM,0.012110209673559552
equity_risk_parity,2021-06-01,XOM,0.01257310582294796
equity_risk_parity,2021-07-01,XOM,0.013135140504055893
equity_risk_parity,2021-08-02,XOM,0.013161456198849652
equity_risk_parity,2021-09-01,XOM,0.012944608812217569
equity_risk_parity,2021-10-01,XOM,0.01182193250303982
equity_risk_parity,2021-11-01,XOM,0.012009617452950034
equity_risk_parity,2021-12-01,XOM,0.013274780553700677
equity_risk_parity,2022-01-03,XOM,0.013956124534552642
equity_risk_parity,2022-02-01,XOM,0.014556531924660023
equity_risk_parity,2022-03-01,XOM,0.01603892005167036
equity_risk_parity,2022-04-01,XOM,0.018253980488915602
equity_risk_parity,2022-05-02,XOM,0.018608975446248715
equity_risk_parity,2022-06-01,XOM,0.017692294396328478
equity_risk_parity,2022-07-01,XOM,0.017658658299207475
equity_risk_parity,2022-08-01,XOM,0.017697200582463345
equity_risk_parity,2022-09-01,XOM,0.01861476911147539
equity_risk_parity,2022-10-03,XOM,0.019352726675216873
equity_risk_parity,2022-11-01,XOM,0.020084727399663115
equity_risk_parity,2022-12-01,XOM,0.020944740557905673
equity_risk_parity,2023-01-03,XOM,0.020614139939882745
equity_risk_parity,2023-02-01,XOM,0.020722789362639285
equity_risk_parity,2023-03-01,XOM,0.02062873599150596
equity_risk_parity,2023-04-03,XOM,0.019436142446684717
equity_risk_parity,2023-05-01,XOM,0.019284427591585773
equity_risk_parity,2023-06-01,XOM,0.019432362609613108
equity_risk_parity,2023-07-03,XOM,0.01950339629006518
equity_risk_parity,2023-08-01,XOM,0.01975034506194575
equity_risk_parity,2023-09-01,XOM,0.01962346686397409
equity_risk_parity,2023-10-02,XOM,0.019766237527552754
equity_risk_parity,2023-11-01,XOM,0.01984516103892147
equity_risk_parity,2023-12-01,XOM,0.020117419699884526
equity_hrp,2021-01-04,ABBV,0.02801899913817849
equity_hrp,2021-02-01,ABBV,0.029434350193890662
equity_hrp,2021-03-01,ABBV,0.046641623262247064
equity_hrp,2021-04-01,ABBV,0.04567056542991992
equity_hrp,2021-05-03,ABBV,0.04303033168363496
equity_hrp,2021-06-01,ABBV,0.02731837979498527
equity_hrp,2021-07-01,ABBV,0.032035086534249836
equity_hrp,2021-08-02,ABBV,0.024060633813491918
equity_hrp,2021-09-01,ABBV,0.0324596109102331
equity_hrp,2021-10-01,ABBV,0.019303272417070843
equity_hrp,2021-11-01,ABBV,0.031968925988448665
equity_hrp,2021-12-01,ABBV,0.025914444464614234
equity_hrp,2022-01-03,ABBV,0.034370565124405866
equity_hrp,2022-02-01,ABBV,0.03619486760683238
equity_hrp,2022-03-01,ABBV,0.03979441729521296
equity_hrp,2022-04-01,ABBV,0.0303886705316564
equity_hrp,2022-05-02,ABBV,0.04173792671049594
equity_hrp,2022-06-01,ABBV,0.04745819144511353
equity_hrp,2022-07-01,ABBV,0.036312824522239065
equity_hrp,2022-08-01,ABBV,0.03235226204850334
equity_hrp,2022-09-01,ABBV,0.05099711162948359
equity_hrp,2022-10-03,ABBV,0.04520321229826504
equity_hrp,2022-11-01,ABBV,0.05211357181452451
equity_hrp,2022-12-01,ABBV,0.04744743494199808
equity_hrp,2023-01-03,ABBV,0.03738126633259458
equity_hrp,2023-02-01,ABBV,0.0546565526505443
equity_hrp,2023-03-01,ABBV,0.04901287093560856
equity_hrp,2023-04-03,ABBV,0.04737818733280272
equity_hrp,2023-05-01,ABBV,0.057631952490422134
equity_hrp,2023-06-01,ABBV,0.053930306521855376
equity_hrp,2023-07-03,ABBV,0.033547964683147254
equity_hrp,2023-08-01,ABBV,0.04359711460802667
equity_hrp,2023-09-01,ABBV,0.056490674542724995
equity_hrp,2023-10-02,ABBV,0.03884151127407697
equity_hrp,2023-11-01,ABBV,0.03526597766846103
equity_hrp,2023-12-01,ABBV,0.04231776804880807
equity_hrp,2021-01-04,ABT,0.038138006763160884
equity_hrp,2021-02-01,ABT,0.03233365676956214
equity_hrp,2021-03-01,ABT,0.023190686343144615
equity_hrp,2021-04-01,ABT,0.02727038784258747
equity_hrp,2021-05-03,ABT,0.0334781869063571
equity_hrp,2021-06-01,ABT,0.033391002703271874
equity_hrp,2021-07-01,ABT,0.029795618199495284
equity_hrp,2021-08-02,ABT,0.03426584926592689
equity_hrp,2021-09-01,ABT,0.027433079829243395
equity_hrp,2021-10-01,ABT,0.032021582818853464
equity_hrp,2021-11-01,ABT,0.03149690942485222
equity_hrp,2021-12-01,ABT,0.033235423973562654
equity_hrp,2022-01-03,ABT,0.034317813614854954
equity_hrp,2022-02-01,ABT,0.029474289403782133
equity_hrp,2022-03-01,ABT,0.03216315225644817
equity_hrp,2022-04-01,ABT,0.030859100690129534
equity_hrp,2022-05-02,ABT,0.02616501523166968
equity_hrp,2022-06-01,ABT,0.029086523891450215
equity_hrp,2022-07-01,ABT,0.01749201739912198
equity_hrp,2022-08-01,ABT,0.020709180712171996
equity_hrp,2022-09-01,ABT,0.018297272313611414
equity_hrp,2022-10-03,ABT,0.01805744506672864
equity_hrp,2022-11-01,ABT,0.029895149221824947
equity_hrp,2022-12-01,ABT,0.015951387528370962
equity_hrp,2023-01-03,ABT,0.03161903712591319
equity_hrp,2023-02-01,ABT,0.020575234203613627
equity_hrp,2023-03-01,ABT,0.028393060574519877
equity_hrp,2023-04-03,ABT,0.020882124503727915
equity_hrp,2023-05-01,ABT,0.020047083992592394
equity_hrp,2023-06-01,ABT,0.027118225483148323
equity_hrp,2023-07-03,ABT,0.03782811687420791
equity_hrp,2023-08-01,ABT,0.03413738813141665
equity_hrp,2023-09-01,ABT,0.02556726918952815
equity_hrp,2023-10-02,ABT,0.03008701084972378
equity_hrp,2023-11-01,ABT,0.0336653907275752
equity_hrp,2023-12-01,ABT,0.03599547090457978
equity_hrp,2021-01-04,ADBE,0.014205553053360973
equity_hrp,2021-02-01,ADBE,0.012702318349473541
equity_hrp,2021-03-01,ADBE,0.012929932605397987
equity_hrp,2021-04-01,ADBE,0.014966030515347473
equity_hrp,2021-05-03,ADBE,0.019094564440805976
equity_hrp,2021-06-01,ADBE,0.010932914697793622
equity_hrp,2021-07-01,ADBE,0.022155974869280913
equity_hrp,2021-08-02,ADBE,0.010686271372998699
equity_hrp,2021-09-01,ADBE,0.012176039460267268
equity_hrp,2021-10-01,ADBE,0.011709535454976243
equity_hrp,2021-11-01,ADBE,0.012779801818457474
equity_hrp,2021-12-01,ADBE,0.022987065346654897
equity_hrp,2022-01-03,ADBE,0.010123175405190117
equity_hrp,2022-02-01,ADBE,0.00889024523937917
equity_hrp,2022-03-01,ADBE,0.013029537672378324
equity_hrp,2022-04-01,ADBE,0.009234443378550257
equity_hrp,2022-05-02,ADBE,0.00827494220299072
equity_hrp,2022-06-01,ADBE,0.006830921672886767
equity_hrp,2022-07-01,ADBE,0.007385084067801884
equity_hrp,2022-08-01,ADBE,0.005909618756564353
equity_hrp,2022-09-01,ADBE,0.004293451655491778
equity_hrp,2022-10-03,ADBE,0.00666989684052062
equity_hrp,2022-11-01,ADBE,0.009725096080177669
equity_hrp,2022-12-01,ADBE,0.006130207340236661
equity_hrp,2023-01-03,ADBE,0.009030927313267458
equity_hrp,2023-02-01,ADBE,0.009908213389775449
equity_hrp,2023-03-01,ADBE,0.008198951705453851
equity_hrp,2023-04-03,ADBE,0.007914248092733205
equity_hrp,2023-05-01,ADBE,0.007539723399077009
equity_hrp,2023-06-01,ADBE,0.010312728230658968
equity_hrp,2023-07-03,ADBE,0.011169063372349448
equity_hrp,2023-08-01,ADBE,0.007733749838217265
equity_hrp,2023-09-01,ADBE,0.007627454387863238
equity_hrp,2023-10-02,ADBE,0.00839033409374031
equity_hrp,2023-11-01,ADBE,0.012508227477006261
equity_hrp,2023-12-01,ADBE,0.0188370705072349
equity_hrp,2021-01-04,AEP,0.01742268940377666
equity_hrp,2021-02-01,AEP,0.020022377555239817
equity_hrp,2021-03-01,AEP,0.018782084323910157
equity_hrp,2021-04-01,AEP,0.017133021830137353
equity_hrp,2021-05-03,AEP,0.02875041707819221
equity_hrp,2021-06-01,AEP,0.023148194652986006
equity_hrp,2021-07-01,AEP,0.02208780377589834
equity_hrp,2021-08-02,AEP,0.041831734756625924
equity_hrp,2021-09-01,AEP,0.029440879520056265
equity_hrp,2021-10-01,AEP,0.024160629532683577
equity_hrp,2021-11-01,AEP,0.028286503116078308
equity_hrp,2021-12-01,AEP,0.021843272256167407
equity_hrp,2022-01-03,AEP,0.023647523467279184
equity_hrp,2022-02-01,AEP,0.022300698583916152
equity_hrp,2022-03-01,AEP,0.02119542427628221
equity_hrp,2022-04-01,AEP,0.02328264780200307
equity_hrp,2022-05-02,AEP,0.019673326730967614
equity_hrp,2022-06-01,AEP,0.03253905684593608
equity_hrp,2022-07-01,AEP,0.0209952174071195
equity_hrp,2022-08-01,AEP,0.022250811091582813
equity_hrp,2022-09-01,AEP,0.031757983723228286
equity_hrp,2022-10-03,AEP,0.019149679220049017
equity_hrp,2022-11-01,AEP,0.03158354715734774
equity_hrp,2022-12-01,AEP,0.020113939332623093
equity_hrp,2023-01-03,AEP,0.021205146898220097
equity_hrp,2023-02-01,AEP,0.025295069820242558
equity_hrp,2023-03-01,AEP,0.03365442898121723
equity_hrp,2023-04-03,AEP,0.015224972024160394
equity_hrp,2023-05-01,AEP,0.018336225922723826
equity_hrp,2023-06-01,AEP,0.016496536625188622
equity_hrp,2023-07-03,AEP,0.024983937463559855
equity_hrp,2023-08-01,AEP,0.013712500867223445
equity_hrp,2023-09-01,AEP,0.01715809961954713
equity_hrp,2023-10-02,AEP,0.01231050611235602
equity_hrp,2023-11-01,AEP,0.012698932014549205
equity_hrp,2023-12-01,AEP,0.015462222605763874
equity_hrp,2021-01-04,AMD,0.009370448932850425
equity_hrp,2021-02-01,AMD,0.01708239158028994
equity_hrp,2021-03-01,AMD,0.009292859564667277
equity_hrp,2021-04-01,AMD,0.007373132443562468
equity_hrp,2021-05-03,AMD,0.007127958336307636
equity_hrp,2021-06-01,AMD,0.008418456284524803
equity_hrp,2021-07-01,AMD,0.0059644381856259745
equity_hrp,2021-08-02,AMD,0.00999155675077764
equity_hrp,2021-09-01,AMD,0.009975557725086645
equity_hrp,2021-10-01,AMD,0.005685555527900315
equity_hrp,2021-11-01,AMD,0.007643428152208097
equity_hrp,2021-12-01,AMD,0.005260222958238753
equity_hrp,2022-01-03,AMD,0.008215875064845555
equity_hrp,2022-02-01,AMD,0.006213291634022539
equity_hrp,2022-03-01,AMD,0.003633494245711923
equity_hrp,2022-04-01,AMD,0.002580070665981669
equity_hrp,2022-05-02,AMD,0.002697563956301756
equity_hrp,2022-06-01,AMD,0.006091134502969075
equity_hrp,2022-07-01,AMD,0.006151962075313047
equity_hrp,2022-08-01,AMD,0.0064821353745782555
equity_hrp,2022-09-01,AMD,0.0018548470055644575
equity_hrp,2022-10-03,AMD,0.006958805110991805
equity_hrp,2022-11-01,AMD,0.003059036756412799
equity_hrp,2022-12-01,AMD,0.0029971239323731236
equity_hrp,2023-01-03,AMD,0.0031548348638960255
equity_hrp,2023-02-01,AMD,0.005484958779844522
equity_hrp,2023-03-01,AMD,0.0025070984861535798
equity_hrp,2023-04-03,AMD,0.007133658130458755
equity_hrp,2023-05-01,AMD,0.007189301488338031
equity_hrp,2023-06-01,AMD,0.006420836244970093
equity_hrp,2023-07-03,AMD,0.003480663690327361
equity_hrp,2023-08-01,AMD,0.004079099954603078
equity_hrp,2023-09-01,AMD,0.003597192963890436
equity_hrp,2023-10-02,AMD,0.005237857589449133
equity_hrp,2023-11-01,AMD,0.00359843916878551
equity_hrp,2023-12-01,AMD,0.00517640011124896
equity_hrp,2021-01-04,AMGN,0.026387817643082477
equity_hrp,2021-02-01,AMGN,0.02423797119251009
equity_hrp,2021-03-01,AMGN,0.025771026331985105
equity_hrp,2021-04-01,AMGN,0.03208225085485885
equity_hrp,2021-05-03,AMGN,0.024449485538073717
equity_hrp,2021-06-01,AMGN,0.034912831928358326
equity_hrp,2021-07-01,AMGN,0.02090222410752617
equity_hrp,2021-08-02,AMGN,0.033996254869446185
equity_hrp,2021-09-01,AMGN,0.01969489444175887
equity_hrp,2021-10-01,AMGN,0.029577409364992945
equity_hrp,2021-11-01,AMGN,0.023145142824874194
equity_hrp,2021-12-01,AMGN,0.026874266005003252
equity_hrp,2022-01-03,AMGN,0.02348099653354396
equity_hrp,2022-02-01,AMGN,0.023063074255583026
equity_hrp,2022-03-01,AMGN,0.030097459367217742
equity_hrp,2022-04-01,AMGN,0.018592555117384505
equity_hrp,2022-05-02,AMGN,0.02763655797380697
equity_hrp,2022-06-01,AMGN,0.04366202842813364
equity_hrp,2022-07-01,AMGN,0.03141907781343496
equity_hrp,2022-08-01,AMGN,0.03191162313966579
equity_hrp,2022-09-01,AMGN,0.04244993406589286
equity_hrp,2022-10-03,AMGN,0.0531232048153848
equity_hrp,2022-11-01,AMGN,0.03853584606886627
equity_hrp,2022-12-01,AMGN,0.061566303516021284
equity_hrp,2023-01-03,AMGN,0.038896545252068565
equity_hrp,2023-02-01,AMGN,0.041284396577591934
equity_hrp,2023-03-01,AMGN,0.05065412944098955
equity_hrp,2023-04-03,AMGN,0.036146125624725634
equity_hrp,2023-05-01,AMGN,0.035499465746338235
equity_hrp,2023-06-01,AMGN,0.031021921295525237
equity_hrp,2023-07-03,AMGN,0.028650647483813328
equity_hrp,2023-08-01,AMGN,0.031265453214569354
equity_hrp,2023-09-01,AMGN,0.023410205275499064
equity_hrp,2023-10-02,AMGN,0.037022956938334024
equity_hrp,2023-11-01,AMGN,0.02702451659094671
equity_hrp,2023-12-01,AMGN,0.03393576290563969
equity_hrp,2021-01-04,AMT,0.025851792626069584
equity_hrp,2021-02-01,AMT,0.019129485595570206
equity_hrp,2021-03-01,AMT,0.01842398090367011
equity_hrp,2021-04-01,AMT,0.018891716710903995
equity_hrp,2021-05-03,AMT,0.01919921789918038
equity_hrp,2021-06-01,AMT,0.018271061564524484
equity_hrp,2021-07-01,AMT,0.01586503349129045
equity_hrp,2021-08-02,AMT,0.016582563285341002
equity_hrp,2021-09-01,AMT,0.016605517639888948
equity_hrp,2021-10-01,AMT,0.020511549169768384
equity_hrp,2021-11-01,AMT,0.019437804952677985
equity_hrp,2021-12-01,AMT,0.027973772584283182
equity_hrp,2022-01-03,AMT,0.014707798137185885
equity_hrp,2022-02-01,AMT,0.017331899422991567
equity_hrp,2022-03-01,AMT,0.025643070289701017
equity_hrp,2022-04-01,AMT,0.021428649624467232
equity_hrp,2022-05-02,AMT,0.014061472794562787
equity_hrp,2022-06-01,AMT,0.014027067162562343
equity_hrp,2022-07-01,AMT,0.014223679924945148
equity_hrp,2022-08-01,AMT,0.023882504901014102
equity_hrp,2022-09-01,AMT,0.010515896427704164
equity_hrp,2022-10-03,AMT,0.010104866058348426
equity_hrp,2022-11-01,AMT,0.009771890216739318
equity_hrp,2022-12-01,AMT,0.009114164365317022
equity_hrp,2023-01-03,AMT,0.01348667898667219
equity_hrp,2023-02-01,AMT,0.010330077400421966
equity_hrp,2023-03-01,AMT,0.011421685565482221
equity_hrp,2023-04-03,AMT,0.01873956643041298
equity_hrp,2023-05-01,AMT,0.020278482720842275
equity_hrp,2023-06-01,AMT,0.009946165062140449
equity_hrp,2023-07-03,AMT,0.010956521309114104
equity_hrp,2023-08-01,AMT,0.014228612858190647
equity_hrp,2023-09-01,AMT,0.01772301777924032
equity_hrp,2023-10-02,AMT,0.012160430113581585
equity_hrp,2023-11-01,AMT,0.009699293897762187
equity_hrp,2023-12-01,AMT,0.008265270007430657
equity_hrp,2021-01-04,BA,0.008233980759234408
equity_hrp,2021-02-01,BA,0.00870529248368361
equity_hrp,2021-03-01,BA,0.008273305716266095
equity_hrp,2021-04-01,BA,0.003354043990317049
equity_hrp,2021-05-03,BA,0.005532737965547739
equity_hrp,2021-06-01,BA,0.002601471519257484
equity_hrp,2021-07-01,BA,0.0060149772393616775
equity_hrp,2021-08-02,BA,0.0067426595921347785
equity_hrp,2021-09-01,BA,0.006606873103781879
equity_hrp,2021-10-01,BA,0.005898740235736712
equity_hrp,2021-11-01,BA,0.00586114355733201
equity_hrp,2021-12-01,BA,0.010942036040204694
equity_hrp,2022-01-03,BA,0.008467582967636859
equity_hrp,2022-02-01,BA,0.00573326173477724
equity_hrp,2022-03-01,BA,0.011298318428321318
equity_hrp,2022-04-01,BA,0.00443687076655286
equity_hrp,2022-05-02,BA,0.0056203751488319255
equity_hrp,2022-06-01,BA,0.006506943881109931
equity_hrp,2022-07-01,BA,0.006452121202033539
equity_hrp,2022-08-01,BA,0.009001911994673862
equity_hrp,2022-09-01,BA,0.00719182886996211
equity_hrp,2022-10-03,BA,0.004242345680737345
equity_hrp,2022-11-01,BA,0.006313825767150633
equity_hrp,2022-12-01,BA,0.006136570219564151
equity_hrp,2023-01-03,BA,0.01038578229402325
equity_hrp,2023-02-01,BA,0.005864194180857654
equity_hrp,2023-03-01,BA,0.00846982727296512
equity_hrp,2023-04-03,BA,0.008398885201870562
equity_hrp,2023-05-01,BA,0.009785209028441922
equity_hrp,2023-06-01,BA,0.0102598578506005
equity_hrp,2023-07-03,BA,0.011751175738232054
equity_hrp,2023-08-01,BA,0.014427761723751962
equity_hrp,2023-09-01,BA,0.012568243543587898
equity_hrp,2023-10-02,BA,0.015991759020549882
equity_hrp,2023-11-01,BA,0.01739526121117026
equity_hrp,2023-12-01,BA,0.01907532095867201
equity_hrp,2021-01-04,CAT,0.01454912418617237
equity_hrp,2021-02-01,CAT,0.013352395706384699
equity_hrp,2021-03-01,CAT,0.013942629843255524
equity_hrp,2021-04-01,CAT,0.009795979676540324
equity_hrp,2021-05-03,CAT,0.008169144875219353
equity_hrp,2021-06-01,CAT,0.008261160003822463
equity_hrp,2021-07-01,CAT,0.010285076685673734
equity_hrp,2021-08-02,CAT,0.010402514375696047
equity_hrp,2021-09-01,CAT,0.008331475334159172
equity_hrp,2021-10-01,CAT,0.007980497220359567
equity_hrp,2021-11-01,CAT,0.009152263162783586
equity_hrp,2021-12-01,CAT,0.008213398126427135
equity_hrp,2022-01-03,CAT,0.00826528098486301
equity_hrp,2022-02-01,CAT,0.016666898862349015
equity_hrp,2022-03-01,CAT,0.019046110775786957
equity_hrp,2022-04-01,CAT,0.011856428331289647
equity_hrp,2022-05-02,CAT,0.011504224856272104
equity_hrp,2022-06-01,CAT,0.009083891707954476
equity_hrp,2022-07-01,CAT,0.012647517609998079
equity_hrp,2022-08-01,CAT,0.011508260714879173
equity_hrp,2022-09-01,CAT,0.012268669308459238
equity_hrp,2022-10-03,CAT,0.01044390148253626
equity_hrp,2022-11-01,CAT,0.012660750875515596
equity_hrp,2022-12-01,CAT,0.020127311165477654
equity_hrp,2023-01-03,CAT,0.01260049911093554
equity_hrp,2023-02-01,CAT,0.012876610303116844
equity_hrp,2023-03-01,CAT,0.023145886461596044
equity_hrp,2023-04-03,CAT,0.012155362271556561
equity_hrp,2023-05-01,CAT,0.010385199281353305
equity_hrp,2023-06-01,CAT,0.012248304937450489
equity_hrp,2023-07-03,CAT,0.018691868436039472
equity_hrp,2023-08-01,CAT,0.0111851400667953
equity_hrp,2023-09-01,CAT,0.009085158846483449
equity_hrp,2023-10-02,CAT,0.010359853113608422
equity_hrp,2023-11-01,CAT,0.02303579421823631
equity_hrp,2023-12-01,CAT,0.01020545807852207
equity_hrp,2021-01-04,CCI,0.017178974302036843
equity_hrp,2021-02-01,CCI,0.017940933472581792
equity_hrp,2021-03-01,CCI,0.019465836443528974
equity_hrp,2021-04-01,CCI,0.020724450963045298
equity_hrp,2021-05-03,CCI,0.025145415566674163
equity_hrp,2021-06-01,CCI,0.035216306969738716
equity_hrp,2021-07-01,CCI,0.01762018820791585
equity_hrp,2021-08-02,CCI,0.017688873951629873
equity_hrp,2021-09-01,CCI,0.018055575137176504
equity_hrp,2021-10-01,CCI,0.030932675890900936
equity_hrp,2021-11-01,CCI,0.03215789703083037
equity_hrp,2021-12-01,CCI,0.02130800784208666
equity_hrp,2022-01-03,CCI,0.017798739120260008
equity_hrp,2022-02-01,CCI,0.029097502004765626
equity_hrp,2022-03-01,CCI,0.019183592011432483
equity_hrp,2022-04-01,CCI,0.02326979597667653
equity_hrp,2022-05-02,CCI,0.013207616540791034
equity_hrp,2022-06-01,CCI,0.014138812061751705
equity_hrp,2022-07-01,CCI,0.021733693275982367
equity_hrp,2022-08-01,CCI,0.015155671412529659
equity_hrp,2022-09-01,CCI,0.011147222605890496
equity_hrp,2022-10-03,CCI,0.010657318449188902
equity_hrp,2022-11-01,CCI,0.010610281717445208
equity_hrp,2022-12-01,CCI,0.00991458212460006
equity_hrp,2023-01-03,CCI,0.012399029693221285
equity_hrp,2023-02-01,CCI,0.011504887808607027
equity_hrp,2023-03-01,CCI,0.012752472995234835
equity_hrp,2023-04-03,CCI,0.012306954861154146
equity_hrp,2023-05-01,CCI,0.012854773351611686
equity_hrp,2023-06-01,CCI,0.010257642740478218
equity_hrp,2023-07-03,CCI,0.01928597202806851
equity_hrp,2023-08-01,CCI,0.01745410487544169
equity_hrp,2023-09-01,CCI,0.011119001318069855
equity_hrp,2023-10-02,CCI,0.018771218012494213
equity_hrp,2023-11-01,CCI,0.009272311457432746
equity_hrp,2023-12-01,CCI,0.007809234085859471
equity_hrp,2021-01-04,CMCSA,0.02143999471577562
equity_hrp,2021-02-01,CMCSA,0.024578062656777422
equity_hrp,2021-03-01,CMCSA,0.021048067180873074
equity_hrp,2021-04-01,CMCSA,0.016343053008076903
equity_hrp,2021-05-03,CMCSA,0.01562778025960575
equity_hrp,2021-06-01,CMCSA,0.029355691996348743
equity_hrp,2021-07-01,CMCSA,0.018257068436402117
equity_hrp,2021-08-02,CMCSA,0.019996339561221318
equity_hrp,2021-09-01,CMCSA,0.020890310201321514
equity_hrp,2021-10-01,CMCSA,0.018882451996473353
equity_hrp,2021-11-01,CMCSA,0.014582577339743249
equity_hrp,2021-12-01,CMCSA,0.01619359014870739
equity_hrp,2022-01-03,CMCSA,0.017779993137025534
equity_hrp,2022-02-01,CMCSA,0.024397221303708836
equity_hrp,2022-03-01,CMCSA,0.019497629491456513
equity_hrp,2022-04-01,CMCSA,0.030706725418758903
equity_hrp,2022-05-02,CMCSA,0.014939956548216081
equity_hrp,2022-06-01,CMCSA,0.020951415853483823
equity_hrp,2022-07-01,CMCSA,0.02830516481657001
equity_hrp,2022-08-01,CMCSA,0.021319241292708548
equity_hrp,2022-09-01,CMCSA,0.02076462042688323
equity_hrp,2022-10-03,CMCSA,0.019193537348113073
equity_hrp,2022-11-01,CMCSA,0.02317837606605704
equity_hrp,2022-12-01,CMCSA,0.01777337885256448
equity_hrp,2023-01-03,CMCSA,0.019510662619791765
equity_hrp,2023-02-01,CMCSA,0.021613443204325556
equity_hrp,2023-03-01,CMCSA,0.03252840059328779
equity_hrp,2023-04-03,CMCSA,0.023721052085441743
equity_hrp,2023-05-01,CMCSA,0.01817586486459262
equity_hrp,2023-06-01,CMCSA,0.01710873793547442
equity_hrp,2023-07-03,CMCSA,0.016744788153952417
equity_hrp,2023-08-01,CMCSA,0.012240436823288103
equity_hrp,2023-09-01,CMCSA,0.02148742276673246
equity_hrp,2023-10-02,CMCSA,0.0278232214522944
equity_hrp,2023-11-01,CMCSA,0.021716565502792533
equity_hrp,2023-12-01,CMCSA,0.017618661918334062
equity_hrp,2021-01-04,COP,0.009250339358962205
equity_hrp,2021-02-01,COP,0.009749698803952558
equity_hrp,2021-03-01,COP,0.012044061539275161
equity_hrp,2021-04-01,COP,0.003874354552414656
equity_hrp,2021-05-03,COP,0.003939214962403644
equity_hrp,2021-06-01,COP,0.003100940174632092
equity_hrp,2021-07-01,COP,0.005282151553492348
equity_hrp,2021-08-02,COP,0.005301365650771154
equity_hrp,2021-09-01,COP,0.002870180994155966
equity_hrp,2021-10-01,COP,0.0049474471795636545
equity_hrp,2021-11-01,COP,0.004731611389818306
equity_hrp,2021-12-01,COP,0.0031295761837536623
equity_hrp,2022-01-03,COP,0.0036264263385704758
equity_hrp,2022-02-01,COP,0.008869191115861614
equity_hrp,2022-03-01,COP,0.0040634471664659525
equity_hrp,2022-04-01,COP,0.005709488159706866
equity_hrp,2022-05-02,COP,0.007383576521301908
equity_hrp,2022-06-01,COP,0.005759339047937019
equity_hrp,2022-07-01,COP,0.007123021042059771
equity_hrp,2022-08-01,COP,0.006363048478014864
equity_hrp,2022-09-01,COP,0.010911773881305237
equity_hrp,2022-10-03,COP,0.007945042481386281
equity_hrp,2022-11-01,COP,0.007264366089685982
equity_hrp,2022-12-01,COP,0.011676681784037964
equity_hrp,2023-01-03,COP,0.0119998474901216
equity_hrp,2023-02-01,COP,0.006841549372306127
equity_hrp,2023-03-01,COP,0.007869785727479383
equity_hrp,2023-04-03,COP,0.01128391833139864
equity_hrp,2023-05-01,COP,0.01108127056316477
equity_hrp,2023-06-01,COP,0.012500664533565806
equity_hrp,2023-07-03,COP,0.007120584884022646
equity_hrp,2023-08-01,COP,0.014044359150791155
equity_hrp,2023-09-01,COP,0.006907357334924602
equity_hrp,2023-10-02,COP,0.008167295164258324
equity_hrp,2023-11-01,COP,0.007898284494202431
equity_hrp,2023-12-01,COP,0.0066534030703038136
equity_hrp,2021-01-04,CVX,0.007852702776635474
equity_hrp,2021-02-01,CVX,0.007902824193386308
equity_hrp,2021-03-01,CVX,0.012051808112830686
equity_hrp,2021-04-01,CVX,0.0066608729662042815
equity_hrp,2021-05-03,CVX,0.00981254656748451
equity_hrp,2021-06-01,CVX,0.005625483925806204
equity_hrp,2021-07-01,CVX,0.005077741310544885
equity_hrp,2021-08-02,CVX,0.005283772778080148
equity_hrp,2021-09-01,CVX,0.010206743601758632
equity_hrp,2021-10-01,CVX,0.0050017717928060364
equity_hrp,2021-11-01,CVX,0.004610094752536448
equity_hrp,2021-12-01,CVX,0.006864213840252727
equity_hrp,2022-01-03,CVX,0.014150613753444034
equity_hrp,2022-02-01,CVX,0.010241670835613352
equity_hrp,2022-03-01,CVX,0.008325795662591631
equity_hrp,2022-04-01,CVX,0.01660142720005019
equity_hrp,2022-05-02,CVX,0.01312883184697266
equity_hrp,2022-06-01,CVX,0.01030085873164239
equity_hrp,2022-07-01,CVX,0.02399105704752048
equity_hrp,2022-08-01,CVX,0.01130021909161028
equity_hrp,2022-09-01,CVX,0.012155551673251119
equity_hrp,2022-10-03,CVX,0.013876710179351777
equity_hrp,2022-11-01,CVX,0.012398085312188611
equity_hrp,2022-12-01,CVX,0.010708869401785306
equity_hrp,2023-01-03,CVX,0.010828551627001382
equity_hrp,2023-02-01,CVX,0.010974219145323472
equity_hrp,2023-03-01,CVX,0.01943318553743841
equity_hrp,2023-04-03,CVX,0.010636978848815516
equity_hrp,2023-05-01,CVX,0.01074214345987344
equity_hrp,2023-06-01,CVX,0.01187687526578067
equity_hrp,2023-07-03,CVX,0.01431422701045788
equity_hrp,2023-08-01,CVX,0.012205728605972826
equity_hrp,2023-09-01,CVX,0.012257113991817059
equity_hrp,2023-10-02,CVX,0.01645362965622584
equity_hrp,2023-11-01,CVX,0.018799703934124303
equity_hrp,2023-12-01,CVX,0.018597548085594107
equity_hrp,2021-01-04,D,0.012359670535902898
equity_hrp,2021-02-01,D,0.022450239423863007
equity_hrp,2021-03-01,D,0.022653863332186518
equity_hrp,2021-04-01,D,0.03332508094485367
equity_hrp,2021-05-03,D,0.028490814974827916
equity_hrp,2021-06-01,D,0.03087190119168431
equity_hrp,2021-07-01,D,0.03305192034778608
equity_hrp,2021-08-02,D,0.02511518722303602
equity_hrp,2021-09-01,D,0.027837134990511103
equity_hrp,2021-10-01,D,0.03561422854435104
equity_hrp,2021-11-01,D,0.03770660725445065
equity_hrp,2021-12-01,D,0.017297622035095307
equity_hrp,2022-01-03,D,0.018603754075579553
equity_hrp,2022-02-01,D,0.017179409360761545
equity_hrp,2022-03-01,D,0.016386768370612363
equity_hrp,2022-04-01,D,0.01832795718724571
equity_hrp,2022-05-02,D,0.02877711472342469
equity_hrp,2022-06-01,D,0.028499381201594672
equity_hrp,2022-07-01,D,0.03539995466658276
equity_hrp,2022-08-01,D,0.03934072792107686
equity_hrp,2022-09-01,D,0.05661545307912961
equity_hrp,2022-10-03,D,0.03627045261689557
equity_hrp,2022-11-01,D,0.023018109476465678
equity_hrp,2022-12-01,D,0.01892603291967284
equity_hrp,2023-01-03,D,0.03900500943533688
equity_hrp,2023-02-01,D,0.02523154343016281
equity_hrp,2023-03-01,D,0.024315861511011228
equity_hrp,2023-04-03,D,0.02724986914409658
equity_hrp,2023-05-01,D,0.03310139390819989
equity_hrp,2023-06-01,D,0.029098275698225325
equity_hrp,2023-07-03,D,0.01368141340700103
equity_hrp,2023-08-01,D,0.022229773531965483
equity_hrp,2023-09-01,D,0.013789803421561816
equity_hrp,2023-10-02,D,0.010414704118631914
equity_hrp,2023-11-01,D,0.01830141406651304
equity_hrp,2023-12-01,D,0.011946906159190897
equity_hrp,2021-01-04,DD,0.012574890973656
equity_hrp,2021-02-01,DD,0.013084807075414122
equity_hrp,2021-03-01,DD,0.010614707497213473
equity_hrp,2021-04-01,DD,0.008218442687090731
equity_hrp,2021-05-03,DD,0.01132741364453547
equity_hrp,2021-06-01,DD,0.007671851661636964
equity_hrp,2021-07-01,DD,0.014869838840253648
equity_hrp,2021-08-02,DD,0.01502513089288547
equity_hrp,2021-09-01,DD,0.007234730796238828
equity_hrp,2021-10-01,DD,0.01186464099776821
equity_hrp,2021-11-01,DD,0.013240491960388227
equity_hrp,2021-12-01,DD,0.006605519097446059
equity_hrp,2022-01-03,DD,0.011597789082792211
equity_hrp,2022-02-01,DD,0.009767914176282123
equity_hrp,2022-03-01,DD,0.010497920263111298
equity_hrp,2022-04-01,DD,0.00984156218070574
equity_hrp,2022-05-02,DD,0.010160224634406854
equity_hrp,2022-06-01,DD,0.008520246151135249
equity_hrp,2022-07-01,DD,0.018040716163093898
equity_hrp,2022-08-01,DD,0.01722833014893186
equity_hrp,2022-09-01,DD,0.01193185350569617
equity_hrp,2022-10-03,DD,0.00821551946624643
equity_hrp,2022-11-01,DD,0.009064467283939896
equity_hrp,2022-12-01,DD,0.012338194592498401
equity_hrp,2023-01-03,DD,0.013550944189101065
equity_hrp,2023-02-01,DD,0.009966151984435056
equity_hrp,2023-03-01,DD,0.009824521345700827
equity_hrp,2023-04-03,DD,0.013552123723212434
equity_hrp,2023-05-01,DD,0.020312537908004358
equity_hrp,2023-06-01,DD,0.013164758708808079
equity_hrp,2023-07-03,DD,0.01230900262715143
equity_hrp,2023-08-01,DD,0.014582585466328938
equity_hrp,2023-09-01,DD,0.021629580617392077
equity_hrp,2023-10-02,DD,0.0128301371572674
equity_hrp,2023-11-01,DD,0.01803267396079544
equity_hrp,2023-12-01,DD,0.02310508039351368
equity_hrp,2021-01-04,DIS,0.016648113292428213
equity_hrp,2021-02-01,DIS,0.01539610808537078
equity_hrp,2021-03-01,DIS,0.012939200383695577
equity_hrp,2021-04-01,DIS,0.018120375123851912
equity_hrp,2021-05-03,DIS,0.010416865365842671
equity_hrp,2021-06-01,DIS,0.017792559446626343
equity_hrp,2021-07-01,DIS,0.021575082902111922
equity_hrp,2021-08-02,DIS,0.017367823582159242
equity_hrp,2021-09-01,DIS,0.012321193467281227
equity_hrp,2021-10-01,DIS,0.01558725369092077
equity_hrp,2021-11-01,DIS,0.014678045597436318
equity_hrp,2021-12-01,DIS,0.016230475941747365
equity_hrp,2022-01-03,DIS,0.010809251022367787
equity_hrp,2022-02-01,DIS,0.011975995615031222
equity_hrp,2022-03-01,DIS,0.016990964820163223
equity_hrp,2022-04-01,DIS,0.015788698650837037
equity_hrp,2022-05-02,DIS,0.01097223851368278
equity_hrp,2022-06-01,DIS,0.013038284142094968
equity_hrp,2022-07-01,DIS,0.013045588509580418
equity_hrp,2022-08-01,DIS,0.011528572410295921
equity_hrp,2022-09-01,DIS,0.01951620890176291
equity_hrp,2022-10-03,DIS,0.010299339011104618
equity_hrp,2022-11-01,DIS,0.012242127776714733
equity_hrp,2022-12-01,DIS,0.016121176895799387
equity_hrp,2023-01-03,DIS,0.013346998137757783
equity_hrp,2023-02-01,DIS,0.008611803608595236
equity_hrp,2023-03-01,DIS,0.008649280839783837
equity_hrp,2023-04-03,DIS,0.016737342419334413
equity_hrp,2023-05-01,DIS,0.018133968223197593
equity_hrp,2023-06-01,DIS,0.010639713084348787
equity_hrp,2023-07-03,DIS,0.010341787189034052
equity_hrp,2023-08-01,DIS,0.015536865970495325
equity_hrp,2023-09-01,DIS,0.009542007777898045
equity_hrp,2023-10-02,DIS,0.009912982345140311
equity_hrp,2023-11-01,DIS,0.010607923328063963
equity_hrp,2023-12-01,DIS,0.011967010443211593
equity_hrp,2021-01-04,DOW,0.013411227169370972
equity_hrp,2021-02-01,DOW,0.007053608962776828
equity_hrp,2021-03-01,DOW,0.012841162506885058
equity_hrp,2021-04-01,DOW,0.011984367582949138
equity_hrp,2021-05-03,DOW,0.005264761994425199
equity_hrp,2021-06-01,DOW,0.005400047115479739
equity_hrp,2021-07-01,DOW,0.007065167699611764
equity_hrp,2021-08-02,DOW,0.007432399501480717
equity_hrp,2021-09-01,DOW,0.005763315476449303
equity_hrp,2021-10-01,DOW,0.00613634811835571
equity_hrp,2021-11-01,DOW,0.008753794480184833
equity_hrp,2021-12-01,DOW,0.017274855418430376
equity_hrp,2022-01-03,DOW,0.009455262725823414
equity_hrp,2022-02-01,DOW,0.00865950858592279
equity_hrp,2022-03-01,DOW,0.009930861267082331
equity_hrp,2022-04-01,DOW,0.013450402122316222
equity_hrp,2022-05-02,DOW,0.01634880924954388
equity_hrp,2022-06-01,DOW,0.009414554441642676
equity_hrp,2022-07-01,DOW,0.015857139218406716
equity_hrp,2022-08-01,DOW,0.02036372180601056
equity_hrp,2022-09-01,DOW,0.02980153359635773
equity_hrp,2022-10-03,DOW,0.01084303564301004
equity_hrp,2022-11-01,DOW,0.012149761496424272
equity_hrp,2022-12-01,DOW,0.024086790524698386
equity_hrp,2023-01-03,DOW,0.016187457993021015
equity_hrp,2023-02-01,DOW,0.020461429105318944
equity_hrp,2023-03-01,DOW,0.011673206530587893
equity_hrp,2023-04-03,DOW,0.023045684533187196
equity_hrp,2023-05-01,DOW,0.015223243401028527
equity_hrp,2023-06-01,DOW,0.02917284241227264
equity_hrp,2023-07-03,DOW,0.013999927339661962
equity_hrp,2023-08-01,DOW,0.016403900914820465
equity_hrp,2023-09-01,DOW,0.01514444854535906
equity_hrp,2023-10-02,DOW,0.01342088400733865
equity_hrp,2023-11-01,DOW,0.01842084050989438
equity_hrp,2023-12-01,DOW,0.019151389804350074
equity_hrp,2021-01-04,DUK,0.014570258194045147
equity_hrp,2021-02-01,DUK,0.013993339569600227
equity_hrp,2021-03-01,DUK,0.014140158960699943
equity_hrp,2021-04-01,DUK,0.01823588387276491
equity_hrp,2021-05-03,DUK,0.03656931573165172
equity_hrp,2021-06-01,DUK,0.03705577699395377
equity_hrp,2021-07-01,DUK,0.03518611420847067
equity_hrp,2021-08-02,DUK,0.023043937106909895
equity_hrp,2021-09-01,DUK,0.04523327467152442
equity_hrp,2021-10-01,DUK,0.03279568257507507
equity_hrp,2021-11-01,DUK,0.035277058463767344
equity_hrp,2021-12-01,DUK,0.022818796050620697
equity_hrp,2022-01-03,DUK,0.05552088080625946
equity_hrp,2022-02-01,DUK,0.023359469109190487
equity_hrp,2022-03-01,DUK,0.020204249987703694
equity_hrp,2022-04-01,DUK,0.054772762302006686
equity_hrp,2022-05-02,DUK,0.03770108274736995
equity_hrp,2022-06-01,DUK,0.037462153608831206
equity_hrp,2022-07-01,DUK,0.05063613890004825
equity_hrp,2022-08-01,DUK,0.05291517715562145
equity_hrp,2022-09-01,DUK,0.04776983143583482
equity_hrp,2022-10-03,DUK,0.04200403092242654
equity_hrp,2022-11-01,DUK,0.024213809235746852
equity_hrp,2022-12-01,DUK,0.035390307405448164
equity_hrp,2023-01-03,DUK,0.02474438570438653
equity_hrp,2023-02-01,DUK,0.034559861928428214
equity_hrp,2023-03-01,DUK,0.022427208643689987
equity_hrp,2023-04-03,DUK,0.01886197293269568
equity_hrp,2023-05-01,DUK,0.02229113434443796
equity_hrp,2023-06-01,DUK,0.028935527189243266
equity_hrp,2023-07-03,DUK,0.019866842313415907
equity_hrp,2023-08-01,DUK,0.024460970699913653
equity_hrp,2023-09-01,DUK,0.02064188973495597
equity_hrp,2023-10-02,DUK,0.014649507223742527
equity_hrp,2023-11-01,DUK,0.016218367674071154
equity_hrp,2023-12-01,DUK,0.027008904956108616
equity_hrp,2021-01-04,EA,0.031665805978094354
equity_hrp,2021-02-01,EA,0.032245501386584226
equity_hrp,2021-03-01,EA,0.031282893969174
equity_hrp,2021-04-01,EA,0.029279374140980672
equity_hrp,2021-05-03,EA,0.0192416095755519
equity_hrp,2021-06-01,EA,0.027592672686278852
equity_hrp,2021-07-01,EA,0.02843593202091766
equity_hrp,2021-08-02,EA,0.019689249927830735
equity_hrp,2021-09-01,EA,0.02201497212007308
equity_hrp,2021-10-01,EA,0.019900570271398785
equity_hrp,2021-11-01,EA,0.01842675375723704
equity_hrp,2021-12-01,EA,0.016358936614052983
equity_hrp,2022-01-03,EA,0.028045515559213044
equity_hrp,2022-02-01,EA,0.024012781966361828
equity_hrp,2022-03-01,EA,0.027220991842241384
equity_hrp,2022-04-01,EA,0.02353278117751436
equity_hrp,2022-05-02,EA,0.027570949838841802
equity_hrp,2022-06-01,EA,0.03120487837884896
equity_hrp,2022-07-01,EA,0.031845360771321926
equity_hrp,2022-08-01,EA,0.027739133055915938
equity_hrp,2022-09-01,EA,0.031363065004144944
equity_hrp,2022-10-03,EA,0.029747030792063672
equity_hrp,2022-11-01,EA,0.034048264069394804
equity_hrp,2022-12-01,EA,0.04090672120871081
equity_hrp,2023-01-03,EA,0.036472315449972974
equity_hrp,2023-02-01,EA,0.029839094233437606
equity_hrp,2023-03-01,EA,0.031220338124389707
equity_hrp,2023-04-03,EA,0.03074738183912531
equity_hrp,2023-05-01,EA,0.02979572982988203
equity_hrp,2023-06-01,EA,0.03361466945265093
equity_hrp,2023-07-03,EA,0.041694412692937735
equity_hrp,2023-08-01,EA,0.03975666606147033
equity_hrp,2023-09-01,EA,0.03493829610147678
equity_hrp,2023-10-02,EA,0.034856827482695224
equity_hrp,2023-11-01,EA,0.030242881046638595
equity_hrp,2023-12-01,EA,0.03002659570631061
equity_hrp,2021-01-04,GE,0.010101808308892735
equity_hrp,2021-02-01,GE,0.008773059338293684
equity_hrp,2021-03-01,GE,0.008797477055054822
equity_hrp,2021-04-01,GE,0.005500570136818437
equity_hrp,2021-05-03,GE,0.006205178271428959
equity_hrp,2021-06-01,GE,0.0042866819893139065
equity_hrp,2021-07-01,GE,0.00999849504035612
equity_hrp,2021-08-02,GE,0.006583033658853889
equity_hrp,2021-09-01,GE,0.00804702199423815
equity_hrp,2021-10-01,GE,0.007601481870834272
equity_hrp,2021-11-01,GE,0.007775815497369365
equity_hrp,2021-12-01,GE,0.007929648743640308
equity_hrp,2022-01-03,GE,0.01033146403268634
equity_hrp,2022-02-01,GE,0.007584155025817095
equity_hrp,2022-03-01,GE,0.009779308458693904
equity_hrp,2022-04-01,GE,0.012441500689838918
equity_hrp,2022-05-02,GE,0.007225977526555702
equity_hrp,2022-06-01,GE,0.016370128381325198
equity_hrp,2022-07-01,GE,0.014158423237082567
equity_hrp,2022-08-01,GE,0.009723795516402827
equity_hrp,2022-09-01,GE,0.01229456007540334
equity_hrp,2022-10-03,GE,0.007864937002385195
equity_hrp,2022-11-01,GE,0.008566361325574045
equity_hrp,2022-12-01,GE,0.011435471024133686
equity_hrp,2023-01-03,GE,0.011644237133006979
equity_hrp,2023-02-01,GE,0.011053505348665319
equity_hrp,2023-03-01,GE,0.015371850614710154
equity_hrp,2023-04-03,GE,0.023904460796451678
equity_hrp,2023-05-01,GE,0.015734206931944522
equity_hrp,2023-06-01,GE,0.014546162588174268
equity_hrp,2023-07-03,GE,0.01794854978263364
equity_hrp,2023-08-01,GE,0.027175354047387235
equity_hrp,2023-09-01,GE,0.01453744715739267
equity_hrp,2023-10-02,GE,0.02297504898005549
equity_hrp,2023-11-01,GE,0.018607688031773824
equity_hrp,2023-12-01,GE,0.016874740174768872
equity_hrp,2021-01-04,GILD,0.039330154182749294
equity_hrp,2021-02-01,GILD,0.038969568331695965
equity_hrp,2021-03-01,GILD,0.040572398546142543
equity_hrp,2021-04-01,GILD,0.028007407042435407
equity_hrp,2021-05-03,GILD,0.04372085896970578
equity_hrp,2021-06-01,GILD,0.03966530863068558
equity_hrp,2021-07-01,GILD,0.02835339173795196
equity_hrp,2021-08-02,GILD,0.03858555448668723
equity_hrp,2021-09-01,GILD,0.04395637583275439
equity_hrp,2021-10-01,GILD,0.03997956885162168
equity_hrp,2021-11-01,GILD,0.025942831551150205
equity_hrp,2021-12-01,GILD,0.044813193288270894
equity_hrp,2022-01-03,GILD,0.02570329626934618
equity_hrp,2022-02-01,GILD,0.028241406399546132
equity_hrp,2022-03-01,GILD,0.058588695217155894
equity_hrp,2022-04-01,GILD,0.02794885748249312
equity_hrp,2022-05-02,GILD,0.03542126616493395
equity_hrp,2022-06-01,GILD,0.044123630336817175
equity_hrp,2022-07-01,GILD,0.03705203028188202
equity_hrp,2022-08-01,GILD,0.03694818458560198
equity_hrp,2022-09-01,GILD,0.03887895258510963
equity_hrp,2022-10-03,GILD,0.047220060827781386
equity_hrp,2022-11-01,GILD,0.02783948422111447
equity_hrp,2022-12-01,GILD,0.036482762343756525
equity_hrp,2023-01-03,GILD,0.028537462013486545
equity_hrp,2023-02-01,GILD,0.04615394064179335
equity_hrp,2023-03-01,GILD,0.03122623179235112
equity_hrp,2023-04-03,GILD,0.023381133407436056
equity_hrp,2023-05-01,GILD,0.023318614958684727
equity_hrp,2023-06-01,GILD,0.020681706795898862
equity_hrp,2023-07-03,GILD,0.02000573608660487
equity_hrp,2023-08-01,GILD,0.0218498411709134
equity_hrp,2023-09-01,GILD,0.01883157152163043
equity_hrp,2023-10-02,GILD,0.0383793844376601
equity_hrp,2023-11-01,GILD,0.03150674242633775
equity_hrp,2023-12-01,GILD,0.03518915509466155
equity_hrp,2021-01-04,GS,0.008882258382053154
equity_hrp,2021-02-01,GS,0.010807474117171005
equity_hrp,2021-03-01,GS,0.009941621596146177
equity_hrp,2021-04-01,GS,0.008364573820193764
equity_hrp,2021-05-03,GS,0.007019865827451642
equity_hrp,2021-06-01,GS,0.009411739210590056
equity_hrp,2021-07-01,GS,0.014849534118455947
equity_hrp,2021-08-02,GS,0.007402095903365222
equity_hrp,2021-09-01,GS,0.009095840243322793
equity_hrp,2021-10-01,GS,0.007286928038454415
equity_hrp,2021-11-01,GS,0.016316072289738272
equity_hrp,2021-12-01,GS,0.008860799209747193
equity_hrp,2022-01-03,GS,0.015781023600804887
equity_hrp,2022-02-01,GS,0.014921835069952958
equity_hrp,2022-03-01,GS,0.008971812438833866
equity_hrp,2022-04-01,GS,0.007781958397043327
equity_hrp,2022-05-02,GS,0.010813027912649703
equity_hrp,2022-06-01,GS,0.00872704074119465
equity_hrp,2022-07-01,GS,0.015519519527079806
equity_hrp,2022-08-01,GS,0.011896770659251451
equity_hrp,2022-09-01,GS,0.01627036615924221
equity_hrp,2022-10-03,GS,0.01002391888899876
equity_hrp,2022-11-01,GS,0.01823578405234374
equity_hrp,2022-12-01,GS,0.011839553523920214
equity_hrp,2023-01-03,GS,0.012312718797941317
equity_hrp,2023-02-01,GS,0.012758034582133223
equity_hrp,2023-03-01,GS,0.011029623517337876
equity_hrp,2023-04-03,GS,0.015791128472728736
equity_hrp,2023-05-01,GS,0.02249786909898439
equity_hrp,2023-06-01,GS,0.02654247054118847
equity_hrp,2023-07-03,GS,0.013069668228703103
equity_hrp,2023-08-01,GS,0.01591080531330126
equity_hrp,2023-09-01,GS,0.01228053784784721
equity_hrp,2023-10-02,GS,0.01589924780700352
equity_hrp,2023-11-01,GS,0.013813379710681547
equity_hrp,2023-12-01,GS,0.014024424735129826
equity_hrp,2021-01-04,INTC,0.01360639458669858
equity_hrp,2021-02-01,INTC,0.011996172695161832
equity_hrp,2021-03-01,INTC,0.014702146346316567
equity_hrp,2021-04-01,INTC,0.024348037345515983
equity_hrp,2021-05-03,INTC,0.015625710347193764
equity_hrp,2021-06-01,INTC,0.01462905906193445
equity_hrp,2021-07-01,INTC,0.013877400732954308
equity_hrp,2021-08-02,INTC,0.016402401846759028
equity_hrp,2021-09-01,INTC,0.01924849107085307
equity_hrp,2021-10-01,INTC,0.01823013398022046
equity_hrp,2021-11-01,INTC,0.016709097137201957
equity_hrp,2021-12-01,INTC,0.015484888710193724
equity_hrp,2022-01-03,INTC,0.013465413575598207
equity_hrp,2022-02-01,INTC,0.015281849387076071
equity_hrp,2022-03-01,INTC,0.017825747067508172
equity_hrp,2022-04-01,INTC,0.013189180706353653
equity_hrp,2022-05-02,INTC,0.012027784439380828
equity_hrp,2022-06-01,INTC,0.016208386058145775
equity_hrp,2022-07-01,INTC,0.01775505907729734
equity_hrp,2022-08-01,INTC,0.010907805808001837
equity_hrp,2022-09-01,INTC,0.007737132895117127
equity_hrp,2022-10-03,INTC,0.01713688764377517
equity_hrp,2022-11-01,INTC,0.01371577063339586
equity_hrp,2022-12-01,INTC,0.009328434229916001
equity_hrp,2023-01-03,INTC,0.013960358054330291
equity_hrp,2023-02-01,INTC,0.007504866606942145
equity_hrp,2023-03-01,INTC,0.01036951152748538
equity_hrp,2023-04-03,INTC,0.00794294154704422
equity_hrp,2023-05-01,INTC,0.007720657253735522
equity_hrp,2023-06-01,INTC,0.00681565406451793
equity_hrp,2023-07-03,INTC,0.012887598135497369
equity_hrp,2023-08-01,INTC,0.01207050403405759
equity_hrp,2023-09-01,INTC,0.012040948924895595
equity_hrp,2023-10-02,INTC,0.011355780045985957
equity_hrp,2023-11-01,INTC,0.011021280326492987
equity_hrp,2023-12-01,INTC,0.011792678449583023
equity_hrp,2021-01-04,KO,0.02700582325091647
equity_hrp,2021-02-01,KO,0.03935322326038559
equity_hrp,2021-03-01,KO,0.0389154448872227
equity_hrp,2021-04-01,KO,0.020855670846768405
equity_hrp,2021-05-03,KO,0.021207287845418497
equity_hrp,2021-06-01,KO,0.027191841938559523
equity_hrp,2021-07-01,KO,0.03044025029096356
equity_hrp,2021-08-02,KO,0.04799253948158375
equity_hrp,2021-09-01,KO,0.04175244119143464
equity_hrp,2021-10-01,KO,0.051444175120819724
equity_hrp,2021-11-01,KO,0.04898288040165356
equity_hrp,2021-12-01,KO,0.06493752821755998
equity_hrp,2022-01-03,KO,0.051418304445342886
equity_hrp,2022-02-01,KO,0.05875350272307115
equity_hrp,2022-03-01,KO,0.046832584863087494
equity_hrp,2022-04-01,KO,0.03936132761635173
equity_hrp,2022-05-02,KO,0.04146910424607892
equity_hrp,2022-06-01,KO,0.03607094905682255
equity_hrp,2022-07-01,KO,0.0451418176302154
equity_hrp,2022-08-01,KO,0.05345760130266323
equity_hrp,2022-09-01,KO,0.041728044012614506
equity_hrp,2022-10-03,KO,0.04728785531169771
equity_hrp,2022-11-01,KO,0.043337317429565106
equity_hrp,2022-12-01,KO,0.05061577127670221
equity_hrp,2023-01-03,KO,0.044644351873017275
equity_hrp,2023-02-01,KO,0.06912860911633087
equity_hrp,2023-03-01,KO,0.054418195797447666
equity_hrp,2023-04-03,KO,0.05381909561844308
equity_hrp,2023-05-01,KO,0.04664449176635051
equity_hrp,2023-06-01,KO,0.06250627993383763
equity_hrp,2023-07-03,KO,0.06183816510095804
equity_hrp,2023-08-01,KO,0.04893349598669905
equity_hrp,2023-09-01,KO,0.05171549066459159
equity_hrp,2023-10-02,KO,0.055547766081063696
equity_hrp,2023-11-01,KO,0.08122945465760652
equity_hrp,2023-12-01,KO,0.054719106810843965
equity_hrp,2021-01-04,MMM,0.023510719360510617
equity_hrp,2021-02-01,MMM,0.022942296649150998
equity_hrp,2021-03-01,MMM,0.037438648516175115
equity_hrp,2021-04-01,MMM,0.03497069221365628
equity_hrp,2021-05-03,MMM,0.02855678192555529
equity_hrp,2021-06-01,MMM,0.02576839246100897
equity_hrp,2021-07-01,MMM,0.0346001523342853
equity_hrp,2021-08-02,MMM,0.02447191555648793
equity_hrp,2021-09-01,MMM,0.04257735206499416
equity_hrp,2021-10-01,MMM,0.038108473611142696
equity_hrp,2021-11-01,MMM,0.03901453958297236
equity_hrp,2021-12-01,MMM,0.04588201871390613
equity_hrp,2022-01-03,MMM,0.05282164781193056
equity_hrp,2022-02-01,MMM,0.03855270416793951
equity_hrp,2022-03-01,MMM,0.02980546833952782
equity_hrp,2022-04-01,MMM,0.03780148934980729
equity_hrp,2022-05-02,MMM,0.04003770997596519
equity_hrp,2022-06-01,MMM,0.026842028052185645
equity_hrp,2022-07-01,MMM,0.03720754954937627
equity_hrp,2022-08-01,MMM,0.03641647313902006
equity_hrp,2022-09-01,MMM,0.023777977210116305
equity_hrp,2022-10-03,MMM,0.029229683562059565
equity_hrp,2022-11-01,MMM,0.034128258432906
equity_hrp,2022-12-01,MMM,0.019545206164353034
equity_hrp,2023-01-03,MMM,0.022464353611029348
equity_hrp,2023-02-01,MMM,0.02150623743547397
equity_hrp,2023-03-01,MMM,0.02562686539667211
equity_hrp,2023-04-03,MMM,0.020933781962150847
equity_hrp,2023-05-01,MMM,0.021103879051233388
equity_hrp,2023-06-01,MMM,0.0230300976664474
equity_hrp,2023-07-03,MMM,0.0167033760352465
equity_hrp,2023-08-01,MMM,0.013111143779336414
equity_hrp,2023-09-01,MMM,0.017583120964377162
equity_hrp,2023-10-02,MMM,0.011298042182877796
equity_hrp,2023-11-01,MMM,0.012789572241910983
equity_hrp,2023-12-01,MMM,0.017086459766454176
equity_hrp,2021-01-04,MRK,0.03362671353232104
equity_hrp,2021-02-01,MRK,0.03563242915464325
equity_hrp,2021-03-01,MRK,0.035480397078783484
equity_hrp,2021-04-01,MRK,0.03934096161098439
equity_hrp,2021-05-03,MRK,0.04114307239170248
equity_hrp,2021-06-01,MRK,0.03793031457799919
equity_hrp,2021-07-01,MRK,0.043567770514113265
equity_hrp,2021-08-02,MRK,0.03602316760689561
equity_hrp,2021-09-01,MRK,0.0329215415245523
equity_hrp,2021-10-01,MRK,0.03302890200332235
equity_hrp,2021-11-01,MRK,0.03455512231844837
equity_hrp,2021-12-01,MRK,0.02333192259108976
equity_hrp,2022-01-03,MRK,0.02693263089117532
equity_hrp,2022-02-01,MRK,0.040455372566876355
equity_hrp,2022-03-01,MRK,0.029274199976056358
equity_hrp,2022-04-01,MRK,0.0402967560374712
equity_hrp,2022-05-02,MRK,0.047876773706874556
equity_hrp,2022-06-01,MRK,0.04167210599081604
equity_hrp,2022-07-01,MRK,0.0427257759551041
equity_hrp,2022-08-01,MRK,0.042256119322405465
equity_hrp,2022-09-01,MRK,0.041966679161536326
equity_hrp,2022-10-03,MRK,0.04892037552686552
equity_hrp,2022-11-01,MRK,0.05756472297498024
equity_hrp,2022-12-01,MRK,0.06102140866472359
equity_hrp,2023-01-03,MRK,0.04709611599176141
equity_hrp,2023-02-01,MRK,0.04854954550496654
equity_hrp,2023-03-01,MRK,0.05415116428167907
equity_hrp,2023-04-03,MRK,0.07286312484672577
equity_hrp,2023-05-01,MRK,0.06202817885821297
equity_hrp,2023-06-01,MRK,0.05629277323237738
equity_hrp,2023-07-03,MRK,0.059790568086019055
equity_hrp,2023-08-01,MRK,0.05410634848516499
equity_hrp,2023-09-01,MRK,0.055070280886112925
equity_hrp,2023-10-02,MRK,0.045848310213377076
equity_hrp,2023-11-01,MRK,0.036211473127356134
equity_hrp,2023-12-01,MRK,0.04669192063319411
equity_hrp,2021-01-04,MS,0.007341661788409392
equity_hrp,2021-02-01,MS,0.01583550319063797
equity_hrp,2021-03-01,MS,0.015219108459241813
equity_hrp,2021-04-01,MS,0.0075082179603867495
equity_hrp,2021-05-03,MS,0.009906072744230436
equity_hrp,2021-06-01,MS,0.009152760863934776
equity_hrp,2021-07-01,MS,0.011292291338937124
equity_hrp,2021-08-02,MS,0.006338465880550315
equity_hrp,2021-09-01,MS,0.012174275073888907
equity_hrp,2021-10-01,MS,0.006257397859509621
equity_hrp,2021-11-01,MS,0.008503038624195191
equity_hrp,2021-12-01,MS,0.010576890812412644
equity_hrp,2022-01-03,MS,0.012532180972178316
equity_hrp,2022-02-01,MS,0.008919162591115016
equity_hrp,2022-03-01,MS,0.016961930828096248
equity_hrp,2022-04-01,MS,0.006468975729311866
equity_hrp,2022-05-02,MS,0.012953984774704901
equity_hrp,2022-06-01,MS,0.006825376165340916
equity_hrp,2022-07-01,MS,0.007985181254282618
equity_hrp,2022-08-01,MS,0.01056062355891705
equity_hrp,2022-09-01,MS,0.018089492052130885
equity_hrp,2022-10-03,MS,0.015583730101565729
equity_hrp,2022-11-01,MS,0.009592808627739473
equity_hrp,2022-12-01,MS,0.010089025811069853
equity_hrp,2023-01-03,MS,0.024347806265800277
equity_hrp,2023-02-01,MS,0.022848472115295726
equity_hrp,2023-03-01,MS,0.009762590128138054
equity_hrp,2023-04-03,MS,0.014744422483455711
equity_hrp,2023-05-01,MS,0.012852963898763786
equity_hrp,2023-06-01,MS,0.015147294499102425
equity_hrp,2023-07-03,MS,0.012197702495111885
equity_hrp,2023-08-01,MS,0.02250960228754586
equity_hrp,2023-09-01,MS,0.011712142756891496
equity_hrp,2023-10-02,MS,0.01997855990825598
equity_hrp,2023-11-01,MS,0.011623158801473917
equity_hrp,2023-12-01,MS,0.01688835667858437
equity_hrp,2021-01-04,NEE,0.014964514833399525
equity_hrp,2021-02-01,NEE,0.016337776658481348
equity_hrp,2021-03-01,NEE,0.01523268450289034
equity_hrp,2021-04-01,NEE,0.02067022003632272
equity_hrp,2021-05-03,NEE,0.023736677973253878
equity_hrp,2021-06-01,NEE,0.023428419005435294
equity_hrp,2021-07-01,NEE,0.0250572539330692
equity_hrp,2021-08-02,NEE,0.023343529230599323
equity_hrp,2021-09-01,NEE,0.026469292057032922
equity_hrp,2021-10-01,NEE,0.022466060670432424
equity_hrp,2021-11-01,NEE,0.027068039532015597
equity_hrp,2021-12-01,NEE,0.017264857463049288
equity_hrp,2022-01-03,NEE,0.01466931794656308
equity_hrp,2022-02-01,NEE,0.020125885305092055
equity_hrp,2022-03-01,NEE,0.02085615371043859
equity_hrp,2022-04-01,NEE,0.016041341613326363
equity_hrp,2022-05-02,NEE,0.024285836939668744
equity_hrp,2022-06-01,NEE,0.026593322775790205
equity_hrp,2022-07-01,NEE,0.020818296872693643
equity_hrp,2022-08-01,NEE,0.020294602415096997
equity_hrp,2022-09-01,NEE,0.023855381958055612
equity_hrp,2022-10-03,NEE,0.021495264436945383
equity_hrp,2022-11-01,NEE,0.019094256834279892
equity_hrp,2022-12-01,NEE,0.020174360593898738
equity_hrp,2023-01-03,NEE,0.014029300391124487
equity_hrp,2023-02-01,NEE,0.027127245480996393
equity_hrp,2023-03-01,NEE,0.01660280167034692
equity_hrp,2023-04-03,NEE,0.019837532571781228
equity_hrp,2023-05-01,NEE,0.016375203891791028
equity_hrp,2023-06-01,NEE,0.013412829814613001
equity_hrp,2023-07-03,NEE,0.022409071967954382
equity_hrp,2023-08-01,NEE,0.017566093579314886
equity_hrp,2023-09-01,NEE,0.024151934763779796
equity_hrp,2023-10-02,NEE,0.016070946995028312
equity_hrp,2023-11-01,NEE,0.013816494860846483
equity_hrp,2023-12-01,NEE,0.014551268611128019
equity_hrp,2021-01-04,NEM,0.03712227856341035
equity_hrp,2021-02-01,NEM,0.0367461298976737
equity_hrp,2021-03-01,NEM,0.0365432461232466
equity_hrp,2021-04-01,NEM,0.027566116653132373
equity_hrp,2021-05-03,NEM,0.022666258164922504
equity_hrp,2021-06-01,NEM,0.019930627375979903
equity_hrp,2021-07-01,NEM,0.019413121285972935
equity_hrp,2021-08-02,NEM,0.023022684550017124
equity_hrp,2021-09-01,NEM,0.023760434680748586
equity_hrp,2021-10-01,NEM,0.021850772452429248
equity_hrp,2021-11-01,NEM,0.02278890976116781
equity_hrp,2021-12-01,NEM,0.021194919036006055
equity_hrp,2022-01-03,NEM,0.01985506833198256
equity_hrp,2022-02-01,NEM,0.01868929282386479
equity_hrp,2022-03-01,NEM,0.02302817377572622
equity_hrp,2022-04-01,NEM,0.025283571523104523
equity_hrp,2022-05-02,NEM,0.03329081794448981
equity_hrp,2022-06-01,NEM,0.024680000110452356
equity_hrp,2022-07-01,NEM,0.025034587085404597
equity_hrp,2022-08-01,NEM,0.025428677234690576
equity_hrp,2022-09-01,NEM,0.025535571510760562
equity_hrp,2022-10-03,NEM,0.029354252094894267
equity_hrp,2022-11-01,NEM,0.030169679444763897
equity_hrp,2022-12-01,NEM,0.022191511195605484
equity_hrp,2023-01-03,NEM,0.02264853131912273
equity_hrp,2023-02-01,NEM,0.023906258808980764
equity_hrp,2023-03-01,NEM,0.02097802705831274
equity_hrp,2023-04-03,NEM,0.021733977906602125
equity_hrp,2023-05-01,NEM,0.023895883250010217
equity_hrp,2023-06-01,NEM,0.020950508882667886
equity_hrp,2023-07-03,NEM,0.018315094288461665
equity_hrp,2023-08-01,NEM,0.020503694264127664
equity_hrp,2023-09-01,NEM,0.022503894668607683
equity_hrp,2023-10-02,NEM,0.01947387879205541
equity_hrp,2023-11-01,NEM,0.013759611946945574
equity_hrp,2023-12-01,NEM,0.014075829963214275
equity_hrp,2021-01-04,NKE,0.019663722370058246
equity_hrp,2021-02-01,NKE,0.030233609611971822
equity_hrp,2021-03-01,NKE,0.019775022231764
equity_hrp,2021-04-01,NKE,0.028351154060904243
equity_hrp,2021-05-03,NKE,0.026495826510183732
equity_hrp,2021-06-01,NKE,0.02296833875442749
equity_hrp,2021-07-01,NKE,0.02138353593555248
equity_hrp,2021-08-02,NKE,0.022289442961353663
equity_hrp,2021-09-01,NKE,0.020416277537855163
equity_hrp,2021-10-01,NKE,0.024837381564074605
equity_hrp,2021-11-01,NKE,0.022424150467593492
equity_hrp,2021-12-01,NKE,0.018574844828101737
equity_hrp,2022-01-03,NKE,0.019687435941437546
equity_hrp,2022-02-01,NKE,0.022895326556080325
equity_hrp,2022-03-01,NKE,0.01871905416182169
equity_hrp,2022-04-01,NKE,0.015672217377043142
equity_hrp,2022-05-02,NKE,0.01639489068845851
equity_hrp,2022-06-01,NKE,0.009922715998385512
equity_hrp,2022-07-01,NKE,0.00928514893188799
equity_hrp,2022-08-01,NKE,0.013154361347395008
equity_hrp,2022-09-01,NKE,0.007539415549412112
equity_hrp,2022-10-03,NKE,0.009709639218588527
equity_hrp,2022-11-01,NKE,0.008922853140524763
equity_hrp,2022-12-01,NKE,0.012901175589664401
equity_hrp,2023-01-03,NKE,0.008822532023473264
equity_hrp,2023-02-01,NKE,0.007079414482929174
equity_hrp,2023-03-01,NKE,0.01320692355336418
equity_hrp,2023-04-03,NKE,0.01598202952755561
equity_hrp,2023-05-01,NKE,0.010236993383958498
equity_hrp,2023-06-01,NKE,0.009250554012943528
equity_hrp,2023-07-03,NKE,0.014614743500606613
equity_hrp,2023-08-01,NKE,0.008624148688385671
equity_hrp,2023-09-01,NKE,0.009417473790809492
equity_hrp,2023-10-02,NKE,0.010509070649394298
equity_hrp,2023-11-01,NKE,0.015494472823512398
equity_hrp,2023-12-01,NKE,0.012385209611886187
equity_hrp,2021-01-04,NUE,0.018811249366182992
equity_hrp,2021-02-01,NUE,0.0136984477380323
equity_hrp,2021-03-01,NUE,0.010976184585943455
equity_hrp,2021-04-01,NUE,0.013608874841246331
equity_hrp,2021-05-03,NUE,0.011074311276098439
equity_hrp,2021-06-01,NUE,0.0058946585891858465
equity_hrp,2021-07-01,NUE,0.015911794446294245
equity_hrp,2021-08-02,NUE,0.015016304604787867
equity_hrp,2021-09-01,NUE,0.0039646457186621655
equity_hrp,2021-10-01,NUE,0.0067494604401271375
equity_hrp,2021-11-01,NUE,0.0042277236995840635
equity_hrp,2021-12-01,NUE,0.0033806699389943152
equity_hrp,2022-01-03,NUE,0.008756639314125396
equity_hrp,2022-02-01,NUE,0.004282305157102907
equity_hrp,2022-03-01,NUE,0.005708411792883432
equity_hrp,2022-04-01,NUE,0.0041138555776247965
equity_hrp,2022-05-02,NUE,0.00605629892429855
equity_hrp,2022-06-01,NUE,0.005466555776680661
equity_hrp,2022-07-01,NUE,0.006285438575619143
equity_hrp,2022-08-01,NUE,0.008232070497826866
equity_hrp,2022-09-01,NUE,0.009336969378327118
equity_hrp,2022-10-03,NUE,0.010877481097432086
equity_hrp,2022-11-01,NUE,0.010646285183972256
equity_hrp,2022-12-01,NUE,0.012641763221842548
equity_hrp,2023-01-03,NUE,0.011345839104426735
equity_hrp,2023-02-01,NUE,0.00991464751652435
equity_hrp,2023-03-01,NUE,0.009833440049188133
equity_hrp,2023-04-03,NUE,0.012563356025603468
equity_hrp,2023-05-01,NUE,0.0082629019099902
equity_hrp,2023-06-01,NUE,0.0068684792093046294
equity_hrp,2023-07-03,NUE,0.010714435718466062
equity_hrp,2023-08-01,NUE,0.006595411152454199
equity_hrp,2023-09-01,NUE,0.0067644210109942884
equity_hrp,2023-10-02,NUE,0.010812929947004099
equity_hrp,2023-11-01,NUE,0.0077675017811334015
equity_hrp,2023-12-01,NUE,0.006950608252233016
equity_hrp,2021-01-04,NVDA,0.009755742627668153
equity_hrp,2021-02-01,NVDA,0.01337883316594988
equity_hrp,2021-03-01,NVDA,0.009044785736573552
equity_hrp,2021-04-01,NVDA,0.017107197241588983
equity_hrp,2021-05-03,NVDA,0.007651980377605085
equity_hrp,2021-06-01,NVDA,0.006273689755800804
equity_hrp,2021-07-01,NVDA,0.01197300969236502
equity_hrp,2021-08-02,NVDA,0.007885379977521425
equity_hrp,2021-09-01,NVDA,0.005439187488475189
equity_hrp,2021-10-01,NVDA,0.005538945623052083
equity_hrp,2021-11-01,NVDA,0.00710547771713371
equity_hrp,2021-12-01,NVDA,0.0047701520505737645
equity_hrp,2022-01-03,NVDA,0.006215051616134475
equity_hrp,2022-02-01,NVDA,0.004833505370196126
equity_hrp,2022-03-01,NVDA,0.006793321579497091
equity_hrp,2022-04-01,NVDA,0.002546152524482367
equity_hrp,2022-05-02,NVDA,0.00251485985007492
equity_hrp,2022-06-01,NVDA,0.004532022111327074
equity_hrp,2022-07-01,NVDA,0.004241220721761494
equity_hrp,2022-08-01,NVDA,0.004353555971884262
equity_hrp,2022-09-01,NVDA,0.001688300242985487
equity_hrp,2022-10-03,NVDA,0.005328321946945606
equity_hrp,2022-11-01,NVDA,0.0054331662255783526
equity_hrp,2022-12-01,NVDA,0.002851637011894386
equity_hrp,2023-01-03,NVDA,0.006583439241004459
equity_hrp,2023-02-01,NVDA,0.0033418036890584877
equity_hrp,2023-03-01,NVDA,0.0021984955038877227
equity_hrp,2023-04-03,NVDA,0.004441080197414449
equity_hrp,2023-05-01,NVDA,0.004512193567532324
equity_hrp,2023-06-01,NVDA,0.003853645181730644
equity_hrp,2023-07-03,NVDA,0.002926764476474469
equity_hrp,2023-08-01,NVDA,0.0034639973926513367
equity_hrp,2023-09-01,NVDA,0.00313620755080309
equity_hrp,2023-10-02,NVDA,0.005595108678660703
equity_hrp,2023-11-01,NVDA,0.0030387090674419822
equity_hrp,2023-12-01,NVDA,0.004432113044534772
equity_hrp,2021-01-04,O,0.011145761064945551
equity_hrp,2021-02-01,O,0.018381300973567955
equity_hrp,2021-03-01,O,0.01699030794470054
equity_hrp,2021-04-01,O,0.015063290519976269
equity_hrp,2021-05-03,O,0.01242924666825543
equity_hrp,2021-06-01,O,0.017102837618924248
equity_hrp,2021-07-01,O,0.03023769652159226
equity_hrp,2021-08-02,O,0.033907231990088355
equity_hrp,2021-09-01,O,0.021096831475745464
equity_hrp,2021-10-01,O,0.029614311256139794
equity_hrp,2021-11-01,O,0.03059527093214383
equity_hrp,2021-12-01,O,0.029025022387366733
equity_hrp,2022-01-03,O,0.024054533231088897
equity_hrp,2022-02-01,O,0.03743627230009002
equity_hrp,2022-03-01,O,0.03579718665356438
equity_hrp,2022-04-01,O,0.02884489370024638
equity_hrp,2022-05-02,O,0.03469499236211788
equity_hrp,2022-06-01,O,0.03922030433539419
equity_hrp,2022-07-01,O,0.02202151821127266
equity_hrp,2022-08-01,O,0.028059873758927777
equity_hrp,2022-09-01,O,0.025045676454336013
equity_hrp,2022-10-03,O,0.023981112083767946
equity_hrp,2022-11-01,O,0.021522714912327816
equity_hrp,2022-12-01,O,0.033705210701093676
equity_hrp,2023-01-03,O,0.027754968017892574
equity_hrp,2023-02-01,O,0.020919011192120786
equity_hrp,2023-03-01,O,0.026266308913498324
equity_hrp,2023-04-03,O,0.022831540875020265
equity_hrp,2023-05-01,O,0.02480655567842886
equity_hrp,2023-06-01,O,0.037538848251722434
equity_hrp,2023-07-03,O,0.03978759375295827
equity_hrp,2023-08-01,O,0.023851391275485787
equity_hrp,2023-09-01,O,0.040608458260741664
equity_hrp,2023-10-02,O,0.02639138577177745
equity_hrp,2023-11-01,O,0.020206245167272655
equity_hrp,2023-12-01,O,0.01700249285331543
equity_hrp,2021-01-04,OXY,0.004914429407614366
equity_hrp,2021-02-01,OXY,0.004739938501586279
equity_hrp,2021-03-01,OXY,0.004992744745629865
equity_hrp,2021-04-01,OXY,0.0032599044019111447
equity_hrp,2021-05-03,OXY,0.0024167681415536166
equity_hrp,2021-06-01,OXY,0.0011646150579697153
equity_hrp,2021-07-01,OXY,0.0012727998767382237
equity_hrp,2021-08-02,OXY,0.0015215086395524188
equity_hrp,2021-09-01,OXY,0.0011658331576658836
equity_hrp,2021-10-01,OXY,0.0012194181805133442
equity_hrp,2021-11-01,OXY,0.0010854771926410705
equity_hrp,2021-12-01,OXY,0.0011210973113858391
equity_hrp,2022-01-03,OXY,0.0014059553768676436
equity_hrp,2022-02-01,OXY,0.0020854188546603637
equity_hrp,2022-03-01,OXY,0.0022504794561428757
equity_hrp,2022-04-01,OXY,0.001986623088099723
equity_hrp,2022-05-02,OXY,0.004736995435350664
equity_hrp,2022-06-01,OXY,0.0039715733311281335
equity_hrp,2022-07-01,OXY,0.005739396986480345
equity_hrp,2022-08-01,OXY,0.0035037499992774173
equity_hrp,2022-09-01,OXY,0.0056693730954203705
equity_hrp,2022-10-03,OXY,0.00658078486422386
equity_hrp,2022-11-01,OXY,0.007721050157135866
equity_hrp,2022-12-01,OXY,0.005614258386885235
equity_hrp,2023-01-03,OXY,0.006022687613347813
equity_hrp,2023-02-01,OXY,0.007565115174008599
equity_hrp,2023-03-01,OXY,0.009049108128805546
equity_hrp,2023-04-03,OXY,0.0069107907869238
equity_hrp,2023-05-01,OXY,0.006815468526378973
equity_hrp,2023-06-01,OXY,0.007208696061021804
equity_hrp,2023-07-03,OXY,0.011897147600191532
equity_hrp,2023-08-01,OXY,0.009252854099728501
equity_hrp,2023-09-01,OXY,0.013996566849852244
equity_hrp,2023-10-02,OXY,0.008466402571002788
equity_hrp,2023-11-01,OXY,0.00799507728929778
equity_hrp,2023-12-01,OXY,0.007455802937274965
equity_hrp,2021-01-04,PLD,0.01592250437339041
equity_hrp,2021-02-01,PLD,0.017328638244016953
equity_hrp,2021-03-01,PLD,0.01704481159161278
equity_hrp,2021-04-01,PLD,0.016980575798971078
equity_hrp,2021-05-03,PLD,0.01867621985919264
equity_hrp,2021-06-01,PLD,0.01802056999624248
equity_hrp,2021-07-01,PLD,0.01823641596773021
equity_hrp,2021-08-02,PLD,0.01881924549261349
equity_hrp,2021-09-01,PLD,0.02903844329739277
equity_hrp,2021-10-01,PLD,0.02089624471701465
equity_hrp,2021-11-01,PLD,0.019742901382944943
equity_hrp,2021-12-01,PLD,0.023884432204345836
equity_hrp,2022-01-03,PLD,0.016444780444053193
equity_hrp,2022-02-01,PLD,0.021879141510407932
equity_hrp,2022-03-01,PLD,0.01637692238434087
equity_hrp,2022-04-01,PLD,0.016494900258699974
equity_hrp,2022-05-02,PLD,0.01733178676341764
equity_hrp,2022-06-01,PLD,0.024258337462938408
equity_hrp,2022-07-01,PLD,0.01089398874667123
equity_hrp,2022-08-01,PLD,0.011966479821641361
equity_hrp,2022-09-01,PLD,0.00909700934351944
equity_hrp,2022-10-03,PLD,0.008651358445525534
equity_hrp,2022-11-01,PLD,0.009058383560084492
equity_hrp,2022-12-01,PLD,0.010730761632167516
equity_hrp,2023-01-03,PLD,0.009807410597403667
equity_hrp,2023-02-01,PLD,0.008098711183536935
equity_hrp,2023-03-01,PLD,0.01081826962456806
equity_hrp,2023-04-03,PLD,0.01677812046746494
equity_hrp,2023-05-01,PLD,0.017101920571287187
equity_hrp,2023-06-01,PLD,0.010099858768546513
equity_hrp,2023-07-03,PLD,0.010651223495522536
equity_hrp,2023-08-01,PLD,0.019345305249688107
equity_hrp,2023-09-01,PLD,0.01358234193198446
equity_hrp,2023-10-02,PLD,0.020081103598632622
equity_hrp,2023-11-01,PLD,0.01998088449606128
equity_hrp,2023-12-01,PLD,0.00830192074406434
equity_hrp,2021-01-04,PSA,0.02839312675293805
equity_hrp,2021-02-01,PSA,0.03338093009286177
equity_hrp,2021-03-01,PSA,0.02782671439209112
equity_hrp,2021-04-01,PSA,0.03834226330972696
equity_hrp,2021-05-03,PSA,0.035077018114214105
equity_hrp,2021-06-01,PSA,0.03535117147052241
equity_hrp,2021-07-01,PSA,0.020861316520874387
equity_hrp,2021-08-02,PSA,0.021948908247757026
equity_hrp,2021-09-01,PSA,0.03938297195813638
equity_hrp,2021-10-01,PSA,0.03899773788852624
equity_hrp,2021-11-01,PSA,0.03378951577408319
equity_hrp,2021-12-01,PSA,0.04127461003752358
equity_hrp,2022-01-03,PSA,0.022213797875376022
equity_hrp,2022-02-01,PSA,0.037508518706657834
equity_hrp,2022-03-01,PSA,0.01839514694962596
equity_hrp,2022-04-01,PSA,0.017789314250177175
equity_hrp,2022-05-02,PSA,0.01968621283971125
equity_hrp,2022-06-01,PSA,0.021652870832843785
equity_hrp,2022-07-01,PSA,0.02291679238181698
equity_hrp,2022-08-01,PSA,0.025309500357198946
equity_hrp,2022-09-01,PSA,0.012742501725645708
equity_hrp,2022-10-03,PSA,0.012562429848340596
equity_hrp,2022-11-01,PSA,0.013694061829325487
equity_hrp,2022-12-01,PSA,0.015143281273313212
equity_hrp,2023-01-03,PSA,0.016385948506484393
equity_hrp,2023-02-01,PSA,0.011656607990965693
equity_hrp,2023-03-01,PSA,0.028673133887417997
equity_hrp,2023-04-03,PSA,0.01608549094785209
equity_hrp,2023-05-01,PSA,0.015982971664001012
equity_hrp,2023-06-01,PSA,0.024194209947529976
equity_hrp,2023-07-03,PSA,0.01288515252287182
equity_hrp,2023-08-01,PSA,0.013619158390585938
equity_hrp,2023-09-01,PSA,0.013750114804086357
equity_hrp,2023-10-02,PSA,0.01491780743952315
equity_hrp,2023-11-01,PSA,0.01893422029843901
equity_hrp,2023-12-01,PSA,0.010295580329028742
equity_hrp,2021-01-04,QCOM,0.012434823577670229
equity_hrp,2021-02-01,QCOM,0.010650223707337272
equity_hrp,2021-03-01,QCOM,0.011733003587876179
equity_hrp,2021-04-01,QCOM,0.01609448642134845
equity_hrp,2021-05-03,QCOM,0.01006998121450939
equity_hrp,2021-06-01,QCOM,0.01065826196324477
equity_hrp,2021-07-01,QCOM,0.009374650062108539
equity_hrp,2021-08-02,QCOM,0.01211191265508894
equity_hrp,2021-09-01,QCOM,0.0076151551997842145
equity_hrp,2021-10-01,QCOM,0.007181059644759064
equity_hrp,2021-11-01,QCOM,0.007708399746657575
equity_hrp,2021-12-01,QCOM,0.012262319671519924
equity_hrp,2022-01-03,QCOM,0.0074302886251098295
equity_hrp,2022-02-01,QCOM,0.006771351916734076
equity_hrp,2022-03-01,QCOM,0.00638387582516887
equity_hrp,2022-04-01,QCOM,0.00803805858375396
equity_hrp,2022-05-02,QCOM,0.00780305464749023
equity_hrp,2022-06-01,QCOM,0.005658762454475429
equity_hrp,2022-07-01,QCOM,0.006137723992665744
equity_hrp,2022-08-01,QCOM,0.004948468283956001
equity_hrp,2022-09-01,QCOM,0.0035874096840816565
equity_hrp,2022-10-03,QCOM,0.006457397684445566
equity_hrp,2022-11-01,QCOM,0.005261536667433619
equity_hrp,2022-12-01,QCOM,0.010071394036147624
equity_hrp,2023-01-03,QCOM,0.005383875630497736
equity_hrp,2023-02-01,QCOM,0.00503197087306134
equity_hrp,2023-03-01,QCOM,0.008128687494652318
equity_hrp,2023-04-03,QCOM,0.0066700896102279495
equity_hrp,2023-05-01,QCOM,0.006766266391850228
equity_hrp,2023-06-01,QCOM,0.006638393048188841
equity_hrp,2023-07-03,QCOM,0.009655304563294843
equity_hrp,2023-08-01,QCOM,0.008632224060209493
equity_hrp,2023-09-01,QCOM,0.008376244393280633
equity_hrp,2023-10-02,QCOM,0.007175421466032409
equity_hrp,2023-11-01,QCOM,0.009167614527235668
equity_hrp,2023-12-01,QCOM,0.011737311104800677
equity_hrp,2021-01-04,SBUX,0.0136748938691604
equity_hrp,2021-02-01,SBUX,0.012574617126120933
equity_hrp,2021-03-01,SBUX,0.013499616181211361
equity_hrp,2021-04-01,SBUX,0.027645521450903147
equity_hrp,2021-05-03,SBUX,0.018236545475903823
equity_hrp,2021-06-01,SBUX,0.02599724331399723
equity_hrp,2021-07-01,SBUX,0.030458510721828487
equity_hrp,2021-08-02,SBUX,0.02134039961900364
equity_hrp,2021-09-01,SBUX,0.016530725106190587
equity_hrp,2021-10-01,SBUX,0.019377327050390972
equity_hrp,2021-11-01,SBUX,0.015004557722147212
equity_hrp,2021-12-01,SBUX,0.02442536063733853
equity_hrp,2022-01-03,SBUX,0.015492159594939053
equity_hrp,2022-02-01,SBUX,0.023361717915616295
equity_hrp,2022-03-01,SBUX,0.03153987652556636
equity_hrp,2022-04-01,SBUX,0.026458854320973422
equity_hrp,2022-05-02,SBUX,0.02328931927004976
equity_hrp,2022-06-01,SBUX,0.012000073562897047
equity_hrp,2022-07-01,SBUX,0.009391896072382094
equity_hrp,2022-08-01,SBUX,0.01145524903549895
equity_hrp,2022-09-01,SBUX,0.011982047740160711
equity_hrp,2022-10-03,SBUX,0.01158674022453784
equity_hrp,2022-11-01,SBUX,0.01697083343502864
equity_hrp,2022-12-01,SBUX,0.016122970876292823
equity_hrp,2023-01-03,SBUX,0.012251156244673734
equity_hrp,2023-02-01,SBUX,0.009393790985093185
equity_hrp,2023-03-01,SBUX,0.012011597741272733
equity_hrp,2023-04-03,SBUX,0.017379762701967567
equity_hrp,2023-05-01,SBUX,0.02297067346045857
equity_hrp,2023-06-01,SBUX,0.015192563509368392
equity_hrp,2023-07-03,SBUX,0.017071247515147044
equity_hrp,2023-08-01,SBUX,0.01343422296740049
equity_hrp,2023-09-01,SBUX,0.015785171167720553
equity_hrp,2023-10-02,SBUX,0.019747085561217324
equity_hrp,2023-11-01,SBUX,0.019300992708746745
equity_hrp,2023-12-01,SBUX,0.027874926205641276
equity_hrp,2021-01-04,SHW,0.030166641659090426
equity_hrp,2021-02-01,SHW,0.018727530662502625
equity_hrp,2021-03-01,SHW,0.018947507713403706
equity_hrp,2021-04-01,SHW,0.020870738910705938
equity_hrp,2021-05-03,SHW,0.038642704654405224
equity_hrp,2021-06-01,SHW,0.029903063131822363
equity_hrp,2021-07-01,SHW,0.029689790752014455
equity_hrp,2021-08-02,SHW,0.034415607633642424
equity_hrp,2021-09-01,SHW,0.03628545769896557
equity_hrp,2021-10-01,SHW,0.03834971938764897
equity_hrp,2021-11-01,SHW,0.03671004372873674
equity_hrp,2021-12-01,SHW,0.03903581406406938
equity_hrp,2022-01-03,SHW,0.03792182432783622
equity_hrp,2022-02-01,SHW,0.040559414479879104
equity_hrp,2022-03-01,SHW,0.02911566831944129
equity_hrp,2022-04-01,SHW,0.0312541998055643
equity_hrp,2022-05-02,SHW,0.024489198198522934
equity_hrp,2022-06-01,SHW,0.03207423739824105
equity_hrp,2022-07-01,SHW,0.0260006452863012
equity_hrp,2022-08-01,SHW,0.02159882944844984
equity_hrp,2022-09-01,SHW,0.022835415108189646
equity_hrp,2022-10-03,SHW,0.015725070078291683
equity_hrp,2022-11-01,SHW,0.0176898447805502
equity_hrp,2022-12-01,SHW,0.016376314133707243
equity_hrp,2023-01-03,SHW,0.019084779833411353
equity_hrp,2023-02-01,SHW,0.01383621044944371
equity_hrp,2023-03-01,SHW,0.018938285018655195
equity_hrp,2023-04-03,SHW,0.014679049983138504
equity_hrp,2023-05-01,SHW,0.018999614029053563
equity_hrp,2023-06-01,SHW,0.017991798697725412
equity_hrp,2023-07-03,SHW,0.013679832008149255
equity_hrp,2023-08-01,SHW,0.012868865588350502
equity_hrp,2023-09-01,SHW,0.015497149645338593
equity_hrp,2023-10-02,SHW,0.0125003428987909
equity_hrp,2023-11-01,SHW,0.010737208037083225
equity_hrp,2023-12-01,SHW,0.015606896870372483
equity_hrp,2021-01-04,SLB,0.005517950153923043
equity_hrp,2021-02-01,SLB,0.00540854203243157
equity_hrp,2021-03-01,SLB,0.005738605476954087
equity_hrp,2021-04-01,SLB,0.005523850178117806
equity_hrp,2021-05-03,SLB,0.0029387414446924824
equity_hrp,2021-06-01,SLB,0.004574241509617012
equity_hrp,2021-07-01,SLB,0.0024533258128212813
equity_hrp,2021-08-02,SLB,0.0029415838481902257
equity_hrp,2021-09-01,SLB,0.00404504663326646
equity_hrp,2021-10-01,SLB,0.002386978716771643
equity_hrp,2021-11-01,SLB,0.002163257542850161
equity_hrp,2021-12-01,SLB,0.004206212445879823
equity_hrp,2022-01-03,SLB,0.004835114696206805
equity_hrp,2022-02-01,SLB,0.003897330183921947
equity_hrp,2022-03-01,SLB,0.004251914722764224
equity_hrp,2022-04-01,SLB,0.006166575026242971
equity_hrp,2022-05-02,SLB,0.00867686500761763
equity_hrp,2022-06-01,SLB,0.010380072032483405
equity_hrp,2022-07-01,SLB,0.005228211262395883
equity_hrp,2022-08-01,SLB,0.005309715347873978
equity_hrp,2022-09-01,SLB,0.004986309501510828
equity_hrp,2022-10-03,SLB,0.010813061648376494
equity_hrp,2022-11-01,SLB,0.0095944031913782
equity_hrp,2022-12-01,SLB,0.0072916731999263336
equity_hrp,2023-01-03,SLB,0.007449787757444437
equity_hrp,2023-02-01,SLB,0.009358859865429649
equity_hrp,2023-03-01,SLB,0.006126259525697157
equity_hrp,2023-04-03,SLB,0.006489131647784533
equity_hrp,2023-05-01,SLB,0.006053943020460455
equity_hrp,2023-06-01,SLB,0.005886318787711359
equity_hrp,2023-07-03,SLB,0.0053747434559894385
equity_hrp,2023-08-01,SLB,0.007212537949250149
equity_hrp,2023-09-01,SLB,0.009195134346433905
equity_hrp,2023-10-02,SLB,0.01077338763890868
equity_hrp,2023-11-01,SLB,0.011410540054431413
equity_hrp,2023-12-01,SLB,0.008817404854687887
equity_hrp,2021-01-04,SO,0.026038870689607196
equity_hrp,2021-02-01,SO,0.01129489491150167
equity_hrp,2021-03-01,SO,0.011441472149992707
equity_hrp,2021-04-01,SO,0.01783778598677702
equity_hrp,2021-05-03,SO,0.027000787549528085
equity_hrp,2021-06-01,SO,0.023811232927180775
equity_hrp,2021-07-01,SO,0.02435245387738058
equity_hrp,2021-08-02,SO,0.04012598092376197
equity_hrp,2021-09-01,SO,0.030387929287345922
equity_hrp,2021-10-01,SO,0.024140689393777257
equity_hrp,2021-11-01,SO,0.02807247844966312
equity_hrp,2021-12-01,SO,0.023666240080646158
equity_hrp,2022-01-03,SO,0.04271248686445727
equity_hrp,2022-02-01,SO,0.02609573999224637
equity_hrp,2022-03-01,SO,0.021774785425950644
equity_hrp,2022-04-01,SO,0.05453613247487426
equity_hrp,2022-05-02,SO,0.01934268205574201
equity_hrp,2022-06-01,SO,0.03370532773379041
equity_hrp,2022-07-01,SO,0.021254492709634587
equity_hrp,2022-08-01,SO,0.022073959514250056
equity_hrp,2022-09-01,SO,0.03220928147714602
equity_hrp,2022-10-03,SO,0.019805242395520943
equity_hrp,2022-11-01,SO,0.021262998874419542
equity_hrp,2022-12-01,SO,0.02211692034882809
equity_hrp,2023-01-03,SO,0.05566067436276186
equity_hrp,2023-02-01,SO,0.01871608068356346
equity_hrp,2023-03-01,SO,0.01894137627159489
equity_hrp,2023-04-03,SO,0.03206263216072819
equity_hrp,2023-05-01,SO,0.03231832632683929
equity_hrp,2023-06-01,SO,0.019238073009128207
equity_hrp,2023-07-03,SO,0.017903680858569932
equity_hrp,2023-08-01,SO,0.016154309364304873
equity_hrp,2023-09-01,SO,0.018775671833106584
equity_hrp,2023-10-02,SO,0.014993467105760733
equity_hrp,2023-11-01,SO,0.02793399844860845
equity_hrp,2023-12-01,SO,0.017076185957725025
equity_hrp,2021-01-04,T,0.0441002335574877
equity_hrp,2021-02-01,T,0.03778173687576601
equity_hrp,2021-03-01,T,0.022273886645497284
equity_hrp,2021-04-01,T,0.024031126866374045
equity_hrp,2021-05-03,T,0.02832373807850089
equity_hrp,2021-06-01,T,0.03902164293807946
equity_hrp,2021-07-01,T,0.060895725247177936
equity_hrp,2021-08-02,T,0.04064804226347497
equity_hrp,2021-09-01,T,0.052056447926959105
equity_hrp,2021-10-01,T,0.03248101109899684
equity_hrp,2021-11-01,T,0.030817345531526662
equity_hrp,2021-12-01,T,0.03976171454666155
equity_hrp,2022-01-03,T,0.02854843203233317
equity_hrp,2022-02-01,T,0.02383187820582041
equity_hrp,2022-03-01,T,0.021017974778608024
equity_hrp,2022-04-01,T,0.03603211823104127
equity_hrp,2022-05-02,T,0.015026449617318097
equity_hrp,2022-06-01,T,0.022037183504185234
equity_hrp,2022-07-01,T,0.024925499565371743
equity_hrp,2022-08-01,T,0.032911443641672
equity_hrp,2022-09-01,T,0.033211768753833804
equity_hrp,2022-10-03,T,0.03975941381926537
equity_hrp,2022-11-01,T,0.03711666883091757
equity_hrp,2022-12-01,T,0.03562296625610839
equity_hrp,2023-01-03,T,0.03600993366932843
equity_hrp,2023-02-01,T,0.042179145120930336
equity_hrp,2023-03-01,T,0.03764828771039288
equity_hrp,2023-04-03,T,0.038643694454007206
equity_hrp,2023-05-01,T,0.034700877528731376
equity_hrp,2023-06-01,T,0.03029471348198674
equity_hrp,2023-07-03,T,0.033856976808269226
equity_hrp,2023-08-01,T,0.02627033755272104
equity_hrp,2023-09-01,T,0.02916094097229479
equity_hrp,2023-10-02,T,0.0314144328613091
equity_hrp,2023-11-01,T,0.02639196784948515
equity_hrp,2023-12-01,T,0.024680514246030644
equity_hrp,2021-01-04,TMUS,0.025223644647753223
equity_hrp,2021-02-01,TMUS,0.025159755581717878
equity_hrp,2021-03-01,TMUS,0.028281502368293812
equity_hrp,2021-04-01,TMUS,0.04042930419936517
equity_hrp,2021-05-03,TMUS,0.030829737768809852
equity_hrp,2021-06-01,TMUS,0.032304017681771297
equity_hrp,2021-07-01,TMUS,0.02343184949729718
equity_hrp,2021-08-02,TMUS,0.03314364963196973
equity_hrp,2021-09-01,TMUS,0.029588014437482966
equity_hrp,2021-10-01,TMUS,0.034278671063262905
equity_hrp,2021-11-01,TMUS,0.03318385014313869
equity_hrp,2021-12-01,TMUS,0.028707049775886923
equity_hrp,2022-01-03,TMUS,0.029376448122132835
equity_hrp,2022-02-01,TMUS,0.022310458715788795
equity_hrp,2022-03-01,TMUS,0.02240439551153982
equity_hrp,2022-04-01,TMUS,0.024752585096923862
equity_hrp,2022-05-02,TMUS,0.032893879839805545
equity_hrp,2022-06-01,TMUS,0.02613902382621336
equity_hrp,2022-07-01,TMUS,0.02901418933964659
equity_hrp,2022-08-01,TMUS,0.019194617872495448
equity_hrp,2022-09-01,TMUS,0.019604701901211916
equity_hrp,2022-10-03,TMUS,0.025799804008762806
equity_hrp,2022-11-01,TMUS,0.02986688825617301
equity_hrp,2022-12-01,TMUS,0.018510469297770536
equity_hrp,2023-01-03,TMUS,0.023003726622958028
equity_hrp,2023-02-01,TMUS,0.034606036723873905
equity_hrp,2023-03-01,TMUS,0.029903693721535816
equity_hrp,2023-04-03,TMUS,0.030019492531143093
equity_hrp,2023-05-01,TMUS,0.026388773099270808
equity_hrp,2023-06-01,TMUS,0.026103780128634835
equity_hrp,2023-07-03,TMUS,0.03753396952896696
equity_hrp,2023-08-01,TMUS,0.04303805153007594
equity_hrp,2023-09-01,TMUS,0.04030665455545944
equity_hrp,2023-10-02,TMUS,0.03751880464017988
equity_hrp,2023-11-01,TMUS,0.04085117980782156
equity_hrp,2023-12-01,TMUS,0.040151446946018576
equity_hrp,2021-01-04,TTWO,0.03475506080141566
equity_hrp,2021-02-01,TTWO,0.03126034276769566
equity_hrp,2021-03-01,TTWO,0.03626929484390526
equity_hrp,2021-04-01,TTWO,0.021254051706466826
equity_hrp,2021-05-03,TTWO,0.026047389444549974
equity_hrp,2021-06-01,TTWO,0.0153284419441353
equity_hrp,2021-07-01,TTWO,0.013176299195431467
equity_hrp,2021-08-02,TTWO,0.010274213220235882
equity_hrp,2021-09-01,TTWO,0.009809093721860344
equity_hrp,2021-10-01,TTWO,0.01380884567067909
equity_hrp,2021-11-01,TTWO,0.012882234171251268
equity_hrp,2021-12-01,TTWO,0.011835358510076461
equity_hrp,2022-01-03,TTWO,0.021064465446981734
equity_hrp,2022-02-01,TTWO,0.012179654396792526
equity_hrp,2022-03-01,TTWO,0.0170956900622826
equity_hrp,2022-04-01,TTWO,0.012347286489672557
equity_hrp,2022-05-02,TTWO,0.013917151801939625
equity_hrp,2022-06-01,TTWO,0.01653879589229272
equity_hrp,2022-07-01,TTWO,0.018209865420568926
equity_hrp,2022-08-01,TTWO,0.012858645080318162
equity_hrp,2022-09-01,TTWO,0.01410673619775324
equity_hrp,2022-10-03,TTWO,0.018537849639596173
equity_hrp,2022-11-01,TTWO,0.014277599556148497
equity_hrp,2022-12-01,TTWO,0.015479651389578717
equity_hrp,2023-01-03,TTWO,0.010323665174071987
equity_hrp,2023-02-01,TTWO,0.011448448683573503
equity_hrp,2023-03-01,TTWO,0.019025167239833208
equity_hrp,2023-04-03,TTWO,0.012349451968667489
equity_hrp,2023-05-01,TTWO,0.012309366258573413
equity_hrp,2023-06-01,TTWO,0.012125579685165923
equity_hrp,2023-07-03,TTWO,0.020671844400974478
equity_hrp,2023-08-01,TTWO,0.022257825864361647
equity_hrp,2023-09-01,TTWO,0.014445101480879767
equity_hrp,2023-10-02,TTWO,0.01985199700181003
equity_hrp,2023-11-01,TTWO,0.009592654239734415
equity_hrp,2023-12-01,TTWO,0.011112176711514894
equity_hrp,2021-01-04,UPS,0.037827718808302754
equity_hrp,2021-02-01,UPS,0.03936600857269001
equity_hrp,2021-03-01,UPS,0.0401005724856997
equity_hrp,2021-04-01,UPS,0.028438032840944698
equity_hrp,2021-05-03,UPS,0.027593193263555155
equity_hrp,2021-06-01,UPS,0.025496560551426316
equity_hrp,2021-07-01,UPS,0.015700141511509738
equity_hrp,2021-08-02,UPS,0.023750296880198994
equity_hrp,2021-09-01,UPS,0.02330179030773483
equity_hrp,2021-10-01,UPS,0.021788447396638176
equity_hrp,2021-11-01,UPS,0.026985952020121197
equity_hrp,2021-12-01,UPS,0.020956828791474
equity_hrp,2022-01-03,UPS,0.030724378318597634
equity_hrp,2022-02-01,UPS,0.0302901476106946
equity_hrp,2022-03-01,UPS,0.01850889665825556
equity_hrp,2022-04-01,UPS,0.018174124565503467
equity_hrp,2022-05-02,UPS,0.03038563445591251
equity_hrp,2022-06-01,UPS,0.016513149432585313
equity_hrp,2022-07-01,UPS,0.01770883373718032
equity_hrp,2022-08-01,UPS,0.025276615488836134
equity_hrp,2022-09-01,UPS,0.01676140919969834
equity_hrp,2022-10-03,UPS,0.02606051314436539
equity_hrp,2022-11-01,UPS,0.028230182185426486
equity_hrp,2022-12-01,UPS,0.014698250239154687
equity_hrp,2023-01-03,UPS,0.016562556093870317
equity_hrp,2023-02-01,UPS,0.016801416721313755
equity_hrp,2023-03-01,UPS,0.018177375307008525
equity_hrp,2023-04-03,UPS,0.017993009552214057
equity_hrp,2023-05-01,UPS,0.025822493465456106
equity_hrp,2023-06-01,UPS,0.01867948978163408
equity_hrp,2023-07-03,UPS,0.01930058706773402
equity_hrp,2023-08-01,UPS,0.01631100247318037
equity_hrp,2023-09-01,UPS,0.015538704727336906
equity_hrp,2023-10-02,UPS,0.01641265612841322
equity_hrp,2023-11-01,UPS,0.0157558808977915
equity_hrp,2023-12-01,UPS,0.02253823350801308
equity_hrp,2021-01-04,USB,0.01527607480636873
equity_hrp,2021-02-01,USB,0.007890070315051331
equity_hrp,2021-03-01,USB,0.007462581188879699
equity_hrp,2021-04-01,USB,0.006840963475967218
equity_hrp,2021-05-03,USB,0.004072806590465037
equity_hrp,2021-06-01,USB,0.008730227006216383
equity_hrp,2021-07-01,USB,0.00918948069153834
equity_hrp,2021-08-02,USB,0.005444569321720833
equity_hrp,2021-09-01,USB,0.005798894992486105
equity_hrp,2021-10-01,USB,0.00572142120055172
equity_hrp,2021-11-01,USB,0.007436600756543285
equity_hrp,2021-12-01,USB,0.006181359490615969
equity_hrp,2022-01-03,USB,0.0070184475615990465
equity_hrp,2022-02-01,USB,0.009022996430806028
equity_hrp,2022-03-01,USB,0.010576681333012693
equity_hrp,2022-04-01,USB,0.011438212828608511
equity_hrp,2022-05-02,USB,0.008698547606787487
equity_hrp,2022-06-01,USB,0.008341834443375759
equity_hrp,2022-07-01,USB,0.00975347050967496
equity_hrp,2022-08-01,USB,0.020066877097067642
equity_hrp,2022-09-01,USB,0.013358895156864902
equity_hrp,2022-10-03,USB,0.01980122867536923
equity_hrp,2022-11-01,USB,0.011908167374609785
equity_hrp,2022-12-01,USB,0.01609136482983428
equity_hrp,2023-01-03,USB,0.022486157208135113
equity_hrp,2023-02-01,USB,0.015865836902273008
equity_hrp,2023-03-01,USB,0.01194525582026075
equity_hrp,2023-04-03,USB,0.009938652507047167
equity_hrp,2023-05-01,USB,0.011011526233913474
equity_hrp,2023-06-01,USB,0.009060992085042605
equity_hrp,2023-07-03,USB,0.009132438350520659
equity_hrp,2023-08-01,USB,0.012152450075673955
equity_hrp,2023-09-01,USB,0.007231721973527483
equity_hrp,2023-10-02,USB,0.010885905682823093
equity_hrp,2023-11-01,USB,0.005513020902563083
equity_hrp,2023-12-01,USB,0.004303115530238152
equity_hrp,2021-01-04,V,0.01554275692961116
equity_hrp,2021-02-01,V,0.014366488623855457
equity_hrp,2021-03-01,V,0.02628942591742871
equity_hrp,2021-04-01,V,0.01539788583402798
equity_hrp,2021-05-03,V,0.016384142820480552
equity_hrp,2021-06-01,V,0.022781928248026936
equity_hrp,2021-07-01,V,0.0240950158250017
equity_hrp,2021-08-02,V,0.024758295544809426
equity_hrp,2021-09-01,V,0.015751859776568358
equity_hrp,2021-10-01,V,0.02263150037179366
equity_hrp,2021-11-01,V,0.014094180552593791
equity_hrp,2021-12-01,V,0.015833582858326613
equity_hrp,2022-01-03,V,0.011455629749392106
equity_hrp,2022-02-01,V,0.015354202404305649
equity_hrp,2022-03-01,V,0.015611900922319679
equity_hrp,2022-04-01,V,0.019179623969600507
equity_hrp,2022-05-02,V,0.018339565024116655
equity_hrp,2022-06-01,V,0.012607519793864758
equity_hrp,2022-07-01,V,0.014723945218239547
equity_hrp,2022-08-01,V,0.01577948735538707
equity_hrp,2022-09-01,V,0.01383469300391603
equity_hrp,2022-10-03,V,0.017904575434113223
equity_hrp,2022-11-01,V,0.018593092796262825
equity_hrp,2022-12-01,V,0.028429117255709686
equity_hrp,2023-01-03,V,0.030746774310791168
equity_hrp,2023-02-01,V,0.023241778534975284
equity_hrp,2023-03-01,V,0.014359906819463437
equity_hrp,2023-04-03,V,0.022843771539941476
equity_hrp,2023-05-01,V,0.02020391544882001
equity_hrp,2023-06-01,V,0.02331507129534572
equity_hrp,2023-07-03,V,0.02774595619426064
equity_hrp,2023-08-01,V,0.04503281586320325
equity_hrp,2023-09-01,V,0.04264043040767335
equity_hrp,2023-10-02,V,0.03544891101555828
equity_hrp,2023-11-01,V,0.03369244683340219
equity_hrp,2023-12-01,V,0.047001756443264146
equity_hrp,2021-01-04,WFC,0.008629363540059613
equity_hrp,2021-02-01,WFC,0.007112051690593436
equity_hrp,2021-03-01,WFC,0.00661467099053038
equity_hrp,2021-04-01,WFC,0.008704626706580235
equity_hrp,2021-05-03,WFC,0.003224516716677306
equity_hrp,2021-06-01,WFC,0.00456803702873331
equity_hrp,2021-07-01,WFC,0.007678687119266654
equity_hrp,2021-08-02,WFC,0.004225351169753771
equity_hrp,2021-09-01,WFC,0.004311898182348059
equity_hrp,2021-10-01,WFC,0.004089704739441974
equity_hrp,2021-11-01,WFC,0.006597950588640636
equity_hrp,2021-12-01,WFC,0.0037729272212971795
equity_hrp,2022-01-03,WFC,0.004316738337258904
equity_hrp,2022-02-01,WFC,0.010615238569707619
equity_hrp,2022-03-01,WFC,0.0071284983915508235
equity_hrp,2022-04-01,WFC,0.004824986621916582
equity_hrp,2022-05-02,WFC,0.005662185505228848
equity_hrp,2022-06-01,WFC,0.013874617735119513
equity_hrp,2022-07-01,WFC,0.011937175207665438
equity_hrp,2022-08-01,WFC,0.008220295209961816
equity_hrp,2022-09-01,WFC,0.008241793807328604
equity_hrp,2022-10-03,WFC,0.0070676272532448035
equity_hrp,2022-11-01,WFC,0.008665795909925278
equity_hrp,2022-12-01,WFC,0.01692327957741757
equity_hrp,2023-01-03,WFC,0.009321037629522168
equity_hrp,2023-02-01,WFC,0.01174930188230468
equity_hrp,2023-03-01,WFC,0.008856673686614526
equity_hrp,2023-04-03,WFC,0.010947634816978326
equity_hrp,2023-05-01,WFC,0.012741642910217633
equity_hrp,2023-06-01,WFC,0.019765612058197837
equity_hrp,2023-07-03,WFC,0.017293328505411095
equity_hrp,2023-08-01,WFC,0.011736129513927598
equity_hrp,2023-09-01,WFC,0.009205280897241618
equity_hrp,2023-10-02,WFC,0.011646808520596685
equity_hrp,2023-11-01,WFC,0.016200776678628896
equity_hrp,2023-12-01,WFC,0.00873117789416995
equity_hrp,2021-01-04,WMT,0.055717917065327124
equity_hrp,2021-02-01,WMT,0.05702271606951483
equity_hrp,2021-03-01,WMT,0.05319187833093894
equity_hrp,2021-04-01,WMT,0.062013661581765626
equity_hrp,2021-05-03,WMT,0.07359426643421084
equity_hrp,2021-06-01,WMT,0.06309431589723165
equity_hrp,2021-07-01,WMT,0.042487030871732265
equity_hrp,2021-08-02,WMT,0.046598813765689036
equity_hrp,2021-09-01,WMT,0.043726214810413264
equity_hrp,2021-10-01,WMT,0.05733783329555553
equity_hrp,2021-11-01,WMT,0.054213484859750465
equity_hrp,2021-12-01,WMT,0.054976296592829335
equity_hrp,2022-01-03,WMT,0.05761888270388837
equity_hrp,2022-02-01,WMT,0.05279639644439735
equity_hrp,2022-03-01,WMT,0.07306803155570123
equity_hrp,2022-04-01,WMT,0.058797402623151154
equity_hrp,2022-05-02,WMT,0.06616922104142407
equity_hrp,2022-06-01,WMT,0.04300378204161845
equity_hrp,2022-07-01,WMT,0.04678223258523994
equity_hrp,2022-08-01,WMT,0.04364679922980149
equity_hrp,2022-09-01,WMT,0.040671673384124536
equity_hrp,2022-10-03,WMT,0.046633858648104105
equity_hrp,2022-11-01,WMT,0.05777562450957207
equity_hrp,2022-12-01,WMT,0.039164599543528064
equity_hrp,2023-01-03,WMT,0.037969875484541914
equity_hrp,2023-02-01,WMT,0.04105793066657708
equity_hrp,2023-03-01,WMT,0.03554079832015846
equity_hrp,2023-04-03,WMT,0.03764518617292884
equity_hrp,2023-05-01,WMT,0.041879624736564404
equity_hrp,2023-06-01,WMT,0.052231166008646336
equity_hrp,2023-07-03,WMT,0.048627406409202004
equity_hrp,2023-08-01,WMT,0.05188054186264883
equity_hrp,2023-09-01,WMT,0.06908771788423648
equity_hrp,2023-10-02,WMT,0.06657653914858223
equity_hrp,2023-11-01,WMT,0.07935217967353206
equity_hrp,2023-12-01,WMT,0.07645155755929871
equity_hrp,2021-01-04,XOM,0.011864797339269836
equity_hrp,2021-02-01,XOM,0.01145432638502708
equity_hrp,2021-03-01,XOM,0.012332348958946344
equity_hrp,2021-04-01,XOM,0.011768850863709202
equity_hrp,2021-05-03,XOM,0.004764529769423081
equity_hrp,2021-06-01,XOM,0.008621054188292485
equity_hrp,2021-07-01,XOM,0.004163369910775549
equity_hrp,2021-08-02,XOM,0.0041637551485431135
equity_hrp,2021-09-01,XOM,0.005132856129875135
equity_hrp,2021-10-01,XOM,0.003807554041541846
equity_hrp,2021-11-01,XOM,0.003565945300237006
equity_hrp,2021-12-01,XOM,0.00474594484186098
equity_hrp,2022-01-03,XOM,0.0062113250214345505
equity_hrp,2022-02-01,XOM,0.007038627400609914
equity_hrp,2022-03-01,XOM,0.007354006824915868
equity_hrp,2022-04-01,XOM,0.009275886156864201
equity_hrp,2022-05-02,XOM,0.020926118662861717
equity_hrp,2022-06-01,XOM,0.015412589474190715
equity_hrp,2022-07-01,XOM,0.015092737633931022
equity_hrp,2022-08-01,XOM,0.01692660059187863
equity_hrp,2022-09-01,XOM,0.011750352564792801
equity_hrp,2022-10-03,XOM,0.019234150960864657
equity_hrp,2022-11-01,XOM,0.021697042163919954
equity_hrp,2022-12-01,XOM,0.009362258319257827
equity_hrp,2023-01-03,XOM,0.009532018906035009
equity_hrp,2023-02-01,XOM,0.02172187390991587
equity_hrp,2023-03-01,XOM,0.014661892605059023
equity_hrp,2023-04-03,XOM,0.009678023581661182
equity_hrp,2023-05-01,XOM,0.00953729890438065
equity_hrp,2023-06-01,XOM,0.010411789699212755
equity_hrp,2023-07-03,XOM,0.013091176362734207
equity_hrp,2023-08-01,XOM,0.011247322774581554
equity_hrp,2023-09-01,XOM,0.02238688360151934
equity_hrp,2023-10-02,XOM,0.013750840505150066
equity_hrp,2023-11-01,XOM,0.011900773337330195
equity_hrp,2023-12-01,XOM,0.012044148727647853
crypto_equal_weight,2021-01-01,ADA-USD,0.1
crypto_equal_weight,2021-02-01,ADA-USD,0.1
crypto_equal_weight,2021-03-01,ADA-USD,0.1
crypto_equal_weight,2021-04-01,ADA-USD,0.1
crypto_equal_weight,2021-05-01,ADA-USD,0.1
crypto_equal_weight,2021-06-01,ADA-USD,0.1
crypto_equal_weight,2021-07-01,ADA-USD,0.1
crypto_equal_weight,2021-08-01,ADA-USD,0.1
crypto_equal_weight,2021-09-01,ADA-USD,0.1
crypto_equal_weight,2021-10-01,ADA-USD,0.1
crypto_equal_weight,2021-11-01,ADA-USD,0.1
crypto_equal_weight,2021-12-01,ADA-USD,0.1
crypto_equal_weight,2022-01-01,ADA-USD,0.1
crypto_equal_weight,2022-02-01,ADA-USD,0.1
crypto_equal_weight,2022-03-01,ADA-USD,0.1
crypto_equal_weight,2022-04-01,ADA-USD,0.1
crypto_equal_weight,2022-05-01,ADA-USD,0.1
crypto_equal_weight,2022-06-01,ADA-USD,0.1
crypto_equal_weight,2022-07-01,ADA-USD,0.1
crypto_equal_weight,2022-08-01,ADA-USD,0.1
crypto_equal_weight,2022-09-01,ADA-USD,0.1
crypto_equal_weight,2022-10-01,ADA-USD,0.1
crypto_equal_weight,2022-11-01,ADA-USD,0.1
crypto_equal_weight,2022-12-01,ADA-USD,0.1
crypto_equal_weight,2023-01-01,ADA-USD,0.1
crypto_equal_weight,2023-02-01,ADA-USD,0.1
crypto_equal_weight,2023-03-01,ADA-USD,0.1
crypto_equal_weight,2023-04-01,ADA-USD,0.1
crypto_equal_weight,2023-05-01,ADA-USD,0.1
crypto_equal_weight,2023-06-01,ADA-USD,0.1
crypto_equal_weight,2023-07-01,ADA-USD,0.1
crypto_equal_weight,2023-08-01,ADA-USD,0.1
crypto_equal_weight,2023-09-01,ADA-USD,0.1
crypto_equal_weight,2023-10-01,ADA-USD,0.1
crypto_equal_weight,2023-11-01,ADA-USD,0.1
crypto_equal_weight,2023-12-01,ADA-USD,0.1
crypto_equal_weight,2021-01-01,BCH-USD,0.1
crypto_equal_weight,2021-02-01,BCH-USD,0.1
crypto_equal_weight,2021-03-01,BCH-USD,0.1
crypto_equal_weight,2021-04-01,BCH-USD,0.1
crypto_equal_weight,2021-05-01,BCH-USD,0.1
crypto_equal_weight,2021-06-01,BCH-USD,0.1
crypto_equal_weight,2021-07-01,BCH-USD,0.1
crypto_equal_weight,2021-08-01,BCH-USD,0.1
crypto_equal_weight,2021-09-01,BCH-USD,0.1
crypto_equal_weight,2021-10-01,BCH-USD,0.1
crypto_equal_weight,2021-11-01,BCH-USD,0.1
crypto_equal_weight,2021-12-01,BCH-USD,0.1
crypto_equal_weight,2022-01-01,BCH-USD,0.1
crypto_equal_weight,2022-02-01,BCH-USD,0.1
crypto_equal_weight,2022-03-01,BCH-USD,0.1
crypto_equal_weight,2022-04-01,BCH-USD,0.1
crypto_equal_weight,2022-05-01,BCH-USD,0.1
crypto_equal_weight,2022-06-01,BCH-USD,0.1
crypto_equal_weight,2022-07-01,BCH-USD,0.1
crypto_equal_weight,2022-08-01,BCH-USD,0.1
crypto_equal_weight,2022-09-01,BCH-USD,0.1
crypto_equal_weight,2022-10-01,BCH-USD,0.1
crypto_equal_weight,2022-11-01,BCH-USD,0.1
crypto_equal_weight,2022-12-01,BCH-USD,0.1
crypto_equal_weight,2023-01-01,BCH-USD,0.1
crypto_equal_weight,2023-02-01,BCH-USD,0.1
crypto_equal_weight,2023-03-01,BCH-USD,0.1
crypto_equal_weight,2023-04-01,BCH-USD,0.1
crypto_equal_weight,2023-05-01,BCH-USD,0.1
crypto_equal_weight,2023-06-01,BCH-USD,0.1
crypto_equal_weight,2023-07-01,BCH-USD,0.1
crypto_equal_weight,2023-08-01,BCH-USD,0.1
crypto_equal_weight,2023-09-01,BCH-USD,0.1
crypto_equal_weight,2023-10-01,BCH-USD,0.1
crypto_equal_weight,2023-11-01,BCH-USD,0.1
crypto_equal_weight,2023-12-01,BCH-USD,0.1
crypto_equal_weight,2021-01-01,BTC-USD,0.1
crypto_equal_weight,2021-02-01,BTC-USD,0.1
crypto_equal_weight,2021-03-01,BTC-USD,0.1
crypto_equal_weight,2021-04-01,BTC-USD,0.1
crypto_equal_weight,2021-05-01,BTC-USD,0.1
crypto_equal_weight,2021-06-01,BTC-USD,0.1
crypto_equal_weight,2021-07-01,BTC-USD,0.1
crypto_equal_weight,2021-08-01,BTC-USD,0.1
crypto_equal_weight,2021-09-01,BTC-USD,0.1
crypto_equal_weight,2021-10-01,BTC-USD,0.1
crypto_equal_weight,2021-11-01,BTC-USD,0.1
crypto_equal_weight,2021-12-01,BTC-USD,0.1
crypto_equal_weight,2022-01-01,BTC-USD,0.1
crypto_equal_weight,2022-02-01,BTC-USD,0.1
crypto_equal_weight,2022-03-01,BTC-USD,0.1
crypto_equal_weight,2022-04-01,BTC-USD,0.1
crypto_equal_weight,2022-05-01,BTC-USD,0.1
crypto_equal_weight,2022-06-01,BTC-USD,0.1
crypto_equal_weight,2022-07-01,BTC-USD,0.1
crypto_equal_weight,2022-08-01,BTC-USD,0.1
crypto_equal_weight,2022-09-01,BTC-USD,0.1
crypto_equal_weight,2022-10-01,BTC-USD,0.1
crypto_equal_weight,2022-11-01,BTC-USD,0.1
crypto_equal_weight,2022-12-01,BTC-USD,0.1
crypto_equal_weight,2023-01-01,BTC-USD,0.1
crypto_equal_weight,2023-02-01,BTC-USD,0.1
crypto_equal_weight,2023-03-01,BTC-USD,0.1
crypto_equal_weight,2023-04-01,BTC-USD,0.1
crypto_equal_weight,2023-05-01,BTC-USD,0.1
crypto_equal_weight,2023-06-01,BTC-USD,0.1
crypto_equal_weight,2023-07-01,BTC-USD,0.1
crypto_equal_weight,2023-08-01,BTC-USD,0.1
crypto_equal_weight,2023-09-01,BTC-USD,0.1
crypto_equal_weight,2023-10-01,BTC-USD,0.1
crypto_equal_weight,2023-11-01,BTC-USD,0.1
crypto_equal_weight,2023-12-01,BTC-USD,0.1
crypto_equal_weight,2021-01-01,EOS-USD,0.1
crypto_equal_weight,2021-02-01,EOS-USD,0.1
crypto_equal_weight,2021-03-01,EOS-USD,0.1
crypto_equal_weight,2021-04-01,EOS-USD,0.1
crypto_equal_weight,2021-05-01,EOS-USD,0.1
crypto_equal_weight,2021-06-01,EOS-USD,0.1
crypto_equal_weight,2021-07-01,EOS-USD,0.1
crypto_equal_weight,2021-08-01,EOS-USD,0.1
crypto_equal_weight,2021-09-01,EOS-USD,0.1
crypto_equal_weight,2021-10-01,EOS-USD,0.1
crypto_equal_weight,2021-11-01,EOS-USD,0.1
crypto_equal_weight,2021-12-01,EOS-USD,0.1
crypto_equal_weight,2022-01-01,EOS-USD,0.1
crypto_equal_weight,2022-02-01,EOS-USD,0.1
crypto_equal_weight,2022-03-01,EOS-USD,0.1
crypto_equal_weight,2022-04-01,EOS-USD,0.1
crypto_equal_weight,2022-05-01,EOS-USD,0.1
crypto_equal_weight,2022-06-01,EOS-USD,0.1
crypto_equal_weight,2022-07-01,EOS-USD,0.1
crypto_equal_weight,2022-08-01,EOS-USD,0.1
crypto_equal_weight,2022-09-01,EOS-USD,0.1
crypto_equal_weight,2022-10-01,EOS-USD,0.1
crypto_equal_weight,2022-11-01,EOS-USD,0.1
crypto_equal_weight,2022-12-01,EOS-USD,0.1
crypto_equal_weight,2023-01-01,EOS-USD,0.1
crypto_equal_weight,2023-02-01,EOS-USD,0.1
crypto_equal_weight,2023-03-01,EOS-USD,0.1
crypto_equal_weight,2023-04-01,EOS-USD,0.1
crypto_equal_weight,2023-05-01,EOS-USD,0.1
crypto_equal_weight,2023-06-01,EOS-USD,0.1
crypto_equal_weight,2023-07-01,EOS-USD,0.1
crypto_equal_weight,2023-08-01,EOS-USD,0.1
crypto_equal_weight,2023-09-01,EOS-USD,0.1
crypto_equal_weight,2023-10-01,EOS-USD,0.1
crypto_equal_weight,2023-11-01,EOS-USD,0.1
crypto_equal_weight,2023-12-01,EOS-USD,0.1
crypto_equal_weight,2021-01-01,ETC-USD,0.1
crypto_equal_weight,2021-02-01,ETC-USD,0.1
crypto_equal_weight,2021-03-01,ETC-USD,0.1
crypto_equal_weight,2021-04-01,ETC-USD,0.1
crypto_equal_weight,2021-05-01,ETC-USD,0.1
crypto_equal_weight,2021-06-01,ETC-USD,0.1
crypto_equal_weight,2021-07-01,ETC-USD,0.1
crypto_equal_weight,2021-08-01,ETC-USD,0.1
crypto_equal_weight,2021-09-01,ETC-USD,0.1
crypto_equal_weight,2021-10-01,ETC-USD,0.1
crypto_equal_weight,2021-11-01,ETC-USD,0.1
crypto_equal_weight,2021-12-01,ETC-USD,0.1
crypto_equal_weight,2022-01-01,ETC-USD,0.1
crypto_equal_weight,2022-02-01,ETC-USD,0.1
crypto_equal_weight,2022-03-01,ETC-USD,0.1
crypto_equal_weight,2022-04-01,ETC-USD,0.1
crypto_equal_weight,2022-05-01,ETC-USD,0.1
crypto_equal_weight,2022-06-01,ETC-USD,0.1
crypto_equal_weight,2022-07-01,ETC-USD,0.1
crypto_equal_weight,2022-08-01,ETC-USD,0.1
crypto_equal_weight,2022-09-01,ETC-USD,0.1
crypto_equal_weight,2022-10-01,ETC-USD,0.1
crypto_equal_weight,2022-11-01,ETC-USD,0.1
crypto_equal_weight,2022-12-01,ETC-USD,0.1
crypto_equal_weight,2023-01-01,ETC-USD,0.1
crypto_equal_weight,2023-02-01,ETC-USD,0.1
crypto_equal_weight,2023-03-01,ETC-USD,0.1
crypto_equal_weight,2023-04-01,ETC-USD,0.1
crypto_equal_weight,2023-05-01,ETC-USD,0.1
crypto_equal_weight,2023-06-01,ETC-USD,0.1
crypto_equal_weight,2023-07-01,ETC-USD,0.1
crypto_equal_weight,2023-08-01,ETC-USD,0.1
crypto_equal_weight,2023-09-01,ETC-USD,0.1
crypto_equal_weight,2023-10-01,ETC-USD,0.1
crypto_equal_weight,2023-11-01,ETC-USD,0.1
crypto_equal_weight,2023-12-01,ETC-USD,0.1
crypto_equal_weight,2021-01-01,ETH-USD,0.1
crypto_equal_weight,2021-02-01,ETH-USD,0.1
crypto_equal_weight,2021-03-01,ETH-USD,0.1
crypto_equal_weight,2021-04-01,ETH-USD,0.1
crypto_equal_weight,2021-05-01,ETH-USD,0.1
crypto_equal_weight,2021-06-01,ETH-USD,0.1
crypto_equal_weight,2021-07-01,ETH-USD,0.1
crypto_equal_weight,2021-08-01,ETH-USD,0.1
crypto_equal_weight,2021-09-01,ETH-USD,0.1
crypto_equal_weight,2021-10-01,ETH-USD,0.1
crypto_equal_weight,2021-11-01,ETH-USD,0.1
crypto_equal_weight,2021-12-01,ETH-USD,0.1
crypto_equal_weight,2022-01-01,ETH-USD,0.1
crypto_equal_weight,2022-02-01,ETH-USD,0.1
crypto_equal_weight,2022-03-01,ETH-USD,0.1
crypto_equal_weight,2022-04-01,ETH-USD,0.1
crypto_equal_weight,2022-05-01,ETH-USD,0.1
crypto_equal_weight,2022-06-01,ETH-USD,0.1
crypto_equal_weight,2022-07-01,ETH-USD,0.1
crypto_equal_weight,2022-08-01,ETH-USD,0.1
crypto_equal_weight,2022-09-01,ETH-USD,0.1
crypto_equal_weight,2022-10-01,ETH-USD,0.1
crypto_equal_weight,2022-11-01,ETH-USD,0.1
crypto_equal_weight,2022-12-01,ETH-USD,0.1
crypto_equal_weight,2023-01-01,ETH-USD,0.1
crypto_equal_weight,2023-02-01,ETH-USD,0.1
crypto_equal_weight,2023-03-01,ETH-USD,0.1
crypto_equal_weight,2023-04-01,ETH-USD,0.1
crypto_equal_weight,2023-05-01,ETH-USD,0.1
crypto_equal_weight,2023-06-01,ETH-USD,0.1
crypto_equal_weight,2023-07-01,ETH-USD,0.1
crypto_equal_weight,2023-08-01,ETH-USD,0.1
crypto_equal_weight,2023-09-01,ETH-USD,0.1
crypto_equal_weight,2023-10-01,ETH-USD,0.1
crypto_equal_weight,2023-11-01,ETH-USD,0.1
crypto_equal_weight,2023-12-01,ETH-USD,0.1
crypto_equal_weight,2021-01-01,LTC-USD,0.1
crypto_equal_weight,2021-02-01,LTC-USD,0.1
crypto_equal_weight,2021-03-01,LTC-USD,0.1
crypto_equal_weight,2021-04-01,LTC-USD,0.1
crypto_equal_weight,2021-05-01,LTC-USD,0.1
crypto_equal_weight,2021-06-01,LTC-USD,0.1
crypto_equal_weight,2021-07-01,LTC-USD,0.1
crypto_equal_weight,2021-08-01,LTC-USD,0.1
crypto_equal_weight,2021-09-01,LTC-USD,0.1
crypto_equal_weight,2021-10-01,LTC-USD,0.1
crypto_equal_weight,2021-11-01,LTC-USD,0.1
crypto_equal_weight,2021-12-01,LTC-USD,0.1
crypto_equal_weight,2022-01-01,LTC-USD,0.1
crypto_equal_weight,2022-02-01,LTC-USD,0.1
crypto_equal_weight,2022-03-01,LTC-USD,0.1
crypto_equal_weight,2022-04-01,LTC-USD,0.1
crypto_equal_weight,2022-05-01,LTC-USD,0.1
crypto_equal_weight,2022-06-01,LTC-USD,0.1
crypto_equal_weight,2022-07-01,LTC-USD,0.1
crypto_equal_weight,2022-08-01,LTC-USD,0.1
crypto_equal_weight,2022-09-01,LTC-USD,0.1
crypto_equal_weight,2022-10-01,LTC-USD,0.1
crypto_equal_weight,2022-11-01,LTC-USD,0.1
crypto_equal_weight,2022-12-01,LTC-USD,0.1
crypto_equal_weight,2023-01-01,LTC-USD,0.1
crypto_equal_weight,2023-02-01,LTC-USD,0.1
crypto_equal_weight,2023-03-01,LTC-USD,0.1
crypto_equal_weight,2023-04-01,LTC-USD,0.1
crypto_equal_weight,2023-05-01,LTC-USD,0.1
crypto_equal_weight,2023-06-01,LTC-USD,0.1
crypto_equal_weight,2023-07-01,LTC-USD,0.1
crypto_equal_weight,2023-08-01,LTC-USD,0.1
crypto_equal_weight,2023-09-01,LTC-USD,0.1
crypto_equal_weight,2023-10-01,LTC-USD,0.1
crypto_equal_weight,2023-11-01,LTC-USD,0.1
crypto_equal_weight,2023-12-01,LTC-USD,0.1
crypto_equal_weight,2021-01-01,TRX-USD,0.1
crypto_equal_weight,2021-02-01,TRX-USD,0.1
crypto_equal_weight,2021-03-01,TRX-USD,0.1
crypto_equal_weight,2021-04-01,TRX-USD,0.1
crypto_equal_weight,2021-05-01,TRX-USD,0.1
crypto_equal_weight,2021-06-01,TRX-USD,0.1
crypto_equal_weight,2021-07-01,TRX-USD,0.1
crypto_equal_weight,2021-08-01,TRX-USD,0.1
crypto_equal_weight,2021-09-01,TRX-USD,0.1
crypto_equal_weight,2021-10-01,TRX-USD,0.1
crypto_equal_weight,2021-11-01,TRX-USD,0.1
crypto_equal_weight,2021-12-01,TRX-USD,0.1
crypto_equal_weight,2022-01-01,TRX-USD,0.1
crypto_equal_weight,2022-02-01,TRX-USD,0.1
crypto_equal_weight,2022-03-01,TRX-USD,0.1
crypto_equal_weight,2022-04-01,TRX-USD,0.1
crypto_equal_weight,2022-05-01,TRX-USD,0.1
crypto_equal_weight,2022-06-01,TRX-USD,0.1
crypto_equal_weight,2022-07-01,TRX-USD,0.1
crypto_equal_weight,2022-08-01,TRX-USD,0.1
crypto_equal_weight,2022-09-01,TRX-USD,0.1
crypto_equal_weight,2022-10-01,TRX-USD,0.1
crypto_equal_weight,2022-11-01,TRX-USD,0.1
crypto_equal_weight,2022-12-01,TRX-USD,0.1
crypto_equal_weight,2023-01-01,TRX-USD,0.1
crypto_equal_weight,2023-02-01,TRX-USD,0.1
crypto_equal_weight,2023-03-01,TRX-USD,0.1
crypto_equal_weight,2023-04-01,TRX-USD,0.1
crypto_equal_weight,2023-05-01,TRX-USD,0.1
crypto_equal_weight,2023-06-01,TRX-USD,0.1
crypto_equal_weight,2023-07-01,TRX-USD,0.1
crypto_equal_weight,2023-08-01,TRX-USD,0.1
crypto_equal_weight,2023-09-01,TRX-USD,0.1
crypto_equal_weight,2023-10-01,TRX-USD,0.1
crypto_equal_weight,2023-11-01,TRX-USD,0.1
crypto_equal_weight,2023-12-01,TRX-USD,0.1
crypto_equal_weight,2021-01-01,XLM-USD,0.1
crypto_equal_weight,2021-02-01,XLM-USD,0.1
crypto_equal_weight,2021-03-01,XLM-USD,0.1
crypto_equal_weight,2021-04-01,XLM-USD,0.1
crypto_equal_weight,2021-05-01,XLM-USD,0.1
crypto_equal_weight,2021-06-01,XLM-USD,0.1
crypto_equal_weight,2021-07-01,XLM-USD,0.1
crypto_equal_weight,2021-08-01,XLM-USD,0.1
crypto_equal_weight,2021-09-01,XLM-USD,0.1
crypto_equal_weight,2021-10-01,XLM-USD,0.1
crypto_equal_weight,2021-11-01,XLM-USD,0.1
crypto_equal_weight,2021-12-01,XLM-USD,0.1
crypto_equal_weight,2022-01-01,XLM-USD,0.1
crypto_equal_weight,2022-02-01,XLM-USD,0.1
crypto_equal_weight,2022-03-01,XLM-USD,0.1
crypto_equal_weight,2022-04-01,XLM-USD,0.1
crypto_equal_weight,2022-05-01,XLM-USD,0.1
crypto_equal_weight,2022-06-01,XLM-USD,0.1
crypto_equal_weight,2022-07-01,XLM-USD,0.1
crypto_equal_weight,2022-08-01,XLM-USD,0.1
crypto_equal_weight,2022-09-01,XLM-USD,0.1
crypto_equal_weight,2022-10-01,XLM-USD,0.1
crypto_equal_weight,2022-11-01,XLM-USD,0.1
crypto_equal_weight,2022-12-01,XLM-USD,0.1
crypto_equal_weight,2023-01-01,XLM-USD,0.1
crypto_equal_weight,2023-02-01,XLM-USD,0.1
crypto_equal_weight,2023-03-01,XLM-USD,0.1
crypto_equal_weight,2023-04-01,XLM-USD,0.1
crypto_equal_weight,2023-05-01,XLM-USD,0.1
crypto_equal_weight,2023-06-01,XLM-USD,0.1
crypto_equal_weight,2023-07-01,XLM-USD,0.1
crypto_equal_weight,2023-08-01,XLM-USD,0.1
crypto_equal_weight,2023-09-01,XLM-USD,0.1
crypto_equal_weight,2023-10-01,XLM-USD,0.1
crypto_equal_weight,2023-11-01,XLM-USD,0.1
crypto_equal_weight,2023-12-01,XLM-USD,0.1
crypto_equal_weight,2021-01-01,XRP-USD,0.1
crypto_equal_weight,2021-02-01,XRP-USD,0.1
crypto_equal_weight,2021-03-01,XRP-USD,0.1
crypto_equal_weight,2021-04-01,XRP-USD,0.1
crypto_equal_weight,2021-05-01,XRP-USD,0.1
crypto_equal_weight,2021-06-01,XRP-USD,0.1
crypto_equal_weight,2021-07-01,XRP-USD,0.1
crypto_equal_weight,2021-08-01,XRP-USD,0.1
crypto_equal_weight,2021-09-01,XRP-USD,0.1
crypto_equal_weight,2021-10-01,XRP-USD,0.1
crypto_equal_weight,2021-11-01,XRP-USD,0.1
crypto_equal_weight,2021-12-01,XRP-USD,0.1
crypto_equal_weight,2022-01-01,XRP-USD,0.1
crypto_equal_weight,2022-02-01,XRP-USD,0.1
crypto_equal_weight,2022-03-01,XRP-USD,0.1
crypto_equal_weight,2022-04-01,XRP-USD,0.1
crypto_equal_weight,2022-05-01,XRP-USD,0.1
crypto_equal_weight,2022-06-01,XRP-USD,0.1
crypto_equal_weight,2022-07-01,XRP-USD,0.1
crypto_equal_weight,2022-08-01,XRP-USD,0.1
crypto_equal_weight,2022-09-01,XRP-USD,0.1
crypto_equal_weight,2022-10-01,XRP-USD,0.1
crypto_equal_weight,2022-11-01,XRP-USD,0.1
crypto_equal_weight,2022-12-01,XRP-USD,0.1
crypto_equal_weight,2023-01-01,XRP-USD,0.1
crypto_equal_weight,2023-02-01,XRP-USD,0.1
crypto_equal_weight,2023-03-01,XRP-USD,0.1
crypto_equal_weight,2023-04-01,XRP-USD,0.1
crypto_equal_weight,2023-05-01,XRP-USD,0.1
crypto_equal_weight,2023-06-01,XRP-USD,0.1
crypto_equal_weight,2023-07-01,XRP-USD,0.1
crypto_equal_weight,2023-08-01,XRP-USD,0.1
crypto_equal_weight,2023-09-01,XRP-USD,0.1
crypto_equal_weight,2023-10-01,XRP-USD,0.1
crypto_equal_weight,2023-11-01,XRP-USD,0.1
crypto_equal_weight,2023-12-01,XRP-USD,0.1
crypto_min_variance,2021-03-01,ADA-USD,0.031086288546345424
crypto_min_variance,2021-04-01,ADA-USD,0.045164825158563154
crypto_min_variance,2021-05-01,ADA-USD,0.05977928660551164
crypto_min_variance,2021-06-01,ADA-USD,0.09098859377224813
crypto_min_variance,2021-07-01,ADA-USD,0.10088877546972255
crypto_min_variance,2021-08-01,ADA-USD,0.10852318438907245
crypto_min_variance,2021-09-01,ADA-USD,0.09470516840209423
crypto_min_variance,2021-10-01,ADA-USD,0.11557457788944282
crypto_min_variance,2021-11-01,ADA-USD,0.12456603952901206
crypto_min_variance,2021-12-01,ADA-USD,0.13552597862864593
crypto_min_variance,2022-01-01,ADA-USD,0.12669788582301528
crypto_min_variance,2022-02-01,ADA-USD,0.1281431402786731
crypto_min_variance,2022-03-01,ADA-USD,0.13295842065723162
crypto_min_variance,2022-04-01,ADA-USD,0.12760905935087935
crypto_min_variance,2022-05-01,ADA-USD,0.06526363823054801
crypto_min_variance,2023-08-01,ADA-USD,0.005067526079495361
crypto_min_variance,2023-09-01,ADA-USD,0.016292521554127824
crypto_min_variance,2022-06-01,BCH-USD,0.16444055182797823
crypto_min_variance,2022-07-01,BCH-USD,0.14370063446171427
crypto_min_variance,2022-08-01,BCH-USD,0.09786604067135526
crypto_min_variance,2022-09-01,BCH-USD,0.04708098550187492
crypto_min_variance,2022-10-01,BCH-USD,0.014235752289629151
crypto_min_variance,2022-11-01,BCH-USD,0.004491960190560557
crypto_min_variance,2022-12-01,BCH-USD,0.05092953178540287
crypto_min_variance,2023-01-01,BCH-USD,0.0349242212463692
crypto_min_variance,2023-02-01,BCH-USD,0.024180979725211677
crypto_min_variance,2023-03-01,BCH-USD,0.0038871149964669048
crypto_min_variance,2023-04-01,BCH-USD,0.008433413037648906
crypto_min_variance,2023-05-01,BCH-USD,0.008937532853726742
crypto_min_variance,2023-08-01,BCH-USD,0.05333402361378782
crypto_min_variance,2023-09-01,BCH-USD,0.035363325595184555
crypto_min_variance,2023-10-01,BCH-USD,0.0166885298906155
crypto_min_variance,2023-11-01,BCH-USD,0.01214236197190109
crypto_min_variance,2023-12-01,BCH-USD,0.002113942111950436
crypto_min_variance,2021-01-01,BTC-USD,0.3999999999999999
crypto_min_variance,2021-02-01,BTC-USD,0.3999999999999999
crypto_min_variance,2021-03-01,BTC-USD,0.39999999999999997
crypto_min_variance,2021-04-01,BTC-USD,0.4
crypto_min_variance,2021-05-01,BTC-USD,0.4000000000000001
crypto_min_variance,2021-06-01,BTC-USD,0.4000000000000001
crypto_min_variance,2021-07-01,BTC-USD,0.4000000000000001
crypto_min_variance,2021-08-01,BTC-USD,0.3999999999999999
crypto_min_variance,2021-09-01,BTC-USD,0.3999999999999999
crypto_min_variance,2021-10-01,BTC-USD,0.4
crypto_min_variance,2021-11-01,BTC-USD,0.3999999999999998
crypto_min_variance,2021-12-01,BTC-USD,0.39999999999999986
crypto_min_variance,2022-01-01,BTC-USD,0.4000000000000001
crypto_min_variance,2022-02-01,BTC-USD,0.39999999999999986
crypto_min_variance,2022-03-01,BTC-USD,0.3999999999999999
crypto_min_variance,2022-04-01,BTC-USD,0.4
crypto_min_variance,2022-05-01,BTC-USD,0.39999999999999986
crypto_min_variance,2022-06-01,BTC-USD,0.4000000000000001
crypto_min_variance,2022-07-01,BTC-USD,0.4
crypto_min_variance,2022-08-01,BTC-USD,0.4
crypto_min_variance,2022-09-01,BTC-USD,0.39999999999999997
crypto_min_variance,2022-10-01,BTC-USD,0.39999999999999997
crypto_min_variance,2022-11-01,BTC-USD,0.40000000000000013
crypto_min_variance,2022-12-01,BTC-USD,0.3999999999999999
crypto_min_variance,2023-01-01,BTC-USD,0.3999999999999999
crypto_min_variance,2023-02-01,BTC-USD,0.4
crypto_min_variance,2023-03-01,BTC-USD,0.39999999999999997
crypto_min_variance,2023-04-01,BTC-USD,0.4000000000000001
crypto_min_variance,2023-05-01,BTC-USD,0.3999999999999999
crypto_min_variance,2023-06-01,BTC-USD,0.4
crypto_min_variance,2023-07-01,BTC-USD,0.4
crypto_min_variance,2023-08-01,BTC-USD,0.4000000000000001
crypto_min_variance,2023-09-01,BTC-USD,0.39999999999999997
crypto_min_variance,2023-10-01,BTC-USD,0.3999999999999999
crypto_min_variance,2023-11-01,BTC-USD,0.4
crypto_min_variance,2023-12-01,BTC-USD,0.4
crypto_min_variance,2021-01-01,EOS-USD,0.05356949641005235
crypto_min_variance,2021-02-01,EOS-USD,0.10498752700618644
crypto_min_variance,2021-03-01,EOS-USD,0.09107492642295262
crypto_min_variance,2021-04-01,EOS-USD,0.04701722913695645
crypto_min_variance,2021-05-01,EOS-USD,0.026319249896301255
crypto_min_variance,2023-09-01,EOS-USD,0.0023365349158225865
crypto_min_variance,2023-10-01,EOS-USD,0.044950289402860756
crypto_min_variance,2023-11-01,EOS-USD,0.030057916767384438
crypto_min_variance,2021-01-01,ETC-USD,0.10370608512506305
crypto_min_variance,2021-02-01,ETC-USD,0.19370115541441332
crypto_min_variance,2021-03-01,ETC-USD,0.11304950555619782
crypto_min_variance,2021-04-01,ETC-USD,0.12315286255693744
crypto_min_variance,2021-05-01,ETC-USD,0.1251922365129402
crypto_min_variance,2021-06-01,ETC-USD,0.031509233526508265
crypto_min_variance,2021-07-01,ETC-USD,0.012264222819508192
crypto_min_variance,2021-08-01,ETC-USD,0.008693955979586832
crypto_min_variance,2021-01-01,ETH-USD,0.09519513006168771
crypto_min_variance,2021-03-01,ETH-USD,0.062111076615084415
crypto_min_variance,2021-04-01,ETH-USD,0.12031107922171434
crypto_min_variance,2021-05-01,ETH-USD,0.23427136080957742
crypto_min_variance,2021-06-01,ETH-USD,0.29385257646435053
crypto_min_variance,2021-07-01,ETH-USD,0.3025782387503645
crypto_min_variance,2021-08-01,ETH-USD,0.2837316842726702
crypto_min_variance,2021-09-01,ETH-USD,0.2896757237659249
crypto_min_variance,2021-10-01,ETH-USD,0.3159800039636456
crypto_min_variance,2021-11-01,ETH-USD,0.3115044395910621
crypto_min_variance,2021-12-01,ETH-USD,0.3083338936539798
crypto_min_variance,2022-01-01,ETH-USD,0.2929361892982319
crypto_min_variance,2022-02-01,ETH-USD,0.33387043233765057
crypto_min_variance,2022-03-01,ETH-USD,0.29678873781849585
crypto_min_variance,2022-04-01,ETH-USD,0.29193876594577217
crypto_min_variance,2022-05-01,ETH-USD,0.21635924632276043
crypto_min_variance,2022-06-01,ETH-USD,0.19762643127012897
crypto_min_variance,2022-07-01,ETH-USD,0.09270703398288792
crypto_min_variance,2022-08-01,ETH-USD,0.06138282634021785
crypto_min_variance,2023-08-01,ETH-USD,0.06221445641244857
crypto_min_variance,2023-09-01,ETH-USD,0.1270123603215257
crypto_min_variance,2023-10-01,ETH-USD,0.11869428895663617
crypto_min_variance,2023-11-01,ETH-USD,0.14589423906541268
crypto_min_variance,2023-12-01,ETH-USD,0.18931135140923178
crypto_min_variance,2021-01-01,LTC-USD,0.0666388302132258
crypto_min_variance,2021-02-01,LTC-USD,0.03661450224685033
crypto_min_variance,2021-03-01,LTC-USD,0.047960131628248935
crypto_min_variance,2021-04-01,LTC-USD,0.053426078573495246
crypto_min_variance,2021-05-01,LTC-USD,0.03117347109684995
crypto_min_variance,2021-06-01,LTC-USD,0.02635390818880958
crypto_min_variance,2021-07-01,LTC-USD,0.03181769615460589
crypto_min_variance,2021-08-01,LTC-USD,0.046704361950065824
crypto_min_variance,2021-09-01,LTC-USD,0.050246634567334164
crypto_min_variance,2021-10-01,LTC-USD,0.03901794557268904
crypto_min_variance,2021-11-01,LTC-USD,0.036150610544819335
crypto_min_variance,2021-12-01,LTC-USD,0.020234273074760674
crypto_min_variance,2022-01-01,LTC-USD,0.029684331109859238
crypto_min_variance,2023-08-01,LTC-USD,0.03549457847851461
crypto_min_variance,2023-09-01,LTC-USD,0.0028122520251346386
crypto_min_variance,2021-01-01,TRX-USD,0.18450906150775157
crypto_min_variance,2021-02-01,TRX-USD,0.2160783794655084
crypto_min_variance,2021-03-01,TRX-USD,0.18334765330195527
crypto_min_variance,2021-04-01,TRX-USD,0.15124433305431673
crypto_min_variance,2021-05-01,TRX-USD,0.1056679510059883
crypto_min_variance,2021-06-01,TRX-USD,0.13135723692966805
crypto_min_variance,2021-07-01,TRX-USD,0.1350951078368915
crypto_min_variance,2021-08-01,TRX-USD,0.13573976002211355
crypto_min_variance,2021-09-01,TRX-USD,0.16173313102652254
crypto_min_variance,2021-10-01,TRX-USD,0.1255871192537101
crypto_min_variance,2021-11-01,TRX-USD,0.12518779729425783
crypto_min_variance,2021-12-01,TRX-USD,0.11156451679299506
crypto_min_variance,2022-01-01,TRX-USD,0.10809327690640838
crypto_min_variance,2022-02-01,TRX-USD,0.0420428199367035
crypto_min_variance,2022-03-01,TRX-USD,0.08221249105520387
crypto_min_variance,2022-04-01,TRX-USD,0.13721233219702048
crypto_min_variance,2022-05-01,TRX-USD,0.2359802126108789
crypto_min_variance,2022-06-01,TRX-USD,0.23282056667287337
crypto_min_variance,2022-07-01,TRX-USD,0.2808353445007196
crypto_min_variance,2022-08-01,TRX-USD,0.3187811506731913
crypto_min_variance,2022-09-01,TRX-USD,0.3131516757667427
crypto_min_variance,2022-10-01,TRX-USD,0.4
crypto_min_variance,2022-11-01,TRX-USD,0.40000000000000013
crypto_min_variance,2022-12-01,TRX-USD,0.3999999999999999
crypto_min_variance,2023-01-01,TRX-USD,0.3999999999999999
crypto_min_variance,2023-02-01,TRX-USD,0.4
crypto_min_variance,2023-03-01,TRX-USD,0.4
crypto_min_variance,2023-04-01,TRX-USD,0.4000000000000001
crypto_min_variance,2023-05-01,TRX-USD,0.3999999999999999
crypto_min_variance,2023-06-01,TRX-USD,0.4
crypto_min_variance,2023-07-01,TRX-USD,0.39999999999999997
crypto_min_variance,2023-08-01,TRX-USD,0.4000000000000001
crypto_min_variance,2023-09-01,TRX-USD,0.39999999999999997
crypto_min_variance,2023-10-01,TRX-USD,0.39999999999999986
crypto_min_variance,2023-11-01,TRX-USD,0.4
crypto_min_variance,2023-12-01,TRX-USD,0.4
crypto_min_variance,2021-01-01,XLM-USD,0.04634633643544001
crypto_min_variance,2022-02-01,XLM-USD,0.09594360744697297
crypto_min_variance,2022-03-01,XLM-USD,0.08804035046906855
crypto_min_variance,2022-04-01,XLM-USD,0.04323984250632761
crypto_min_variance,2022-05-01,XLM-USD,0.08239690283581258
crypto_min_variance,2022-06-01,XLM-USD,0.005112450229019239
crypto_min_variance,2022-07-01,XLM-USD,0.05092874098747256
crypto_min_variance,2022-08-01,XLM-USD,0.06384245067500836
crypto_min_variance,2022-09-01,XLM-USD,0.07266967224213956
crypto_min_variance,2022-10-01,XLM-USD,0.06832653953303837
crypto_min_variance,2022-11-01,XLM-USD,0.10139679435195642
crypto_min_variance,2022-12-01,XLM-USD,0.10241568205200662
crypto_min_variance,2023-01-01,XLM-USD,0.14140526194547895
crypto_min_variance,2023-02-01,XLM-USD,0.16101173846985367
crypto_min_variance,2023-03-01,XLM-USD,0.13450353949480964
crypto_min_variance,2023-04-01,XLM-USD,0.16406478898551383
crypto_min_variance,2023-05-01,XLM-USD,0.18004434666126132
crypto_min_variance,2023-06-01,XLM-USD,0.19999999999999976
crypto_min_variance,2023-07-01,XLM-USD,0.18846275985549601
crypto_min_variance,2023-08-01,XLM-USD,0.0438894154157535
crypto_min_variance,2023-09-01,XLM-USD,0.016183005588204763
crypto_min_variance,2023-10-01,XLM-USD,0.01966689174988763
crypto_min_variance,2023-11-01,XLM-USD,0.01190548219530175
crypto_min_variance,2023-12-01,XLM-USD,0.008574706478817853
crypto_min_variance,2021-01-01,XRP-USD,0.050035060246779506
crypto_min_variance,2021-02-01,XRP-USD,0.0486184358670414
crypto_min_variance,2021-03-01,XRP-USD,0.07137041792921558
crypto_min_variance,2021-04-01,XRP-USD,0.059683592298016626
crypto_min_variance,2021-05-01,XRP-USD,0.01759644407283128
crypto_min_variance,2021-06-01,XRP-USD,0.025938451118415327
crypto_min_variance,2021-07-01,XRP-USD,0.017355958968907202
crypto_min_variance,2021-08-01,XRP-USD,0.01660705338649123
crypto_min_variance,2021-09-01,XRP-USD,0.003639342238124167
crypto_min_variance,2021-10-01,XRP-USD,0.003840353320512462
crypto_min_variance,2021-11-01,XRP-USD,0.0025911130408486334
crypto_min_variance,2021-12-01,XRP-USD,0.024341337849618568
crypto_min_variance,2022-01-01,XRP-USD,0.04258831686248506
crypto_min_variance,2022-07-01,XRP-USD,0.031828246067205516
crypto_min_variance,2022-08-01,XRP-USD,0.05812753164022698
crypto_min_variance,2022-09-01,XRP-USD,0.16709766648924274
crypto_min_variance,2022-10-01,XRP-USD,0.11743770817733248
crypto_min_variance,2022-11-01,XRP-USD,0.09411124545748287
crypto_min_variance,2022-12-01,XRP-USD,0.046654786162590375
crypto_min_variance,2023-01-01,XRP-USD,0.023670516808151822
crypto_min_variance,2023-02-01,XRP-USD,0.014807281804934605
crypto_min_variance,2023-03-01,XRP-USD,0.0616093455087235
crypto_min_variance,2023-04-01,XRP-USD,0.02750179797683717
crypto_min_variance,2023-05-01,XRP-USD,0.011018120485011872
crypto_min_variance,2023-07-01,XRP-USD,0.01153724014450371
crypto_max_sharpe,2021-01-01,ADA-USD,0.19999999999999798
crypto_max_sharpe,2021-02-01,ADA-USD,0.18096943029800053
crypto_max_sharpe,2021-03-01,ADA-USD,0.3999999999999996
crypto_max_sharpe,2021-04-01,ADA-USD,0.3135626920670465
crypto_max_sharpe,2021-05-01,ADA-USD,0.27405826400122324
crypto_max_sharpe,2021-06-01,ADA-USD,0.3943989100090581
crypto_max_sharpe,2021-07-01,ADA-USD,0.36887499104223426
crypto_max_sharpe,2021-08-01,ADA-USD,0.31150619621071546
crypto_max_sharpe,2021-09-01,ADA-USD,0.3999999999999996
crypto_max_sharpe,2021-10-01,ADA-USD,0.39999999999999925
crypto_max_sharpe,2021-11-01,ADA-USD,0.4
crypto_max_sharpe,2021-12-01,ADA-USD,0.39999999999999986
crypto_max_sharpe,2022-01-01,ADA-USD,0.391822430038136
crypto_max_sharpe,2022-02-01,ADA-USD,0.39999999999999986
crypto_max_sharpe,2022-05-01,ADA-USD,0.19999999999999987
crypto_max_sharpe,2023-07-01,BCH-USD,0.3999999999999999
crypto_max_sharpe,2023-08-01,BCH-USD,0.39999999999999897
crypto_max_sharpe,2023-09-01,BCH-USD,0.39999999999999986
crypto_max_sharpe,2023-10-01,BCH-USD,0.3999999999999972
crypto_max_sharpe,2023-11-01,BCH-USD,0.2602317653771778
crypto_max_sharpe,2023-12-01,BCH-USD,0.14812585431622197
crypto_max_sharpe,2021-01-01,BTC-USD,0.3999999999999999
crypto_max_sharpe,2021-02-01,BTC-USD,0.30827731331249153
crypto_max_sharpe,2021-03-01,BTC-USD,0.3999999999999996
crypto_max_sharpe,2021-04-01,BTC-USD,0.39999999999999886
crypto_max_sharpe,2021-05-01,BTC-USD,0.36431565651950093
crypto_max_sharpe,2021-06-01,BTC-USD,0.06394886361806998
crypto_max_sharpe,2021-07-01,BTC-USD,0.09675900103384338
crypto_max_sharpe,2021-08-01,BTC-USD,0.22189873957636397
crypto_max_sharpe,2021-09-01,BTC-USD,0.22570128056670646
crypto_max_sharpe,2021-10-01,BTC-USD,0.1957115510753478
crypto_max_sharpe,2021-11-01,BTC-USD,0.11108358001237786
crypto_max_sharpe,2021-12-01,BTC-USD,0.011694756444176417
crypto_max_sharpe,2022-06-01,BTC-USD,0.3999999999999938
crypto_max_sharpe,2022-07-01,BTC-USD,0.1999999999999941
crypto_max_sharpe,2023-07-01,BTC-USD,0.08401133870276214
crypto_max_sharpe,2023-09-01,BTC-USD,0.11390362230446592
crypto_max_sharpe,2023-10-01,BTC-USD,0.2000000000000057
crypto_max_sharpe,2023-11-01,BTC-USD,0.3795127198145448
crypto_max_sharpe,2023-12-01,BTC-USD,0.3999999999999258
crypto_max_sharpe,2021-06-01,ETC-USD,0.1197424552801407
crypto_max_sharpe,2021-07-01,ETC-USD,0.15260603111883939
crypto_max_sharpe,2021-08-01,ETC-USD,0.1453797846775439
crypto_max_sharpe,2021-09-01,ETC-USD,0.1567241765629054
crypto_max_sharpe,2021-10-01,ETC-USD,0.12164100033296683
crypto_max_sharpe,2021-11-01,ETC-USD,0.1080489074617338
crypto_max_sharpe,2021-12-01,ETC-USD,0.18830524355582162
crypto_max_sharpe,2022-01-01,ETC-USD,0.1913170383864992
crypto_max_sharpe,2022-02-01,ETC-USD,0.39999999999999986
crypto_max_sharpe,2022-03-01,ETC-USD,0.39999999999999913
crypto_max_sharpe,2022-04-01,ETC-USD,0.39999999999999963
crypto_max_sharpe,2022-05-01,ETC-USD,0.39999999999999986
crypto_max_sharpe,2022-08-01,ETC-USD,0.3999999999999999
crypto_max_sharpe,2022-09-01,ETC-USD,0.3999999999999994
crypto_max_sharpe,2022-10-01,ETC-USD,0.39999999999995334
crypto_max_sharpe,2022-11-01,ETC-USD,0.3999999999999916
crypto_max_sharpe,2022-12-01,ETC-USD,0.3999999999999988
crypto_max_sharpe,2023-01-01,ETC-USD,0.4000000000000008
crypto_max_sharpe,2023-02-01,ETC-USD,0.3999999999999996
crypto_max_sharpe,2023-03-01,ETC-USD,0.31312946390318247
crypto_max_sharpe,2023-05-01,ETC-USD,0.1999999999999989
crypto_max_sharpe,2021-01-01,ETH-USD,0.3999999999999999
crypto_max_sharpe,2021-02-01,ETH-USD,0.39999999999999897
crypto_max_sharpe,2021-03-01,ETH-USD,0.1371129818986497
crypto_max_sharpe,2021-04-01,ETH-USD,0.1718731271122417
crypto_max_sharpe,2021-05-01,ETH-USD,0.22533726782924932
crypto_max_sharpe,2021-06-01,ETH-USD,0.3863828292547416
crypto_max_sharpe,2021-07-01,ETH-USD,0.3713393225298037
crypto_max_sharpe,2021-08-01,ETH-USD,0.3174324504786597
crypto_max_sharpe,2021-09-01,ETH-USD,0.1979512724405385
crypto_max_sharpe,2021-10-01,ETH-USD,0.2719927115185521
crypto_max_sharpe,2021-11-01,ETH-USD,0.3727479283021885
crypto_max_sharpe,2021-12-01,ETH-USD,0.39999999999999863
crypto_max_sharpe,2022-01-01,ETH-USD,0.302400339482452
crypto_max_sharpe,2022-02-01,ETH-USD,0.16439407172364756
crypto_max_sharpe,2022-03-01,ETH-USD,0.37528776703856753
crypto_max_sharpe,2022-04-01,ETH-USD,0.39999999999999963
crypto_max_sharpe,2022-05-01,ETH-USD,0.39999999999999986
crypto_max_sharpe,2022-06-01,ETH-USD,0.1999999999999979
crypto_max_sharpe,2022-08-01,ETH-USD,0.19999999999999973
crypto_max_sharpe,2022-09-01,ETH-USD,0.19999999999999993
crypto_max_sharpe,2023-06-01,ETH-USD,0.18008543433756735
crypto_max_sharpe,2023-07-01,ETH-USD,0.1960437929292194
crypto_max_sharpe,2023-12-01,ETH-USD,0.006235442707062016
crypto_max_sharpe,2023-01-01,LTC-USD,0.19999999999999832
crypto_max_sharpe,2023-02-01,LTC-USD,0.19999999999999893
crypto_max_sharpe,2023-03-01,LTC-USD,0.28687053609681834
crypto_max_sharpe,2023-04-01,LTC-USD,0.3999999999999947
crypto_max_sharpe,2023-05-01,LTC-USD,0.4000000000000006
crypto_max_sharpe,2023-06-01,LTC-USD,0.399999999999999
crypto_max_sharpe,2023-07-01,LTC-USD,0.2900331381629403
crypto_max_sharpe,2023-08-01,LTC-USD,0.22248799525703086
crypto_max_sharpe,2021-04-01,TRX-USD,0.11456418082071122
crypto_max_sharpe,2021-05-01,TRX-USD,0.08960111121881481
crypto_max_sharpe,2022-02-01,TRX-USD,0.0356059282763518
crypto_max_sharpe,2022-06-01,TRX-USD,0.39999999999999686
crypto_max_sharpe,2022-07-01,TRX-USD,0.39999999999997504
crypto_max_sharpe,2022-08-01,TRX-USD,0.3999999999999999
crypto_max_sharpe,2022-09-01,TRX-USD,0.39999999999999974
crypto_max_sharpe,2022-10-01,TRX-USD,0.39999999999994695
crypto_max_sharpe,2022-11-01,TRX-USD,0.3999999999999874
crypto_max_sharpe,2022-12-01,TRX-USD,0.3999999999999988
crypto_max_sharpe,2023-01-01,TRX-USD,0.4000000000000008
crypto_max_sharpe,2023-02-01,TRX-USD,0.40000000000000013
crypto_max_sharpe,2023-03-01,TRX-USD,0.39999999999999636
crypto_max_sharpe,2023-04-01,TRX-USD,0.3999999999999947
crypto_max_sharpe,2023-05-01,TRX-USD,0.4000000000000006
crypto_max_sharpe,2023-06-01,TRX-USD,0.01991456566243201
crypto_max_sharpe,2023-09-01,TRX-USD,0.21283622342916106
crypto_max_sharpe,2023-10-01,TRX-USD,0.3999999999999972
crypto_max_sharpe,2023-11-01,TRX-USD,0.36025551480827706
crypto_max_sharpe,2023-12-01,TRX-USD,0.39999999999991387
crypto_max_sharpe,2021-02-01,XLM-USD,0.11075325638950737
crypto_max_sharpe,2021-03-01,XLM-USD,0.06288701810135007
crypto_max_sharpe,2021-05-01,XRP-USD,0.04668770043120977
crypto_max_sharpe,2021-06-01,XRP-USD,0.03552694183798965
crypto_max_sharpe,2021-07-01,XRP-USD,0.010420654275275922
crypto_max_sharpe,2021-08-01,XRP-USD,0.0037828290567161037
crypto_max_sharpe,2021-09-01,XRP-USD,0.019623270429849692
crypto_max_sharpe,2021-10-01,XRP-USD,0.010654737073133838
crypto_max_sharpe,2021-11-01,XRP-USD,0.008119584223697046
crypto_max_sharpe,2022-01-01,XRP-USD,0.11446019209291076
crypto_max_sharpe,2022-03-01,XRP-USD,0.2247122329614323
crypto_max_sharpe,2022-04-01,XRP-USD,0.1999999999999991
crypto_max_sharpe,2022-07-01,XRP-USD,0.39999999999999347
crypto_max_sharpe,2022-10-01,XRP-USD,0.1999999999999862
crypto_max_sharpe,2022-11-01,XRP-USD,0.2000000000000003
crypto_max_sharpe,2022-12-01,XRP-USD,0.20000000000000243
crypto_max_sharpe,2023-04-01,XRP-USD,0.20000000000001072
crypto_max_sharpe,2023-06-01,XRP-USD,0.3999999999999995
crypto_max_sharpe,2023-07-01,XRP-USD,0.029911730205075586
crypto_max_sharpe,2023-08-01,XRP-USD,0.37751200474296875
crypto_max_sharpe,2023-09-01,XRP-USD,0.2732601542663703
crypto_max_sharpe,2023-12-01,XRP-USD,0.04563870297673718
crypto_risk_parity,2021-01-01,ADA-USD,0.09072148810492846
crypto_risk_parity,2021-02-01,ADA-USD,0.08776772650497831
crypto_risk_parity,2021-03-01,ADA-USD,0.09063775853787653
crypto_risk_parity,2021-04-01,ADA-USD,0.08933945345134624
crypto_risk_parity,2021-05-01,ADA-USD,0.09480456644832953
crypto_risk_parity,2021-06-01,ADA-USD,0.09876615455526302
crypto_risk_parity,2021-07-01,ADA-USD,0.10009489222701917
crypto_risk_parity,2021-08-01,ADA-USD,0.101225444903107
crypto_risk_parity,2021-09-01,ADA-USD,0.09990365290539989
crypto_risk_parity,2021-10-01,ADA-USD,0.10262008651012619
crypto_risk_parity,2021-11-01,ADA-USD,0.10356733921847362
crypto_risk_parity,2021-12-01,ADA-USD,0.10372371394922336
crypto_risk_parity,2022-01-01,ADA-USD,0.10293546537519344
crypto_risk_parity,2022-02-01,ADA-USD,0.10546295750686643
crypto_risk_parity,2022-03-01,ADA-USD,0.10452898706840565
crypto_risk_parity,2022-04-01,ADA-USD,0.10427512958771158
crypto_risk_parity,2022-05-01,ADA-USD,0.09949329574662095
crypto_risk_parity,2022-06-01,ADA-USD,0.0912976051226952
crypto_risk_parity,2022-07-01,ADA-USD,0.08966159215783458
crypto_risk_parity,2022-08-01,ADA-USD,0.09049045526453678
crypto_risk_parity,2022-09-01,ADA-USD,0.09249687970064877
crypto_risk_parity,2022-10-01,ADA-USD,0.09031182306983737
crypto_risk_parity,2022-11-01,ADA-USD,0.08783116663442489
crypto_risk_parity,2022-12-01,ADA-USD,0.08816057209715623
crypto_risk_parity,2023-01-01,ADA-USD,0.08895168984835702
crypto_risk_parity,2023-02-01,ADA-USD,0.08904185815896573
crypto_risk_parity,2023-03-01,ADA-USD,0.08762384666292695
crypto_risk_parity,2023-04-01,ADA-USD,0.08821685587965795
crypto_risk_parity,2023-05-01,ADA-USD,0.08826974340223381
crypto_risk_parity,2023-06-01,ADA-USD,0.09443506519670819
crypto_risk_parity,2023-07-01,ADA-USD,0.09497193492258023
crypto_risk_parity,2023-08-01,ADA-USD,0.09104707993670841
crypto_risk_parity,2023-09-01,ADA-USD,0.0915959669133707
crypto_risk_parity,2023-10-01,ADA-USD,0.08999178536050063
crypto_risk_parity,2023-11-01,ADA-USD,0.09168990650373914
crypto_risk_parity,2023-12-01,ADA-USD,0.08855982441490978
crypto_risk_parity,2021-01-01,BCH-USD,0.09050176610879256
crypto_risk_parity,2021-02-01,BCH-USD,0.0924337882200721
crypto_risk_parity,2021-03-01,BCH-USD,0.0932811847465415
crypto_risk_parity,2021-04-01,BCH-USD,0.09439228013590766
crypto_risk_parity,2021-05-01,BCH-USD,0.09221949011148081
crypto_risk_parity,2021-06-01,BCH-USD,0.08415142341932554
crypto_risk_parity,2021-07-01,BCH-USD,0.08567881751477026
crypto_risk_parity,2021-08-01,BCH-USD,0.0861071909703583
crypto_risk_parity,2021-09-01,BCH-USD,0.08673135494948979
crypto_risk_parity,2021-10-01,BCH-USD,0.08783635740953184
crypto_risk_parity,2021-11-01,BCH-USD,0.08781328159283999
crypto_risk_parity,2021-12-01,BCH-USD,0.08781104701882753
crypto_risk_parity,2022-01-01,BCH-USD,0.08742653966397848
crypto_risk_parity,2022-02-01,BCH-USD,0.08815684065455429
crypto_risk_parity,2022-03-01,BCH-USD,0.08859378124265314
crypto_risk_parity,2022-04-01,BCH-USD,0.0877696514354087
crypto_risk_parity,2022-05-01,BCH-USD,0.08814848497180758
crypto_risk_parity,2022-06-01,BCH-USD,0.10247774032735438
crypto_risk_parity,2022-07-01,BCH-USD,0.10143420019526622
crypto_risk_parity,2022-08-01,BCH-USD,0.09926276763462862
crypto_risk_parity,2022-09-01,BCH-USD,0.096909162442395
crypto_risk_parity,2022-10-01,BCH-USD,0.09509021457736916
crypto_risk_parity,2022-11-01,BCH-USD,0.09516771697469475
crypto_risk_parity,2022-12-01,BCH-USD,0.09665117935114548
crypto_risk_parity,2023-01-01,BCH-USD,0.09574708047337681
crypto_risk_parity,2023-02-01,BCH-USD,0.09540692312266195
crypto_risk_parity,2023-03-01,BCH-USD,0.09450910211626076
crypto_risk_parity,2023-04-01,BCH-USD,0.0964074483548612
crypto_risk_parity,2023-05-01,BCH-USD,0.09693100309999904
crypto_risk_parity,2023-06-01,BCH-USD,0.09440529338945497
crypto_risk_parity,2023-07-01,BCH-USD,0.08368654038700353
crypto_risk_parity,2023-08-01,BCH-USD,0.09398156085043852
crypto_risk_parity,2023-09-01,BCH-USD,0.09169867886853789
crypto_risk_parity,2023-10-01,BCH-USD,0.09068193126047135
crypto_risk_parity,2023-11-01,BCH-USD,0.09038259586716918
crypto_risk_parity,2023-12-01,BCH-USD,0.0898225280932483
crypto_risk_parity,2021-01-01,BTC-USD,0.13988922225462297
crypto_risk_parity,2021-02-01,BTC-USD,0.1389901116235208
crypto_risk_parity,2021-03-01,BTC-USD,0.1381342598601446
crypto_risk_parity,2021-04-01,BTC-USD,0.152863066812115
crypto_risk_parity,2021-05-01,BTC-USD,0.16055442685400736
crypto_risk_parity,2021-06-01,BTC-USD,0.17290011280892847
crypto_risk_parity,2021-07-01,BTC-USD,0.16964916339554287
crypto_risk_parity,2021-08-01,BTC-USD,0.1675345561121641
crypto_risk_parity,2021-09-01,BTC-USD,0.16665698354845893
crypto_risk_parity,2021-10-01,BTC-USD,0.16514146585563058
crypto_risk_parity,2021-11-01,BTC-USD,0.163861500748616
crypto_risk_parity,2021-12-01,BTC-USD,0.16049150528736522
crypto_risk_parity,2022-01-01,BTC-USD,0.1558647697348617
crypto_risk_parity,2022-02-01,BTC-USD,0.155733619999979
crypto_risk_parity,2022-03-01,BTC-USD,0.15352923259948725
crypto_risk_parity,2022-04-01,BTC-USD,0.1532953746743714
crypto_risk_parity,2022-05-01,BTC-USD,0.1485992996035719
crypto_risk_parity,2022-06-01,BTC-USD,0.13136897529250607
crypto_risk_parity,2022-07-01,BTC-USD,0.12847890111848742
crypto_risk_parity,2022-08-01,BTC-USD,0.12955212805752056
crypto_risk_parity,2022-09-01,BTC-USD,0.12707682836141468
crypto_risk_parity,2022-10-01,BTC-USD,0.12505098330723538
crypto_risk_parity,2022-11-01,BTC-USD,0.12564576352135318
crypto_risk_parity,2022-12-01,BTC-USD,0.12441896333826982
crypto_risk_parity,2023-01-01,BTC-USD,0.12458272199853326
crypto_risk_parity,2023-02-01,BTC-USD,0.1230511095638348
crypto_risk_parity,2023-03-01,BTC-USD,0.12497471519174463
crypto_risk_parity,2023-04-01,BTC-USD,0.12548591283174773
crypto_risk_parity,2023-05-01,BTC-USD,0.12392198839754374
crypto_risk_parity,2023-06-01,BTC-USD,0.11658983832946833
crypto_risk_parity,2023-07-01,BTC-USD,0.12272158280330046
crypto_risk_parity,2023-08-01,BTC-USD,0.13213156632289785
crypto_risk_parity,2023-09-01,BTC-USD,0.13212648706610994
crypto_risk_parity,2023-10-01,BTC-USD,0.13317267101602984
crypto_risk_parity,2023-11-01,BTC-USD,0.13056189955313116
crypto_risk_parity,2023-12-01,BTC-USD,0.13304862060314132
crypto_risk_parity,2021-01-01,EOS-USD,0.09563444108621927
crypto_risk_parity,2021-02-01,EOS-USD,0.09854156644304127
crypto_risk_parity,2021-03-01,EOS-USD,0.0975607234775068
crypto_risk_parity,2021-04-01,EOS-USD,0.09349756808705194
crypto_risk_parity,2021-05-01,EOS-USD,0.09046494605063042
crypto_risk_parity,2021-06-01,EOS-USD,0.07935951890605553
crypto_risk_parity,2021-07-01,EOS-USD,0.07981687907920569
crypto_risk_parity,2021-08-01,EOS-USD,0.07989028645656472
crypto_risk_parity,2021-09-01,EOS-USD,0.080248543621814
crypto_risk_parity,2021-10-01,EOS-USD,0.07993316744077494
crypto_risk_parity,2021-11-01,EOS-USD,0.07974160610886374
crypto_risk_parity,2021-12-01,EOS-USD,0.07912832542937491
crypto_risk_parity,2022-01-01,EOS-USD,0.07819061337734762
crypto_risk_parity,2022-02-01,EOS-USD,0.07600097266229923
crypto_risk_parity,2022-03-01,EOS-USD,0.07663820341171126
crypto_risk_parity,2022-04-01,EOS-USD,0.07710805686082024
crypto_risk_parity,2022-05-01,EOS-USD,0.0769258241084637
crypto_risk_parity,2022-06-01,EOS-USD,0.08837582638950552
crypto_risk_parity,2022-07-01,EOS-USD,0.0893332606580423
crypto_risk_parity,2022-08-01,EOS-USD,0.09048877182345257
crypto_risk_parity,2022-09-01,EOS-USD,0.0882792255886967
crypto_risk_parity,2022-10-01,EOS-USD,0.08659008112610525
crypto_risk_parity,2022-11-01,EOS-USD,0.08675009703798421
crypto_risk_parity,2022-12-01,EOS-USD,0.08743581218276514
crypto_risk_parity,2023-01-01,EOS-USD,0.0895026839619059
crypto_risk_parity,2023-02-01,EOS-USD,0.08854968508758476
crypto_risk_parity,2023-03-01,EOS-USD,0.08677964317798376
crypto_risk_parity,2023-04-01,EOS-USD,0.08820152272554965
crypto_risk_parity,2023-05-01,EOS-USD,0.08962886018455637
crypto_risk_parity,2023-06-01,EOS-USD,0.08728081353477904
crypto_risk_parity,2023-07-01,EOS-USD,0.08261047068150486
crypto_risk_parity,2023-08-01,EOS-USD,0.08436826312431105
crypto_risk_parity,2023-09-01,EOS-USD,0.08747017396276165
crypto_risk_parity,2023-10-01,EOS-USD,0.09289557404297775
crypto_risk_parity,2023-11-01,EOS-USD,0.09280539132978374
crypto_risk_parity,2023-12-01,EOS-USD,0.09116825975128917
crypto_risk_parity,2021-01-01,ETC-USD,0.09841461066765002
crypto_risk_parity,2021-02-01,ETC-USD,0.10417572373689858
crypto_risk_parity,2021-03-01,ETC-USD,0.09934855922509339
crypto_risk_parity,2021-04-01,ETC-USD,0.09858517756104931
crypto_risk_parity,2021-05-01,ETC-USD,0.09756997561523842
crypto_risk_parity,2021-06-01,ETC-USD,0.08673016397598746
crypto_risk_parity,2021-07-01,ETC-USD,0.08541080894337842
crypto_risk_parity,2021-08-01,ETC-USD,0.0855365144303915
crypto_risk_parity,2021-09-01,ETC-USD,0.08507954436972583
crypto_risk_parity,2021-10-01,ETC-USD,0.08453088446980743
crypto_risk_parity,2021-11-01,ETC-USD,0.08467694179313477
crypto_risk_parity,2021-12-01,ETC-USD,0.08399575428325103
crypto_risk_parity,2022-01-01,ETC-USD,0.08352384387346502
crypto_risk_parity,2022-02-01,ETC-USD,0.08054423736622954
crypto_risk_parity,2022-03-01,ETC-USD,0.08267676003851991
crypto_risk_parity,2022-04-01,ETC-USD,0.08187979672409572
crypto_risk_parity,2022-05-01,ETC-USD,0.08000865768564588
crypto_risk_parity,2022-06-01,ETC-USD,0.0879543291596146
crypto_risk_parity,2022-07-01,ETC-USD,0.08985384107853492
crypto_risk_parity,2022-08-01,ETC-USD,0.08220968080963523
crypto_risk_parity,2022-09-01,ETC-USD,0.08060706692272993
crypto_risk_parity,2022-10-01,ETC-USD,0.07826051677600636
crypto_risk_parity,2022-11-01,ETC-USD,0.0767478181346756
crypto_risk_parity,2022-12-01,ETC-USD,0.0756179460157957
crypto_risk_parity,2023-01-01,ETC-USD,0.07383650771471184
crypto_risk_parity,2023-02-01,ETC-USD,0.07235401046256028
crypto_risk_parity,2023-03-01,ETC-USD,0.07114764016335251
crypto_risk_parity,2023-04-01,ETC-USD,0.07284879554795774
crypto_risk_parity,2023-05-01,ETC-USD,0.07341485346496492
crypto_risk_parity,2023-06-01,ETC-USD,0.06954405729192831
crypto_risk_parity,2023-07-01,ETC-USD,0.06737842685193557
crypto_risk_parity,2023-08-01,ETC-USD,0.08012209152897905
crypto_risk_parity,2023-09-01,ETC-USD,0.08178351688860169
crypto_risk_parity,2023-10-01,ETC-USD,0.08389950610819753
crypto_risk_parity,2023-11-01,ETC-USD,0.08576213725547892
crypto_risk_parity,2023-12-01,ETC-USD,0.08706842226633361
crypto_risk_parity,2021-01-01,ETH-USD,0.09987623341624992
crypto_risk_parity,2021-02-01,ETH-USD,0.0967386683035392
crypto_risk_parity,2021-03-01,ETH-USD,0.09981588483458732
crypto_risk_parity,2021-04-01,ETH-USD,0.10276950656398871
crypto_risk_parity,2021-05-01,ETH-USD,0.1112772008905018
crypto_risk_parity,2021-06-01,ETH-USD,0.11372583765033756
crypto_risk_parity,2021-07-01,ETH-USD,0.11409532281605168
crypto_risk_parity,2021-08-01,ETH-USD,0.11315847392160915
crypto_risk_parity,2021-09-01,ETH-USD,0.11398995745006199
crypto_risk_parity,2021-10-01,ETH-USD,0.11544712693142935
crypto_risk_parity,2021-11-01,ETH-USD,0.1155588246674695
crypto_risk_parity,2021-12-01,ETH-USD,0.11456307557419176
crypto_risk_parity,2022-01-01,ETH-USD,0.11360281143324975
crypto_risk_parity,2022-02-01,ETH-USD,0.11561066747022283
crypto_risk_parity,2022-03-01,ETH-USD,0.11342575362177608
crypto_risk_parity,2022-04-01,ETH-USD,0.11392913298515026
crypto_risk_parity,2022-05-01,ETH-USD,0.10964406775982904
crypto_risk_parity,2022-06-01,ETH-USD,0.10731527000575623
crypto_risk_parity,2022-07-01,ETH-USD,0.10259577855578042
crypto_risk_parity,2022-08-01,ETH-USD,0.1005596274031265
crypto_risk_parity,2022-09-01,ETH-USD,0.09732665999889535
crypto_risk_parity,2022-10-01,ETH-USD,0.0965646162572768
crypto_risk_parity,2022-11-01,ETH-USD,0.09565844857176878
crypto_risk_parity,2022-12-01,ETH-USD,0.09275751601953072
crypto_risk_parity,2023-01-01,ETH-USD,0.09061994206525967
crypto_risk_parity,2023-02-01,ETH-USD,0.09105545250549567
crypto_risk_parity,2023-03-01,ETH-USD,0.0909351028570832
crypto_risk_parity,2023-04-01,ETH-USD,0.09169825212496768
crypto_risk_parity,2023-05-01,ETH-USD,0.09002588972480492
crypto_risk_parity,2023-06-01,ETH-USD,0.08419991689183837
crypto_risk_parity,2023-07-01,ETH-USD,0.08894131851153188
crypto_risk_parity,2023-08-01,ETH-USD,0.09941262230975306
crypto_risk_parity,2023-09-01,ETH-USD,0.10395266434663192
crypto_risk_parity,2023-10-01,ETH-USD,0.1052655079678744
crypto_risk_parity,2023-11-01,ETH-USD,0.10671599258895358
crypto_risk_parity,2023-12-01,ETH-USD,0.11705678495135138
crypto_risk_parity,2021-01-01,LTC-USD,0.09867323926689417
crypto_risk_parity,2021-02-01,LTC-USD,0.10026410115298089
crypto_risk_parity,2021-03-01,LTC-USD,0.10013303411587525
crypto_risk_parity,2021-04-01,LTC-USD,0.10047176566242122
crypto_risk_parity,2021-05-01,LTC-USD,0.10013121473467837
crypto_risk_parity,2021-06-01,LTC-USD,0.0980288021510438
crypto_risk_parity,2021-07-01,LTC-USD,0.09839018656953188
crypto_risk_parity,2021-08-01,LTC-USD,0.09900001360868102
crypto_risk_parity,2021-09-01,LTC-USD,0.09963457642547095
crypto_risk_parity,2021-10-01,LTC-USD,0.09971212734852494
crypto_risk_parity,2021-11-01,LTC-USD,0.09988785456690266
crypto_risk_parity,2021-12-01,LTC-USD,0.09790702738708867
crypto_risk_parity,2022-01-01,LTC-USD,0.09798024102727591
crypto_risk_parity,2022-02-01,LTC-USD,0.09636779232290604
crypto_risk_parity,2022-03-01,LTC-USD,0.09653070177238313
crypto_risk_parity,2022-04-01,LTC-USD,0.0952500013857755
crypto_risk_parity,2022-05-01,LTC-USD,0.09433905348009003
crypto_risk_parity,2022-06-01,LTC-USD,0.09356916074547915
crypto_risk_parity,2022-07-01,LTC-USD,0.0916494578193772
crypto_risk_parity,2022-08-01,LTC-USD,0.09237776441163832
crypto_risk_parity,2022-09-01,LTC-USD,0.09166837768987403
crypto_risk_parity,2022-10-01,LTC-USD,0.09168523326690715
crypto_risk_parity,2022-11-01,LTC-USD,0.09169575564907588
crypto_risk_parity,2022-12-01,LTC-USD,0.09286354731568715
crypto_risk_parity,2023-01-01,LTC-USD,0.0928406836937651
crypto_risk_parity,2023-02-01,LTC-USD,0.09324689692007579
crypto_risk_parity,2023-03-01,LTC-USD,0.09391265386121743
crypto_risk_parity,2023-04-01,LTC-USD,0.09397120046592697
crypto_risk_parity,2023-05-01,LTC-USD,0.09275468291603962
crypto_risk_parity,2023-06-01,LTC-USD,0.0915784436695558
crypto_risk_parity,2023-07-01,LTC-USD,0.08826571605669209
crypto_risk_parity,2023-08-01,LTC-USD,0.09125020749123201
crypto_risk_parity,2023-09-01,LTC-USD,0.08860965275886759
crypto_risk_parity,2023-10-01,LTC-USD,0.0875378871679496
crypto_risk_parity,2023-11-01,LTC-USD,0.08745581050591023
crypto_risk_parity,2023-12-01,LTC-USD,0.08948473923255389
crypto_risk_parity,2021-01-01,TRX-USD,0.10320552264867272
crypto_risk_parity,2021-02-01,TRX-USD,0.10774472721721287
crypto_risk_parity,2021-03-01,TRX-USD,0.10598717249905888
crypto_risk_parity,2021-04-01,TRX-USD,0.10507128283262045
crypto_risk_parity,2021-05-01,TRX-USD,0.10043071937400119
crypto_risk_parity,2021-06-01,TRX-USD,0.10087763424716574
crypto_risk_parity,2021-07-01,TRX-USD,0.10081430067142294
crypto_risk_parity,2021-08-01,TRX-USD,0.1009266406436188
crypto_risk_parity,2021-09-01,TRX-USD,0.10301481908816436
crypto_risk_parity,2021-10-01,TRX-USD,0.09953939791466554
crypto_risk_parity,2021-11-01,TRX-USD,0.0996388860722292
crypto_risk_parity,2021-12-01,TRX-USD,0.09915003510545667
crypto_risk_parity,2022-01-01,TRX-USD,0.09977792480241422
crypto_risk_parity,2022-02-01,TRX-USD,0.09558016203071973
crypto_risk_parity,2022-03-01,TRX-USD,0.09923575952741805
crypto_risk_parity,2022-04-01,TRX-USD,0.10303629471986263
crypto_risk_parity,2022-05-01,TRX-USD,0.1071910140632196
crypto_risk_parity,2022-06-01,TRX-USD,0.10927924828274076
crypto_risk_parity,2022-07-01,TRX-USD,0.11475054723824277
crypto_risk_parity,2022-08-01,TRX-USD,0.1190664848410445
crypto_risk_parity,2022-09-01,TRX-USD,0.1211632056334795
crypto_risk_parity,2022-10-01,TRX-USD,0.133193674573535
crypto_risk_parity,2022-11-01,TRX-USD,0.1352404982048986
crypto_risk_parity,2022-12-01,TRX-USD,0.1431096364542798
crypto_risk_parity,2023-01-01,TRX-USD,0.14415921615607044
crypto_risk_parity,2023-02-01,TRX-USD,0.14686121315408804
crypto_risk_parity,2023-03-01,TRX-USD,0.14524588368854696
crypto_risk_parity,2023-04-01,TRX-USD,0.13935001529639549
crypto_risk_parity,2023-05-01,TRX-USD,0.14178283487561003
crypto_risk_parity,2023-06-01,TRX-USD,0.15839414758576634
crypto_risk_parity,2023-07-01,TRX-USD,0.16523030831270247
crypto_risk_parity,2023-08-01,TRX-USD,0.16904361479674054
crypto_risk_parity,2023-09-01,TRX-USD,0.17009964287657095
crypto_risk_parity,2023-10-01,TRX-USD,0.16431506074670146
crypto_risk_parity,2023-11-01,TRX-USD,0.16284803629174802
crypto_risk_parity,2023-12-01,TRX-USD,0.15463520382910853
crypto_risk_parity,2021-01-01,XLM-USD,0.09166956825572205
crypto_risk_parity,2021-02-01,XLM-USD,0.08118585383680754
crypto_risk_parity,2021-03-01,XLM-USD,0.08148539179839005
crypto_risk_parity,2021-04-01,XLM-USD,0.07503987634778245
crypto_risk_parity,2021-05-01,XLM-USD,0.07459704448428432
crypto_risk_parity,2021-06-01,XLM-USD,0.08224942514605575
crypto_risk_parity,2021-07-01,XLM-USD,0.08310855372137305
crypto_risk_parity,2021-08-01,XLM-USD,0.08347898309133524
crypto_risk_parity,2021-09-01,XLM-USD,0.0831867199211956
crypto_risk_parity,2021-10-01,XLM-USD,0.08352456169011407
crypto_risk_parity,2021-11-01,XLM-USD,0.08335721207629981
crypto_risk_parity,2021-12-01,XLM-USD,0.08712172423872826
crypto_risk_parity,2022-01-01,XLM-USD,0.08951359178004002
crypto_risk_parity,2022-02-01,XLM-USD,0.09764853795619277
crypto_risk_parity,2022-03-01,XLM-USD,0.0984516946756931
crypto_risk_parity,2022-04-01,XLM-USD,0.09737130218825972
crypto_risk_parity,2022-05-01,XLM-USD,0.09980040691598153
crypto_risk_parity,2022-06-01,XLM-USD,0.09564325278583222
crypto_risk_parity,2022-07-01,XLM-USD,0.09660832185262197
crypto_risk_parity,2022-08-01,XLM-USD,0.09812044336483665
crypto_risk_parity,2022-09-01,XLM-USD,0.10016145593657695
crypto_risk_parity,2022-10-01,XLM-USD,0.1003126894411931
crypto_risk_parity,2022-11-01,XLM-USD,0.10236215491885353
crypto_risk_parity,2022-12-01,XLM-USD,0.10066036222156519
crypto_risk_parity,2023-01-01,XLM-USD,0.10209788676063683
crypto_risk_parity,2023-02-01,XLM-USD,0.10290438948082054
crypto_risk_parity,2023-03-01,XLM-USD,0.10354220326987233
crypto_risk_parity,2023-04-01,XLM-USD,0.10439622041598284
crypto_risk_parity,2023-05-01,XLM-USD,0.10485387553947977
crypto_risk_parity,2023-06-01,XLM-USD,0.10633981986330727
crypto_risk_parity,2023-07-01,XLM-USD,0.1067730120744809
crypto_risk_parity,2023-08-01,XLM-USD,0.08267133663970204
crypto_risk_parity,2023-09-01,XLM-USD,0.07962207135090674
crypto_risk_parity,2023-10-01,XLM-USD,0.07937092624669255
crypto_risk_parity,2023-11-01,XLM-USD,0.07869328362320055
crypto_risk_parity,2023-12-01,XLM-USD,0.0765857918389646
crypto_risk_parity,2021-01-01,XRP-USD,0.09141390819024801
crypto_risk_parity,2021-02-01,XRP-USD,0.09215773296094852
crypto_risk_parity,2021-03-01,XRP-USD,0.09361603090492562
crypto_risk_parity,2021-04-01,XRP-USD,0.08797002254571701
crypto_risk_parity,2021-05-01,XRP-USD,0.07795041543684753
crypto_risk_parity,2021-06-01,XRP-USD,0.0832109271398371
crypto_risk_parity,2021-07-01,XRP-USD,0.0829410750617041
crypto_risk_parity,2021-08-01,XRP-USD,0.0831418958621703
crypto_risk_parity,2021-09-01,XRP-USD,0.08155384772021884
crypto_risk_parity,2021-10-01,XRP-USD,0.08171482442939511
crypto_risk_parity,2021-11-01,XRP-USD,0.08189655315517072
crypto_risk_parity,2021-12-01,XRP-USD,0.08610779172649247
crypto_risk_parity,2022-01-01,XRP-USD,0.0911841989321738
crypto_risk_parity,2022-02-01,XRP-USD,0.08889421203003026
crypto_risk_parity,2022-03-01,XRP-USD,0.08638912604195245
crypto_risk_parity,2022-04-01,XRP-USD,0.08608525943854423
crypto_risk_parity,2022-05-01,XRP-USD,0.09584989566476972
crypto_risk_parity,2022-06-01,XRP-USD,0.09271859188851594
crypto_risk_parity,2022-07-01,XRP-USD,0.09563409932581224
crypto_risk_parity,2022-08-01,XRP-USD,0.0978718763895802
crypto_risk_parity,2022-09-01,XRP-USD,0.10431113772528908
crypto_risk_parity,2022-10-01,XRP-USD,0.10294016760453441
crypto_risk_parity,2022-11-01,XRP-USD,0.10290058035227072
crypto_risk_parity,2022-12-01,XRP-USD,0.09832446500380465
crypto_risk_parity,2023-01-01,XRP-USD,0.09766158732738323
crypto_risk_parity,2023-02-01,XRP-USD,0.09752846154391248
crypto_risk_parity,2023-03-01,XRP-USD,0.10132920901101151
crypto_risk_parity,2023-04-01,XRP-USD,0.09942377635695282
crypto_risk_parity,2023-05-01,XRP-USD,0.09841626839476783
crypto_risk_parity,2023-06-01,XRP-USD,0.09723260424719352
crypto_risk_parity,2023-07-01,XRP-USD,0.09942068939826815
crypto_risk_parity,2023-08-01,XRP-USD,0.07597165699923758
crypto_risk_parity,2023-09-01,XRP-USD,0.07304114496764098
crypto_risk_parity,2023-10-01,XRP-USD,0.07286915008260493
crypto_risk_parity,2023-11-01,XRP-USD,0.07308494648088548
crypto_risk_parity,2023-12-01,XRP-USD,0.07256982501909943
crypto_hrp,2021-01-01,ADA-USD,0.06043874929171392
crypto_hrp,2021-02-01,ADA-USD,0.06687912303179706
crypto_hrp,2021-03-01,ADA-USD,0.10830337607300686
crypto_hrp,2021-04-01,ADA-USD,0.09552822630142105
crypto_hrp,2021-05-01,ADA-USD,0.10366528647330198
crypto_hrp,2021-06-01,ADA-USD,0.05230338088835224
crypto_hrp,2021-07-01,ADA-USD,0.05440251543235524
crypto_hrp,2021-08-01,ADA-USD,0.057485621803652284
crypto_hrp,2021-09-01,ADA-USD,0.05508126104786185
crypto_hrp,2021-10-01,ADA-USD,0.058483774657957066
crypto_hrp,2021-11-01,ADA-USD,0.12391717776137909
crypto_hrp,2021-12-01,ADA-USD,0.05948247736328258
crypto_hrp,2022-01-01,ADA-USD,0.056866676575777486
crypto_hrp,2022-02-01,ADA-USD,0.10960876305733724
crypto_hrp,2022-03-01,ADA-USD,0.11877342355630403
crypto_hrp,2022-04-01,ADA-USD,0.11725242153630966
crypto_hrp,2022-05-01,ADA-USD,0.12002492359013613
crypto_hrp,2022-06-01,ADA-USD,0.10494597553948591
crypto_hrp,2022-07-01,ADA-USD,0.10048584400693453
crypto_hrp,2022-08-01,ADA-USD,0.10529423149202455
crypto_hrp,2022-09-01,ADA-USD,0.1091662482945925
crypto_hrp,2022-10-01,ADA-USD,0.100016746867239
crypto_hrp,2022-11-01,ADA-USD,0.09343544088845764
crypto_hrp,2022-12-01,ADA-USD,0.09201096550612087
crypto_hrp,2023-01-01,ADA-USD,0.09419712803679851
crypto_hrp,2023-02-01,ADA-USD,0.09631893452131143
crypto_hrp,2023-03-01,ADA-USD,0.09381055338225601
crypto_hrp,2023-04-01,ADA-USD,0.053183514080543226
crypto_hrp,2023-05-01,ADA-USD,0.05325053349273101
crypto_hrp,2023-06-01,ADA-USD,0.1085661818613797
crypto_hrp,2023-07-01,ADA-USD,0.1092289103641168
crypto_hrp,2023-08-01,ADA-USD,0.11101439784708882
crypto_hrp,2023-09-01,ADA-USD,0.11088306469212372
crypto_hrp,2023-10-01,ADA-USD,0.09775576389221415
crypto_hrp,2023-11-01,ADA-USD,0.10080346961221295
crypto_hrp,2023-12-01,ADA-USD,0.10100453169493676
crypto_hrp,2021-01-01,BCH-USD,0.10214182368899055
crypto_hrp,2021-02-01,BCH-USD,0.05185582448566888
crypto_hrp,2021-03-01,BCH-USD,0.05270706633829594
crypto_hrp,2021-04-01,BCH-USD,0.05274876328893703
crypto_hrp,2021-05-01,BCH-USD,0.04824039677986875
crypto_hrp,2021-06-01,BCH-USD,0.0789591692113521
crypto_hrp,2021-07-01,BCH-USD,0.0820492404193415
crypto_hrp,2021-08-01,BCH-USD,0.08296440403353231
crypto_hrp,2021-09-01,BCH-USD,0.08414455923431564
crypto_hrp,2021-10-01,BCH-USD,0.08715675973769889
crypto_hrp,2021-11-01,BCH-USD,0.04366775985410067
crypto_hrp,2021-12-01,BCH-USD,0.08745835650376174
crypto_hrp,2022-01-01,BCH-USD,0.08940460004691166
crypto_hrp,2022-02-01,BCH-USD,0.052087875697458014
crypto_hrp,2022-03-01,BCH-USD,0.0521356893145307
crypto_hrp,2022-04-01,BCH-USD,0.05050468145870833
crypto_hrp,2022-05-01,BCH-USD,0.05214377597158063
crypto_hrp,2022-06-01,BCH-USD,0.07075526338603051
crypto_hrp,2022-07-01,BCH-USD,0.06797930882593287
crypto_hrp,2022-08-01,BCH-USD,0.06320455955566912
crypto_hrp,2022-09-01,BCH-USD,0.06113932378034187
crypto_hrp,2022-10-01,BCH-USD,0.05515004696124424
crypto_hrp,2022-11-01,BCH-USD,0.1066537708383571
crypto_hrp,2022-12-01,BCH-USD,0.06749137799733014
crypto_hrp,2023-01-01,BCH-USD,0.06699342404130915
crypto_hrp,2023-02-01,BCH-USD,0.06752782147658253
crypto_hrp,2023-03-01,BCH-USD,0.06709837896775407
crypto_hrp,2023-04-01,BCH-USD,0.12020395555890429
crypto_hrp,2023-05-01,BCH-USD,0.11946892175122785
crypto_hrp,2023-06-01,BCH-USD,0.061595570502671185
crypto_hrp,2023-07-01,BCH-USD,0.06961759425444167
crypto_hrp,2023-08-01,BCH-USD,0.0887948287984003
crypto_hrp,2023-09-01,BCH-USD,0.08324589262645388
crypto_hrp,2023-10-01,BCH-USD,0.08488446341612332
crypto_hrp,2023-11-01,BCH-USD,0.08344364443352235
crypto_hrp,2023-12-01,BCH-USD,0.07914044498380618
crypto_hrp,2021-01-01,BTC-USD,0.2151542406431668
crypto_hrp,2021-02-01,BTC-USD,0.16263964384520066
crypto_hrp,2021-03-01,BTC-USD,0.17410463561661033
crypto_hrp,2021-04-01,BTC-USD,0.22476207828360595
crypto_hrp,2021-05-01,BTC-USD,0.2376956519479531
crypto_hrp,2021-06-01,BTC-USD,0.23865353062717004
crypto_hrp,2021-07-01,BTC-USD,0.22889272030754587
crypto_hrp,2021-08-01,BTC-USD,0.22450318434770636
crypto_hrp,2021-09-01,BTC-USD,0.22039408126604373
crypto_hrp,2021-10-01,BTC-USD,0.21411674938916214
crypto_hrp,2021-11-01,BTC-USD,0.221942711197829
crypto_hrp,2021-12-01,BTC-USD,0.2730156448463057
crypto_hrp,2022-01-01,BTC-USD,0.19825576089516792
crypto_hrp,2022-02-01,BTC-USD,0.2512997984629187
crypto_hrp,2022-03-01,BTC-USD,0.24899847448954823
crypto_hrp,2022-04-01,BTC-USD,0.2475887092208003
crypto_hrp,2022-05-01,BTC-USD,0.23445067202381223
crypto_hrp,2022-06-01,BTC-USD,0.12873719996300323
crypto_hrp,2022-07-01,BTC-USD,0.18770556020549184
crypto_hrp,2022-08-01,BTC-USD,0.13056820555398627
crypto_hrp,2022-09-01,BTC-USD,0.187183064602137
crypto_hrp,2022-10-01,BTC-USD,0.18890561645830115
crypto_hrp,2022-11-01,BTC-USD,0.11919289331101748
crypto_hrp,2022-12-01,BTC-USD,0.1829817630296848
crypto_hrp,2023-01-01,BTC-USD,0.18272684814924384
crypto_hrp,2023-02-01,BTC-USD,0.17735240810529113
crypto_hrp,2023-03-01,BTC-USD,0.18336137380630407
crypto_hrp,2023-04-01,BTC-USD,0.1120478139447585
crypto_hrp,2023-05-01,BTC-USD,0.11734287234969627
crypto_hrp,2023-06-01,BTC-USD,0.10390790106101117
crypto_hrp,2023-07-01,BTC-USD,0.10095200507400102
crypto_hrp,2023-08-01,BTC-USD,0.12522631278603097
crypto_hrp,2023-09-01,BTC-USD,0.11603454875337178
crypto_hrp,2023-10-01,BTC-USD,0.11485193697938485
crypto_hrp,2023-11-01,BTC-USD,0.10793798938003601
crypto_hrp,2023-12-01,BTC-USD,0.11704326840907692
crypto_hrp,2021-01-01,EOS-USD,0.11143520641005597
crypto_hrp,2021-02-01,EOS-USD,0.06163236390154402
crypto_hrp,2021-03-01,EOS-USD,0.06001191502117927
crypto_hrp,2021-04-01,EOS-USD,0.054708807500975024
crypto_hrp,2021-05-01,EOS-USD,0.049553096232434334
crypto_hrp,2021-06-01,EOS-USD,0.07446341228179398
crypto_hrp,2021-07-01,EOS-USD,0.07618626126920003
crypto_hrp,2021-08-01,EOS-USD,0.0758430814939577
crypto_hrp,2021-09-01,EOS-USD,0.07655701820915839
crypto_hrp,2021-10-01,EOS-USD,0.07722465756321424
crypto_hrp,2021-11-01,EOS-USD,0.035435012526264235
crypto_hrp,2021-12-01,EOS-USD,0.07711950750484899
crypto_hrp,2022-01-01,EOS-USD,0.06996682525445723
crypto_hrp,2022-02-01,EOS-USD,0.06847074713210752
crypto_hrp,2022-03-01,EOS-USD,0.06894678397770852
crypto_hrp,2022-04-01,EOS-USD,0.06871758570408631
crypto_hrp,2022-05-01,EOS-USD,0.06826125130051114
crypto_hrp,2022-06-01,EOS-USD,0.09743494343611171
crypto_hrp,2022-07-01,EOS-USD,0.09808290596710864
crypto_hrp,2022-08-01,EOS-USD,0.10034421165603406
crypto_hrp,2022-09-01,EOS-USD,0.0913216734187516
crypto_hrp,2022-10-01,EOS-USD,0.08804887683890843
crypto_hrp,2022-11-01,EOS-USD,0.09802318722681438
crypto_hrp,2022-12-01,EOS-USD,0.10090058744881511
crypto_hrp,2023-01-01,EOS-USD,0.10593023218078047
crypto_hrp,2023-02-01,EOS-USD,0.10465356025005271
crypto_hrp,2023-03-01,EOS-USD,0.10042204311430361
crypto_hrp,2023-04-01,EOS-USD,0.09986915961855831
crypto_hrp,2023-05-01,EOS-USD,0.10194911200955696
crypto_hrp,2023-06-01,EOS-USD,0.09204108766915875
crypto_hrp,2023-07-01,EOS-USD,0.07957461727417078
crypto_hrp,2023-08-01,EOS-USD,0.07289787330249974
crypto_hrp,2023-09-01,EOS-USD,0.05235365026187263
crypto_hrp,2023-10-01,EOS-USD,0.09417998047827154
crypto_hrp,2023-11-01,EOS-USD,0.09520428234077935
crypto_hrp,2023-12-01,EOS-USD,0.06801330673809644
crypto_hrp,2021-01-01,ETC-USD,0.07337281847952787
crypto_hrp,2021-02-01,ETC-USD,0.11932833183769397
crypto_hrp,2021-03-01,ETC-USD,0.11050686258466949
crypto_hrp,2021-04-01,ETC-USD,0.10502426280337081
crypto_hrp,2021-05-01,ETC-USD,0.09342385335607316
crypto_hrp,2021-06-01,ETC-USD,0.09929785038566108
crypto_hrp,2021-07-01,ETC-USD,0.09726581814633739
crypto_hrp,2021-08-01,ETC-USD,0.09705190794793915
crypto_hrp,2021-09-01,ETC-USD,0.09622825056447656
crypto_hrp,2021-10-01,ETC-USD,0.09501157668790139
crypto_hrp,2021-11-01,ETC-USD,0.07113127822359931
crypto_hrp,2021-12-01,ETC-USD,0.045697865649478024
crypto_hrp,2022-01-01,ETC-USD,0.09218770127963796
crypto_hrp,2022-02-01,ETC-USD,0.03973288976808093
crypto_hrp,2022-03-01,ETC-USD,0.07519721391928606
crypto_hrp,2022-04-01,ETC-USD,0.07151612447878698
crypto_hrp,2022-05-01,ETC-USD,0.07361313751742822
crypto_hrp,2022-06-01,ETC-USD,0.10466976115781926
crypto_hrp,2022-07-01,ETC-USD,0.05394456994381118
crypto_hrp,2022-08-01,ETC-USD,0.08934527381762639
crypto_hrp,2022-09-01,ETC-USD,0.08086522473796365
crypto_hrp,2022-10-01,ETC-USD,0.07938773099026278
crypto_hrp,2022-11-01,ETC-USD,0.07701437471487343
crypto_hrp,2022-12-01,ETC-USD,0.06599161006719215
crypto_hrp,2023-01-01,ETC-USD,0.06321058831799285
crypto_hrp,2023-02-01,ETC-USD,0.060772597427507374
crypto_hrp,2023-03-01,ETC-USD,0.059467155763236884
crypto_hrp,2023-04-01,ETC-USD,0.06685679655244842
crypto_hrp,2023-05-01,ETC-USD,0.06671942107546269
crypto_hrp,2023-06-01,ETC-USD,0.05851024758305828
crypto_hrp,2023-07-01,ETC-USD,0.05624669647243269
crypto_hrp,2023-08-01,ETC-USD,0.08161462693243261
crypto_hrp,2023-09-01,ETC-USD,0.0929494612134557
crypto_hrp,2023-10-01,ETC-USD,0.08786421866900358
crypto_hrp,2023-11-01,ETC-USD,0.09075308396786208
crypto_hrp,2023-12-01,ETC-USD,0.09603187860556578
crypto_hrp,2021-01-01,ETH-USD,0.06420913921993328
crypto_hrp,2021-02-01,ETH-USD,0.10785346057994653
crypto_hrp,2021-03-01,ETH-USD,0.11725316643895689
crypto_hrp,2021-04-01,ETH-USD,0.11720511608927207
crypto_hrp,2021-05-01,ETH-USD,0.13825406803776796
crypto_hrp,2021-06-01,ETH-USD,0.11857047428957625
crypto_hrp,2021-07-01,ETH-USD,0.11889870210396546
crypto_hrp,2021-08-01,ETH-USD,0.11653867004223704
crypto_hrp,2021-09-01,ETH-USD,0.11741861664151353
crypto_hrp,2021-10-01,ETH-USD,0.11781285939704332
crypto_hrp,2021-11-01,ETH-USD,0.14976365645122788
crypto_hrp,2021-12-01,ETH-USD,0.09626110110252199
crypto_hrp,2022-01-01,ETH-USD,0.11200688115342881
crypto_hrp,2022-02-01,ETH-USD,0.14620964211409887
crypto_hrp,2022-03-01,ETH-USD,0.14097374082733996
crypto_hrp,2022-04-01,ETH-USD,0.14176672915529603
crypto_hrp,2022-05-01,ETH-USD,0.134147527633474
crypto_hrp,2022-06-01,ETH-USD,0.08951549304027383
crypto_hrp,2022-07-01,ETH-USD,0.12249346600274791
crypto_hrp,2022-08-01,ETH-USD,0.0798155281409811
crypto_hrp,2022-09-01,ETH-USD,0.11053092303503206
crypto_hrp,2022-10-01,ETH-USD,0.10503172848715103
crypto_hrp,2022-11-01,ETH-USD,0.06898653298085877
crypto_hrp,2022-12-01,ETH-USD,0.10237793499578593
crypto_hrp,2023-01-01,ETH-USD,0.09884393337619675
crypto_hrp,2023-02-01,ETH-USD,0.099501451491171
crypto_hrp,2023-03-01,ETH-USD,0.09923613958375764
crypto_hrp,2023-04-01,ETH-USD,0.06184462477740125
crypto_hrp,2023-05-01,ETH-USD,0.06451104208532137
crypto_hrp,2023-06-01,ETH-USD,0.056510426067645246
crypto_hrp,2023-07-01,ETH-USD,0.05591211350901766
crypto_hrp,2023-08-01,ETH-USD,0.07699665385645112
crypto_hrp,2023-09-01,ETH-USD,0.07918201330761264
crypto_hrp,2023-10-01,ETH-USD,0.07863836277810914
crypto_hrp,2023-11-01,ETH-USD,0.08062898548471176
crypto_hrp,2023-12-01,ETH-USD,0.0990472039027776
crypto_hrp,2021-01-01,LTC-USD,0.06018013383784659
crypto_hrp,2021-02-01,LTC-USD,0.11317048302210302
crypto_hrp,2021-03-01,LTC-USD,0.10961552099207648
crypto_hrp,2021-04-01,LTC-USD,0.10216922380487023
crypto_hrp,2021-05-01,LTC-USD,0.10081851370364187
crypto_hrp,2021-06-01,LTC-USD,0.10729562789366044
crypto_hrp,2021-07-01,LTC-USD,0.10925212365100906
crypto_hrp,2021-08-01,LTC-USD,0.11089883485016148
crypto_hrp,2021-09-01,LTC-USD,0.11236103336054062
crypto_hrp,2021-10-01,LTC-USD,0.11281048381053495
crypto_hrp,2021-11-01,LTC-USD,0.10309714851946718
crypto_hrp,2021-12-01,LTC-USD,0.11164203188392315
crypto_hrp,2022-01-01,LTC-USD,0.12216203238212328
crypto_hrp,2022-02-01,LTC-USD,0.06396374167830766
crypto_hrp,2022-03-01,LTC-USD,0.06394658119600817
crypto_hrp,2022-04-01,LTC-USD,0.06281364331130923
crypto_hrp,2022-05-01,LTC-USD,0.0615029037983569
crypto_hrp,2022-06-01,LTC-USD,0.058913967416398476
crypto_hrp,2022-07-01,LTC-USD,0.055775177162477735
crypto_hrp,2022-08-01,LTC-USD,0.05628358862938666
crypto_hrp,2022-09-01,LTC-USD,0.05653396107733223
crypto_hrp,2022-10-01,LTC-USD,0.053716337569365384
crypto_hrp,2022-11-01,LTC-USD,0.10419064359564849
crypto_hrp,2022-12-01,LTC-USD,0.06304805443711962
crypto_hrp,2023-01-01,LTC-USD,0.06321724954417282
crypto_hrp,2023-02-01,LTC-USD,0.06469929375324852
crypto_hrp,2023-03-01,LTC-USD,0.06542681166448792
crypto_hrp,2023-04-01,LTC-USD,0.10326793229942144
crypto_hrp,2023-05-01,LTC-USD,0.10044443984118095
crypto_hrp,2023-06-01,LTC-USD,0.09258397094065969
crypto_hrp,2023-07-01,LTC-USD,0.05180488704485933
crypto_hrp,2023-08-01,LTC-USD,0.05626184602176546
crypto_hrp,2023-09-01,LTC-USD,0.07829515114634336
crypto_hrp,2023-10-01,LTC-USD,0.08653663006455564
crypto_hrp,2023-11-01,LTC-USD,0.08618580000087182
crypto_hrp,2023-12-01,LTC-USD,0.08821152463321341
crypto_hrp,2021-01-01,TRX-USD,0.12718997365264997
crypto_hrp,2021-02-01,TRX-USD,0.15197005366048258
crypto_hrp,2021-03-01,TRX-USD,0.10031293449228162
crypto_hrp,2021-04-01,TRX-USD,0.09573751936659355
crypto_hrp,2021-05-01,TRX-USD,0.1124273321812531
crypto_hrp,2021-06-01,TRX-USD,0.1207400184813669
crypto_hrp,2021-07-01,TRX-USD,0.12100107361683239
crypto_hrp,2021-08-01,TRX-USD,0.12173818387094908
crypto_hrp,2021-09-01,TRX-USD,0.12722264212481413
crypto_hrp,2021-10-01,TRX-USD,0.1272759142563045
crypto_hrp,2021-11-01,TRX-USD,0.08898566688976678
crypto_hrp,2021-12-01,TRX-USD,0.12619796186394083
crypto_hrp,2022-01-01,TRX-USD,0.1253664388964583
crypto_hrp,2022-02-01,TRX-USD,0.10942011748744837
crypto_hrp,2022-03-01,TRX-USD,0.1099399130811005
crypto_hrp,2022-04-01,TRX-USD,0.12084523718913945
crypto_hrp,2022-05-01,TRX-USD,0.13224858903382422
crypto_hrp,2022-06-01,TRX-USD,0.13589200051114114
crypto_hrp,2022-07-01,TRX-USD,0.14020813703817067
crypto_hrp,2022-08-01,TRX-USD,0.15180530093225503
crypto_hrp,2022-09-01,TRX-USD,0.14644007500498127
crypto_hrp,2022-10-01,TRX-USD,0.1896530890538195
crypto_hrp,2022-11-01,TRX-USD,0.1923378160740905
crypto_hrp,2022-12-01,TRX-USD,0.19671770951752868
crypto_hrp,2023-01-01,TRX-USD,0.19580925175143074
crypto_hrp,2023-02-01,TRX-USD,0.20083182921556633
crypto_hrp,2023-03-01,TRX-USD,0.19566844189642024
crypto_hrp,2023-04-01,TRX-USD,0.1824868570647036
crypto_hrp,2023-05-01,TRX-USD,0.1906518819730996
crypto_hrp,2023-06-01,TRX-USD,0.24766869070835457
crypto_hrp,2023-07-01,TRX-USD,0.28056899133686425
crypto_hrp,2023-08-01,TRX-USD,0.29324564973199
crypto_hrp,2023-09-01,TRX-USD,0.2948774646876091
crypto_hrp,2023-10-01,TRX-USD,0.29400167646106956
crypto_hrp,2023-11-01,TRX-USD,0.29398705340966724
crypto_hrp,2023-12-01,TRX-USD,0.266204553133891
crypto_hrp,2021-01-01,XLM-USD,0.09200657297029216
crypto_hrp,2021-02-01,XLM-USD,0.07561619669631245
crypto_hrp,2021-03-01,XLM-USD,0.07855386083153507
crypto_hrp,2021-04-01,XLM-USD,0.07211528288965242
crypto_hrp,2021-05-01,XLM-USD,0.051048040947985214
crypto_hrp,2021-06-01,XLM-USD,0.039520009717608676
crypto_hrp,2021-07-01,XLM-USD,0.04071662297676291
crypto_hrp,2021-08-01,XLM-USD,0.04130036145943746
crypto_hrp,2021-09-01,XLM-USD,0.04106041929597461
crypto_hrp,2021-10-01,XLM-USD,0.04202690422186918
crypto_hrp,2021-11-01,XLM-USD,0.0892313697899049
crypto_hrp,2021-12-01,XLM-USD,0.047874190385458974
crypto_hrp,2022-01-01,XLM-USD,0.048953604235392495
crypto_hrp,2022-02-01,XLM-USD,0.11094367715884144
crypto_hrp,2022-03-01,XLM-USD,0.07323833687450872
crypto_hrp,2022-04-01,XLM-USD,0.07129357949907635
crypto_hrp,2022-05-01,XLM-USD,0.06594088805502656
crypto_hrp,2022-06-01,XLM-USD,0.11065258021410761
crypto_hrp,2022-07-01,XLM-USD,0.11297793893949215
crypto_hrp,2022-08-01,XLM-USD,0.11636167200363258
crypto_hrp,2022-09-01,XLM-USD,0.07707228755502273
crypto_hrp,2022-10-01,XLM-USD,0.07159494367293522
crypto_hrp,2022-11-01,XLM-USD,0.07418930922480917
crypto_hrp,2022-12-01,XLM-USD,0.06969473145834719
crypto_hrp,2023-01-01,XLM-USD,0.071239212371503
crypto_hrp,2023-02-01,XLM-USD,0.07186932017823137
crypto_hrp,2023-03-01,XLM-USD,0.0726689329502975
crypto_hrp,2023-04-01,XLM-USD,0.07565233920626584
crypto_hrp,2023-05-01,XLM-USD,0.07666425745187144
crypto_hrp,2023-06-01,XLM-USD,0.08011223765793203
crypto_hrp,2023-07-01,XLM-USD,0.08640901606254389
crypto_hrp,2023-08-01,XLM-USD,0.042747251522847675
crypto_hrp,2023-09-01,XLM-USD,0.037621116433513936
crypto_hrp,2023-10-01,XLM-USD,0.03471821754663853
crypto_hrp,2023-11-01,XLM-USD,0.03454996006713288
crypto_hrp,2023-12-01,XLM-USD,0.05559526963763873
crypto_hrp,2021-01-01,XRP-USD,0.0938713418058229
crypto_hrp,2021-02-01,XRP-USD,0.08905451893925082
crypto_hrp,2021-03-01,XRP-USD,0.08863066161138805
crypto_hrp,2021-04-01,XRP-USD,0.08000071967130175
crypto_hrp,2021-05-01,XRP-USD,0.06487376033972056
crypto_hrp,2021-06-01,XRP-USD,0.07019652622345819
crypto_hrp,2021-07-01,XRP-USD,0.07133492207665014
crypto_hrp,2021-08-01,XRP-USD,0.07167575015042707
crypto_hrp,2021-09-01,XRP-USD,0.06953211825530085
crypto_hrp,2021-10-01,XRP-USD,0.06808032027831433
crypto_hrp,2021-11-01,XRP-USD,0.07282821878646095
crypto_hrp,2021-12-01,XRP-USD,0.07525086289647794
crypto_hrp,2022-01-01,XRP-USD,0.08482947928064485
crypto_hrp,2022-02-01,XRP-USD,0.04826274744340113
crypto_hrp,2022-03-01,XRP-USD,0.04784984276366513
crypto_hrp,2022-04-01,XRP-USD,0.04770128844648727
crypto_hrp,2022-05-01,XRP-USD,0.05766633107584994
crypto_hrp,2022-06-01,XRP-USD,0.09848281533562829
crypto_hrp,2022-07-01,XRP-USD,0.060347091907832454
crypto_hrp,2022-08-01,XRP-USD,0.10697742821840427
crypto_hrp,2022-09-01,XRP-USD,0.07974721849384513
crypto_hrp,2022-10-01,XRP-USD,0.06849488310077313
crypto_hrp,2022-11-01,XRP-USD,0.06597603114507304
crypto_hrp,2022-12-01,XRP-USD,0.05878526554207554
crypto_hrp,2023-01-01,XRP-USD,0.05783213223057188
crypto_hrp,2023-02-01,XRP-USD,0.056472783581037564
crypto_hrp,2023-03-01,XRP-USD,0.06284016887118196
crypto_hrp,2023-04-01,XRP-USD,0.12458700689699526
crypto_hrp,2023-05-01,XRP-USD,0.10899751796985187
crypto_hrp,2023-06-01,XRP-USD,0.09850368594812936
crypto_hrp,2023-07-01,XRP-USD,0.1096851686075519
crypto_hrp,2023-08-01,XRP-USD,0.051200559200493365
crypto_hrp,2023-09-01,XRP-USD,0.054557636877643215
crypto_hrp,2023-10-01,XRP-USD,0.026568749714629702
crypto_hrp,2023-11-01,XRP-USD,0.02650573130320353
crypto_hrp,2023-12-01,XRP-USD,0.02970801826099716
equity_max_sharpe_tilt_vader,2021-02-01,ABBV,0.04232132265095822
equity_max_sharpe_tilt_vader,2021-04-01,ABBV,0.1012352147220837
equity_max_sharpe_tilt_vader,2021-05-03,ABBV,0.13219487957102477
equity_max_sharpe_tilt_vader,2021-08-02,ABBV,0.009946637829015356
equity_max_sharpe_tilt_vader,2021-09-01,ABBV,0.042888148306342834
equity_max_sharpe_tilt_vader,2021-10-01,ABBV,0.034990991554162014
equity_max_sharpe_tilt_vader,2021-11-01,ABBV,0.03955812372617582
equity_max_sharpe_tilt_vader,2022-01-03,ABBV,0.009127708722175202
equity_max_sharpe_tilt_vader,2022-02-01,ABBV,0.10149792885062504
equity_max_sharpe_tilt_vader,2022-03-01,ABBV,0.1785325086614874
equity_max_sharpe_tilt_vader,2022-04-01,ABBV,0.12653565608693998
equity_max_sharpe_tilt_vader,2022-05-02,ABBV,0.16668059035370528
equity_max_sharpe_tilt_vader,2022-06-01,ABBV,0.11576839108760856
equity_max_sharpe_tilt_vader,2022-07-01,ABBV,0.20349110557744057
equity_max_sharpe_tilt_vader,2022-08-01,ABBV,0.15170386638079342
equity_max_sharpe_tilt_vader,2022-09-01,ABBV,0.07335398525701471
equity_max_sharpe_tilt_vader,2022-10-03,ABBV,0.14982890962797096
equity_max_sharpe_tilt_vader,2022-11-01,ABBV,0.151336336623115
equity_max_sharpe_tilt_vader,2022-12-01,ABBV,0.1859496007206873
equity_max_sharpe_tilt_vader,2023-01-03,ABBV,0.12489170155579499
equity_max_sharpe_tilt_vader,2023-03-01,ABBV,0.02413552656543799
equity_max_sharpe_tilt_vader,2023-09-01,ABBV,0.03638067541145591
equity_max_sharpe_tilt_vader,2021-03-01,ABT,0.08060024893442694
equity_max_sharpe_tilt_vader,2021-04-01,ABT,0.06511423977925589
equity_max_sharpe_tilt_vader,2021-07-01,ABT,0.044996577983506016
equity_max_sharpe_tilt_vader,2021-08-02,ABT,0.020090728104568415
equity_max_sharpe_tilt_vader,2021-09-01,ABT,0.0044302020114107546
equity_max_sharpe_tilt_vader,2021-10-01,ABT,0.03856055136237395
equity_max_sharpe_tilt_vader,2021-11-01,ABT,0.06579293321673896
equity_max_sharpe_tilt_vader,2021-12-01,ABT,0.03740532867401344
equity_max_sharpe_tilt_vader,2022-01-03,ABT,0.08620377393237413
equity_max_sharpe_tilt_vader,2021-08-02,ADBE,0.04140352146879377
equity_max_sharpe_tilt_vader,2021-09-01,ADBE,0.0024877408230392964
equity_max_sharpe_tilt_vader,2021-11-01,ADBE,0.009621964527974543
equity_max_sharpe_tilt_vader,2023-10-02,ADBE,0.012696769656515488
equity_max_sharpe_tilt_vader,2023-11-01,ADBE,0.052056846605150475
equity_max_sharpe_tilt_vader,2023-12-01,ADBE,0.16673904768225886
equity_max_sharpe_tilt_vader,2022-03-01,AEP,0.08585507271268947
equity_max_sharpe_tilt_vader,2022-04-01,AEP,0.03884666570385511
equity_max_sharpe_tilt_vader,2022-06-01,AEP,0.17381844097987753
equity_max_sharpe_tilt_vader,2022-07-01,AEP,0.02901233949860823
equity_max_sharpe_tilt_vader,2021-01-04,AMD,0.0030497399762662476
equity_max_sharpe_tilt_vader,2021-03-01,AMD,0.06809462794140614
equity_max_sharpe_tilt_vader,2021-07-01,AMD,0.045343433223643634
equity_max_sharpe_tilt_vader,2021-11-01,AMD,0.012646635662219071
equity_max_sharpe_tilt_vader,2022-06-01,AMD,0.038638653079105766
equity_max_sharpe_tilt_vader,2022-09-01,AMGN,0.07263388138457517
equity_max_sharpe_tilt_vader,2022-10-03,AMGN,0.08591786218799775
equity_max_sharpe_tilt_vader,2022-11-01,AMGN,0.151336336623115
equity_max_sharpe_tilt_vader,2022-12-01,AMGN,0.1859496007206873
equity_max_sharpe_tilt_vader,2023-01-03,AMGN,0.1553250175302563
equity_max_sharpe_tilt_vader,2023-03-01,AMGN,0.015673591467899838
equity_max_sharpe_tilt_vader,2023-04-03,AMGN,0.014679395452776975
equity_max_sharpe_tilt_vader,2023-10-02,AMGN,0.07392028079619181
equity_max_sharpe_tilt_vader,2021-10-01,AMT,0.0002644673702714646
equity_max_sharpe_tilt_vader,2023-06-01,BA,0.1377793750377453
equity_max_sharpe_tilt_vader,2023-07-03,BA,0.027339592742400488
equity_max_sharpe_tilt_vader,2023-08-01,BA,0.0005607287995267205
equity_max_sharpe_tilt_vader,2023-11-01,BA,0.030384721620359104
equity_max_sharpe_tilt_vader,2023-12-01,BA,0.023934395480345767
equity_max_sharpe_tilt_vader,2021-03-01,CAT,0.16874523486058607
equity_max_sharpe_tilt_vader,2021-04-01,CAT,0.03338887129230741
equity_max_sharpe_tilt_vader,2021-05-03,CAT,0.12449761354276193
equity_max_sharpe_tilt_vader,2021-06-01,CAT,0.12534480085649813
equity_max_sharpe_tilt_vader,2021-07-01,CAT,0.02503612677510555
equity_max_sharpe_tilt_vader,2023-03-01,CAT,0.09668699337256433
equity_max_sharpe_tilt_vader,2023-09-01,CAT,0.05340572554675347
equity_max_sharpe_tilt_vader,2023-10-02,CAT,0.1120894317378085
equity_max_sharpe_tilt_vader,2021-09-01,CCI,0.07634802675036619
equity_max_sharpe_tilt_vader,2021-10-01,CCI,0.030104249160453258
equity_max_sharpe_tilt_vader,2021-11-01,CCI,0.0019128663647112662
equity_max_sharpe_tilt_vader,2023-10-02,CMCSA,0.04354299760202376
equity_max_sharpe_tilt_vader,2023-11-01,CMCSA,0.09138943367875393
equity_max_sharpe_tilt_vader,2021-11-01,COP,0.04245139445661841
equity_max_sharpe_tilt_vader,2021-12-01,COP,0.024612934006831427
equity_max_sharpe_tilt_vader,2022-01-03,COP,0.07947695282927908
equity_max_sharpe_tilt_vader,2022-02-01,COP,0.15578625251217224
equity_max_sharpe_tilt_vader,2022-03-01,COP,0.13292610696839283
equity_max_sharpe_tilt_vader,2022-04-01,COP,0.08010260349885119
equity_max_sharpe_tilt_vader,2022-05-02,COP,0.17494569247557284
equity_max_sharpe_tilt_vader,2022-06-01,COP,0.09265661582495952
equity_max_sharpe_tilt_vader,2022-09-01,COP,0.09524810021558401
equity_max_sharpe_tilt_vader,2022-04-01,CVX,0.14099783322268664
equity_max_sharpe_tilt_vader,2022-05-02,CVX,0.1339809383144007
equity_max_sharpe_tilt_vader,2022-06-01,CVX,0.2172154969790245
equity_max_sharpe_tilt_vader,2022-07-01,CVX,0.17858202382197239
equity_max_sharpe_tilt_vader,2022-08-01,CVX,0.23416038034455272
equity_max_sharpe_tilt_vader,2022-09-01,CVX,0.1455580035241118
equity_max_sharpe_tilt_vader,2022-10-03,CVX,0.1595066539755495
equity_max_sharpe_tilt_vader,2022-11-01,CVX,0.14684713165589836
equity_max_sharpe_tilt_vader,2022-12-01,CVX,0.006520419669430764
equity_max_sharpe_tilt_vader,2023-01-03,CVX,0.033832405159398025
equity_max_sharpe_tilt_vader,2021-02-01,DD,0.08973028077999666
equity_max_sharpe_tilt_vader,2021-04-01,DD,0.08770989636156025
equity_max_sharpe_tilt_vader,2023-11-01,DD,0.025551081672204594
equity_max_sharpe_tilt_vader,2021-03-01,DIS,0.0444445038905784
equity_max_sharpe_tilt_vader,2021-04-01,DIS,0.06041111107455803
equity_max_sharpe_tilt_vader,2021-05-03,DIS,0.005472677650294471
equity_max_sharpe_tilt_vader,2021-07-01,DIS,0.014642011967254594
equity_max_sharpe_tilt_vader,2021-07-01,DUK,0.0869889324850001
equity_max_sharpe_tilt_vader,2021-08-02,DUK,0.14341272679073983
equity_max_sharpe_tilt_vader,2021-09-01,DUK,0.12718980527745397
equity_max_sharpe_tilt_vader,2021-10-01,DUK,0.06123070736602854
equity_max_sharpe_tilt_vader,2022-01-03,DUK,0.0008086807088428859
equity_max_sharpe_tilt_vader,2021-04-01,EA,0.07265763927542643
equity_max_sharpe_tilt_vader,2021-10-01,EA,0.01997981432850185
equity_max_sharpe_tilt_vader,2021-11-01,EA,0.0005952120455170091
equity_max_sharpe_tilt_vader,2021-05-03,GE,0.013536635951980642
equity_max_sharpe_tilt_vader,2021-06-01,GE,0.07130439921747012
equity_max_sharpe_tilt_vader,2021-07-01,GE,0.08413348642571195
equity_max_sharpe_tilt_vader,2021-08-02,GE,0.07015332327692268
equity_max_sharpe_tilt_vader,2021-09-01,GE,0.054814444024826305
equity_max_sharpe_tilt_vader,2021-10-01,GE,0.1045984576567216
equity_max_sharpe_tilt_vader,2023-04-03,GE,0.26908068220819065
equity_max_sharpe_tilt_vader,2023-05-01,GE,0.22941533624354885
equity_max_sharpe_tilt_vader,2023-06-01,GE,0.22609880602058144
equity_max_sharpe_tilt_vader,2023-07-03,GE,0.2056666357620778
equity_max_sharpe_tilt_vader,2023-08-01,GE,0.18826785022326126
equity_max_sharpe_tilt_vader,2023-09-01,GE,0.17696325769973487
equity_max_sharpe_tilt_vader,2023-10-02,GE,0.24733280104667285
equity_max_sharpe_tilt_vader,2023-11-01,GE,0.15775173069883514
equity_max_sharpe_tilt_vader,2023-12-01,GE,0.15334692448798468
equity_max_sharpe_tilt_vader,2021-10-01,GILD,0.016702790461829254
equity_max_sharpe_tilt_vader,2021-12-01,GILD,0.06943914365038549
equity_max_sharpe_tilt_vader,2022-01-03,GILD,0.11158308395078538
equity_max_sharpe_tilt_vader,2022-11-01,GILD,0.0949589164326905
equity_max_sharpe_tilt_vader,2022-12-01,GILD,0.04603906254821381
equity_max_sharpe_tilt_vader,2023-01-03,GILD,0.09261810124187579
equity_max_sharpe_tilt_vader,2023-02-01,GILD,0.16215657131750305
equity_max_sharpe_tilt_vader,2023-03-01,GILD,0.2106421250946513
equity_max_sharpe_tilt_vader,2023-04-03,GILD,0.1754276929336735
equity_max_sharpe_tilt_vader,2023-05-01,GILD,0.16794249752981147
equity_max_sharpe_tilt_vader,2023-06-01,GILD,0.16112948375016037
equity_max_sharpe_tilt_vader,2023-07-03,GILD,0.17394467718537746
equity_max_sharpe_tilt_vader,2023-08-01,GILD,0.13604587554603506
equity_max_sharpe_tilt_vader,2023-09-01,GILD,0.05858344095563297
equity_max_sharpe_tilt_vader,2021-04-01,GS,0.10501497455775922
equity_max_sharpe_tilt_vader,2021-05-03,GS,0.012566922417252577
equity_max_sharpe_tilt_vader,2021-07-01,GS,0.14356644581239533
equity_max_sharpe_tilt_vader,2021-08-02,GS,0.1475454730928427
equity_max_sharpe_tilt_vader,2021-09-01,GS,0.16129553080101083
equity_max_sharpe_tilt_vader,2021-10-01,GS,0.0810481436747793
equity_max_sharpe_tilt_vader,2021-11-01,GS,0.11854946962399676
equity_max_sharpe_tilt_vader,2021-12-01,GS,0.11530980753797522
equity_max_sharpe_tilt_vader,2022-01-03,GS,0.014299718739392307
equity_max_sharpe_tilt_vader,2023-12-01,INTC,0.09228533927692882
equity_max_sharpe_tilt_vader,2022-02-01,KO,0.032753540352169805
equity_max_sharpe_tilt_vader,2022-03-01,KO,0.06701774410043058
equity_max_sharpe_tilt_vader,2022-05-02,KO,0.04511508966978423
equity_max_sharpe_tilt_vader,2022-07-01,KO,0.12979209952362322
equity_max_sharpe_tilt_vader,2022-08-01,KO,0.05079703621154189
equity_max_sharpe_tilt_vader,2022-09-01,KO,0.028597919491279176
equity_max_sharpe_tilt_vader,2022-10-03,KO,4.1076302819183883e-05
equity_max_sharpe_tilt_vader,2022-12-01,KO,0.019418633123100975
equity_max_sharpe_tilt_vader,2021-11-01,MRK,0.029056737841764175
equity_max_sharpe_tilt_vader,2022-05-02,MRK,0.07097664241811334
equity_max_sharpe_tilt_vader,2022-06-01,MRK,0.08463765250162282
equity_max_sharpe_tilt_vader,2022-07-01,MRK,0.10987282623201826
equity_max_sharpe_tilt_vader,2022-08-01,MRK,0.0685020274176049
equity_max_sharpe_tilt_vader,2022-09-01,MRK,0.03896404806849027
equity_max_sharpe_tilt_vader,2022-10-03,MRK,0.1075915326981501
equity_max_sharpe_tilt_vader,2022-11-01,MRK,0.035978072595019825
equity_max_sharpe_tilt_vader,2022-12-01,MRK,0.1859496007206873
equity_max_sharpe_tilt_vader,2023-01-03,MRK,0.17321361591582707
equity_max_sharpe_tilt_vader,2023-02-01,MRK,0.1722416198392356
equity_max_sharpe_tilt_vader,2023-03-01,MRK,0.21064212509475072
equity_max_sharpe_tilt_vader,2023-04-03,MRK,0.17542769293363167
equity_max_sharpe_tilt_vader,2023-05-01,MRK,0.16794249752978582
equity_max_sharpe_tilt_vader,2023-06-01,MRK,0.18455485516584463
equity_max_sharpe_tilt_vader,2023-07-03,MRK,0.22979790055033095
equity_max_sharpe_tilt_vader,2023-08-01,MRK,0.19943939537295322
equity_max_sharpe_tilt_vader,2023-09-01,MRK,0.22165741939980285
equity_max_sharpe_tilt_vader,2023-10-02,MRK,0.13949239212679423
equity_max_sharpe_tilt_vader,2023-11-01,MRK,0.1884248456549238
equity_max_sharpe_tilt_vader,2023-12-01,MRK,0.005424896014573837
equity_max_sharpe_tilt_vader,2021-04-01,MS,0.06007876546191185
equity_max_sharpe_tilt_vader,2021-05-03,MS,0.12464298073874644
equity_max_sharpe_tilt_vader,2021-06-01,MS,0.12344553906089667
equity_max_sharpe_tilt_vader,2021-07-01,MS,0.009701094899171368
equity_max_sharpe_tilt_vader,2021-08-02,MS,0.03528546973499731
equity_max_sharpe_tilt_vader,2021-09-01,MS,0.01411559384973126
equity_max_sharpe_tilt_vader,2021-10-01,MS,0.10372230670756138
equity_max_sharpe_tilt_vader,2021-11-01,MS,0.01883051976616216
equity_max_sharpe_tilt_vader,2022-02-01,MS,0.017218964703426667
equity_max_sharpe_tilt_vader,2021-01-04,NEM,0.1743579206556408
equity_max_sharpe_tilt_vader,2021-02-01,NEM,0.12726771805033332
equity_max_sharpe_tilt_vader,2021-03-01,NEM,0.014127102308214632
equity_max_sharpe_tilt_vader,2021-04-01,NEM,0.017308709419702566
equity_max_sharpe_tilt_vader,2021-06-01,NEM,0.003629660243949569
equity_max_sharpe_tilt_vader,2022-03-01,NEM,0.02085846070912388
equity_max_sharpe_tilt_vader,2022-04-01,NEM,0.06492818436693555
equity_max_sharpe_tilt_vader,2021-01-04,NKE,0.016159844507152573
equity_max_sharpe_tilt_vader,2021-03-01,NKE,0.04837464282587222
equity_max_sharpe_tilt_vader,2021-07-01,NKE,0.07108617002227818
equity_max_sharpe_tilt_vader,2021-08-02,NKE,0.12827143598476642
equity_max_sharpe_tilt_vader,2021-09-01,NKE,0.07361390239385
equity_max_sharpe_tilt_vader,2021-04-01,NUE,0.11517722311399556
equity_max_sharpe_tilt_vader,2021-05-03,NUE,0.024998520063576866
equity_max_sharpe_tilt_vader,2021-06-01,NUE,0.1101512510603893
equity_max_sharpe_tilt_vader,2021-07-01,NUE,0.061665702395150415
equity_max_sharpe_tilt_vader,2021-08-02,NUE,0.09435100131194334
equity_max_sharpe_tilt_vader,2021-09-01,NUE,0.08353178154390044
equity_max_sharpe_tilt_vader,2021-10-01,NUE,0.03798942052156911
equity_max_sharpe_tilt_vader,2021-11-01,NUE,0.01959810040909523
equity_max_sharpe_tilt_vader,2021-12-01,NUE,0.03977600278258857
equity_max_sharpe_tilt_vader,2022-01-03,NUE,0.079884062982205
equity_max_sharpe_tilt_vader,2022-02-01,NUE,0.051622243713945686
equity_max_sharpe_tilt_vader,2022-03-01,NUE,0.06337642409073925
equity_max_sharpe_tilt_vader,2022-04-01,NUE,0.04279765764694865
equity_max_sharpe_tilt_vader,2022-05-02,NUE,0.09983294530059417
equity_max_sharpe_tilt_vader,2022-08-01,NUE,0.01604908238031483
equity_max_sharpe_tilt_vader,2023-02-01,NUE,0.12121464862206463
equity_max_sharpe_tilt_vader,2023-03-01,NUE,0.04746894244672735
equity_max_sharpe_tilt_vader,2023-07-03,NUE,0.023811510315630093
equity_max_sharpe_tilt_vader,2021-01-04,NVDA,0.2470712221379081
equity_max_sharpe_tilt_vader,2021-02-01,NVDA,0.23799867533952335
equity_max_sharpe_tilt_vader,2021-03-01,NVDA,0.1725903451191783
equity_max_sharpe_tilt_vader,2021-04-01,NVDA,0.030583797070838074
equity_max_sharpe_tilt_vader,2021-05-03,NVDA,0.06278533196012813
equity_max_sharpe_tilt_vader,2021-06-01,NVDA,0.06495302607104546
equity_max_sharpe_tilt_vader,2021-07-01,NVDA,0.09568268142110326
equity_max_sharpe_tilt_vader,2021-08-02,NVDA,0.06415659280119923
equity_max_sharpe_tilt_vader,2021-09-01,NVDA,0.06243959993137105
equity_max_sharpe_tilt_vader,2021-10-01,NVDA,0.11721844022768219
equity_max_sharpe_tilt_vader,2021-11-01,NVDA,0.06660592690160883
equity_max_sharpe_tilt_vader,2021-12-01,NVDA,0.13802646319514178
equity_max_sharpe_tilt_vader,2022-01-03,NVDA,0.0839349926044
equity_max_sharpe_tilt_vader,2022-02-01,NVDA,0.06152673027314546
equity_max_sharpe_tilt_vader,2022-03-01,NVDA,0.056927914100557704
equity_max_sharpe_tilt_vader,2022-04-01,NVDA,0.06824351167073611
equity_max_sharpe_tilt_vader,2023-05-01,NVDA,0.0020891120682814354
equity_max_sharpe_tilt_vader,2023-06-01,NVDA,0.16587493485073757
equity_max_sharpe_tilt_vader,2023-07-03,NVDA,0.16092634834682906
equity_max_sharpe_tilt_vader,2023-08-01,NVDA,0.1950460666999266
equity_max_sharpe_tilt_vader,2023-09-01,NVDA,0.23063943538517176
equity_max_sharpe_tilt_vader,2023-10-02,NVDA,0.19745267467569913
equity_max_sharpe_tilt_vader,2023-11-01,NVDA,0.2515162576124211
equity_max_sharpe_tilt_vader,2023-12-01,NVDA,0.23675367842203468
equity_max_sharpe_tilt_vader,2021-10-01,OXY,0.026610861023861343
equity_max_sharpe_tilt_vader,2021-11-01,OXY,0.04356513852761786
equity_max_sharpe_tilt_vader,2022-04-01,OXY,0.008973731389034482
equity_max_sharpe_tilt_vader,2022-05-02,OXY,0.0314648457554758
equity_max_sharpe_tilt_vader,2022-06-01,OXY,0.07497979751548817
equity_max_sharpe_tilt_vader,2022-07-01,OXY,0.09929681536156264
equity_max_sharpe_tilt_vader,2022-08-01,OXY,0.17087518469024127
equity_max_sharpe_tilt_vader,2022-09-01,OXY,0.19628324144729625
equity_max_sharpe_tilt_vader,2022-10-03,OXY,0.22309569856868897
equity_max_sharpe_tilt_vader,2022-11-01,OXY,0.1315335913452795
equity_max_sharpe_tilt_vader,2022-12-01,OXY,0.08855812783826614
equity_max_sharpe_tilt_vader,2023-01-03,OXY,0.14846699885626685
equity_max_sharpe_tilt_vader,2023-02-01,OXY,0.10646415629461728
equity_max_sharpe_tilt_vader,2023-03-01,OXY,0.07342384419790147
equity_max_sharpe_tilt_vader,2021-10-01,PLD,0.06623188713088146
equity_max_sharpe_tilt_vader,2021-11-01,PLD,0.15868309087627455
equity_max_sharpe_tilt_vader,2021-12-01,PLD,0.20548956636695306
equity_max_sharpe_tilt_vader,2022-01-03,PLD,0.22941454894586336
equity_max_sharpe_tilt_vader,2022-02-01,PLD,0.20132862932511275
equity_max_sharpe_tilt_vader,2022-03-01,PLD,0.14788517111055785
equity_max_sharpe_tilt_vader,2022-04-01,PLD,0.16342477389054616
equity_max_sharpe_tilt_vader,2022-05-02,PLD,0.17685366560402893
equity_max_sharpe_tilt_vader,2021-04-01,PSA,0.012745378611825689
equity_max_sharpe_tilt_vader,2021-05-03,PSA,0.19086693842880442
equity_max_sharpe_tilt_vader,2021-06-01,PSA,0.2078829471959977
equity_max_sharpe_tilt_vader,2021-07-01,PSA,0.18954322309347468
equity_max_sharpe_tilt_vader,2021-08-02,PSA,0.18103262272870635
equity_max_sharpe_tilt_vader,2021-09-01,PSA,0.25883435201147903
equity_max_sharpe_tilt_vader,2021-10-01,PSA,0.22023567345439687
equity_max_sharpe_tilt_vader,2021-11-01,PSA,0.2772207471519978
equity_max_sharpe_tilt_vader,2021-12-01,PSA,0.24722576516153733
equity_max_sharpe_tilt_vader,2022-01-03,PSA,0.22941454894586336
equity_max_sharpe_tilt_vader,2022-02-01,PSA,0.2126809720420584
equity_max_sharpe_tilt_vader,2022-03-01,PSA,0.24446693595260124
equity_max_sharpe_tilt_vader,2022-04-01,PSA,0.228932621098634
equity_max_sharpe_tilt_vader,2022-05-02,PSA,0.10014959010771597
equity_max_sharpe_tilt_vader,2021-01-04,QCOM,0.07496906159377878
equity_max_sharpe_tilt_vader,2021-02-01,QCOM,0.1486793781705719
equity_max_sharpe_tilt_vader,2021-03-01,QCOM,0.032002366482772986
equity_max_sharpe_tilt_vader,2021-04-01,QCOM,0.00897747117552748
equity_max_sharpe_tilt_vader,2021-07-01,SBUX,0.0002633721082847399
equity_max_sharpe_tilt_vader,2021-08-02,SBUX,0.04452080967387082
equity_max_sharpe_tilt_vader,2023-03-01,SBUX,0.019619169583838185
equity_max_sharpe_tilt_vader,2023-04-03,SBUX,0.0422578752185961
equity_max_sharpe_tilt_vader,2023-05-01,SBUX,0.2013915291424917
equity_max_sharpe_tilt_vader,2023-06-01,SBUX,0.006256335666344341
equity_max_sharpe_tilt_vader,2021-05-03,SHW,0.052358340967098904
equity_max_sharpe_tilt_vader,2021-07-01,SHW,0.011969419251416322
equity_max_sharpe_tilt_vader,2021-08-02,SHW,0.019829657201384684
equity_max_sharpe_tilt_vader,2021-09-01,SHW,0.03801087227503156
equity_max_sharpe_tilt_vader,2021-10-01,SHW,0.0253974475957056
equity_max_sharpe_tilt_vader,2021-11-01,SHW,0.037807404918940093
equity_max_sharpe_tilt_vader,2021-12-01,SHW,0.04088718475227941
equity_max_sharpe_tilt_vader,2022-01-03,SHW,0.060504483138577154
equity_max_sharpe_tilt_vader,2023-01-03,SLB,0.02195378695085904
equity_max_sharpe_tilt_vader,2023-07-03,SLB,0.03391279208725604
equity_max_sharpe_tilt_vader,2023-08-01,SLB,0.10200397705796659
equity_max_sharpe_tilt_vader,2023-09-01,SLB,0.0686460089569858
equity_max_sharpe_tilt_vader,2023-10-02,SLB,0.08316340837363714
equity_max_sharpe_tilt_vader,2022-02-01,SO,0.10150024987564882
equity_max_sharpe_tilt_vader,2022-04-01,SO,0.03621676142461758
equity_max_sharpe_tilt_vader,2022-06-01,SO,0.20228495203059604
equity_max_sharpe_tilt_vader,2022-07-01,SO,0.24995278998394269
equity_max_sharpe_tilt_vader,2022-08-01,SO,0.2328343081227278
equity_max_sharpe_tilt_vader,2022-09-01,SO,0.2450186740684703
equity_max_sharpe_tilt_vader,2022-10-03,SO,0.15757995232308866
equity_max_sharpe_tilt_vader,2023-12-01,SO,0.21688515232808916
equity_max_sharpe_tilt_vader,2023-03-01,T,0.07327474574738142
equity_max_sharpe_tilt_vader,2023-04-03,T,0.11822617716601642
equity_max_sharpe_tilt_vader,2021-01-04,TMUS,0.17080746722680185
equity_max_sharpe_tilt_vader,2021-02-01,TMUS,0.07345012600059161
equity_max_sharpe_tilt_vader,2022-11-01,TMUS,0.04592476785963477
equity_max_sharpe_tilt_vader,2022-12-01,TMUS,0.06075769802501765
equity_max_sharpe_tilt_vader,2023-01-03,TMUS,0.0031459373579037337
equity_max_sharpe_tilt_vader,2023-02-01,TMUS,0.18018612916242108
equity_max_sharpe_tilt_vader,2023-12-01,TMUS,0.0033548404255526955
equity_max_sharpe_tilt_vader,2021-01-04,TTWO,0.17080746722680185
equity_max_sharpe_tilt_vader,2021-02-01,TTWO,0.14703080962874743
equity_max_sharpe_tilt_vader,2021-03-01,TTWO,0.2022756927763378
equity_max_sharpe_tilt_vader,2021-04-01,TTWO,0.15731825448125825
equity_max_sharpe_tilt_vader,2021-05-03,TTWO,0.08508848777546266
equity_max_sharpe_tilt_vader,2021-06-01,TTWO,0.09247424960586427
equity_max_sharpe_tilt_vader,2023-12-01,TTWO,0.07712440216658588
equity_max_sharpe_tilt_vader,2021-01-04,UPS,0.14277727667554316
equity_max_sharpe_tilt_vader,2021-02-01,UPS,0.13352168937917985
equity_max_sharpe_tilt_vader,2021-03-01,UPS,0.16874523486059242
equity_max_sharpe_tilt_vader,2021-04-01,UPS,0.07227845360197462
equity_max_sharpe_tilt_vader,2021-05-03,UPS,0.1709906709328635
equity_max_sharpe_tilt_vader,2021-06-01,UPS,0.20081412668781115
equity_max_sharpe_tilt_vader,2021-07-01,UPS,0.11538132213624595
equity_max_sharpe_tilt_vader,2023-12-01,V,0.024151323715633687
equity_max_sharpe_tilt_vader,2021-10-01,WFC,0.01511379040317294
equity_max_sharpe_tilt_vader,2021-11-01,WFC,0.05750373398231951
equity_max_sharpe_tilt_vader,2021-12-01,WFC,0.055613439428132204
equity_max_sharpe_tilt_vader,2022-01-03,WFC,0.015347444500150421
equity_max_sharpe_tilt_vader,2022-02-01,WFC,0.0640844883515445
equity_max_sharpe_tilt_vader,2022-03-01,WFC,0.002153661593260447
equity_max_sharpe_tilt_vader,2023-03-01,WMT,0.0453647739146998
equity_max_sharpe_tilt_vader,2023-04-03,WMT,0.0019673419383048813
equity_max_sharpe_tilt_vader,2023-06-01,WMT,0.11830620950674335
equity_max_sharpe_tilt_vader,2023-07-03,WMT,0.1446005430035417
equity_max_sharpe_tilt_vader,2023-08-01,WMT,0.1786361063002149
equity_max_sharpe_tilt_vader,2023-09-01,WMT,0.1537240366419536
equity_max_sharpe_tilt_vader,2023-10-02,WMT,0.09030924398437923
equity_max_sharpe_tilt_vader,2023-11-01,WMT,0.20292508245680116
equity_max_sharpe_tilt_vader,2021-12-01,XOM,0.026214364444111734
equity_max_sharpe_tilt_vader,2022-08-01,XOM,0.07507811445198256
equity_max_sharpe_tilt_vader,2022-09-01,XOM,0.10434214654261899
equity_max_sharpe_tilt_vader,2022-10-03,XOM,0.11643831431357166
equity_max_sharpe_tilt_vader,2022-11-01,XOM,0.2420848468598186
equity_max_sharpe_tilt_vader,2022-12-01,XOM,0.22085725662816477
equity_max_sharpe_tilt_vader,2023-01-03,XOM,0.24655243543060198
equity_max_sharpe_tilt_vader,2023-02-01,XOM,0.2577368747627696
equity_max_sharpe_tilt_vader,2023-03-01,XOM,0.1830681625134986
equity_max_sharpe_tilt_vader,2023-04-03,XOM,0.2029331421452299
equity_max_sharpe_tilt_vader,2023-05-01,XOM,0.23121902748553524
equity_max_sharpe_tilt_finvader,2021-02-01,ABBV,0.04250491864095094
equity_max_sharpe_tilt_finvader,2021-04-01,ABBV,0.1079421606344825
equity_max_sharpe_tilt_finvader,2021-05-03,ABBV,0.14061988134307798
equity_max_sharpe_tilt_finvader,2021-08-02,ABBV,0.00913788445685611
equity_max_sharpe_tilt_finvader,2021-09-01,ABBV,0.04283369984301859
equity_max_sharpe_tilt_finvader,2021-10-01,ABBV,0.03528236481314949
equity_max_sharpe_tilt_finvader,2021-11-01,ABBV,0.04221281992215369
equity_max_sharpe_tilt_finvader,2022-01-03,ABBV,0.01030952476316404
equity_max_sharpe_tilt_finvader,2022-02-01,ABBV,0.10544440806711186
equity_max_sharpe_tilt_finvader,2022-03-01,ABBV,0.1998385018870491
equity_max_sharpe_tilt_finvader,2022-04-01,ABBV,0.12781936761879945
equity_max_sharpe_tilt_finvader,2022-05-02,ABBV,0.1734569237612192
equity_max_sharpe_tilt_finvader,2022-06-01,ABBV,0.13772901164378532
equity_max_sharpe_tilt_finvader,2022-07-01,ABBV,0.2094610906104162
equity_max_sharpe_tilt_finvader,2022-08-01,ABBV,0.14979567773181499
equity_max_sharpe_tilt_finvader,2022-09-01,ABBV,0.07491082235983458
equity_max_sharpe_tilt_finvader,2022-10-03,ABBV,0.1523794588082939
equity_max_sharpe_tilt_finvader,2022-11-01,ABBV,0.14786175481056468
equity_max_sharpe_tilt_finvader,2022-12-01,ABBV,0.20595668324123026
equity_max_sharpe_tilt_finvader,2023-01-03,ABBV,0.12752769187922633
equity_max_sharpe_tilt_finvader,2023-03-01,ABBV,0.024763438634147747
equity_max_sharpe_tilt_finvader,2023-09-01,ABBV,0.03574430960008538
equity_max_sharpe_tilt_finvader,2021-03-01,ABT,0.08365831979707275
equity_max_sharpe_tilt_finvader,2021-04-01,ABT,0.06942813080546979
equity_max_sharpe_tilt_finvader,2021-07-01,ABT,0.04114355733957247
equity_max_sharpe_tilt_finvader,2021-08-02,ABT,0.01845716665566295
equity_max_sharpe_tilt_finvader,2021-09-01,ABT,0.004424577667594035
equity_max_sharpe_tilt_finvader,2021-10-01,ABT,0.0388816486797054
equity_max_sharpe_tilt_finvader,2021-11-01,ABT,0.07020821465783343
equity_max_sharpe_tilt_finvader,2021-12-01,ABT,0.03728513237374008
equity_max_sharpe_tilt_finvader,2022-01-03,ABT,0.09736506379469756
equity_max_sharpe_tilt_finvader,2021-08-02,ADBE,0.037994388236919426
equity_max_sharpe_tilt_finvader,2021-09-01,ADBE,0.002490001884276499
equity_max_sharpe_tilt_finvader,2021-11-01,ADBE,0.010754853730981147
equity_max_sharpe_tilt_finvader,2023-10-02,ADBE,0.012610633562317092
equity_max_sharpe_tilt_finvader,2023-11-01,ADBE,0.04680257036334063
equity_max_sharpe_tilt_finvader,2023-12-01,ADBE,0.16930392287610294
equity_max_sharpe_tilt_finvader,2022-03-01,AEP,0.08688986499079615
equity_max_sharpe_tilt_finvader,2022-04-01,AEP,0.03911629314140464
equity_max_sharpe_tilt_finvader,2022-06-01,AEP,0.160766628683446
equity_max_sharpe_tilt_finvader,2022-07-01,AEP,0.029019910760096638
equity_max_sharpe_tilt_finvader,2021-01-04,AMD,0.0029999667724202703
equity_max_sharpe_tilt_finvader,2021-03-01,AMD,0.07096070284575201
equity_max_sharpe_tilt_finvader,2021-07-01,AMD,0.04489882314192662
equity_max_sharpe_tilt_finvader,2021-11-01,AMD,0.014135649361493455
equity_max_sharpe_tilt_finvader,2022-06-01,AMD,0.03641160362916636
equity_max_sharpe_tilt_finvader,2022-09-01,AMGN,0.07417543527650242
equity_max_sharpe_tilt_finvader,2022-10-03,AMGN,0.08738044863758763
equity_max_sharpe_tilt_finvader,2022-11-01,AMGN,0.14786175481056468
equity_max_sharpe_tilt_finvader,2022-12-01,AMGN,0.20595668324123026
equity_max_sharpe_tilt_finvader,2023-01-03,AMGN,0.15860333977341706
equity_max_sharpe_tilt_finvader,2023-03-01,AMGN,0.01608135705843035
equity_max_sharpe_tilt_finvader,2023-04-03,AMGN,0.014791665280820107
equity_max_sharpe_tilt_finvader,2023-10-02,AMGN,0.06993117241928264
equity_max_sharpe_tilt_finvader,2021-10-01,AMT,0.0002682695483648528
equity_max_sharpe_tilt_finvader,2023-06-01,BA,0.13463043215735543
equity_max_sharpe_tilt_finvader,2023-07-03,BA,0.024448007130960955
equity_max_sharpe_tilt_finvader,2023-08-01,BA,0.0005403523759331057
equity_max_sharpe_tilt_finvader,2023-11-01,BA,0.026631426393578038
equity_max_sharpe_tilt_finvader,2023-12-01,BA,0.02351873506007693
equity_max_sharpe_tilt_finvader,2021-03-01,CAT,0.15148065659944937
equity_max_sharpe_tilt_finvader,2021-04-01,CAT,0.03311675016557748
equity_max_sharpe_tilt_finvader,2021-05-03,CAT,0.12485179253752096
equity_max_sharpe_tilt_finvader,2021-06-01,CAT,0.11879754694056606
equity_max_sharpe_tilt_finvader,2021-07-01,CAT,0.024476298319188655
equity_max_sharpe_tilt_finvader,2023-03-01,CAT,0.08021915005004959
equity_max_sharpe_tilt_finvader,2023-09-01,CAT,0.05387281130577926
equity_max_sharpe_tilt_finvader,2023-10-02,CAT,0.1134602965987762
equity_max_sharpe_tilt_finvader,2021-09-01,CCI,0.07531070950377193
equity_max_sharpe_tilt_finvader,2021-10-01,CCI,0.030537050063484453
equity_max_sharpe_tilt_finvader,2021-11-01,CCI,0.0018671064914457418
equity_max_sharpe_tilt_finvader,2023-10-02,CMCSA,0.04783990229438264
equity_max_sharpe_tilt_finvader,2023-11-01,CMCSA,0.1224118993067437
equity_max_sharpe_tilt_finvader,2021-11-01,COP,0.03970767840187867
equity_max_sharpe_tilt_finvader,2021-12-01,COP,0.0232063324505033
equity_max_sharpe_tilt_finvader,2022-01-03,COP,0.07815189950196498
equity_max_sharpe_tilt_finvader,2022-02-01,COP,0.15155798424550462
equity_max_sharpe_tilt_finvader,2022-03-01,COP,0.12579999875605272
equity_max_sharpe_tilt_finvader,2022-04-01,COP,0.08229462991530008
equity_max_sharpe_tilt_finvader,2022-05-02,COP,0.17761912850323366
equity_max_sharpe_tilt_finvader,2022-06-01,COP,0.0908394323331461
equity_max_sharpe_tilt_finvader,2022-09-01,COP,0.09642288844180254
equity_max_sharpe_tilt_finvader,2022-04-01,CVX,0.1448562717950436
equity_max_sharpe_tilt_finvader,2022-05-02,CVX,0.13602837064863513
equity_max_sharpe_tilt_finvader,2022-06-01,CVX,0.21295546209903268
equity_max_sharpe_tilt_finvader,2022-07-01,CVX,0.17654509304463534
equity_max_sharpe_tilt_finvader,2022-08-01,CVX,0.23636850285584057
equity_max_sharpe_tilt_finvader,2022-09-01,CVX,0.14735331312488034
equity_max_sharpe_tilt_finvader,2022-10-03,CVX,0.15803729930685595
equity_max_sharpe_tilt_finvader,2022-11-01,CVX,0.14963350822517446
equity_max_sharpe_tilt_finvader,2022-12-01,CVX,0.005535919368496483
equity_max_sharpe_tilt_finvader,2023-01-03,CVX,0.03296051911920008
equity_max_sharpe_tilt_finvader,2021-02-01,DD,0.09469182477662892
equity_max_sharpe_tilt_finvader,2021-04-01,DD,0.09168486821173613
equity_max_sharpe_tilt_finvader,2023-11-01,DD,0.03109087722399467
equity_max_sharpe_tilt_finvader,2021-03-01,DIS,0.045965703153010566
equity_max_sharpe_tilt_finvader,2021-04-01,DIS,0.05904386425356855
equity_max_sharpe_tilt_finvader,2021-05-03,DIS,0.005529126638439598
equity_max_sharpe_tilt_finvader,2021-07-01,DIS,0.014349112029790539
equity_max_sharpe_tilt_finvader,2021-07-01,DUK,0.08497358581428233
equity_max_sharpe_tilt_finvader,2021-08-02,DUK,0.13352804450668054
equity_max_sharpe_tilt_finvader,2021-09-01,DUK,0.11853351646895995
equity_max_sharpe_tilt_finvader,2021-10-01,DUK,0.06008404359601704
equity_max_sharpe_tilt_finvader,2022-01-03,DUK,0.0008638543671139995
equity_max_sharpe_tilt_finvader,2021-04-01,EA,0.07381064025920385
equity_max_sharpe_tilt_finvader,2021-10-01,EA,0.01841244244934178
equity_max_sharpe_tilt_finvader,2021-11-01,EA,0.0005865058480501241
equity_max_sharpe_tilt_finvader,2021-05-03,GE,0.013575145863756938
equity_max_sharpe_tilt_finvader,2021-06-01,GE,0.06757988887631732
equity_max_sharpe_tilt_finvader,2021-07-01,GE,0.08225219223752925
equity_max_sharpe_tilt_finvader,2021-08-02,GE,0.06923349631427965
equity_max_sharpe_tilt_finvader,2021-09-01,GE,0.05740891535666183
equity_max_sharpe_tilt_finvader,2021-10-01,GE,0.10702208661546635
equity_max_sharpe_tilt_finvader,2023-04-03,GE,0.26126236782868356
equity_max_sharpe_tilt_finvader,2023-05-01,GE,0.21986774738540735
equity_max_sharpe_tilt_finvader,2023-06-01,GE,0.22093132558101555
equity_max_sharpe_tilt_finvader,2023-07-03,GE,0.1839142018349811
equity_max_sharpe_tilt_finvader,2023-08-01,GE,0.1814263513231757
equity_max_sharpe_tilt_finvader,2023-09-01,GE,0.17851097597705695
equity_max_sharpe_tilt_finvader,2023-10-02,GE,0.2503577057202259
equity_max_sharpe_tilt_finvader,2023-11-01,GE,0.1382653314075655
equity_max_sharpe_tilt_finvader,2023-12-01,GE,0.15068380115437255
equity_max_sharpe_tilt_finvader,2021-10-01,GILD,0.016841876160030037
equity_max_sharpe_tilt_finvader,2021-12-01,GILD,0.06921601158720635
equity_max_sharpe_tilt_finvader,2022-01-03,GILD,0.12603037653316926
equity_max_sharpe_tilt_finvader,2022-11-01,GILD,0.09277872275720729
equity_max_sharpe_tilt_finvader,2022-12-01,GILD,0.05099259468810874
equity_max_sharpe_tilt_finvader,2023-01-03,GILD,0.09457291822016077
equity_max_sharpe_tilt_finvader,2023-02-01,GILD,0.15879160166054027
equity_max_sharpe_tilt_finvader,2023-03-01,GILD,0.21612220990518968
equity_max_sharpe_tilt_finvader,2023-04-03,GILD,0.17676938557919322
equity_max_sharpe_tilt_finvader,2023-05-01,GILD,0.18174432476006677
equity_max_sharpe_tilt_finvader,2023-06-01,GILD,0.1647809998012307
equity_max_sharpe_tilt_finvader,2023-07-03,GILD,0.17289254473068366
equity_max_sharpe_tilt_finvader,2023-08-01,GILD,0.129780773041562
equity_max_sharpe_tilt_finvader,2023-09-01,GILD,0.057558707398188635
equity_max_sharpe_tilt_finvader,2021-04-01,GS,0.0889766704464934
equity_max_sharpe_tilt_finvader,2021-05-03,GS,0.013587074241625691
equity_max_sharpe_tilt_finvader,2021-07-01,GS,0.14658606129323262
equity_max_sharpe_tilt_finvader,2021-08-02,GS,0.15774397500089324
equity_max_sharpe_tilt_finvader,2021-09-01,GS,0.1611932517567938
equity_max_sharpe_tilt_finvader,2021-10-01,GS,0.07990571957931972
equity_max_sharpe_tilt_finvader,2021-11-01,GS,0.12141343406319793
equity_max_sharpe_tilt_finvader,2021-12-01,GS,0.11711180170889104
equity_max_sharpe_tilt_finvader,2022-01-03,GS,0.013634432722179499
equity_max_sharpe_tilt_finvader,2023-12-01,INTC,0.0937049250353766
equity_max_sharpe_tilt_finvader,2022-02-01,KO,0.030528713071776858
equity_max_sharpe_tilt_finvader,2022-03-01,KO,0.06300907047687566
equity_max_sharpe_tilt_finvader,2022-05-02,KO,0.0430444255834391
equity_max_sharpe_tilt_finvader,2022-07-01,KO,0.12369540854490117
equity_max_sharpe_tilt_finvader,2022-08-01,KO,0.05047729562234806
equity_max_sharpe_tilt_finvader,2022-09-01,KO,0.027490786784128862
equity_max_sharpe_tilt_finvader,2022-10-03,KO,4.3856333695131296e-05
equity_max_sharpe_tilt_finvader,2022-12-01,KO,0.015710539767822943
equity_max_sharpe_tilt_finvader,2021-11-01,MRK,0.031006699168292302
equity_max_sharpe_tilt_finvader,2022-05-02,MRK,0.07386216971406548
equity_max_sharpe_tilt_finvader,2022-06-01,MRK,0.1006929449168651
equity_max_sharpe_tilt_finvader,2022-07-01,MRK,0.11309625521813803
equity_max_sharpe_tilt_finvader,2022-08-01,MRK,0.06764038298975511
equity_max_sharpe_tilt_finvader,2022-09-01,MRK,0.039791006215297735
equity_max_sharpe_tilt_finvader,2022-10-03,MRK,0.10942307172632794
equity_max_sharpe_tilt_finvader,2022-11-01,MRK,0.035152039935060636
equity_max_sharpe_tilt_finvader,2022-12-01,MRK,0.20595668324123026
equity_max_sharpe_tilt_finvader,2023-01-03,MRK,0.1768694986506515
equity_max_sharpe_tilt_finvader,2023-02-01,MRK,0.16866737169303922
equity_max_sharpe_tilt_finvader,2023-03-01,MRK,0.2161222099052917
equity_max_sharpe_tilt_finvader,2023-04-03,MRK,0.17676938557915112
equity_max_sharpe_tilt_finvader,2023-05-01,MRK,0.181744324760039
equity_max_sharpe_tilt_finvader,2023-06-01,MRK,0.1887372369389158
equity_max_sharpe_tilt_finvader,2023-07-03,MRK,0.22840793085938244
equity_max_sharpe_tilt_finvader,2023-08-01,MRK,0.1902549327758576
equity_max_sharpe_tilt_finvader,2023-09-01,MRK,0.21778021805740455
equity_max_sharpe_tilt_finvader,2023-10-02,MRK,0.1319646843860417
equity_max_sharpe_tilt_finvader,2023-11-01,MRK,0.19594899767873952
equity_max_sharpe_tilt_finvader,2023-12-01,MRK,0.005606998235286108
equity_max_sharpe_tilt_finvader,2021-04-01,MS,0.05090329772347434
equity_max_sharpe_tilt_finvader,2021-05-03,MS,0.1347611910669466
equity_max_sharpe_tilt_finvader,2021-06-01,MS,0.12036698464983706
equity_max_sharpe_tilt_finvader,2021-07-01,MS,0.009905136840676896
equity_max_sharpe_tilt_finvader,2021-08-02,MS,0.03772443938195076
equity_max_sharpe_tilt_finvader,2021-09-01,MS,0.014106643016187784
equity_max_sharpe_tilt_finvader,2021-10-01,MS,0.10226027615329168
equity_max_sharpe_tilt_finvader,2021-11-01,MS,0.019285434825276407
equity_max_sharpe_tilt_finvader,2022-02-01,MS,0.01891399958155456
equity_max_sharpe_tilt_finvader,2021-01-04,NEM,0.19788192369399482
equity_max_sharpe_tilt_finvader,2021-02-01,NEM,0.1343048562044634
equity_max_sharpe_tilt_finvader,2021-03-01,NEM,0.016821824174506415
equity_max_sharpe_tilt_finvader,2021-04-01,NEM,0.018093132108136442
equity_max_sharpe_tilt_finvader,2021-06-01,NEM,0.003636619451113113
equity_max_sharpe_tilt_finvader,2022-03-01,NEM,0.02321029823154253
equity_max_sharpe_tilt_finvader,2022-04-01,NEM,0.0639385851380627
equity_max_sharpe_tilt_finvader,2021-01-04,NKE,0.01559344667357746
equity_max_sharpe_tilt_finvader,2021-03-01,NKE,0.05003035870849986
equity_max_sharpe_tilt_finvader,2021-07-01,NKE,0.06966415679071895
equity_max_sharpe_tilt_finvader,2021-08-02,NKE,0.1132499278678162
equity_max_sharpe_tilt_finvader,2021-09-01,NKE,0.071660431535035
equity_max_sharpe_tilt_finvader,2021-04-01,NUE,0.12039700148167592
equity_max_sharpe_tilt_finvader,2021-05-03,NUE,0.019790016538811447
equity_max_sharpe_tilt_finvader,2021-06-01,NUE,0.1103624458620875
equity_max_sharpe_tilt_finvader,2021-07-01,NUE,0.05593902558926245
equity_max_sharpe_tilt_finvader,2021-08-02,NUE,0.09009887039934229
equity_max_sharpe_tilt_finvader,2021-09-01,NUE,0.09224737736082701
equity_max_sharpe_tilt_finvader,2021-10-01,NUE,0.037277994930886106
equity_max_sharpe_tilt_finvader,2021-11-01,NUE,0.016815554249615245
equity_max_sharpe_tilt_finvader,2021-12-01,NUE,0.04128059596234712
equity_max_sharpe_tilt_finvader,2022-01-03,NUE,0.08800640899975742
equity_max_sharpe_tilt_finvader,2022-02-01,NUE,0.05631491364019078
equity_max_sharpe_tilt_finvader,2022-03-01,NUE,0.0705222559089098
equity_max_sharpe_tilt_finvader,2022-04-01,NUE,0.04214535958228026
equity_max_sharpe_tilt_finvader,2022-05-02,NUE,0.10451060647404786
equity_max_sharpe_tilt_finvader,2022-08-01,NUE,0.016275239220682802
equity_max_sharpe_tilt_finvader,2023-02-01,NUE,0.13657404777274654
equity_max_sharpe_tilt_finvader,2023-03-01,NUE,0.046318645940468924
equity_max_sharpe_tilt_finvader,2023-07-03,NUE,0.022068647940499387
equity_max_sharpe_tilt_finvader,2021-01-04,NVDA,0.2430389025304508
equity_max_sharpe_tilt_finvader,2021-02-01,NVDA,0.2475320103908894
equity_max_sharpe_tilt_finvader,2021-03-01,NVDA,0.17985460181361407
equity_max_sharpe_tilt_finvader,2021-04-01,NVDA,0.03304983939506043
equity_max_sharpe_tilt_finvader,2021-05-03,NVDA,0.05508445121468679
equity_max_sharpe_tilt_finvader,2021-06-01,NVDA,0.0645808740351582
equity_max_sharpe_tilt_finvader,2021-07-01,NVDA,0.09474447533962468
equity_max_sharpe_tilt_finvader,2021-08-02,NVDA,0.05887398966012948
equity_max_sharpe_tilt_finvader,2021-09-01,NVDA,0.062496350119237806
equity_max_sharpe_tilt_finvader,2021-10-01,NVDA,0.11164067291504948
equity_max_sharpe_tilt_finvader,2021-11-01,NVDA,0.07444810250137314
equity_max_sharpe_tilt_finvader,2021-12-01,NVDA,0.14992750997713084
equity_max_sharpe_tilt_finvader,2022-01-03,NVDA,0.09212541885076482
equity_max_sharpe_tilt_finvader,2022-02-01,NVDA,0.05847540520039151
equity_max_sharpe_tilt_finvader,2022-03-01,NVDA,0.060216765084411414
equity_max_sharpe_tilt_finvader,2022-04-01,NVDA,0.07020205789994158
equity_max_sharpe_tilt_finvader,2023-05-01,NVDA,0.001777207003830381
equity_max_sharpe_tilt_finvader,2023-06-01,NVDA,0.16600992115609536
equity_max_sharpe_tilt_finvader,2023-07-03,NVDA,0.17588928686150118
equity_max_sharpe_tilt_finvader,2023-08-01,NVDA,0.19756385477238922
equity_max_sharpe_tilt_finvader,2023-09-01,NVDA,0.2159291088587309
equity_max_sharpe_tilt_finvader,2023-10-02,NVDA,0.1961131369313987
equity_max_sharpe_tilt_finvader,2023-11-01,NVDA,0.2261298582627702
equity_max_sharpe_tilt_finvader,2023-12-01,NVDA,0.24039555862512418
equity_max_sharpe_tilt_finvader,2021-10-01,OXY,0.031176941612842134
equity_max_sharpe_tilt_finvader,2021-11-01,OXY,0.040749439030930285
equity_max_sharpe_tilt_finvader,2022-04-01,OXY,0.009219299640248216
equity_max_sharpe_tilt_finvader,2022-05-02,OXY,0.03194567641244796
equity_max_sharpe_tilt_finvader,2022-06-01,OXY,0.07350929215489897
equity_max_sharpe_tilt_finvader,2022-07-01,OXY,0.09816422242206747
equity_max_sharpe_tilt_finvader,2022-08-01,OXY,0.17248653047546675
equity_max_sharpe_tilt_finvader,2022-09-01,OXY,0.19870419515172055
equity_max_sharpe_tilt_finvader,2022-10-03,OXY,0.22104056984466963
equity_max_sharpe_tilt_finvader,2022-11-01,OXY,0.13402939846704226
equity_max_sharpe_tilt_finvader,2022-12-01,OXY,0.07518697875169807
equity_max_sharpe_tilt_finvader,2023-01-03,OXY,0.1446408947669185
equity_max_sharpe_tilt_finvader,2023-02-01,OXY,0.10170533169864632
equity_max_sharpe_tilt_finvader,2023-03-01,OXY,0.0760015934705701
equity_max_sharpe_tilt_finvader,2021-10-01,PLD,0.06718408561976995
equity_max_sharpe_tilt_finvader,2021-11-01,PLD,0.15488705040955011
equity_max_sharpe_tilt_finvader,2021-12-01,PLD,0.19896455061690504
equity_max_sharpe_tilt_finvader,2022-01-03,PLD,0.20611161446070003
equity_max_sharpe_tilt_finvader,2022-02-01,PLD,0.1974865993737004
equity_max_sharpe_tilt_finvader,2022-03-01,PLD,0.1388927768706489
equity_max_sharpe_tilt_finvader,2022-04-01,PLD,0.15991875902413977
equity_max_sharpe_tilt_finvader,2022-05-02,PLD,0.16569952951290026
equity_max_sharpe_tilt_finvader,2021-04-01,PSA,0.012348187650458966
equity_max_sharpe_tilt_finvader,2021-05-03,PSA,0.1901785420074415
equity_max_sharpe_tilt_finvader,2021-06-01,PSA,0.21425111527599675
equity_max_sharpe_tilt_finvader,2021-07-01,PSA,0.20715030971667425
equity_max_sharpe_tilt_finvader,2021-08-02,PSA,0.21571472397559954
equity_max_sharpe_tilt_finvader,2021-09-01,PSA,0.25531764897695997
equity_max_sharpe_tilt_finvader,2021-10-01,PSA,0.22340194403110872
equity_max_sharpe_tilt_finvader,2021-11-01,PSA,0.2705890312672532
equity_max_sharpe_tilt_finvader,2021-12-01,PSA,0.2393754784534715
equity_max_sharpe_tilt_finvader,2022-01-03,PSA,0.20611161446070003
equity_max_sharpe_tilt_finvader,2022-02-01,PSA,0.20862230106505816
equity_max_sharpe_tilt_finvader,2022-03-01,PSA,0.22960173310501555
equity_max_sharpe_tilt_finvader,2022-04-01,PSA,0.22402124105588256
equity_max_sharpe_tilt_finvader,2022-05-02,PSA,0.09383316938939543
equity_max_sharpe_tilt_finvader,2021-01-04,QCOM,0.07374553092759487
equity_max_sharpe_tilt_finvader,2021-02-01,QCOM,0.1546349168949231
equity_max_sharpe_tilt_finvader,2021-03-01,QCOM,0.0333493329356168
equity_max_sharpe_tilt_finvader,2021-04-01,QCOM,0.009701345448955961
equity_max_sharpe_tilt_finvader,2021-07-01,SBUX,0.00025810359230354164
equity_max_sharpe_tilt_finvader,2021-08-02,SBUX,0.03930710251642799
equity_max_sharpe_tilt_finvader,2023-03-01,SBUX,0.019110270862820244
equity_max_sharpe_tilt_finvader,2023-04-03,SBUX,0.04451900857727175
equity_max_sharpe_tilt_finvader,2023-05-01,SBUX,0.1750120583760036
equity_max_sharpe_tilt_finvader,2023-06-01,SBUX,0.006273791329515292
equity_max_sharpe_tilt_finvader,2021-05-03,SHW,0.04144935104351764
equity_max_sharpe_tilt_finvader,2021-07-01,SHW,0.01085786140086591
equity_max_sharpe_tilt_finvader,2021-08-02,SHW,0.01893599102720688
equity_max_sharpe_tilt_finvader,2021-09-01,SHW,0.04197687651048398
equity_max_sharpe_tilt_finvader,2021-10-01,SHW,0.024921831123815567
equity_max_sharpe_tilt_finvader,2021-11-01,SHW,0.032439494398985864
equity_max_sharpe_tilt_finvader,2021-12-01,SHW,0.042433810230311016
equity_max_sharpe_tilt_finvader,2022-01-03,SHW,0.06665637788852449
equity_max_sharpe_tilt_finvader,2023-01-03,SLB,0.02138802166512922
equity_max_sharpe_tilt_finvader,2023-07-03,SLB,0.032641279520058256
equity_max_sharpe_tilt_finvader,2023-08-01,SLB,0.11667911495605227
equity_max_sharpe_tilt_finvader,2023-09-01,SLB,0.06537184585589627
equity_max_sharpe_tilt_finvader,2023-10-02,SLB,0.0813531535266742
equity_max_sharpe_tilt_finvader,2022-02-01,SO,0.1022627103967731
equity_max_sharpe_tilt_finvader,2022-04-01,SO,0.03646813518868025
equity_max_sharpe_tilt_finvader,2022-06-01,SO,0.1870956245379991
equity_max_sharpe_tilt_finvader,2022-07-01,SO,0.2500180193989237
equity_max_sharpe_tilt_finvader,2022-08-01,SO,0.2311702731988898
equity_max_sharpe_tilt_finvader,2022-09-01,SO,0.2355224520849167
equity_max_sharpe_tilt_finvader,2022-10-03,SO,0.156329595720207
equity_max_sharpe_tilt_finvader,2023-12-01,SO,0.20726820960498854
equity_max_sharpe_tilt_finvader,2023-03-01,T,0.07157777833900679
equity_max_sharpe_tilt_finvader,2023-04-03,T,0.1220864091016723
equity_max_sharpe_tilt_finvader,2021-01-04,TMUS,0.1592519871024041
equity_max_sharpe_tilt_finvader,2021-02-01,TMUS,0.06659715523068803
equity_max_sharpe_tilt_finvader,2022-11-01,TMUS,0.04600449288468601
equity_max_sharpe_tilt_finvader,2022-12-01,TMUS,0.047193293130607085
equity_max_sharpe_tilt_finvader,2023-01-03,TMUS,0.0032385186440897044
equity_max_sharpe_tilt_finvader,2023-02-01,TMUS,0.18804531248383538
equity_max_sharpe_tilt_finvader,2023-12-01,TMUS,0.0036536765598608285
equity_max_sharpe_tilt_finvader,2021-01-04,TTWO,0.1592519871024041
equity_max_sharpe_tilt_finvader,2021-02-01,TTWO,0.13331268693072854
equity_max_sharpe_tilt_finvader,2021-03-01,TTWO,0.2163978433729878
equity_max_sharpe_tilt_finvader,2021-04-01,TTWO,0.15981473116274583
equity_max_sharpe_tilt_finvader,2021-05-03,TTWO,0.08909631107069983
equity_max_sharpe_tilt_finvader,2021-06-01,TTWO,0.11009971304180784
equity_max_sharpe_tilt_finvader,2023-12-01,TTWO,0.08399434388683666
equity_max_sharpe_tilt_finvader,2021-01-04,UPS,0.148236255197049
equity_max_sharpe_tilt_finvader,2021-02-01,UPS,0.1264216309306304
equity_max_sharpe_tilt_finvader,2021-03-01,UPS,0.15148065659945506
equity_max_sharpe_tilt_finvader,2021-04-01,UPS,0.07168938025294538
equity_max_sharpe_tilt_finvader,2021-05-03,UPS,0.17147711643347036
equity_max_sharpe_tilt_finvader,2021-06-01,UPS,0.1903248118670354
equity_max_sharpe_tilt_finvader,2021-07-01,UPS,0.1128013005540972
equity_max_sharpe_tilt_finvader,2023-12-01,V,0.021869828961962767
equity_max_sharpe_tilt_finvader,2021-10-01,WFC,0.01490075210830964
equity_max_sharpe_tilt_finvader,2021-11-01,WFC,0.05889293167142762
equity_max_sharpe_tilt_finvader,2021-12-01,WFC,0.05648253370392545
equity_max_sharpe_tilt_finvader,2022-01-03,WFC,0.014633413657168007
equity_max_sharpe_tilt_finvader,2022-02-01,WFC,0.07039296535778586
equity_max_sharpe_tilt_finvader,2022-03-01,WFC,0.00201873468853629
equity_max_sharpe_tilt_finvader,2023-03-01,WMT,0.044188063793213495
equity_max_sharpe_tilt_finvader,2023-04-03,WMT,0.0020726104228562586
equity_max_sharpe_tilt_finvader,2023-06-01,WMT,0.11863629303395733
equity_max_sharpe_tilt_finvader,2023-07-03,WMT,0.15973810111508813
equity_max_sharpe_tilt_finvader,2023-08-01,WMT,0.18375462075490448
equity_max_sharpe_tilt_finvader,2023-09-01,WMT,0.1752320229443894
equity_max_sharpe_tilt_finvader,2023-10-02,WMT,0.09636931456061283
equity_max_sharpe_tilt_finvader,2023-11-01,WMT,0.21271903936266623
equity_max_sharpe_tilt_finvader,2021-12-01,XOM,0.024716242935517673
equity_max_sharpe_tilt_finvader,2022-08-01,XOM,0.07578609790495838
equity_max_sharpe_tilt_finvader,2022-09-01,XOM,0.10562910056038093
equity_max_sharpe_tilt_finvader,2022-10-03,XOM,0.11536569962015777
equity_max_sharpe_tilt_finvader,2022-11-01,XOM,0.24667832810429816
equity_max_sharpe_tilt_finvader,2022-12-01,XOM,0.18751062456499729
equity_max_sharpe_tilt_finvader,2023-01-03,XOM,0.24019859727998993
equity_max_sharpe_tilt_finvader,2023-02-01,XOM,0.2462163346899623
equity_max_sharpe_tilt_finvader,2023-03-01,XOM,0.18949528204017466
equity_max_sharpe_tilt_finvader,2023-04-03,XOM,0.2017291676267283
equity_max_sharpe_tilt_finvader,2023-05-01,XOM,0.23985433771414816
