date,Comm,Consumer,Energy,Financials,Healthcare,Industrials,Materials,RealEstate,Tech,Utilities,ALL
2020-01-02,0.10897499999999999,-0.08121880952380951,0.18932416666666668,0.11614933333333335,0.21549047619047618,0.10702,0.18291666666666664,-0.008199999999999985,0.09603871794871796,0.6369,0.12110591551610782
2020-01-03,0.135575,-0.13176666666666664,-0.02712172727272728,0.07839166666666668,0.2622,-0.1561,-0.07075000000000001,-0.07163333333333333,0.12235312500000001,0.17303333333333334,0.007184802052785924
2020-01-06,0.20477638888888886,0.1158755637254902,0.08543969696969697,0.210562,0.32718,0.0735287037037037,-0.06097999999999999,0.08436666666666666,-0.013116666666666676,-0.048275,0.10192138685524715
2020-01-07,0.3680777777777778,0.15726849999999998,0.08984444444444444,0.140525,0.10543333333333334,0.030057142857142855,0.12726666666666667,0.3592,0.02571830357142857,0.6369,0.15322287114845937
2020-01-08,0.2213625,0.0717625,-0.0018916666666666583,0.4676833333333333,0.2777740740740741,0.03634761904761904,-0.09959999999999998,-0.10079999999999999,0.07287125,0.27973333333333333,0.12843459836459836
2020-01-09,0.16018,0.38509198412698414,0.1853475,0.3108533333333333,0.31825555555555557,0.06387000000000001,0.04242222222222222,0.0,0.133938,0.074,0.184727248015873
2020-01-10,0.03584583333333334,0.004144000000000004,0.07396200000000001,0.21935833333333332,0.25814666666666664,0.09254999999999998,-0.06887499999999999,0.05612,0.32578583333333333,0.15612083333333332,0.11174043650793651
2020-01-13,0.0015479166666666697,0.08022671428571429,0.152386,0.18059,0.1221575,0.07404583333333334,0.5681999999999999,0.44029999999999997,0.23742441666666664,-0.013250000000000003,0.1496553242481203
2020-01-14,0.13665000000000002,0.09291,0.21178499999999997,0.05149333333333332,0.32362499999999994,0.17368499999999998,0.159,0.148,0.22985333333333333,0.2927166666666667,0.17889414141414142
2020-01-15,0.0006972222222222194,0.12398214285714286,0.18452166666666664,0.10348161904761906,0.22993333333333332,-0.09173124999999997,0.17298333333333335,0.08182500000000001,0.10667566666666665,0.10289166666666667,0.1004181981981982
2020-01-16,0.16964166666666666,0.21355500000000002,0.17142380952380953,0.1047665811965812,0.12518125000000002,0.25573333333333337,0.1101,0.24766666666666667,0.2642083333333333,0.11738541666666666,0.17007723426723426
2020-01-17,0.0634,0.08010533333333332,0.14865861111111112,0.106814,0.27652777777777776,0.2728666666666667,0.31393333333333334,0.18714999999999998,0.12276646686646689,0.1521208888888889,0.16233379204840742
2020-01-21,-0.027549999999999998,0.14977977272727275,0.1752476785714286,0.1585988888888889,0.14681404761904762,0.13342228571428572,0.012607499999999997,0.08384444444444444,0.05659733333333335,0.17614000000000002,0.11110034864518198
2020-01-22,0.18275,0.15027990476190475,0.26714166666666667,0.02551666666666667,0.07923958333333334,-0.023519047619047617,-0.09866666666666667,0.05229166666666666,0.21643500000000002,0.15871770833333335,0.11257370039682539
2020-01-23,0.2734311428571429,0.12421766666666667,-0.04704266666666668,0.005166666666666669,0.020309999999999998,0.05690119047619048,0.09407,0.314,0.04433148148148148,0.0064333333333333334,0.08190781631009891
2020-01-24,0.11855143939393939,0.08338269230769231,0.19634166666666666,-0.08893333333333332,0.2246453333333333,0.11282888888888888,0.14948,0.0903,0.08443913978494624,0.19262917647058825,0.12705306167646396
2020-01-27,-0.03477954545454546,0.02092944444444445,0.06035916666666665,0.13860000000000003,0.28308277777777774,0.06335666666666666,0.004537499999999996,0.08510000000000001,-0.133538,0.0005952380952381001,0.047057280193966246
2020-01-28,0.08971000000000001,0.06071767857142858,0.24658333333333335,0.17417857142857143,0.18641166666666664,-0.012273958333333335,0.184485,0.12631666666666666,0.03091346153846153,0.019550000000000005,0.10712264135437213
2020-01-29,0.38805125,0.0205347619047619,0.013120833333333335,0.19043125000000002,0.161866,0.0017516666666666679,0.13145238095238096,0.16463333333333333,0.15447599206349205,0.20558125000000002,0.14034774801587302
2020-01-30,-0.018904166666666666,0.02282271428571429,0.1346214285714286,0.03456111111111111,0.20380757575757577,0.16815416666666666,-0.10285916666666667,0.10838,-0.04792395833333332,0.20349166666666665,0.06793598782467533
2020-01-31,-0.20988863636363636,0.05382222222222221,0.07246873015873015,0.07608928571428572,0.2629841666666667,0.07158500000000001,0.00774791666666667,0.24126666666666666,0.21226805555555558,0.14127499999999998,0.08832343152782178
2020-02-03,0.10909500000000001,0.1817774025974026,0.0316901282051282,0.09365,0.12786271121351767,0.10079400000000001,0.21633750000000002,0.085,0.07175,0.27429375,0.13043979071619627
2020-02-04,0.1406375,0.1797599393939394,0.08799222222222222,0.4091625,0.2272482142857143,0.21309166666666665,0.09639999999999999,0.06497916666666667,0.060248333333333334,0.1489375,0.1586924128459924
2020-02-05,-0.008172916666666662,0.040557638888888886,0.5314761904761904,-0.24533333333333332,0.17115385714285714,0.08364833333333332,0.003212499999999993,0.0,0.131025,0.029253333333333333,0.10062818274318273
2020-02-06,0.09743404761904763,0.1719277777777778,0.23407083333333334,0.2861586666666667,0.29242084615384617,-0.012866666666666667,0.06415138888888888,0.308725,0.30822000000000005,0.18895,0.20873177306820162
2020-02-07,0.12862,0.2069,0.22275299999999998,0.040924999999999996,0.29214484848484845,0.007110000000000005,-0.00708333333333334,0.0,0.1875942857142857,0.19033125,0.15490839651339652
2020-02-10,0.123025,-0.006942857142857142,0.05099333333333335,0.2404611111111111,0.042449999999999995,0.12299791666666667,0.2574133333333333,0.12641666666666668,0.20857083333333332,0.16160625,0.12971022978959026
2020-02-11,0.0004547058823529543,0.02978316666666666,0.15039314285714284,0.3256089285714286,-0.0074999999999999884,-0.008904166666666657,0.130928,0.12408015873015872,0.16730675324675326,0.2008625,0.11333114409621942
2020-02-12,0.16826277777777776,0.05834264705882353,0.04557083333333334,0.17259166666666664,0.24082604166666663,0.07436000000000001,0.074,0.31738333333333335,0.0768125,0.3705986111111111,0.14539912464985993
2020-02-13,0.1298645238095238,-0.00902342156862746,0.121615625,0.08528,0.2489866666666667,0.05424,0.045804761904761904,0.138515,-0.021134090909090908,0.24100916666666666,0.10464036212005463
2020-02-14,0.6249,-0.05277816666666666,0.113125,0.17051111111111109,0.3236875,0.18435,-0.027325,0.224025,0.0961891129032258,0.224410625,0.1523801743679163
2020-02-18,0.04021809523809524,0.19546376984126984,0.12951166666666664,-0.022542857142857146,0.14169914215686275,0.006366666666666666,0.10561777777777778,0.20887916666666667,-0.030928095238095244,0.32285243055555557,0.106656105405125
2020-02-19,0.26660833333333334,0.20263971428571428,0.24769583333333334,0.04995,0.24066722222222223,0.22269166666666668,0.024666666666666667,0.11563666666666665,0.06887476190476191,0.17388181818181817,0.15873259866522366
2020-02-20,0.07307083333333332,0.07749014285714287,0.3032416666666667,0.2596576388888889,0.14858999999999997,0.07989166666666667,0.10687272727272727,0.11431708333333333,0.004315000000000001,0.14464041025641025,0.12417997443439752
2020-02-21,-0.07917222222222223,0.08548472222222223,0.05930333333333333,0.2271665,0.07995625,0.11362999999999998,0.1653,0.024737500000000003,-0.2589611428571429,0.43446999999999997,0.06484326686507937
2020-02-24,0.04713888888888889,0.03274214285714285,-0.14663821428571427,0.00604833333333334,0.09799899159663865,0.07230566666666666,0.111995,0.08034166666666666,0.014219545454545452,0.056410666666666665,0.03559564432843844
2020-02-25,0.29342222222222225,0.15571935897435898,-0.03941833333333333,0.2833533333333333,0.22861222222222227,-0.0011000000000000038,0.047772222222222216,0.038900000000000004,0.08746666666666668,0.26434166666666664,0.13513526137944742
2020-02-26,0.14806249999999999,0.09062785714285714,0.18210314285714285,0.16362933333333335,0.041538725490196084,0.112,0.14393333333333336,0.05097166666666666,0.24596583333333336,0.3349916666666667,0.14057657446311858
2020-02-27,0.11693333333333333,0.06434111111111111,0.084407,0.08637000000000002,0.07816479999999999,0.17865416666666667,0.07506428571428572,0.10832458333333334,-0.14527866666666667,0.35459416666666665,0.09845429416839199
2020-02-28,-0.14526357142857144,-0.15001023809523809,0.09282083333333332,-0.022928125000000008,0.072204,0.13635,-0.015963888888888906,-0.005567222222222218,0.19522666666666666,-0.09337083333333333,-0.0014206626061277238
2020-03-02,0.15059583333333332,0.07968803418803419,0.05180625,0.17709583333333334,0.16905589285714287,0.112025,0.12095166666666665,0.11269999999999998,0.06786600000000001,0.36383333333333334,0.14343559777028528
2020-03-03,0.06566,0.18419,0.015992888888888893,-0.06346333333333333,0.37418615384615384,0.18,0.42941999999999997,0.18769999999999998,0.007974666666666675,0.0071874999999999994,0.12432077756931416
2020-03-04,0.12637083333333332,0.1579111111111111,0.31290999999999997,0.153647,0.42545099999999997,0.14631361904761903,0.33548333333333336,0.4477083333333334,0.44597452380952385,0.5907116666666666,0.30520321067821066
2020-03-05,0.181035,0.05841049350649351,0.07390000000000001,0.08252,0.14886410256410254,0.08916333333333333,0.1691666666666667,0.3723666666666667,0.16232433333333335,0.1101,0.1350711366927646
2020-03-06,0.1845625,-0.0312900412087912,-0.007615238095238092,-0.006523124999999998,0.11019090909090908,0.09639166666666665,-0.018600000000000005,0.16365000000000002,0.06810907692307692,0.1729125,0.05894678170928171
2020-03-09,0.010231249999999997,0.0035328205128205142,-0.16221723395026028,0.19733533333333333,0.01510189473684211,-0.13166899999999998,0.05384916666666666,0.12172083333333335,-0.14923933333333333,-0.24107916666666665,-0.029497592612383793
2020-03-10,-0.06339199999999999,-0.03951126262626262,0.006758260869565216,0.10005111111111109,0.23822291666666665,-0.09160733333333333,0.04149166666666666,0.09866666666666667,0.213845,0.27871250000000003,0.06887710603251933
2020-03-11,0.027750000000000004,-0.0581575,0.04042422619047619,0.18409,0.15079083333333335,0.17584166666666667,0.11752777777777779,0.30446,0.05893999999999999,0.04209166666666667,0.10900481737012986
2020-03-12,0.06934,-0.024436066666666673,0.04761131578947368,-0.052286476190476196,-0.13145066666666666,-0.20904666666666666,-0.10452666666666667,0.024137499999999992,-0.04799285714285716,0.008949940476190466,-0.04684584831396674
2020-03-13,0.06815833333333333,0.0728212962962963,0.2131807282913165,-0.129085,-0.07116249999999999,0.11671333333333334,0.10122222222222221,0.08895,0.029370654761904758,0.19805,0.06685010091434948
2020-03-16,-0.037348749999999986,-0.16856422101449275,0.04421292156862745,0.017912023809523815,-0.00020333333333333314,0.08779142857142858,-0.032976666666666675,0.06238229166666666,-0.05971515151515152,0.2615883333333333,0.013821166824437283
2020-03-17,0.09938666666666665,0.05447714285714287,0.00464,-0.04654500000000001,0.2773,0.014408333333333329,0.19824166666666665,0.1837,0.176358,0.26545833333333335,0.11453069160997732
2020-03-18,-0.03310499999999999,-0.028883290043290023,-0.03390507936507937,0.04872666666666667,0.11328749999999999,0.04729976190476191,-0.018450000000000008,-0.24695,-0.04414761904761906,0.3736625,0.026787675623834162
2020-03-19,0.06154833333333334,0.010025500000000001,-0.050955,-0.28536666666666666,0.1559375,0.020477777777777775,0.09151833333333333,0.21692222222222224,-0.1111,0.18469999999999998,0.010561337719298241
2020-03-20,0.023291666666666665,0.0840313603896104,-0.067612,-0.04303333333333334,-0.07761826923076923,0.14426952380952382,0.10615000000000001,0.082725,0.22233999999999998,0.15796458333333332,0.059233099078005336
2020-03-23,0.1506873896103896,0.012039540655423,-0.13313777777777777,0.052754999999999996,0.12661174242424242,0.006774999999999998,0.20599357142857144,0.07292499999999999,0.28631166666666663,0.12224767857142857,0.08923956674253296
2020-03-24,0.2297495238095238,0.21268163003663004,0.14255844444444446,0.37281,0.27681619047619044,0.24218666666666663,0.37160000000000004,0.11595,0.4806120833333334,0.38545,0.27657752469752467
2020-03-25,0.203052,0.17594280952380953,0.3076861111111111,0.03317291666666668,0.19266666666666668,0.10774791666666667,0.24265,0.37956666666666666,0.11731250000000001,0.4290875,0.21073046457607433
2020-03-26,0.15887166666666666,0.12323180952380952,0.178481,0.196935,0.32167909090909086,0.2492952380952381,0.18502666666666667,0.48359166666666664,0.2785304444444444,0.25455666666666665,0.23877798779722692
2020-03-27,0.21216222222222225,0.11294948717948716,0.34098280952380955,0.195821,0.29625999999999997,0.07952696969696968,0.32342499999999996,0.6287333333333334,0.3011333333333333,0.4805322222222222,0.27312772646157263
2020-03-30,0.31267875,0.07125054385964912,0.13799333333333333,-0.25995466666666667,0.1856181904761905,0.039523619047619044,0.261965,0.33160625,0.20471333333333336,0.21129464285714283,0.135643007518797
2020-03-31,0.22303333333333333,-0.023837333333333356,0.05229416666666666,0.030061111111111108,0.018207738095238107,0.03214416666666666,0.28280500000000003,-0.15226041666666665,0.04370199999999999,-0.17609375,0.033819479512735326
2020-04-01,0.10209583333333333,0.14668877777777778,-0.07836761904761903,0.046521999999999994,0.05775833333333334,0.115615,0.05939333333333333,-0.04467777777777774,0.40508000000000005,-0.05755833333333332,0.07993729076479077
2020-04-02,0.03641000000000001,0.020711071428571433,-0.05073417948717949,0.055976333333333336,0.13995214285714286,-0.058291111111111106,0.09215694444444444,0.023762500000000006,0.17213125,0.07491666666666667,0.05051188906331764
2020-04-03,0.2131947619047619,0.05764583333333333,-0.027455714285714285,0.09386214285714285,0.24129722222222225,-0.1994913492063492,0.08589999999999999,0.27075,-0.17029583333333337,0.27299999999999996,0.06412602182539681
2020-04-06,0.3880041666666667,0.18476219913419914,0.10267563492063492,0.1846400505050505,0.31817965517241376,0.12153733333333334,0.09356,0.14626666666666666,0.32584287878787876,0.4456645833333333,0.2315826611954747
2020-04-07,0.21136174242424244,0.23112860606060606,0.35960714285714285,0.14877866666666667,0.06678456140350877,0.31327150000000004,0.502225,0.15660833333333335,0.19408399999999998,0.23362208333333334,0.23877263089789694
2020-04-08,0.046854999999999994,-0.06770816447368423,0.2986212380952381,0.10571441558441559,0.18777777777777777,0.16424309523809524,0.22547666666666666,0.5745750000000001,0.23114857142857143,0.13875,0.19390575527653914
2020-04-09,-0.0038733333333333285,0.2189310714285714,0.1397982857142857,0.18829,-0.002047916666666663,0.06115416666666666,0.15362444444444445,0.34761964285714286,0.22781333333333334,0.5139416666666666,0.17801581729145557
2020-04-13,0.08121666666666666,-0.009058375291375292,0.10308756043956044,0.07730487878787878,-0.005679999999999985,-0.026006161616161615,0.17668166666666668,-0.09351875,0.20887450980392158,0.014225297619047624,0.052713885680247576
2020-04-14,0.2762195238095238,0.23731150000000004,-0.05440729166666666,0.07821516171328671,0.2798184523809524,0.2206103888888889,0.011322222222222225,0.5639111111111111,0.4872150476190476,0.20066,0.2334977577436114
2020-04-15,0.1547541666666667,0.09169869696969697,0.07668128205128205,0.10653653846153847,0.07076357142857144,0.03727000000000001,-0.04799325396825397,-0.1730625,0.133344,0.004682500000000004,0.052955274429274425
2020-04-16,0.30405041666666666,0.14402747584541062,-0.019025350649350646,0.05242549999999999,0.32016983709273183,0.1946432121212121,0.12576,-0.0683,0.3177965555555556,0.260425,0.17400591683293304
2020-04-17,0.22689916666666665,0.22058400000000003,-0.09367792592592591,0.07358731818181818,0.30238548372513563,0.015269696969696961,0.4074,0.44408333333333333,0.07839807142857143,0.3832455357142857,0.19514665048405186
2020-04-20,0.08840624999999999,0.0662055873015873,-0.2018795458937198,0.19868690476190476,-0.04225174468085106,0.05056166666666667,0.20770476190476192,0.02965,0.23862375,0.022935666666666667,0.06728149058626991
2020-04-21,0.13999333333333336,0.006847693693693697,-0.2665992380952381,-0.10275666666666664,-0.019119809523809515,-0.05262366666666666,-0.09305555555555554,0.054368750000000014,-0.31878,-0.06924999999999999,-0.0738964560913497
2020-04-22,0.18943261904761907,0.11943599999999999,-0.17776666666666668,0.09903500000000001,0.26422910256410254,0.080725,0.15436875,0.21082499999999998,0.3165680952380952,0.025702573529411753,0.12847019149967678
2020-04-23,0.13547777777777778,0.08177963636363636,0.16564085353535357,0.20305,0.15715125000000002,0.307532,0.15363714285714286,0.2083,0.2916876190476191,0.1761375,0.1885598613071711
2020-04-24,0.0480560606060606,0.02844066666666667,-0.08797991071428572,-0.19986041666666665,0.017138035714285724,0.06259191176470588,-0.06943333333333333,0.05164375,0.05832258064516128,-0.004883333333333332,-0.007207656955631339
2020-04-27,0.08147666666666667,0.103755,-0.043915833333333334,0.1026875,0.004729619047619061,0.11551534343434344,0.2466066666666667,0.07649666666666669,0.1866144761904762,0.2819451388888889,0.11219614453573637
2020-04-28,0.18440939393939393,0.10414618881118881,0.01915347222222222,0.19664500000000001,0.17091503076923079,0.09966987719298245,0.11716599999999999,-0.0433875,0.29925555555555555,0.2794166666666667,0.13679021946364228
2020-04-29,0.10303333333333335,0.11798250183150186,0.12294293650793649,0.11755166666666668,0.07217008620689655,0.0580915873015873,0.3108218181818182,0.0793969696969697,0.1871104285714286,0.11171666666666667,0.1323414299754582
2020-04-30,0.034552083333333344,-0.01268608333333333,0.010885688311688319,0.0810207619047619,0.18398835897435897,-0.04903461538461538,0.13998392857142858,0.10054583333333333,0.09648,0.14048,0.07139365663591728
2020-05-01,-0.028569583333333332,0.2095568333333333,-0.17088606349206348,-0.049598333333333335,0.08253734061569017,-0.07810254761904763,0.12344166666666667,0.16603333333333334,-0.16527266666666665,0.127446875,0.00920697683764156
2020-05-04,0.12881185185185184,0.1291511648351648,-0.04067474358974359,0.11690399999999998,0.20051102564102563,0.06606761904761904,-0.027896666666666663,0.15605625,0.31073088235294116,0.20042,0.12312185029057995
2020-05-05,0.12493571428571429,0.22572509523809522,0.14244560606060605,-0.01079133333333333,0.20629254901960783,0.3015688888888889,0.22255950980392158,0.12011666666666666,0.24510937500000002,0.11699659090909093,0.16891328631123068
2020-05-06,-0.054543333333333346,0.09271808823529412,0.18564160714285713,0.04762500000000001,0.16397444444444442,0.061919999999999996,0.025270714285714296,-0.03181666666666667,0.16321416666666666,0.17511749999999998,0.0840020363701036
2020-05-07,0.152315,0.0918361111111111,0.25697904761904755,-0.09130733333333334,0.13613055555555556,0.009339999999999996,0.1927066666666667,0.32705666666666666,0.285192,0.08266666666666668,0.1442583522297808
2020-05-08,0.26052000000000003,0.07232133766233766,0.20183,0.055453666666666665,-0.019679583333333334,0.051046875000000005,0.1476361111111111,0.18711666666666668,0.5695564285714286,0.10579378787878788,0.1513479284361472
2020-05-11,0.12894285714285716,0.05909845833333334,-0.05607011111111111,0.161149,0.09190584541062803,0.2866916666666667,0.05862750000000001,0.013816666666666663,0.12826677777777779,0.23801458333333333,0.11365088705291507
2020-05-12,0.088013,0.0989055,0.104818,-0.18342685714285717,-0.0068209523809523625,0.030972727272727277,0.09328777777777779,-0.3745875,-0.04530033333333333,0.18601125000000002,-0.0036874420737992193
2020-05-13,0.02526666666666666,0.08241209523809524,-0.05363740259740259,0.13478635064935066,0.10848118259518261,-0.013686666666666666,0.14607266666666666,0.27305,0.19830277777777777,0.37966666666666665,0.11641709637584637
2020-05-14,0.1712533333333333,0.13660526470588236,-0.05423,0.09045,0.13552499999999998,0.06941319444444445,0.13599,0.15836666666666668,0.14565333333333333,0.18259,0.11813613812191542
2020-05-15,0.1645166666666667,0.06669251851851851,0.12231166666666667,0.20552214285714285,-0.007057727272727276,-0.04226666666666667,0.2340902777777778,-0.06106249999999999,0.036343278195488736,0.12520190476190476,0.08434229228637673
2020-05-18,0.14646866666666666,0.20182033333333335,0.15923085714285715,0.07014379365079365,0.13567733333333334,0.3914735454545455,0.1012875,0.5519083333333333,0.08091428571428574,0.33333333333333337,0.21010129240735625
2020-05-19,0.1761998333333333,-0.056007230769230774,0.15552,0.11304185714285712,0.26124566666666665,-0.12721249999999998,0.03428888888888889,0.056866666666666656,0.129025,0.2732,0.09354864868037945
2020-05-20,0.09396066666666666,-0.09905153361344539,-0.016947142857142855,0.38924666666666663,0.0244421855921856,0.16898333333333335,0.21408888888888888,0.11308,0.2741516666666667,0.03999999999999999,0.1248506708196099
2020-05-21,0.10847199999999999,0.038363636363636364,-0.04973999999999999,0.08162500000000002,0.109392,0.013049999999999999,0.15098333333333333,0.0,0.06598722222222222,0.3074575,0.08460991021324354
2020-05-22,0.015080000000000005,0.006037777777777771,-0.04422533333333334,-0.03028333333333333,0.155865,0.11331666666666666,0.0683,0.3165625,-0.140274,0.10415,0.04103450854700855
2020-05-26,0.13780466666666666,0.1921364523809524,0.16039314285714285,0.15300595238095238,0.046774,0.3285866666666667,0.20554166666666665,0.1148,0.14600045238095238,0.32959999999999995,0.17666662878787878
2020-05-27,0.21253000000000002,0.14949045454545457,-0.07871500000000001,0.2894002142857143,0.008749444444444456,0.33629285714285717,0.0,0.0,0.15682333333333334,0.2149875,0.15756930185786436
2020-05-28,0.09114436363636363,0.06756616666666666,0.14303,0.0028794999999999906,-0.07132166666666667,0.1404631904761905,0.15875,0.20835,0.1554152380952381,0.12490000000000001,0.09816774385189278
2020-05-29,0.13724583333333334,0.08072742857142859,0.23658,0.03128,0.1979048611111111,0.18829166666666666,0.009000000000000003,0.020066666666666667,0.03920875,0.21371666666666667,0.12316520634920636
2020-06-01,0.15972342857142857,0.11300420414673047,-0.11812026515151515,0.163534,0.15230694444444445,0.12136166666666666,0.09106666666666667,0.15402500000000002,0.14087666666666665,0.06806666666666666,0.10888211850217831
2020-06-02,0.28929444444444447,-0.09989666666666666,0.16811428571428572,0.1428851111111111,0.028099696969696976,0.38586166666666666,0.2846125,0.14946666666666666,0.24737066666666668,0.21880833333333335,0.17393375833161548
2020-06-03,-0.07269666666666666,0.19476857142857143,0.50300625,0.21506485714285714,0.25402650793650794,0.3497857971014493,0.15905,0.0872,0.42201,0.0,0.2105607398710633
2020-06-04,0.160185,0.20981249999999999,0.10382933333333333,0.2641833333333333,0.11087984126984127,0.08838988095238096,-0.032,0.148,0.12317499999999999,-0.060719999999999996,0.11858905158730157
2020-06-05,0.15076166666666665,0.24833111111111109,0.2582057575757576,0.38479166666666664,0.18309166666666665,0.368985,0.33570625,0.0,0.21515555555555554,0.1113875,0.25467482744107744
2020-06-08,-0.1130925,0.16768999999999998,0.14498257142857146,0.30178571428571427,0.0704371052631579,0.12923607843137255,0.219475,0.2611,0.15304333333333334,0.7906,0.16616491496855482
2020-06-09,-0.08518333333333333,0.03434126984126983,0.4496786666666666,0.18579142857142858,0.013605555555555546,0.11231403846153848,0.42775,0.0129,0.2835338095238095,0.3305416666666667,0.19043969079939665
2020-06-10,0.011962500000000015,0.03479165454545454,-0.15578888888888887,0.15597380952380951,0.10337972222222222,0.018673333333333333,,0.18824999999999997,0.02948125,0.0,0.025743738185425687
2020-06-11,0.07237380952380952,0.04100922077922078,-0.07976833333333333,0.06929222222222223,0.21064,0.08922666666666665,0.2338,0.24584999999999999,0.21306458333333333,0.3182,0.11765419672919673
2020-06-12,0.11055555555555556,0.16799361904761906,0.027370000000000016,-0.029416666666666664,0.0239975,-0.0102825,0.010883333333333337,0.296,0.08187916666666667,0.2732,0.06680186147186148
2020-06-15,-0.021583333333333343,0.0022550649350649363,0.07002851851851852,0.11921875,0.17032571428571427,0.02805821428571428,0.2732,0.20095,0.18420833333333334,0.54005,0.11717719117582755
2020-06-16,0.08809444444444445,0.21815,0.030684375,0.1184,0.09867708333333332,0.15444125,0.0,0.263075,0.265075,0.41805000000000003,0.15718920751633986
2020-06-17,0.12179833333333334,0.17689083333333333,0.0472425,-0.03236,-0.1274625,0.0,-0.6124,-0.04290000000000001,0.053137500000000004,0.0,0.015927880952380954
2020-06-18,0.011561249999999999,0.05241585714285714,0.06834666666666667,-0.021040000000000003,0.3164416666666667,-0.078635,0.0,0.34626666666666667,0.27632500000000004,0.4316,0.11339090608465607
2020-06-19,0.15536666666666665,0.017168222222222224,0.315981746031746,-0.0847375,0.23545416666666666,0.1101,-0.11315,,-0.22693333333333332,0.32135,0.0785199897593446
2020-06-22,0.17502083333333332,0.052345249999999996,0.196975,-0.064625,0.3400083333333333,0.12918888888888888,0.10485,,0.21513523809523813,-0.014683333333333345,0.12655829055059523
2020-06-23,0.20402222222222222,0.24102800000000002,0.02856249999999999,0.1573125,0.003990625000000001,0.20804399999999998,0.07646666666666667,0.0,0.07456666666666667,0.0683,0.1132757905982906
2020-06-24,0.16035454545454544,-0.031948,-0.03400928571428571,0.08500333333333336,0.01970833333333333,-0.050916666666666666,0.0,-0.24695,-0.3763958333333333,-0.1027,-0.05671654925882198
2020-06-25,0.10829777777777778,0.08044880000000001,0.12974,-0.01028685714285715,0.15567083333333334,-0.08201323529411765,0.4019,,-0.42828333333333335,0.0,0.019347086881419232
2020-06-26,0.36275,0.1646535294117647,0.08318888888888888,0.013000595238095242,0.09906166666666667,0.016998148148148148,0.34,0.0191,-0.054025,0.031016666666666675,0.09417096811564132
2020-06-29,0.024442564102564103,0.037683538461538456,0.07797500000000002,0.16995166666666667,0.16871958333333334,0.2645160714285714,0.11315,0.0,0.19183333333333333,0.0,0.10596560986056953
2020-06-30,0.1538904761904762,0.06661,0.12735583333333333,0.03491928571428572,0.21603333333333333,0.18286833333333335,0.17020000000000002,0.3609,0.39919,0.17,0.15809670386904762
2020-07-01,-0.0343,-0.08388240259740258,0.05932916666666667,-0.30234999999999995,0.31709861111111115,0.26006111111111113,0.10115,0.0,0.18099999999999997,0.176,0.06680977739580682
2020-07-02,0.06060833333333334,0.15829866666666667,0.17867757575757576,0.07885,0.16365833333333332,0.039703125,0.0,-0.064,0.295125,0.8074,0.1558685535037879
2020-07-06,0.04434400000000001,0.033620809523809525,0.1387552380952381,0.035557500000000006,0.10193457142857143,-0.00019727272727272925,-0.11442500000000001,-0.1591,0.07069805194805195,0.24378961352657003,0.055040694499341236
2020-07-07,0.08076000000000001,0.16836272727272728,0.026189285714285717,0.06437500000000002,0.12016666666666667,-0.02622857142857142,0.0,0.48385,0.35015,-0.1796,0.09760493423243424
2020-07-08,-0.1278375,0.17009666666666667,0.5859,0.25695,0.18671488095238095,0.134395,0.5719,-0.743,0.030240000000000003,-0.09633611111111111,0.09684772657450078
2020-07-09,0.21056249999999999,0.08616750000000001,0.24053750000000002,0.07008333333333333,0.044638888888888895,-0.019644444444444426,0.0,0.0,0.1812904761904762,0.17556666666666665,0.10451614823348696
2020-07-10,0.0,0.00017714285714286044,0.17794666666666667,0.16385999999999998,0.23717454545454544,-0.10292380952380953,0.0,0.0772,0.04683333333333333,0.36819999999999997,0.11066001082251081
2020-07-13,0.09652222222222222,0.16700771428571426,0.44849999999999995,0.09264133333333333,0.037777500000000006,0.17143333333333333,0.0,0.0,0.32982500000000003,0.020249999999999997,0.1446731316137566
2020-07-14,0.04039642857142857,0.09137023809523809,-0.0258,0.013174809027777772,0.26294999999999996,0.200318,,0.0,0.1764,0.2732,0.13592503680235535
2020-07-15,0.083975,0.12972628571428574,-0.13835833333333333,0.36742591304347827,0.399875,0.21730999999999998,,0.014283333333333334,0.135525,0.529,0.19014223511143588
2020-07-16,0.20304166666666668,0.195139126984127,0.10952500000000003,-0.04577525252525253,0.246635,0.0036750000000000003,0.0172,,-0.008471666666666655,0.142975,0.10499896698073169
2020-07-17,-0.25880000000000003,0.11984222222222222,0.0409,-0.013329761904761903,0.043558333333333324,0.1460125,0.0,,0.010219999999999995,0.3197,0.0680967998866213
2020-07-20,0.06828333333333332,0.062139177489177494,0.03280944444444446,0.0724952380952381,0.25099166666666667,0.293580303030303,0.0,0.0,0.16713423076923076,0.0131,0.09625734783734784
2020-07-21,0.17599666666666666,0.22701229813664597,0.3279263003663004,0.16736190476190477,0.2214125,-0.016821428571428577,,0.17238,0.23766,0.1495,0.20619222149227584
2020-07-22,0.09405,0.085844,0.18453,0.04424791666666666,0.6313666666666666,-0.06476111111111109,0.2997,0.14934999999999998,0.2235722222222222,,0.16747816666666668
2020-07-23,-0.19865416666666666,0.0738919871794872,0.027800000000000005,0.010518333333333334,-0.06659999999999998,0.2657075,0.030392500000000006,0.148,0.30353703703703705,0.15332500000000002,0.06756993983355826
2020-07-24,0.142990625,0.001996666666666666,0.2493692307692308,-0.024132499999999998,0.164015,0.23601250000000001,0.2191,0.0,0.19947007936507935,0.28292222222222224,0.14865262947700447
2020-07-27,0.1796,0.13646111111111112,0.03866,0.14128541666666666,-0.004582142857142856,0.18124583333333333,0.024695,0.26125,0.20382916666666667,-0.08060624999999999,0.09571257054673722
2020-07-28,0.214775,0.127318,0.2023,0.04937642857142857,0.024162499999999996,0.1442900657894737,0.30958125,,0.11247857142857143,0.2202,0.13032793302701198
2020-07-29,0.024543750000000003,0.04418222222222222,0.3002125,0.08430476190476191,0.138288,0.05627419871794872,0.06363333333333333,0.10452999999999998,0.25250064229249014,0.17923333333333333,0.12280352494565644
2020-07-30,0.11185833333333332,0.10151466666666667,0.046665333333333336,0.3142333333333333,-0.007456250000000001,0.06833079365079367,0.07705000000000001,-0.0664875,0.028058838383838387,0.15803333333333333,0.07582223228967416
2020-07-31,0.20481666666666665,0.03349171428571429,-0.01481428571428571,-0.003800000000000007,0.14883874643874642,-0.010454666666666666,0.6369,0.29295,0.45424999999999993,0.173875,0.12907760378510377
2020-08-03,0.24925999999999998,0.042716431372549026,0.10191750000000002,0.12428999999999998,0.015826190476190476,-0.09876018181818183,0.63375,0.31795,0.17217222222222225,0.3444666666666667,0.13551537692699459
2020-08-04,0.16794307692307692,0.238120202020202,-0.03135416666666667,0.028711666666666656,0.0016916666666666677,0.07183333333333332,0.148,-0.3715,0.22972757575757577,0.3929666666666667,0.12634330824730824
2020-08-05,0.3156458333333333,0.02786764705882353,0.15685833333333332,0.14841333333333334,-0.023299999999999987,0.11673249999999999,-0.017116666666666665,0.179375,0.08502410714285716,-0.03423333333333333,0.09646558563425371
2020-08-06,0.265015873015873,0.088556,0.24158333333333334,0.0031250000000000062,0.29732166666666665,0.30506666666666665,0.34626666666666667,0.0,0.22855833333333334,0.067925,0.1800328095238095
2020-08-07,0.10895615384615384,0.14675666666666665,0.04856888888888889,0.09440833333333332,0.2503357142857143,0.02632083333333332,,0.33947499999999997,0.31845,0.0,0.16377259092098378
2020-08-10,0.26870333333333335,0.10510242424242425,0.17439200000000002,0.26968333333333333,0.16973888888888888,0.17871666666666663,0.3094777777777778,0.0,0.15958333333333333,0.022888888888888886,0.1829785257985258
2020-08-11,0.13919444444444445,0.06640854166666668,0.2246669642857143,0.13545000000000001,0.11333333333333334,0.042461111111111116,0.0,0.4019,0.24845166666666665,0.3568,0.15899727465986396
2020-08-12,0.13904999999999998,0.024895833333333325,0.19724666666666665,0.035188888888888895,0.06743333333333333,0.015781249999999997,,0.0,-0.005163392857142859,0.12265999999999999,0.0758119288119288
2020-08-13,0.074,0.053421666666666645,0.1366,-0.058886666666666664,-0.13394,-0.11723333333333334,0.0,0.0,0.07893809523809524,0.0,-0.007829377880184337
2020-08-14,-0.07955,0.058534375,0.29510833333333336,0.10020833333333333,0.0,-0.06004,0.0,0.12726666666666667,0.27919583333333337,0.6369,0.1080670343137255
2020-08-17,0.12658666666666668,0.18586185185185186,-0.05979999999999999,0.13268666666666667,0.28033,0.09738666666666666,0.38858333333333334,0.31845,-0.03085083333333334,0.473775,0.16687556556556557
2020-08-18,0.12132666666666667,0.09747223214285713,0.014091666666666662,0.08570208333333333,-0.15650000000000003,0.326225,0.09866666666666667,0.5594,0.04107083333333334,0.4576,0.09854383835565476
2020-08-19,0.0,0.1582530303030303,0.08835555555555556,0.09297,0.18041041666666666,0.15887,0.0,0.0,0.09380833333333333,,0.11076846736596738
2020-08-20,0.111775,0.1842745,0.05986999999999999,0.1723692857142857,0.044259999999999994,0.149125,0.0,0.0,-0.14271944444444445,0.18508,0.10070666768416768
2020-08-21,0.05934444444444444,0.2551946666666667,0.16155833333333333,0.16407916666666666,0.192025,-0.03522,-0.128,0.08436666666666666,0.06362333333333334,0.32785,0.11974388888888889
2020-08-24,-0.03465000000000001,0.0889757142857143,0.1332925925925926,0.36158666666666667,0.2267125,0.32083125,0.06743333333333333,-0.025675,0.08951944444444444,-0.05281666666666666,0.1384242504409171
2020-08-25,0.041666666666666664,0.15887916666666668,-0.002996666666666664,0.06933333333333333,-0.02710925925925926,0.1547,-0.1779,0.125,0.05148625,0.31245,0.08985621031746031
2020-08-26,0.12346499999999999,0.16836904761904764,0.19125238095238095,0.1022125,0.117564,-0.04839375000000001,0.296,0.15293333333333334,0.22181944444444446,0.35112999999999994,0.14758343137254903
2020-08-27,0.10115,-0.06588315789473682,0.02362514285714285,-0.06466666666666666,0.18806799999999999,0.06585833333333332,0.0,0.32425,0.11288541666666667,0.23835,0.08243425717070454
2020-08-28,0.24228333333333332,0.026809401709401725,0.003908333333333333,-0.17006333333333332,0.0012506666666666708,0.08625333333333333,-0.03771666666666667,0.0,0.49533333333333335,,0.03487114891518738
2020-08-31,0.1672111111111111,0.030251764705882356,0.004991428571428575,0.07349999999999998,0.2434888888888889,0.319384,0.0,0.6044,0.17242380952380953,0.03904333333333333,0.1427484190009337
2020-09-01,0.14038333333333333,0.12297380952380953,0.07759791666666666,0.15091333333333334,0.10833244047619048,0.07876666666666667,,0.14345,0.019481250000000006,0.0,0.10180349462365593
2020-09-02,0.2509888888888889,0.2,-0.0921,0.12542444444444442,-0.20051875,0.2347888888888889,0.0,0.0,0.2273015873015873,0.5934666666666667,0.1436545476190476
2020-09-03,0.09808095238095238,0.2067607142857143,0.17512666666666665,0.13491666666666666,0.0424,0.10002916666666667,0.05735,0.4767,0.193825,0.49135,0.15561347290640393
2020-09-04,0.2715916666666667,0.052898,0.03389375,-0.07526666666666666,-0.02077142857142856,0.0,0.04933333333333333,0.15568888888888888,0.2797875,0.2023,0.07693402529761906
2020-09-08,0.17447000000000001,0.11973224242424244,-0.14811542857142856,0.09639499999999998,0.063115,-0.14336,0.125,-0.10959999999999999,0.15348125,-0.16006857142857142,0.006198877233877236
2020-09-09,0.19863333333333333,0.1361318181818182,0.2294,-0.141225,0.22290833333333335,0.15898888888888887,,-0.6249,0.08855625,0.743,0.10095599747474748
2020-09-10,0.03242500000000001,0.213934375,0.1366,-0.003908333333333333,0.6369,0.026699999999999998,0.16455,,0.15872222222222224,0.0,0.12153276515151515
2020-09-11,-0.007366666666666667,0.028164583333333333,0.11800000000000001,-0.12383333333333334,-0.13500333333333336,0.03738666666666667,-0.296,0.0,0.28454444444444443,0.4767,0.019447678571428567
2020-09-14,0.00471666666666667,0.07200057142857144,-0.05630178571428572,-0.0279625,0.12343791304347826,0.06623333333333332,-0.0478875,0.31845,0.11119375000000001,0.11473749999999999,0.060081091965537965
2020-09-15,0.047488888888888886,0.1706672619047619,-0.2610166666666667,0.31862500000000005,0.14499666666666666,0.09485333333333333,,0.08231666666666666,-0.05910333333333333,0.06729166666666665,0.07594502463054187
2020-09-16,0.08627777777777777,0.15165833333333334,0.18545416666666667,-0.026553333333333335,0.0,0.326975,0.0,0.0,0.4053999999999999,0.1192125,0.1326598214285714
2020-09-17,0.2514111111111111,0.27589541666666667,0.23710833333333334,0.07329,0.10827166666666665,0.11064727272727273,0.16239166666666666,-0.3062,0.3163492063492064,,0.14427809320887444
2020-09-18,0.03440625,-0.015538246753246754,0.12377500000000001,0.2682125,-0.0877225,0.25960833333333333,,0.2202,0.0,0.0,0.08958132498453927
2020-09-21,0.087615625,0.13517133333333334,-0.08015555555555558,-0.08759416666666667,-0.1848575,-0.06118583333333333,0.09606666666666668,0.0,0.10605555555555556,0.5574,0.0154805752688172
2020-09-22,0.30411666666666665,0.10159978632478635,0.5719666666666666,0.20317500000000002,0.5032375,0.05837666666666665,,0.0,0.10902222222222223,0.4404,0.24211203212496316
2020-09-23,0.098325,0.13797916666666665,0.03762500000000001,0.168595,0.019383333333333343,0.2731,0.0,,-0.05135,0.0,0.09546618055555556
2020-09-24,0.19109500000000001,0.04457202380952381,0.24125833333333335,0.178278125,-0.24601666666666666,0.07370555555555554,0.6369,0.0,0.15489375,0.0,0.11030242945326278
2020-09-25,-0.145725,0.060700000000000004,0.08833333333333333,0.16685555555555553,0.27418333333333333,0.28675,0.0,,-0.038233333333333334,,0.0978201388888889
2020-09-28,0.192781875,0.06108,0.210525,0.23156,0.06531083333333335,0.14353504901960784,-0.2315875,0.10115,0.24196041666666665,0.05883333333333333,0.10846257094943242
2020-09-29,0.0593,0.21098349206349204,0.3061566666666667,-0.07316249999999999,0.27285714285714285,0.14937,,0.0,0.3205166666666666,0.2294,0.1870326455026455
2020-09-30,0.150975,0.22516666666666665,0.04767222222222223,0.03094309523809526,0.30385625,0.20639366666666667,0.0,0.3818,0.10749583333333335,0.42450000000000004,0.18524282212885157
2020-10-01,-0.01597222222222222,0.10554000000000001,0.07174,0.10511749999999997,0.13876791666666669,0.3972609375,,,0.0,0.4404,0.15664572115384615
2020-10-02,-0.16215,0.08105238095238096,0.2616354166666667,0.16027037037037037,-0.10145000000000001,0.057825,,,0.16598666666666667,0.5106,0.1067917551892552
2020-10-05,0.13776666666666668,0.12312919047619049,0.156676875,0.20614266666666667,0.0155688888888889,0.15403297619047618,-0.07555,0.28595,0.1720866666666667,0.6166375,0.15859080385487528
2020-10-06,0.09443750000000001,0.17313444444444442,-0.21938333333333335,0.25777083333333334,0.09261666666666667,-0.0061333333333333335,,0.4404,-0.006583333333333334,0.34676666666666667,0.1143124074074074
2020-10-07,0.3819,0.12155321428571428,0.028260000000000007,0.20758944444444447,0.2444032738095238,0.08332222222222221,0.0,,0.3545375,0.3204666666666667,0.2181243492063492
2020-10-08,-0.1589033333333333,0.10740821428571427,0.319518253968254,0.18445520833333334,0.01854791666666667,0.16759999999999997,0.0,,0.1166031746031746,0.0,0.09253475369458128
2020-10-09,0.17206607142857144,0.04635571428571428,,0.16733166666666666,-0.15252666666666667,0.33181666666666665,0.0,,0.24625833333333336,0.2023,0.13645201940035273
2020-10-12,-0.03122020202020202,0.2599322564102564,0.22340937500000002,0.2788898046398046,0.053396875,0.1883661904761905,0.23255,0.0,0.2019375,0.4767,0.18848188134088137
2020-10-13,-0.14578095238095237,-0.08431622807017544,-0.1591,0.11144638888888889,-0.09024375,0.3102175,0.0,,0.04876666666666666,-0.022499999999999992,0.006740098231690335
2020-10-14,0.21850866666666668,0.15742991071428572,0.011580000000000002,0.2605217391304348,0.138605,0.1843375,0.5859,0.26335,0.007166666666666666,0.2732,0.18066281039725673
2020-10-15,0.36173333333333335,0.16661136363636364,0.3992875,0.21481566666666668,0.22994333333333333,0.24784333333333333,0.2997,,0.20931249999999998,0.5719,0.2643319933712121
2020-10-16,0.016958333333333315,0.2975638888888889,-0.01945416666666666,0.56552,0.009135897435897433,0.1834786324786325,0.61515,,0.13092222222222225,,0.22384513247863247
2020-10-19,0.32250666666666666,0.24128,0.1040078787878788,0.24444666666666665,0.14359166666666665,0.27747625,0.60605,0.0,0.026003124999999995,0.47004999999999997,0.22095221334971335
2020-10-20,0.0,0.275575,0.18765555555555558,0.17468958333333334,0.27718750000000003,0.10388333333333333,,0.4337,0.05096250000000001,0.0,0.19015
2020-10-21,0.05586666666666666,0.21456940476190478,0.03007500000000002,0.017393333333333337,0.3048266666666667,0.13165,0.17,0.148,0.17803750000000002,0.11773888888888889,0.13076268601190477
2020-10-22,0.022529166666666666,0.07469233492822966,0.30683333333333335,0.08393452380952379,-0.027034999999999976,-0.06998571428571429,0.22744166666666665,-0.3715,0.22926875,0.16886666666666664,0.07109367090073668
2020-10-23,0.42861249999999995,0.310695,0.283325,0.45730000000000004,0.08267333333333333,0.41064999999999996,0.23835,0.0,0.18856818181818183,0.204175,0.2835892545454545
2020-10-26,0.22956857142857143,0.03860622222222222,0.06980433333333333,0.005045000000000001,0.02107222222222222,0.22891666666666666,0.0,0.38786666666666664,0.06168125,0.12667499999999998,0.1180159706959707
2020-10-27,0.0,0.07164000000000001,-0.1105,0.040787500000000004,0.061394285714285714,0.020962521367521365,0.0526875,,0.15773364285714286,0.08895,0.047370112713675215
2020-10-28,0.12582333333333331,0.10946166666666668,0.07525142857142857,0.026254761904761902,0.033892666666666675,0.15143468181818182,,0.2288,0.11106428571428573,0.0,0.09003832869511441
2020-10-29,0.186998,0.13232630952380953,-0.24387321428571426,0.1808625,0.20861066666666667,-0.063477,0.13758666666666666,0.0,0.167995,0.212825,0.09074501879699248
2020-10-30,0.15475,0.1552248888888889,0.09563916666666666,0.037862,0.10287613636363636,0.06842107142857143,,0.0,0.1306166666666667,0.05715,0.09749502423791487
2020-11-02,0.06413833333333332,0.17633722222222223,-0.08184083333333333,0.14935416666666665,0.08140694444444445,0.161761875,0.26025,0.21075,0.16387375,-0.02381666666666667,0.09942055555555555
2020-11-03,-0.06955933333333333,0.13791066666666665,0.21637499999999998,-0.03940654761904761,0.12984666666666667,0.24667750000000002,0.4576,0.0,0.19940000000000002,0.28595,0.1160567380952381
2020-11-04,-0.19905666666666666,0.04240190476190475,0.11541749999999999,0.1800125,0.3438407407407407,0.3077520833333333,0.0,0.0,0.08045833333333333,0.016541666666666666,0.11017990947420635
2020-11-05,0.019149666666666666,0.15840928571428572,0.11214666666666666,0.138348,0.07540000000000002,0.08229,,0.13396666666666665,0.17118653846153845,0.407625,0.13954028725660306
2020-11-06,0.09481291666666666,0.08195107142857143,0.134475,0.20286875,0.12765,-0.05395238095238095,0.13053333333333333,0.124575,0.21091666666666667,0.14980000000000002,0.11985322278911566
2020-11-09,0.2057085714285714,0.03877142857142857,0.17216420512820513,0.10848125000000002,0.20935333333333334,0.2314026666666667,,0.24126666666666666,-0.019691666666666663,0.15142857142857144,0.1491793816271448
2020-11-10,0.02692500000000001,0.12225611111111111,0.09211900000000003,0.17024999999999998,0.23094800000000001,0.11847791666666667,-0.17,,-0.02779666666666667,0.2732,0.09458557189542484
2020-11-11,-0.269825,0.11122833333333335,0.29773333333333335,0.21755357142857146,0.0,0.039290000000000005,0.12333333333333332,0.3062,0.21576031746031746,0.14784999999999998,0.09101049155145931
2020-11-12,0.25906874999999996,0.1348999458874459,0.39438666666666666,0.21160532051282052,-0.038275,0.09898666666666667,0.05505,,0.23108333333333334,0.3165166666666667,0.19733417330288758
2020-11-13,0.11817916666666667,0.22052111801242236,0.27973333333333333,0.11325416666666667,0.28600000000000003,0.13312,0.30465,0.26335,-0.011291111111111104,,0.18150382255300923
2020-11-16,0.125346,0.20095977777777776,0.36636875,0.20239500000000002,0.025411000000000006,0.15373571428571428,0.24695,0.0,0.35775833333333334,-0.12692777777777775,0.16099204365079364
2020-11-17,0.14484,0.33466210526315787,0.0,-0.03925,0.032456250000000006,0.14673750000000002,0.4989,,0.3814944444444444,,0.17695460213032582
2020-11-18,0.008979999999999998,0.14699861111111112,0.09908888888888889,0.21068125,0.18796666666666667,-0.029537777777777774,,0.4404,0.25051875,0.2083,0.13429500868055555
2020-11-19,0.35793333333333327,-0.02686666666666666,0.14495,0.25854,0.07025416666666667,0.0011904761904761901,0.13753333333333334,0.0,-0.026587499999999993,0.019812500000000004,0.09388690476190475
2020-11-20,-0.045945,0.08834032738095238,0.0,0.1337066666666667,0.061634375,0.09988222222222222,,,0.23048888888888888,0.05303333333333333,0.0762816836734694
2020-11-23,0.057544444444444454,0.16548367032967032,-0.030297321428571437,0.046282500000000004,0.1924425238095238,0.12892571428571428,0.04046,0.0,0.08877499999999999,0.3072166666666667,0.10112281376518219
2020-11-24,0.12386666666666668,0.0348375,-0.09109999999999999,0.182915,0.329925,0.07279119047619047,0.4404,0.10711666666666668,0.0,0.2023,0.09941121351766513
2020-11-25,0.10638,0.19735833333333333,0.153265625,-0.013415833333333335,0.0502375,0.2538066666666666,0.2679333333333333,,0.12424444444444445,0.37870000000000004,0.1565858611111111
2020-11-27,0.36743333333333333,0.064096,0.14935625000000002,0.38597777777777775,0.014711111111111104,0.1595857142857143,0.4767,0.012650000000000002,0.35325,0.5267,0.21118331959706957
2020-11-30,0.10057777777777778,0.14,0.20897452380952383,0.04451625000000001,0.16828333333333334,0.13836457142857145,0.10115,0.25806666666666667,0.03912708333333333,0.12414583333333333,0.134551336996337
2020-12-01,0.1101,0.24098333333333333,0.07448333333333333,0.42165,0.06698333333333333,0.0978125,0.3062,0.34,0.08855,0.2732,0.16575722222222222
2020-12-02,-0.24695,0.02845666666666667,0.18616416666666666,0.1470625,0.2034375,0.037113888888888884,0.15253333333333333,0.1909,0.20024375,0.2823875,0.1319237254901961
2020-12-03,0.06958571428571429,0.12663125,0.021483333333333337,0.122975,0.30622499999999997,0.11046593837535013,0.0,0.33926666666666666,0.07207222222222222,,0.1333645476709202
2020-12-04,0.16751666666666667,0.12432916666666667,0.08631112554112555,-0.026450000000000008,0.1262388888888889,0.08304500000000001,,0.0,0.2138375,0.40735000000000005,0.12224561164641809
2020-12-07,0.08289629629629629,0.10271714285714287,0.15861041666666667,0.09258833333333333,-0.1004,0.08532083333333333,0.0,0.4767,0.10560555555555556,0.2732,0.09931583862433863
2020-12-08,0.1331818181818182,0.05264166666666668,0.09189166666666666,0.05723533333333334,0.09345555555555556,0.002066666666666668,0.14049999999999999,0.0,0.13448749999999998,0.33873333333333333,0.10024652462121213
2020-12-09,0.2777,0.01057484848484848,0.09200000000000001,0.10796333333333333,-0.123475,0.055141111111111106,0.12593333333333334,0.12765,0.27175916666666666,0.61815,0.14630833180287728
2020-12-10,0.19042187500000002,0.21859968253968254,0.36496,0.140775,0.07891875000000001,0.00019066666666667578,0.296,0.0,0.32139166666666663,0.16588333333333335,0.17852464512471655
2020-12-11,0.06066428571428571,0.18338484210526315,-0.233304,0.09276833333333333,0.301453,-0.02759066666666667,0.0,0.0,0.13636041666666668,0.14049999999999999,0.06441426547137073
2020-12-14,0.060334374999999996,0.060735000000000004,0.166375,0.11495833333333334,0.189785,0.14346205357142858,,0.03818,0.09489500000000001,0.13331666666666667,0.11568597278911566
2020-12-15,0.2356892857142857,0.18039190476190475,0.33522222222222225,0.26395625,0.3786777777777777,0.2814625,0.0,0.1053,0.10724333333333334,,0.21465476984126983
2020-12-16,0.0,0.27887399999999996,0.02231666666666668,0.3079866666666667,0.2831875,0.15357500000000002,0.2294,0.31626666666666664,0.06743333333333333,0.0,0.2060539880952381
2020-12-17,0.0856625,0.277772,0.11717999999999999,0.3714641666666667,0.06754533333333333,0.23513194444444444,0.3057,0.0,0.2908928571428571,0.20631666666666668,0.20825780272108843
2020-12-18,0.00801,0.289384,0.034944444444444445,0.19816666666666669,0.29175,0.169660625,0.11337499999999999,0.18185,0.24072500000000002,0.2732,0.17511361979166667
2020-12-21,0.08349666666666668,0.1470959567099567,0.13405733333333333,-0.005676947368421064,0.29425,0.2242785,0.2057,0.03415,0.1268352380952381,0.350525,0.16013674078015286
2020-12-22,-0.007149999999999994,0.07831466666666667,-0.018831999999999995,0.24913333333333335,0.06177749999999999,0.19183333333333333,0.0,,0.20185,0.148,0.09655505376344085
2020-12-23,0.0677875,0.1618435,0.1589,0.245975,0.11039537037037038,0.36592083333333336,,0.0,0.2049,0.1366,0.18172006944444447
2020-12-24,0.08195000000000001,0.24358892857142858,-0.017722222222222216,0.17266666666666666,0.35910000000000003,0.306025,,0.2202,0.17547222222222222,,0.19772601731601733
2020-12-28,0.30003749999999996,0.2601271818181818,0.16360833333333333,0.12228711111111112,0.18648749999999997,0.2535071428571429,0.0,-0.1027,0.24318194444444444,0.45315,0.21214387361005008
2020-12-29,0.16933333333333334,0.17845777777777777,0.143175,-0.41355,0.05536666666666667,0.21741749999999999,0.23835,0.0,-0.04397999999999999,,0.06201356995884774
2020-12-30,0.1531,0.383375,-0.05024999999999999,0.043899999999999995,0.40085000000000004,0.008122,0.3182,0.0,0.24780312499999999,0.0,0.12955717741935485
2020-12-31,0.10063174603174603,0.31817377777777783,0.05247083333333334,0.3829883333333333,0.2181611111111111,0.13057333333333332,0.4019,0.2037,0.20435,0.4404,0.223118188286809
2021-01-04,0.04633333333333334,0.08293111111111111,0.08294791666666666,0.36146249999999996,0.1792875,0.16037638888888892,0.25151666666666667,0.0,0.21894999999999998,0.3207,0.17004333333333335
2021-01-05,0.08761166666666667,0.09015666666666668,0.13847,0.23615,0.3070833333333333,0.13597777777777778,0.2044,0.0,0.07074375,0.21230000000000002,0.13557631578947368
2021-01-06,0.18533619047619046,0.07698,-0.019253333333333334,0.21648645833333333,0.2094375,0.056831333333333345,0.4215,0.148,0.15588444444444446,,0.12482734639016897
2021-01-07,0.20583999999999997,0.12211766666666665,0.09145555555555555,0.05667142857142858,0.005543333333333333,-0.013353333333333337,-0.1706,0.0,0.031656666666666666,0.1366,0.05753407335907336
2021-01-08,0.0,0.208589,0.11677589285714286,0.16749999999999998,0.0,0.00424444444444444,0.02732,0.2732,0.12644166666666667,0.16861666666666666,0.10541335813492063
2021-01-11,0.27421249999999997,0.20011809523809526,0.12099,0.027561594202898554,-0.10957285714285714,0.26260937500000003,0.1654,0.2874333333333334,0.1720267361111111,0.3454,0.15872962609049565
2021-01-12,-0.056258333333333334,0.13517416666666668,0.013270833333333336,0.04808680555555556,0.19973125,0.04204722222222222,0.0,0.03813333333333333,0.10575000000000001,0.40635,0.09777142255892257
2021-01-13,-0.04668749999999999,0.15214999999999998,0.21383125,0.18585,0.19265000000000002,0.26997045454545454,0.0,0.3126833333333333,0.09826816770186335,0.20827777777777778,0.1541414239087658
2021-01-14,0.05734,0.06798000000000001,0.063925,0.003585714285714303,0.15031875,0.2685444444444444,0.0,0.4019,0.23950666666666667,-0.3818,0.10072090311986864
2021-01-15,0.22091666666666665,0.15658666666666668,0.1832403846153846,0.28201444805194803,0.20066666666666666,0.07558000000000001,0.0929,0.2307125,0.06053375000000001,0.4404,0.16849571560792148
2021-01-19,0.053607499999999995,0.09005915151515152,0.3081958333333334,0.18172805555555555,0.10955,0.1961607843137255,-0.5796,0.0,0.08307038461538462,0.045533333333333335,0.09112254666214419
2021-01-20,-0.25,-0.0682875,-0.09545,0.12630151260504202,0.5762833333333334,0.150714,0.4767,0.003187499999999996,0.13685833333333333,0.16975,0.09459729988965283
2021-01-21,-0.05456833333333334,-0.072118125,-0.23058499999999998,0.07876500000000002,0.033716666666666666,-0.014125000000000013,0.063475,,0.22896875,0.0,-0.0007240885416666641
2021-01-22,0.13025833333333334,0.025021875,0.050495,0.057395,0.0,0.15275,0.2263,,0.1571075,0.1661,0.09398026785714286
2021-01-25,0.0754752380952381,0.04846000000000001,0.19573333333333334,0.26459375,0.19713725,0.222385,-0.07466666666666667,0.13834444444444446,0.17334508547008548,0.19028333333333336,0.14545315289224664
2021-01-26,-0.08691666666666666,0.15427027777777777,0.37005999999999994,0.23553680555555556,0.06509166666666666,0.17258896103896104,-0.042666666666666665,0.04933333333333333,0.2619433333333333,0.22441250000000001,0.1662504256854257
2021-01-27,0.05606,0.024555357142857143,0.2073222222222222,0.0035666666666666624,0.1263142857142857,0.07926394927536232,0.0,0.3552,0.3793138888888889,0.4959,0.15251670885877408
2021-01-28,0.251553125,0.1490427619047619,0.09937291666666666,0.06157291666666667,0.226515,0.11045350000000001,0.15237499999999998,0.0,-0.10381388888888887,0.31026666666666664,0.12765593813593812
2021-01-29,0.058776666666666665,0.15471041666666668,-0.33795833333333336,0.12684875,-0.035925,0.14262916666666667,0.10115,-0.017374999999999995,0.13175625,0.18926666666666667,0.059869619047619047
2021-02-01,0.41345333333333334,0.07755583333333334,0.18769348484848483,0.05573625,0.23296999999999998,-0.10473485714285716,0.21316833333333332,0.2083,0.2842746428571429,0.5081,0.18000989942983844
2021-02-02,0.12638333333333335,0.19279333333333332,0.006179532163742692,0.30022916666666666,0.08977083333333334,0.05332307692307691,0.0,0.06743333333333333,0.40635,0.2732,0.16360131527828897
2021-02-03,0.08353333333333335,-0.007919444444444442,0.077805,0.3015116666666667,0.20451833333333333,0.04631249999999999,0.0344,0.1237,0.2483375,0.11023888888888889,0.12387989057239057
2021-02-04,0.046777083333333316,0.22293733333333332,0.0743875,-0.026214999999999995,0.10124318181818182,0.08861666666666666,,0.0,0.15700880230880232,0.2809,0.09737023600055858
2021-02-05,0.068705,-0.22081333333333336,0.04620166666666667,-0.004929166666666665,0.33121833333333334,-0.019325000000000002,0.0,0.47685,0.21494166666666667,0.11273333333333334,0.06463717592592594
2021-02-08,-0.007988333333333333,0.11510385714285713,0.22251583333333333,-0.009517619047619042,-0.04989999999999999,0.23123035714285714,0.2232,0.2637,0.19317499999999999,0.21815,0.12209882605820106
2021-02-09,0.049110714285714285,0.05041428571428571,0.07955,0.012599999999999993,0.23256249999999998,0.09071666666666667,0.3495083333333333,0.2263,0.05666666666666667,0.2732,0.1117275041050903
2021-02-10,-0.039642222222222225,0.23010595238095238,-0.19583333333333333,0.050675,0.19983599999999999,0.13863988095238095,0.1147,,-0.028625000000000005,0.211575,0.08847367816091954
2021-02-11,0.13153,0.12476333333333334,0.08503125,0.30177499999999996,0.15022916666666666,-0.0658375,,0.08808,0.024256666666666662,-0.012074999999999999,0.08998252252252253
2021-02-12,0.3825,-0.006708333333333333,-0.04259799999999999,0.0,0.09633750000000002,0.21555833333333335,,0.5370250000000001,0.11815416666666669,0.18653333333333333,0.14548142156862748
2021-02-16,0.11495757575757577,0.07595985714285715,0.142865625,0.1070345,-0.06551666666666665,-0.23104107142857142,0.269,0.28595,0.051362500000000005,0.4229625,0.10344099681020734
2021-02-17,0.044955555555555554,0.10958166666666666,-0.07543454545454546,0.2739344047619048,0.18815555555555555,0.06664285714285714,0.11475,0.0,0.3836266666666667,0.2889,0.1645320596590909
2021-02-18,0.19733333333333333,0.2261493333333333,0.1417111111111111,0.0763,0.11442000000000001,0.08548428571428571,0.3213958333333333,,0.088275,0.273475,0.15835408843537416
2021-02-19,0.159,0.1899833333333333,0.32935,0.155975,0.25628333333333336,0.2694141666666667,0.10218333333333333,0.0425,0.19435,0.60075,0.21155656862745098
2021-02-22,0.18444,0.08619708333333334,0.1712048611111111,-0.03415,0.191966,0.04081833333333333,0.09610833333333334,0.14049999999999999,0.23552499999999998,0.2732,0.13405806944444446
2021-02-23,0.24614444444444442,0.13209940476190477,0.2972541666666667,-0.03282638888888889,0.0717,0.06916388888888889,0.07155,0.06743333333333333,0.240325,0.27986666666666665,0.14189538139329805
2021-02-24,-0.023973214285714278,0.0550625,-0.057626333333333335,0.04871875,0.18738333333333335,-0.18458833333333335,0.0,0.13370833333333332,0.2302611111111111,-0.05313333333333333,0.01990609395109395
2021-02-25,0.03933888888888889,0.1338902380952381,0.1323375,0.1835641666666667,0.42955625000000003,0.10939861111111111,0.0,0.05234666666666667,-0.00785,0.0,0.09757667658730158
2021-02-26,0.08729166666666666,0.1821105,-0.058013888888888886,0.02558333333333334,-0.19635,0.07719444444444444,0.04933333333333333,0.17585,0.15510277777777778,-0.09866666666666667,0.044133151041666666
2021-03-01,0.021162500000000004,0.20765208333333335,0.256277,0.054081714285714275,0.1589375,-0.029273750000000008,0.0033374999999999932,0.47802500000000003,0.07461250000000001,-0.027166666666666655,0.12140078939909296
2021-03-02,0.2687,0.0463125,-0.13297666666666666,0.32855,0.1013,0.024500000000000004,0.23835,0.0,-0.052466666666666655,-0.07089999999999999,0.08000766666666667
2021-03-03,0.0707825,0.024322619047619048,0.049254545454545454,0.03311857142857143,0.3306,0.041658928571428576,,0.01987777777777778,0.3404,0.2023,0.09551772727272727
2021-03-04,0.1925,-0.13583607954545454,0.087695,0.17301499999999997,-0.015831249999999998,0.04665625,0.296,0.5574,0.08723333333333333,0.5563,0.10167389296187683
2021-03-05,0.147984,0.2326,0.2265083333333333,0.14283833333333334,-0.024987500000000003,-0.024671428571428566,0.17,0.05103333333333334,0.08427777777777778,0.19469999999999998,0.11422390056022409
2021-03-08,-0.068966,0.13820555555555553,0.13008583333333334,0.15318125,0.16399999999999998,0.2526716666666667,0.14036666666666667,0.3731,0.2900025,0.07317499999999999,0.16071523391812867
2021-03-09,0.193225,0.12263166666666668,-0.17275396825396827,-0.02119,0.0,0.13550555555555555,0.0,,-0.012631249999999997,-0.0853,0.030207015306122447
2021-03-10,0.175696875,0.1702674805194805,0.15815,0.41322777777777775,0.14186666666666667,0.08097435897435898,0.2139,0.1779,0.2083,0.3919,0.1992135223942724
2021-03-11,0.21927666666666668,0.08439571428571428,0.29270555555555555,0.10070833333333334,0.040083999999999995,0.241784,0.320675,0.0,0.04564714285714286,,0.13921324675324676
2021-03-12,0.1957607142857143,0.17866428571428572,0.4767,0.07102333333333335,-0.12040000000000001,0.25429444444444443,0.148,0.14613333333333334,0.23511666666666667,0.28175,0.17772118226600983
2021-03-15,0.09304791666666667,0.12846841269841272,0.11092916666666666,0.23700624999999997,0.20649314285714288,0.26889166666666664,0.0,0.3569333333333333,0.0856022222222222,0.24906666666666666,0.18279073099415202
2021-03-16,0.11735000000000001,0.23746450000000002,-0.14980833333333332,0.021535,0.18130000000000002,-0.012766666666666657,0.0,0.029258333333333334,-0.008750000000000003,0.06388888888888888,0.06788325980392157
2021-03-17,0.1295,0.09070249999999999,0.017116666666666665,0.15256999999999998,0.16546666666666665,-0.015006249999999999,0.1366,-0.0128375,0.32783333333333337,,0.10635065104166666
2021-03-18,-0.00976666666666666,0.18109866666666669,-0.06276666666666669,0.027391666666666665,0.14851666666666666,-0.05928999999999999,,0.24350000000000002,0.1892222222222222,0.17,0.08461230392156863
2021-03-19,0.22716666666666666,0.08230904761904763,0.27920000000000006,-0.019455000000000007,0.2987,-0.15037499999999998,0.17,,0.148,,0.13609648351648354
2021-03-22,-0.0019000000000000013,0.087212,-0.014299999999999993,0.262805,0.00779000000000001,0.0628,0.10115,,0.09926374999999998,,0.08537033333333333
2021-03-23,0.055409999999999994,0.271785,-0.12369277777777779,0.27504375000000003,0.19438333333333335,0.1478125,-0.125,0.0,0.3075833333333333,0.0683,0.11932965949820788
2021-03-24,0.2311875,0.21333977272727273,-0.017446666666666666,0.14968888888888887,0.224925,0.11874166666666666,0.1366,,-0.005787500000000006,,0.13041743991640542
2021-03-25,-0.003094999999999998,0.14444428571428572,0.20511666666666667,0.019485000000000002,0.222725,-0.06650000000000002,0.20704999999999998,0.2992,0.03520000000000001,0.44489999999999996,0.1277278851540616
2021-03-26,0.0864875,-0.015209226190476191,0.33000388888888893,0.188028,0.020763888888888887,0.1983035714285714,-0.19733333333333333,,0.1519,0.296,0.10417735449735449
2021-03-29,0.14853472222222222,0.2675685064935065,0.17095,-0.20069222222222222,0.30358999999999997,0.22444533333333333,,0.0806875,0.33641875,0.5723374999999999,0.18593676255031516
2021-03-30,0.16086250000000002,0.105048,0.33471666666666666,0.011324743589743592,-0.0599375,0.20733333333333331,,0.12726666666666667,0.35508888888888884,0.0,0.1394191025641026
2021-03-31,0.0,0.132085,0.18867916666666668,0.14428500000000002,0.050409999999999996,0.1795972222222222,0.148,0.0,0.11616666666666665,0.1366,0.11651843434343435
2021-04-01,0.08523750000000001,0.03843666666666667,-0.2929,0.17233533333333334,0.06563000000000001,0.17261666666666667,0.0,-0.2942,0.0035975000000000174,0.07048888888888889,0.022579059829059833
2021-04-05,0.344484,0.22887833333333335,0.08060500000000001,0.27254307359307356,0.13209416666666668,0.331465,0.302725,-0.21636666666666668,0.19914679487179487,0.15215555555555557,0.21647517178060036
2021-04-06,0.15662380952380953,0.2154963888888889,0.08191999999999999,-0.02848500000000001,0.12273333333333332,0.034284999999999996,-0.1779,0.4767,-0.07585111111111112,0.0,0.07188228835978835
2021-04-07,0.04215,-0.07609066666666667,-0.06846666666666666,0.14760625,0.3327,0.07946666666666666,-0.1591,0.4019,0.13238333333333333,0.1366,0.07444442528735633
2021-04-08,0.2307666666666667,0.29276928571428573,0.07392,0.017041666666666667,0.23209749999999998,0.08161666666666666,0.162675,0.0,0.06525,0.3996,0.1646359768009768
2021-04-09,0.07767249999999999,0.11210892857142857,-0.18888749999999999,0.029952380952380953,0.23161666666666667,0.18125761904761906,,0.0,0.20980277777777778,0.2732,0.09059074712643678
2021-04-12,-0.18526666666666666,0.17996428571428572,0.370425,0.18396850793650793,0.14446833333333334,0.21673333333333333,0.13106666666666666,0.49429999999999996,-0.05003125,0.46049999999999996,0.169726589569161
2021-04-13,0.31174666666666667,0.14538583333333333,0.24647777777777777,0.22640269230769233,-0.003495833333333337,0.396175,,0.0,0.1364388888888889,0.03465555555555556,0.17404803205128205
2021-04-14,0.16172,-0.005789166666666656,0.06042291666666667,0.2547755249266862,-0.01144666666666666,0.10808958333333332,0.146875,0.0,0.09248333333333333,0.4279625,0.12713409026904995
2021-04-15,0.027225,-0.01665071428571429,0.0017400000000000083,0.17228166666666667,0.10661000000000001,0.2576666666666667,,0.1147,0.20173750000000001,0.36005,0.11304761904761905
2021-04-16,0.2452,0.203390625,0.10589166666666666,0.22299523809523808,-0.125,-0.014050000000000007,0.0,0.0,0.021410000000000002,,0.10056097527472527
2021-04-19,-0.03251875,0.06716336601307189,0.06261944444444445,0.21438678571428574,0.044012857142857145,0.18940875000000001,0.33486666666666665,0.0924625,0.06280214285714286,0.078,0.10918829592197238
2021-04-20,-0.008289285714285718,0.025837380952380955,0.2569666666666667,0.26226,0.10607222222222222,-0.008364393939393922,-0.0258,,0.08261250000000002,0.3276,0.11793433046987735
2021-04-21,0.18053333333333332,0.08473666666666667,0.035818749999999996,0.09079166666666667,0.34231,0.03623666666666666,0.24422500000000003,0.105375,0.05820000000000001,0.2048357142857143,0.13669946741854638
2021-04-22,0.12818636363636363,0.2560395833333333,0.0352,0.13797916666666665,0.106335,0.09017,0.1026892857142857,0.13396666666666665,0.14805,0.16310833333333333,0.13159896284271286
2021-04-23,0.240375,0.11434333333333332,-0.0367625,0.2371916666666667,0.2787,0.08553333333333331,0.1101,0.7783,0.12908237179487178,0.09106666666666667,0.14561954126602564
2021-04-26,-0.029424999999999993,0.15697539215686274,-0.015539999999999993,0.22928833333333337,0.241355,0.11588888888888887,0.0,0.0795,0.1556925925925926,0.24208333333333334,0.12636021241830067
2021-04-27,0.05184074074074074,0.04413821428571428,0.06577777777777777,0.21410107142857143,0.274085,0.152584375,0.171,,0.184735,-0.032816666666666654,0.13590828745039682
2021-04-28,0.26963333333333334,0.1666375,0.39282666666666666,0.06275833333333333,0.16411409523809523,-0.026988631578947365,0.5574,0.23364444444444443,0.08948246753246754,0.17826666666666666,0.1669709375250165
2021-04-29,0.24663125,0.12526583333333333,0.2006555555555555,0.3058083333333333,0.2459992380952381,0.025576538461538467,0.04933333333333333,0.1451575,0.155125,0.21075,0.1678687299843014
2021-04-30,0.17981111111111112,0.10300833333333333,0.21396642857142859,0.132045,0.1724436923076923,0.053795000000000016,-0.2263,0.28300000000000003,0.03833333333333333,0.197405,0.14803496964939825
2021-05-03,0.15644666666666668,0.08738438095238096,0.09555625000000001,0.212875,0.23180533333333334,0.029850476190476188,0.045533333333333335,0.37595,0.04942361111111112,0.33525,0.1514313779761905
2021-05-04,0.3117275,0.15207729166666667,0.12004595238095239,0.042061428571428576,0.20448500000000003,0.12611,-0.016171875000000002,,-0.014508333333333337,0.3594,0.14064333333333334
2021-05-05,0.22120499999999998,0.08019444444444444,0.1240125,0.06934749999999999,0.22193000000000002,0.22584100000000001,0.8591,0.0,0.23646111111111112,0.07373333333333333,0.16464949074074073
2021-05-06,0.028700000000000003,0.16404833333333332,0.271225,0.07611625,0.0,0.2476125,0.16042499999999998,-0.0605,0.18491666666666665,0.0,0.14644688888888888
2021-05-07,0.187975,-0.12848333333333334,-0.0937625,0.04107916666666666,0.17,0.059738095238095236,,,0.2519777777777778,0.1897333333333333,0.09114955357142857
2021-05-10,-0.11144033333333334,0.14298333333333332,0.09959419047619048,0.07307000000000001,0.10720933333333334,0.2396625,0.191225,,0.13262222222222222,0.4433392857142857,0.13962411654135337
2021-05-11,0.20482,0.03266299999999999,-0.096405,0.0967,0.13396666666666665,-0.0026666666666666505,0.3404,0.296,0.04053333333333333,,0.07876994252873563
2021-05-12,0.08966666666666667,-0.009520833333333329,0.11035833333333334,-0.00037083333333333066,0.5164500000000001,0.08220857142857144,0.4939,0.34895,0.22020000000000003,0.3839333333333333,0.1808926530612245
2021-05-13,0.0,0.37783666666666665,-0.05555555555555555,0.09185833333333333,-0.02864444444444444,0.12284,0.0,0.06743333333333333,-0.0252875,0.1909,0.07777086419753088
2021-05-14,0.0,-0.03974107789855072,-0.02838888888888889,0.08916041666666667,0.17097500000000002,0.07574999999999998,0.148,,0.05482222222222222,0.5106,0.07675909420289856
2021-05-17,0.011830683760683764,0.019750386996904026,0.22931916666666666,0.2986957142857143,0.123194,0.07050178571428573,0.28424,0.0,0.07626666666666666,0.1366,0.1306206082669632
2021-05-18,0.007474666666666666,0.14115803571428573,-0.0294375,0.28930277777777774,0.10953333333333333,0.007116,0.11820000000000001,0.0,0.35885,0.0129,0.09577729365079365
2021-05-19,0.18031,0.09868266666666665,-0.1192125,0.2599388888888889,-0.34,0.07492499999999999,-0.31245,0.0,-0.20067619047619048,0.6908,0.02122735119047618
2021-05-20,0.131433,0.16660250000000001,0.10115,0.10452777777777778,0.17911666666666665,0.23156666666666667,0.0,,0.16495583333333333,0.19334999999999997,0.1511473387096774
2021-05-21,0.21222285714285713,0.09724523809523809,0.0373625,-0.0019708333333333366,0.19836,0.349375,0.1591,,0.2834,0.21230000000000002,0.16286912202380951
2021-05-24,-0.12284999999999999,0.15442366666666665,0.10339333333333334,0.0389875,0.31261083333333334,0.155675,0.105625,0.048525,0.2998722222222222,0.2525888888888889,0.12434701754385964
2021-05-25,0.31540250000000003,0.17060486111111112,0.15629791666666668,0.21031111111111112,0.21935,0.0,0.13396666666666665,0.583725,-0.04800666666666666,0.2732,0.19253614814814815
2021-05-26,0.08674285714285714,0.09883598484848485,0.3036695,-0.08168541666666668,-0.06085555555555555,0.060494444444444434,0.0,0.0,0.325525,0.3715,0.10999046908820347
2021-05-27,0.207036,0.25051750000000006,0.1108022222222222,0.011815624999999996,0.13012083333333335,0.15034722222222222,0.23803333333333335,-0.05135,0.22606499999999996,0.36345,0.17380625396825397
2021-05-28,0.44629166666666664,0.2779816666666667,-0.032290000000000006,0.20167666666666667,0.16181666666666666,0.0903,0.17443333333333333,0.5028,0.1454125,0.2732,0.21626209523809525
2021-06-01,0.378515,0.261319358974359,0.07850038095238095,0.1334261111111111,0.148177,0.1961,0.1968,0.13283333333333333,0.09444000000000001,0.20101666666666665,0.17204411511328177
2021-06-02,0.12601,0.14043238095238095,0.11777000000000001,0.15727066666666667,0.16294999999999998,0.10194999999999999,0.0,0.5719,0.13198333333333334,0.43463333333333337,0.17203172268907563
2021-06-03,0.2854833333333333,0.25056,0.22661000000000003,-0.005325000000000002,0.17524,0.24204166666666665,0.20095,0.16836666666666666,0.08251666666666667,0.0,0.15827520833333333
2021-06-04,0.352555,0.12532733333333335,0.0,0.3451875,-0.03005,0.17345,0.0,0.6369,0.15014333333333332,0.62465,0.21089109195402297
2021-06-07,0.24437333333333333,0.11461333333333332,-0.2298,0.21601809523809523,0.07193333333333332,0.28919375,0.105325,0.6369,0.294555625,,0.14418126253132832
2021-06-08,0.2753083333333334,0.07043583333333334,0.23466666666666666,0.18028333333333335,0.123475,0.04278333333333333,0.042666666666666665,,0.3763,0.2083,0.16452866666666666
2021-06-09,0.0,0.12109999999999999,0.168765,0.38005,-0.013511363636363637,0.1134875,0.0,0.0,0.21001250000000002,0.1366,0.12900517482517482
2021-06-10,0.06415371428571429,0.061589500000000005,0.12267000000000002,0.12790416666666668,0.21668749999999998,0.08549166666666667,0.0,0.15928,0.14963437500000001,0.0,0.11466676065162906
2021-06-11,0.2947416666666667,0.026685000000000004,0.056425,0.4219833333333333,0.03532291666666666,0.4711666666666667,0.0,0.0,-0.007481249999999995,0.0,0.11646488095238094
2021-06-14,0.09910000000000001,0.24300571428571427,0.2482533333333333,0.0006583333333333372,0.14745833333333333,0.10606666666666666,0.2919,-0.20095,0.03639500000000001,0.23534166666666667,0.13779540100250626
2021-06-15,0.09738,0.18314333333333332,0.2944116666666667,0.18226,0.26181666666666664,-0.015422222222222219,0.0,-0.148,0.0,0.6249,0.14117752688172042
2021-06-16,0.280775,0.09042457142857144,0.17186600000000002,-0.013996666666666662,0.0,0.3181916666666667,0.0,0.13155555555555556,0.13639166666666666,0.0,0.12169651020408162
2021-06-17,0.39725000000000005,0.08170833333333334,0.04000833333333333,0.09861433333333333,0.09006666666666667,0.0,0.03157,0.3715,-0.029229259259259264,0.4019,0.11355434027777778
2021-06-18,0.0,0.268815,0.116425,0.12734791666666667,0.20688333333333334,0.2417,0.17351666666666665,0.13898333333333335,0.09379749999999999,0.0,0.15083656565656564
2021-06-21,0.2879,0.060449563492063485,-0.10826616666666666,-0.012563333333333333,0.35190333333333335,0.18523888888888887,0.044955555555555554,,0.12927812500000002,0.003108333333333338,0.08859841159611993
2021-06-22,-0.3403,-0.002868999999999999,0.1337125,-0.029943749999999998,0.148,-0.19328333333333333,0.105375,-0.2023,0.059400000000000015,,-0.026853958333333327
2021-06-23,-0.004465833333333332,0.13532316666666666,0.42858,0.2919875,0.21230000000000002,0.0734,,,0.05372666666666668,-0.13797500000000001,0.152976875
2021-06-24,-0.09685833333333332,0.1854,0.14267166666666667,0.14910452380952383,0.14643333333333333,0.17541111111111107,0.098675,-0.1909,0.24882083333333332,0.5488500000000001,0.13702335907335908
2021-06-25,0.05488333333333334,0.10042116666666667,0.24453333333333332,-0.09851785714285714,0.09732600000000001,-0.05987777777777777,0.07538333333333334,0.31845,0.5199,0.7096,0.13128497947454845
2021-06-28,0.241345,0.10446031746031745,-0.039746666666666666,0.045967,0.30598333333333333,0.2569,0.0,0.06443333333333333,0.07778,0.4628833333333333,0.13866872315592904
2021-06-29,0.2202,-0.024838571428571425,0.524652,0.1238875,0.04899999999999999,0.21865,0.0258,0.0,0.33261875,0.29583333333333334,0.20452703463203464
2021-06-30,0.2895378787878788,-0.027970238095238083,0.10722916666666667,0.05948844444444444,0.107525,0.05084444444444444,,0.0,0.10346444444444447,0.24695,0.08884189290867862
2021-07-01,0.1842375,0.128255,0.11358399999999999,0.18588636363636366,0.148,0.26194999999999996,0.06743333333333333,0.4983666666666666,0.15322499999999997,0.1366,0.18389231534090908
2021-07-02,0.0216,0.22595,0.286435,0.24031249999999998,0.5673375,0.01896666666666667,0.296,0.61895,-0.06914444444444445,0.2732,0.22909817708333333
2021-07-06,0.056125,0.12166666666666666,-0.09065555555555556,-0.044770624999999994,0.03227000000000001,0.003350000000000001,0.0795125,0.296,0.2590166666666667,0.2214,0.08996638020833334
2021-07-07,0.07976000000000001,0.1907725,0.013188333333333333,-0.014253571428571407,0.3101,0.3940666666666667,0.0,0.2882,0.34613333333333335,0.296,0.17832810714285716
2021-07-08,0.205775,0.0016099999999999893,0.05490333333333334,0.01955138888888889,0.07770625,0.21785,-0.04196249999999999,0.0,0.205025,0.6348499999999999,0.09128703703703704
2021-07-09,0.3075888888888889,0.09102,0.298836,0.23485571428571425,0.03181666666666667,0.052075,,-0.1366,0.22415833333333332,0.1366,0.1630440937019969
2021-07-12,0.09792500000000001,0.10642888888888888,0.44883611111111116,0.3134942857142857,0.17391666666666666,0.2759333333333333,0.3818,0.0,0.16027083333333333,0.09106666666666667,0.2019464405964406
2021-07-13,0.11024,0.21561416666666666,-0.16375,0.23849305555555556,0.04933333333333333,-0.1426,0.0,0.0,0.16463333333333333,0.1924,0.0789732204861111
2021-07-14,0.028333333333333335,0.13627033333333335,0.2049,0.20254038461538462,0.394625,0.0734,0.0,0.0252875,0.017360000000000004,0.34,0.13512301682692307
2021-07-15,0.08392222222222223,0.030100833333333334,0.0035033333333333375,0.022351888888888883,-0.26744999999999997,0.0,0.20095,0.0,-0.010980000000000002,-0.3182,0.011678775720164609
2021-07-16,0.02132,0.13521666666666668,0.09062533333333334,0.1915,0.6597,0.18765,0.13885,0.0,0.09462384615384616,0.3231833333333333,0.14547264681555006
2021-07-19,0.27175666666666665,0.0027096969696969618,-0.03951833333333332,0.05828980519480519,0.039775000000000005,0.06911964285714285,-0.022716666666666673,-0.142975,-0.0454360119047619,0.056833333333333326,0.029077656002534053
2021-07-20,0.1559,0.13155500000000003,0.15742,0.14075848484848485,-0.0128375,0.0,0.0497,0.4939,0.12433749999999999,0.1366,0.12021913825757576
2021-07-21,-0.01982916666666666,0.1086,0.2757033333333333,0.362397619047619,0.0,0.09875,-0.054877777777777775,0.0,0.09998303571428571,-0.07955,0.10469255102040817
2021-07-22,0.204803125,0.163325,0.05676333333333333,0.24903999999999998,-0.05332142857142857,0.09079166666666667,0.13217500000000001,0.148,0.01128333333333334,0.10423750000000001,0.11465676256613756
2021-07-23,0.08238472222222222,0.08591499999999999,0.37430083333333336,0.13135000000000002,0.0998,0.3007666666666667,0.23835,,-0.04249916666666667,0.33076666666666665,0.16119641577060934
2021-07-26,0.023929999999999996,0.056101250000000005,0.06085666666666666,0.017245833333333335,0.26276666666666665,-0.03618888888888889,0.10573333333333335,0.48355,0.12623293269230768,0.33912916666666665,0.1268297799145299
2021-07-27,0.10033333333333334,0.13676666666666668,0.0,0.22218630952380952,-0.044074999999999975,0.10942751322751322,0.16647777777777778,,0.07455791245791245,0.0,0.10045775058275058
2021-07-28,0.06511666666666667,0.17887083333333334,0.1604,0.05184983333333333,0.14055416666666667,0.34976666666666667,,0.074,0.19858690476190477,0.0,0.13292535289115645
2021-07-29,0.20684325396825395,0.19103466666666669,0.08712666666666667,0.3195125,0.05208466666666667,0.18498333333333336,0.2584125,-0.06650000000000002,0.14758541666666666,0.23488333333333333,0.16175723057644112
2021-07-30,0.03771666666666667,0.041459523809523814,0.25060227272727276,0.23864999999999997,0.18418,0.11463666666666666,0.296,0.0,0.409775,0.0,0.1324380865800866
2021-08-02,0.07809166666666667,0.27209696969696967,0.040445666666666664,0.32739666666666667,0.24674100000000002,0.13745555555555555,0.0,0.165325,0.10725608465608466,-0.18746666666666667,0.13822378146544814
2021-08-03,0.16197416666666667,0.10783571428571428,0.348575,0.07876,0.20198888888888888,0.10115,0.20348888888888886,0.146475,0.10389583333333334,0.0,0.16543001275510202
2021-08-04,0.0803625,0.011725,-0.020833333333333332,0.12601400000000001,0.14198499999999997,0.15796666666666667,0.0,0.0,-0.03400416666666667,0.1366,0.06336272058823529
2021-08-05,0.06468749999999998,0.27624000000000004,0.10079,-0.033757,0.1815,0.15199374999999998,0.0,,0.10961309523809525,0.17333333333333334,0.12148056022408964
2021-08-06,0.2736125,0.14290000000000003,0.03108333333333335,0.011077777777777775,0.09545,-0.04784999999999999,0.0,0.148,0.07719000000000001,0.166275,0.1080958888888889
2021-08-09,0.16604166666666667,0.09481515151515152,-0.02552083333333332,0.21979270833333336,0.18340625,0.27615555555555554,0.09106666666666667,-0.0128375,0.054343749999999996,0.23424999999999999,0.13225656926406926
2021-08-10,0.08284166666666667,0.045175,-0.1906952380952381,0.12481499999999998,0.05863333333333333,0.12112222222222223,0.211275,0.46645000000000003,0.010589999999999999,0.2436,0.09864874039938556
2021-08-11,-0.037916666666666675,0.0622875,0.10513583333333335,0.10385833333333334,0.20126666666666668,-0.10826250000000001,-0.26925,0.4393,0.0,0.0683,0.053960888888888885
2021-08-12,0.2942266666666667,0.12389291666666666,-0.09267,0.22147428571428573,0.2388375,0.2787,0.31976666666666664,0.296,0.3949666666666667,0.060275,0.188622137605042
2021-08-13,0.23151666666666668,0.31589842105263155,0.024666666666666667,0.07833541666666666,0.1858,-0.074,0.23835,,0.016858333333333336,0.243,0.154537813283208
2021-08-16,0.04236160714285715,0.06842842105263158,0.05001428571428572,0.08007916666666667,0.09712799999999999,0.05903124999999998,0.04046,0.10042499999999999,0.06623333333333332,0.13382083333333333,0.07306337121874452
2021-08-17,0.159375,0.10722092592592593,-0.138465,0.04665696428571428,0.25926,0.1858,0.35875,0.296,-0.02628666666666667,0.296,0.10561310004810005
2021-08-18,0.02170446428571428,0.10851437500000001,0.017855,0.11029375,0.31467500000000004,-0.03160000000000002,0.2049,0.46618333333333334,0.3060405,,0.15908549603174604
2021-08-19,0.090385,0.16972777777777778,0.08007916666666666,0.19498749999999998,0.07144999999999999,0.105375,-0.02551666666666667,0.25,0.06754,,0.10211615384615384
2021-08-20,0.06408333333333334,0.175735,-0.30306666666666665,-0.07884444444444445,0.17,-0.13423333333333334,0.02034999999999998,0.296,-0.09099666666666666,0.5144333333333333,0.047917283950617284
2021-08-23,0.21510166666666666,0.040954285714285714,0.15256287878787878,0.15961333333333333,-0.0293125,0.24468888888888887,0.11132500000000001,-0.1027,0.12759318181818183,-0.08126666666666667,0.10428590298590297
2021-08-24,0.29965555555555556,0.023832142857142857,0.006183333333333332,0.12511250000000002,0.2980666666666667,0.27225,0.0,0.296,0.06784338624338625,-0.07744444444444444,0.11971754241926656
2021-08-25,0.2202,0.08723541666666668,0.0683,0.2689333333333333,0.05234,0.0605,0.0,0.199,0.017075,0.0116,0.0905645061728395
2021-08-26,0.27739166666666665,0.12436049999999998,0.055644000000000006,-0.030568,-0.006537499999999974,0.0,0.296,,0.313285,,0.09296875
2021-08-27,0.4492125,0.09698787878787878,0.003168749999999998,0.150425,0.2905041666666667,0.28045416666666667,0.24695,0.050575,-0.02274500000000001,0.0,0.1643061212121212
2021-08-30,0.1262525,0.1481059523809524,0.036597142857142856,0.10115,0.24538333333333337,0.06201111111111112,0.13935,-0.0353,0.33759833333333333,0.36600000000000005,0.1648252993197279
2021-08-31,0.058149999999999986,0.06124047619047619,0.08014733333333332,0.19934107142857144,-0.01909,0.316875,0.05666666666666667,0.0,-0.046741666666666674,-0.1991,0.054181614583333336
2021-09-01,,0.2914942857142857,0.03723095238095238,0.16503125000000002,0.10821083333333334,0.0,0.0,0.5106,-0.040555555555555546,0.1733,0.13363692239858907
2021-09-02,0.05425,-0.014074166666666672,0.26541079487179486,0.18016066666666666,0.1734,0.007816666666666658,0.0,,0.348725,0.29569999999999996,0.1574268950320513
2021-09-03,0.31587777777777776,0.2909833333333333,0.13723348214285716,0.09166666666666667,,0.03136666666666666,,0.0516,0.22470416666666668,0.0,0.16965349702380952
2021-09-07,0.23976666666666668,0.19249,0.20011433333333334,-0.05928500000000001,0.2626316666666667,0.19976,0.13396666666666665,0.152525,0.2021638095238095,0.057208333333333326,0.15809302555168409
2021-09-08,0.16150208333333332,0.1435731818181818,0.12153928571428572,0.185305,0.010350000000000002,0.2609111111111111,-0.17906666666666668,0.041800000000000004,0.1405875,0.0,0.10053485725985727
2021-09-09,-0.07891285714285715,0.050563333333333335,0.3094874285714286,-0.04510928571428573,0.021904523809523818,0.0,-0.07694999999999999,0.0,0.20703166666666664,,0.06202640136054422
2021-09-10,0.04649749999999999,0.18865250000000003,-0.06130208333333334,-0.1671625,-0.05303333333333333,-0.0308875,0.0,0.2654666666666667,-0.11936333333333335,0.27905,0.008767929292929294
2021-09-13,0.25942571428571426,0.14085147186147187,0.21047008928571428,0.05248749999999999,0.26873111111111114,0.10145555555555556,0.07007333333333333,0.0,0.05269966666666666,0.12365,0.13243817881192882
2021-09-14,0.16030416666666666,0.15592833333333334,-0.0366875,0.133525,0.31535,0.03288888888888889,0.1783,0.34040000000000004,0.2388183333333333,0.119175,0.15721226851851852
2021-09-15,0.007855000000000001,0.02382,-0.05106833333333333,0.2753333333333333,0.19613958333333334,-0.016250000000000004,,0.0,0.0575422619047619,0.5488500000000001,0.12789816326530612
2021-09-16,0.052912499999999994,-0.022213999999999994,-0.17111333333333334,0.12200000000000001,0.23729999999999998,0.15208333333333335,0.148,0.023500000000000004,0.21598333333333333,0.34040000000000004,0.1084635238095238
2021-09-17,0.06530428571428572,0.27657666666666664,0.15253333333333333,0.13742666666666667,0.034284999999999996,0.0,0.21330000000000002,0.0,-0.004446666666666654,-0.3182,0.08115400432900433
2021-09-20,0.3184942424242424,0.1585106153846154,0.08510125000000002,-0.0820095238095238,0.08338800000000002,-0.0031624999999999917,0.1570125,0.0732375,0.3090133333333333,0.16972500000000001,0.12849275201542645
2021-09-21,0.10283333333333333,0.10690619047619047,0.12421,-0.106608,0.15253333333333333,-0.03771666666666667,-0.4767,0.17,0.1217092857142857,0.42405,0.0625433556547619
2021-09-22,0.06444399999999999,0.24298333333333333,0.09969333333333334,0.12809880952380953,-0.06726,0.0367,0.03682,0.151725,0.06185066666666668,0.5917,0.09139029036004645
2021-09-23,0.06097,0.22480904761904758,0.22777833333333333,0.008260000000000003,0.2632,0.33011666666666667,0.1531,0.0,0.04324833333333335,0.37877500000000003,0.16947181216931217
2021-09-24,0.08656666666666667,0.027777187499999995,0.0486952380952381,0.24102,0.07586666666666667,0.08496666666666668,0.0,0.0,0.11896333333333334,,0.09583925992063493
2021-09-27,0.22615416666666668,0.1272409523809524,0.003622222222222221,0.13086000000000003,0.263595,0.06761375,0.100475,0.26763333333333333,0.18366033333333334,0.2677875,0.16178486205593348
2021-09-28,0.140023,0.10078000000000001,0.0075466666666666685,0.2564447619047619,0.166692,0.3622666666666667,0.0,0.5267,0.15889899999999998,-0.01466666666666667,0.13505118404118405
2021-09-29,-0.1007,0.22610625,0.2861619047619048,0.020024999999999998,0.27834166666666665,0.21075,0.0,0.0,0.21318166666666666,0.26335,0.1546230612244898
2021-09-30,0.10342666666666667,0.08550666666666666,0.09925333333333333,0.048914666666666655,0.0044874999999999984,0.15517916666666667,0.14804444444444445,0.3021,0.12893166666666667,-0.1753388888888889,0.08514995934959349
2021-10-01,0.20576250000000001,0.17740380952380952,0.20547500000000002,0.14583000000000002,0.09479012345679012,0.26335,-0.25,0.0,-0.171766,0.0,0.0718395037401934
2021-10-04,0.018139999999999996,0.18449090476190477,0.19857499999999997,0.04550125,0.164159,0.1209325,,0.0,0.16395857142857145,-0.16671666666666665,0.10051794257703081
2021-10-05,-0.005649999999999999,-0.021574666666666666,0.16611,-0.002749999999999986,0.020640833333333334,-0.05858333333333334,-0.00686666666666665,0.0,0.13896000000000003,0.0683,0.034515045045045045
2021-10-06,0.026670833333333335,0.177098,0.23756666666666668,0.11464583333333334,0.1385,-0.348235,0.16966190476190476,0.370275,0.13269875,,0.10692201228878648
2021-10-07,0.26736166666666666,0.026787500000000006,0.10316714285714283,0.062368,0.13890444444444444,0.0,0.21230000000000002,0.0,0.000653333333333328,0.4939,0.11583072871572872
2021-10-08,0.0012812500000000115,0.09568749999999998,0.05857142857142858,0.20282,0.0796,0.09792500000000001,0.185,0.50935,0.05983433333333334,,0.13310386712749617
2021-10-11,0.18658333333333332,0.11159699134199134,0.03568333333333334,0.1467263186813187,0.041858653846153844,0.536725,0.1889,0.100475,0.2205111111111111,0.15591666666666665,0.16975267800381436
2021-10-12,0.3031833333333333,0.217661875,0.18000000000000002,0.014389583333333334,0.2278495238095238,0.0,-0.40775,0.0,0.22491466666666668,0.0,0.1512080994897959
2021-10-13,-0.1746777777777778,0.04928375,0.21643333333333334,0.13688816666666667,-0.06929,0.120625,-0.014358333333333334,0.51885,0.10840333333333334,-0.07774999999999999,0.07804881944444444
2021-10-14,-0.0017416666666666598,0.27322797619047623,0.185225,0.3409223571428571,0.0,0.24571666666666667,-0.14985,0.10780555555555556,0.14294583333333333,-0.042899999999999994,0.14492886532738097
2021-10-15,0.4107666666666666,0.43391111111111114,0.173063,0.33342190476190475,0.13325,0.2022625,0.148,0.1514,0.160025,0.2772,0.23682170274170272
2021-10-18,0.28504999999999997,0.02378276515151515,0.024492000000000003,0.028579666666666663,0.20918200000000003,0.11733333333333333,0.23835,0.0,0.0612262619047619,-0.0002500000000000002,0.09758927879990381
2021-10-19,0.08238333333333334,0.044297395833333336,0.23352599999999998,-0.13628333333333334,-0.007509821428571428,0.11291111111111111,0.0,0.1909,0.2673783333333334,0.03612,0.0964857953042328
2021-10-20,0.10126666666666667,0.228825,0.14030277777777778,-0.0380875,0.07921333333333333,-0.011349999999999992,-0.0222375,-0.148,0.31936333333333333,0.3259933333333333,0.10908069444444443
2021-10-21,0.04831,-0.0059510000000000006,0.07186458333333333,0.024579285714285713,0.24110499999999999,0.054575,0.16546041666666664,0.164,0.09438666666666666,,0.09179374404761904
2021-10-22,0.25353333333333333,0.11928666666666668,0.18133161904761905,-0.16746666666666665,0.044094999999999995,0.10415,0.13396666666666665,0.7184,0.25826777777777776,0.28015,0.14092915966386554
2021-10-25,0.46004500000000004,0.11121433333333333,0.1959076388888889,-0.02536166666666667,0.041537500000000005,0.03767916666666668,0.12478333333333334,0.10115,-0.028914583333333327,0.3654,0.12390506172839506
2021-10-26,0.2707571428571428,0.023364,0.25594285714285714,0.16320416666666665,-0.07435833333333335,0.09960916666666667,-0.105375,0.45595,0.13501285714285713,0.1366,0.13474362585034014
2021-10-27,0.28475,0.20742833333333333,0.0008292857142857171,0.01534702380952381,0.14421964285714287,0.01379166666666666,0.26335,0.151725,0.025932976190476187,0.0734,0.09880866666666667
2021-10-28,0.11057499999999999,0.03523194444444444,0.09384895833333334,0.2464625,0.1395149230769231,0.19517772727272725,0.02406666666666667,0.20594166666666666,0.23367000000000004,-0.2616,0.12116978482628483
2021-10-29,0.230325,0.07990145833333333,0.3572772222222222,0.3350491666666667,0.033903361344537815,0.051449999999999996,0.3818,0.16892222222222222,0.16158999999999998,0.2732,0.1959266279744221
2021-11-01,0.12747500000000003,0.10802833333333335,0.13139270833333333,0.23003625,0.270328,0.27973333333333333,0.0,0.04683333333333333,0.25267833333333334,0.2936,0.17456520833333333
2021-11-02,0.261045,0.192144,0.02942592592592593,0.037452678571428574,0.25574166666666664,0.04098333333333334,-0.07521250000000002,0.033716666666666666,0.15081666666666665,0.0,0.11271937365937366
2021-11-03,0.1133755,0.17677380952380953,-0.006576666666666675,0.166075,0.142925,0.09038333333333333,,0.0,0.23066066666666668,0.01811666666666668,0.12859101766513056
2021-11-04,0.13950533333333331,0.10844666666666666,0.21192291666666668,0.22290000000000001,0.13043257575757575,-0.1731,0.0,0.1275,0.24017108407382093,0.15967499999999998,0.14315427342279144
2021-11-05,0.201925,0.27509,0.2259972222222222,0.09036666666666666,0.36093148148148146,0.39923333333333333,0.07024999999999999,,0.11302333333333336,0.24075000000000002,0.2090289814814815
2021-11-08,-0.17340666666666665,0.12018566666666666,0.14157866666666669,-0.006800000000000002,0.15008323076923075,0.01187083333333333,0.23564000000000002,0.0166,0.10120733333333334,0.09106666666666667,0.0612879143214509
2021-11-09,0.131675,0.185075,0.072735,0.017341666666666665,0.13879166666666667,0.2916,0.296,0.37915,0.19175000000000003,-0.015749999999999993,0.1461288725490196
2021-11-10,0.02217777777777778,0.16392333333333334,-0.09699166666666666,-0.023995000000000013,-0.0219125,-0.10127604166666668,0.4038,,0.08531722222222224,0.0,0.028694064814814815
2021-11-11,0.13193333333333335,0.015236000000000003,0.045579999999999996,0.07897499999999999,0.19598666666666667,0.04645625,-0.3062,0.26713333333333333,0.27013257575757577,-0.060200000000000004,0.0971173581973582
2021-11-12,0.07856666666666665,-0.05236857142857143,,0.1858,0.17169375,0.3410125,0.18894444444444444,0.2294,0.10120625,0.4215,0.14789311224489793
2021-11-15,0.129412,-0.0016675964912280627,0.02198958333333334,0.26399285714285714,0.04361750000000001,0.28321875,0.31845,0.1442811111111111,0.17136041666666665,0.5260833333333333,0.16903767840654269
2021-11-16,0.025374999999999998,0.1504639945652174,-0.028440000000000014,0.144544,0.14749333333333334,0.11667625,0.09209999999999999,0.0,0.20844621212121212,0.11315,0.1061281742742998
2021-11-17,0.033716666666666666,0.24225485714285716,0.026964285714285715,0.00018932330827067662,0.27124722222222225,0.09074166666666666,-0.0511,0.050575,0.08191437908496732,0.31845,0.11250086480908153
2021-11-18,0.09115,0.13427571428571428,-0.02236666666666667,0.3033485714285714,-0.05865,0.13674999999999998,0.0,0.3968333333333333,0.08286945812807882,0.09866666666666667,0.11961240193395366
2021-11-19,0.0540625,0.09660300000000002,-0.003477777777777765,0.19287866666666664,0.1625125,-0.22212500000000002,0.0,,0.1443157894736842,0.29295,0.1007396052631579
2021-11-22,0.12749583333333334,0.0821975238095238,-0.04225833333333334,0.358875,-0.10080446428571427,0.11390625,0.249295,0.24995833333333334,0.20274071212121214,0.25002777777777774,0.15998592076782867
2021-11-23,0.070582,0.15613958333333333,0.291305,0.02696125,0.19647916666666665,0.1144,0.12695,,0.33617600000000003,0.0,0.16774290322580646
2021-11-24,0.15958125,0.06698333333333333,0.030355555555555556,0.08745,-0.1931333333333333,0.0,0.0,0.296,-0.01652222222222221,0.34,0.04458787037037037
2021-11-26,-0.012433333333333341,0.2704106666666667,-0.07164083333333333,-0.17691966666666667,-0.11765555555555557,0.04,0.0,0.31845,-0.037750000000000006,,0.0016986111111111071
2021-11-29,-0.12928333333333333,0.03356212121212121,-0.0668,0.018380416666666666,0.12124839743589744,0.025325,0.0,0.052075,0.11955438961038962,0.23775000000000002,0.033788828070078075
2021-11-30,0.13993636363636364,0.23822583333333333,-0.04223125,0.18396833333333334,0.09612380952380954,0.1453916666666667,0.201625,0.0,0.02141722222222222,0.292825,0.1063176950174009
2021-12-01,0.24037916666666667,-0.072756,0.11845333333333333,-0.029818749999999998,-0.04624166666666669,-0.14498333333333333,-0.1998,0.10115,-0.06542999999999999,0.045533333333333335,0.0072989351851851835
2021-12-02,-0.064,0.27831964285714283,0.10913206349206347,0.045148333333333346,-0.15028333333333332,0.08626666666666667,-0.22,0.47250000000000003,0.1627669696969697,0.0,0.06273465055965056
2021-12-03,-0.022783333333333336,0.3179492857142857,-0.009045833333333333,0.037523333333333325,0.23316875,0.21230000000000002,-0.036941666666666664,-0.1404,0.1859075892857143,0.4153,0.13356513888888888
2021-12-06,0.06777777777777777,0.19494214285714287,0.04164738095238095,0.042379166666666676,0.17400722222222223,0.3155133333333333,0.18575,0.033716666666666666,0.16034175757575758,0.2612333333333333,0.13638676217057796
2021-12-07,0.24474166666666666,-0.03922000000000001,0.12199041666666666,0.045866111111111114,0.043870370370370365,0.169425,0.0,0.0,0.2539962368024133,0.424975,0.12303892177811296
2021-12-08,0.23185625,0.06507916666666667,0.16977083333333332,-0.045172000000000004,0.10704444444444446,-0.033874999999999995,0.2202,-0.05365000000000002,0.03937113095238094,-0.2732,0.057957584033613445
2021-12-09,0.020958333333333332,0.14047,0.006031250000000002,0.22570666666666667,0.013574999999999997,0.20421666666666663,0.19453,0.3243,0.20190484848484846,,0.1448779882154882
2021-12-10,0.15510666666666667,0.1318125,0.28392,-0.0975425,0.05132166666666667,0.1676166666666667,0.34,0.18130000000000002,0.09916363636363636,0.296,0.1254658096590909
2021-12-13,0.040465,0.0536,0.0707547619047619,0.290477,0.22067166666666668,-0.03610833333333333,0.0,-0.16760999999999998,0.12026583333333334,0.18625000000000003,0.0834135386904762
2021-12-14,0.09033333333333333,0.09795933333333333,0.3198666666666667,0.060083333333333336,0.038325000000000005,0.1726625,0.24253333333333335,0.46525,0.03375583333333333,0.1815,0.14946405701754384
2021-12-15,-0.016549999999999992,0.28996500000000003,0.1969,0.06062,-0.018643749999999994,0.04408055555555556,0.22596666666666665,0.16858333333333334,0.20407466666666668,0.09106666666666667,0.13006285285285285
2021-12-16,0.20995750000000002,0.3029625,0.11608749999999998,-0.09329375,0.011853999999999998,-0.0346575,0.05363333333333333,0.07655,0.061007916666666676,0.0,0.07393253125
2021-12-17,-0.09182857142857143,0.08098761904761906,0.15038666666666667,0.12549800000000003,0.33908999999999995,0.040375714285714286,0.0,0.11009999999999998,-0.13468333333333332,0.0,0.05116194444444445
2021-12-20,0.1535,0.13347939668174963,-0.018599999999999988,-0.07525454545454545,0.11151933333333333,-0.05918250000000001,0.054266666666666664,0.144975,0.022605000000000007,0.2880666666666667,0.0729485259926097
2021-12-21,0.088896875,0.07362149122807017,0.0,0.22633999999999999,0.16064571428571428,0.14726916666666667,,0.3446,0.1068011111111111,0.5794,0.18368483113420805
2021-12-22,0.385825,0.020054166666666675,0.06698333333333333,0.16549999999999998,0.07341875,0.335775,,0.0,0.5503199999999999,0.0,0.21045488505747126
2021-12-23,0.12422222222222222,0.0744225,-0.015326666666666669,0.09492999999999999,0.21796901960784312,0.0573,0.16787000000000002,0.0,0.09887333333333333,0.4576,0.1104173052115583
2021-12-27,0.2967625,0.05686333333333332,0.23013541666666665,0.2209833333333333,0.26539291666666665,0.268165,-0.1027,-0.05767499999999999,0.175483125,-0.10115,0.1517621717171717
2021-12-28,0.07275,0.13206374999999998,-0.04417777777777778,0.12040000000000001,0.12369999999999999,0.09218749999999999,0.1956,0.07655,0.25306440909090905,-0.01056666666666665,0.11622519412878787
2021-12-29,0.033716666666666666,0.16771145833333334,0.22915,-0.08095666666666668,0.36819999999999997,0.2652416666666667,0.6369,0.15533333333333332,0.12633944444444442,0.2197166666666667,0.15707204022988505
2021-12-30,0.13912166666666664,0.07032416666666666,0.015912499999999996,0.347375,0.2117172619047619,0.105375,0.100475,0.2364833333333333,0.0657475,0.429075,0.15478146074646074
2021-12-31,0.08392222222222223,0.08366333333333334,0.34495000000000003,0.19215300000000002,0.15055,0.2787,,0.04684999999999999,0.23272228571428571,0.1366,0.17276805683563748
2022-01-03,0.20378846153846153,0.019949833333333333,0.08738571428571429,0.04925214285714286,0.17695504761904762,0.24409,0.10115,0.10615000000000001,0.34879613095238093,0.07545,0.14180981564488143
2022-01-04,0.26890000000000003,0.042550000000000004,0.04521666666666667,0.1842091111111111,0.04162666666666667,0.164325,0.0,0.30722499999999997,0.06591450980392158,0.20779999999999998,0.12706087327523602
2022-01-05,0.22792291666666667,0.05369055555555556,0.15812222222222222,0.14119916666666668,-0.02543749999999999,0.11132222222222223,0.09106666666666667,0.1468,0.16332454545454544,0.20395000000000002,0.12375040701128937
2022-01-06,0.259594,0.15405466666666667,0.0551,0.18391,0.31234,0.033716666666666666,0.23477777777777778,0.19733333333333333,0.15982,0.296,0.18293941666666666
2022-01-07,0.133331,-0.024125000000000008,0.25138,0.034360416666666664,0.1480388888888889,0.07914625,0.20095,0.064,-0.04131666666666667,0.14880000000000002,0.09578495238095237
2022-01-10,0.15786482142857144,0.06719766666666667,0.22921222222222223,0.21215035714285713,0.22336666666666666,0.19102095238095237,0.3286,0.31845,0.0879625,0.4137375,0.20328052409988387
2022-01-11,0.13340000000000002,0.13477333333333336,0.15405079365079363,0.1827933333333333,0.10112222222222222,0.12530999999999998,0.0,-0.1769666666666667,0.11937288888888889,0.148,0.10787657848324514
2022-01-12,0.07949200000000001,0.049,0.15963333333333335,0.18053772727272727,0.08684666666666667,0.23228541666666666,0.0,-0.06778125,0.17302800000000002,0.0,0.10352679924242425
2022-01-13,0.24623833333333334,0.26895166666666664,0.10052533333333333,0.13902142857142857,0.11591100000000001,0.13145555555555558,0.27615,0.11333333333333334,0.24085473015873013,0.26381666666666664,0.18473476984126985
2022-01-14,0.0689,-0.012957500000000002,0.20800500000000002,0.15301465201465203,0.20001000000000002,0.23939444444444447,0.23018333333333335,0.11191666666666666,0.21990619047619048,0.129225,0.14873764659282518
2022-01-18,-0.12198308123249299,0.002189941724941724,0.21477,0.10600077176015474,0.1730656666666667,0.0637902564102564,-0.09915777777777778,-0.0502375,0.1611135714285714,0.38975333333333334,0.0945761482366771
2022-01-19,0.07768666666666665,0.064398,0.16044666666666668,0.14160423701788408,0.066294,0.18005142857142856,0.13952222222222221,0.3519916666666667,0.17635666666666666,0.17368666666666668,0.1428070652124893
2022-01-20,0.45735555555555557,0.07406015873015873,0.13698020833333335,0.1117145238095238,0.052325333333333335,0.16089933333333334,0.113925,0.27708,0.21225204761904762,0.3859375,0.1858020996472663
2022-01-21,0.25926666666666665,0.17408803921568627,0.04975625,0.2952495238095238,-0.054465333333333345,0.057145,0.15041666666666667,0.2862125,0.06421657196969696,0.20318,0.14905263112889783
2022-01-24,0.13908777777777778,0.12183833333333331,0.06086583333333334,0.25345416666666665,0.01110527777777778,0.149028,0.13701999999999998,0.14291,0.09290142968142967,-0.054775,0.10900584949329631
2022-01-25,-0.021016666666666666,0.07559566666666666,0.185255,0.23573485714285716,-0.042175000000000004,0.07542238813474107,0.1556125,0.35345000000000004,0.06558666666666665,0.33724166666666666,0.1344585556524339
2022-01-26,0.33755676470588236,0.10933529411764706,0.1914736111111111,0.07967666666666666,0.12463482142857144,0.10236855072463769,0.033716666666666666,0.1468,0.09747199134199133,0.30034999999999995,0.15212082144034064
2022-01-27,0.1640282738095238,-0.007682619047619049,0.09083923076923077,0.24950428571428568,0.18564833333333336,0.21804874999999999,0.140845,0.30445,0.16168292613636365,0.40313333333333334,0.1870781366731095
2022-01-28,-0.142852,0.0005099999999999994,0.17480243055555555,0.11394498168498168,0.21998,0.16313933333333333,0.0,0.013487499999999986,0.19312961904761905,0.22712666666666664,0.10761727269500525
2022-01-31,0.12260085714285714,0.18112295238095238,0.148845,0.06921833333333334,0.1815845714285714,0.16287791666666668,-0.17489999999999997,0.27281,0.10092158333333331,0.16081666666666666,0.1344355901722391
2022-02-01,0.04897809523809524,-0.09625066666666666,0.13541239130434785,0.03243971428571428,0.06878017094017094,0.01185482456140352,0.2602888888888889,0.28595,0.17402074074074075,0.43566666666666665,0.11069249925577102
2022-02-02,0.16216809523809522,-0.0473195238095238,0.177375,0.30077600000000004,0.03476323809523809,0.14533541666666666,0.060983333333333334,0.1490875,0.20598615731785946,0.2650666666666667,0.1437406022926139
2022-02-03,0.16741714285714288,0.2271516666666667,0.14016250000000002,0.2170033333333333,0.12756833333333334,0.15991500000000003,-0.1468,0.148,0.2121166984126984,0.40759999999999996,0.1763432179771133
2022-02-04,0.038192,0.08700666666666665,0.102895,0.038400000000000004,-0.09949333333333334,0.3951666666666667,0.12327500000000001,0.0,0.05966388888888889,0.29727708333333336,0.09622146198830409
2022-02-07,0.20443066666666665,0.11609686363636365,0.11703595238095237,-0.0002858333333333324,0.33290714285714285,0.269025,0.1591,0.0781125,0.08811595238095238,0.14033333333333334,0.14807672279271117
2022-02-08,0.09856500000000001,0.11512375757575757,0.24425999999999998,0.14976799999999998,0.17325892857142858,0.0628861111111111,0.14961704545454546,0.06905,0.24311142857142856,0.26043333333333335,0.15574712550676836
2022-02-09,0.256076,0.057693238095238096,0.1704733333333333,0.20102083333333334,0.27962333333333333,0.10115,0.20095,-0.04427,0.17301415384615385,0.34496666666666664,0.16844472259447868
2022-02-10,0.4857916666666667,0.1517380310559006,-0.05009214285714285,-0.00975208333333333,0.04897666666666666,0.041202,0.0803,0.1989125,0.06739999999999999,0.249622,0.12188758017023235
2022-02-11,-0.07258166666666666,0.00040928571428571067,0.18036666666666665,0.04276933333333333,0.37163,0.10488666666666666,0.38584999999999997,0.12712500000000002,0.015544999999999998,0.147532,0.10995245464852609
2022-02-14,0.18856933333333334,0.11138837301587301,0.13014380952380952,-0.05761904761904761,-0.01863095238095238,-0.11544791666666666,0.17,0.4689875,0.07475919871794871,0.24826,0.11418915347307013
2022-02-15,0.20647500000000002,0.20669916666666666,0.08658600000000001,0.1658593333333333,-0.023695833333333333,0.1789277777777778,0.0,0.1433,0.16756750326797387,0.2973,0.15409414673999683
2022-02-16,0.10115,0.15578,0.043196,0.03319814814814814,0.21164333333333335,0.06117857142857143,-0.04159999999999999,0.40010000000000007,0.14822109803921568,0.15103333333333332,0.12589617659029423
2022-02-17,0.21639285714285714,0.046684927536231886,0.09232749999999999,-0.06208163636363636,0.10756071428571429,0.09550600000000001,0.0526875,0.041986666666666665,0.1173108,0.14400666666666667,0.08530498436993164
2022-02-18,0.0,0.014150833333333338,0.06564666666666666,0.04271428571428572,0.23236666666666667,0.030375000000000003,-0.15641599999999997,0.03398333333333333,0.190806,0.017075,0.05006410443722944
2022-02-22,-0.10366428571428571,0.10822652380952383,0.0370259375,0.09542321428571429,0.12030333333333335,0.06425,0.30662083333333334,0.19252625,0.16289373809523808,0.057328000000000004,0.10967790836101883
2022-02-23,-0.10834999999999999,-0.030073333333333323,0.12029883333333333,0.008145833333333338,0.132125,-0.08688749999999999,0.1702,0.05957000000000001,0.21207666666666664,0.09930555555555555,0.05972583333333334
2022-02-24,0.18711666666666668,0.032988333333333335,-0.08977177777777778,-0.06597761904761903,0.2552083333333333,0.05779583333333334,0.031375,0.3649066666666667,0.12583333333333332,0.133825,0.08512933375104428
2022-02-25,0.14295833333333335,0.057943333333333326,0.20575288461538463,-0.028058333333333338,0.035783333333333334,0.06269333333333334,0.0,0.09272083333333334,-0.046157142857142855,0.1591,0.0642291575091575
2022-02-28,0.25903888888888893,0.1871744835164835,0.11125966666666667,-0.004400446428571434,0.15275277777777777,0.16444999999999999,-0.09576666666666667,0.30391666666666667,0.15348287878787878,0.09780555555555555,0.13620676704349782
2022-03-01,0.05462499999999999,0.038428809523809525,0.1129727694235589,-0.13940422619047618,0.10758666666666668,0.1485591666666667,0.32313333333333333,0.050575,0.1823533333333333,0.26995416666666666,0.1096126586815877
2022-03-02,0.21821,0.15797777777777777,0.20281345238095239,0.09369880952380952,0.0651,0.12981916666666665,0.6087499999999999,0.06597,0.21984375,0.0,0.14480064043209875
2022-03-03,0.003410000000000002,0.10202657142857144,0.1650989010989011,0.2457625,0.030087500000000003,0.19037916666666665,0.0,0.21821875000000002,0.08708333333333333,0.10115,0.12123553066591529
2022-03-04,0.0348375,0.06080895238095239,0.09467458333333334,0.13314166666666666,0.12006999999999998,0.23124666666666666,-0.0052249999999999935,0.5350916666666667,0.048940047619047626,0.19538333333333335,0.12349428571428572
2022-03-07,0.06970416666666666,0.08177035714285714,0.027715728937728935,-0.025757307692307704,0.22694166666666668,0.17510208333333335,0.056575,0.09067777777777779,0.006307761904761902,0.2588333333333333,0.09201682561486133
2022-03-08,0.11928888888888887,0.17687952380952382,0.1320477777777778,0.08512499999999999,-0.05593499999999999,-0.0048099999999999974,0.22130000000000002,0.17,0.15666325757575758,0.05769999999999999,0.09697976855016328
2022-03-09,0.078226,0.0555612142857143,0.15110833333333334,0.1372263333333333,0.206778,0.22933238095238098,0.09316666666666668,-0.05643333333333333,0.0869877142857143,0.035449999999999995,0.11599404478458049
2022-03-10,0.09800833333333334,0.065982,0.09102061904761904,-0.051445714285714296,-0.02990833333333333,0.007340000000000002,0.20575000000000002,0.0425,0.30034358974358977,0.062360000000000006,0.084327408823061
2022-03-11,0.07827083333333333,0.07675266666666666,0.13305305555555555,0.05513749999999999,0.1154725,0.11408,0.1735888888888889,0.2841,0.074046,0.5574,0.12286184941520469
2022-03-14,0.1963404761904762,0.08220185714285715,0.20257583333333332,0.2655428571428572,0.22134583333333335,0.27364,0.125,0.12754000000000001,0.21026911111111116,0.07681666666666666,0.18233766795865633
2022-03-15,0.1897825,0.12333972222222223,0.1763032619047619,-0.009361333333333333,-0.08122599999999999,0.20897500000000002,0.0461,0.29796666666666666,0.10243938095238095,0.23775000000000002,0.11980662988772746
2022-03-16,-0.050575,0.112215,0.15902386363636362,0.2080752380952381,-0.016013571428571426,-0.005587301587301585,0.320675,0.30611666666666665,0.1921239448051948,0.15,0.12584341094619664
2022-03-17,-0.11934166666666665,0.037097777777777785,0.15281590909090909,0.17568214285714287,0.04258555555555557,0.11207272727272727,-0.016,0.0,0.060863833333333325,0.07665,0.05952297565996096
2022-03-18,0.28582,0.12489276190476191,0.07074333333333332,0.13341333333333333,0.19258888888888892,-0.05634316239316239,0.07326250000000001,0.07003000000000001,0.15501066666666666,0.4019,0.12934725989457696
2022-03-21,0.12494250000000001,0.31472633333333333,0.08400428571428571,0.04052133333333333,0.2635733333333333,-0.08617266666666665,0.11580000000000001,0.04851166666666666,0.131796,0.07511,0.11090252976190478
2022-03-22,-0.23644444444444446,0.13792222222222222,0.13312084848484848,0.14959999999999998,-0.155605,-0.36914166666666665,0.14049999999999999,-0.1466625,0.12567219047619047,0.5222749999999999,0.0016305157755157752
2022-03-23,0.046,0.13150937499999998,0.04383416666666667,0.37477916666666666,-0.02455,0.06003888888888889,0.0,0.4404,0.11871198484848486,0.2732,0.12393392228739003
2022-03-24,0.15388125,-0.03851238095238095,0.1592043846153846,0.023657142857142863,0.2139875,-0.059276190476190475,0.16592500000000002,0.06193333333333333,0.14366397668997669,0.2732,0.10200283518283518
2022-03-25,-0.296,0.12222083333333333,0.30355533333333334,0.181752,0.09243333333333333,0.2338833333333333,0.3138666666666667,0.16046666666666667,0.09886791666666665,0.06589999999999999,0.16540726715686274
2022-03-28,0.12987666666666667,0.14199075396825397,0.2972033333333333,-0.01735642857142857,-0.10761875,0.04013916666666667,0.02476666666666667,0.04876666666666668,0.22983000000000003,0.37665333333333334,0.1233064947089947
2022-03-29,0.06619166666666668,0.1299355,0.10355,-0.10341,0.040900000000000006,0.100526,-0.06193333333333333,0.21713333333333332,0.09680726190476191,0.03970666666666667,0.06538038482834994
2022-03-30,0.10206666666666668,0.15618690476190475,0.36841666666666667,0.07051111111111112,0.01701666666666666,0.35860555555555557,0.11333333333333334,0.3933166666666666,0.14768283333333335,0.5673333333333334,0.22441668540564372
2022-03-31,0.181775,0.017435,0.01515666666666667,-0.012608333333333336,0.17264375,0.10487333333333333,0.39965,0.025412500000000005,0.14812674603174603,0.2969625,0.12287559062384644
2022-04-01,0.12636666666666665,0.02364095238095238,0.347238,0.14111305555555556,0.3144625,-0.153025,0.31806666666666666,0.369025,0.09976350582750584,0.38966666666666666,0.17145114935857794
2022-04-04,0.18883875,0.08725827030812325,0.19692566666666667,-0.0071642307692307665,0.057137000000000014,0.08312,-0.041916666666666665,-0.0028937500000000074,0.12093729323308271,0.1858,0.09008521460377768
2022-04-05,-0.061390000000000014,0.08657761904761904,0.066576,0.189116,0.15079466666666666,0.06199619047619048,0.15108749999999999,0.14204333333333333,0.06052209935897437,0.27115,0.10057418435730936
2022-04-06,0.05505000000000001,0.07396133333333335,0.20297500000000002,0.10738124999999998,0.050575,0.1346275,0.22417916666666668,0.1815,0.1552212857142857,0.38558333333333333,0.15636864221364222
2022-04-07,0.025497916666666665,-0.03690811111111111,0.2295725,0.07786266666666666,0.0875375,0.09080357142857141,0.148,0.08236,0.27710785714285713,0.17498888888888886,0.10699042063492063
2022-04-08,0.112525,0.14961166666666664,0.29333607142857143,0.03279450980392156,0.37679,0.18060833333333334,0.02965,0.09866666666666667,0.37581600000000004,,0.2000065762304922
2022-04-11,0.056736274509803925,0.15343892857142857,0.34190729166666667,0.007241892857142851,0.09281966666666666,0.02374305555555556,0.44565,-0.024320833333333333,0.19312309207459208,0.2553,0.13564611949835298
2022-04-12,0.3768952380952381,0.09016190476190478,0.18135844444444443,0.05626397727272728,0.09319999999999999,0.08248833333333333,0.19122625,0.28442,0.0910742857142857,0.284875,0.1693059362330791
2022-04-13,0.24475208333333334,-0.0029260000000000006,0.20652576388888888,0.1562182222222222,0.055691666666666674,0.018233333333333334,0.33462083333333337,-0.025350000000000004,0.10616833333333334,0.4215,0.13539094298245616
2022-04-14,-0.054292499999999994,0.12008071428571428,0.28245000000000003,0.20608938571428573,0.14113107142857143,0.1097,0.166475,0.31415,0.01812333333333333,0.22555,0.1438411613095238
2022-04-18,0.035902857142857146,0.180084,0.23072916666666665,0.2611162337662338,0.05619444444444444,0.12691666666666665,0.12001500000000001,0.08480833333333333,0.09197,0.222775,0.14011175905395418
2022-04-19,-0.04087866666666666,0.10667454761904763,0.053596,0.23879942857142855,0.06375790476190475,0.14515999999999998,0.06429999999999998,0.017311999999999994,0.19468755555555556,0.2612666666666667,0.1041605184610076
2022-04-20,0.20895555555555556,-0.011281999999999992,0.25814,0.06109,0.306809375,0.183834,0.09901888888888888,-0.11584999999999997,0.20822625,0.0129,0.1313134829059829
2022-04-21,0.2068917105263158,0.13707066666666667,0.22177520833333333,-0.10431833333333333,0.14249166666666668,0.2278,0.072856,0.009680000000000012,0.06371580952380952,0.166235,0.11025670256370092
2022-04-22,0.08733571428571428,0.15205190476190475,0.19108066666666668,0.19539966666666667,0.14802500000000002,-0.08736000000000001,0.043907222222222236,0.10115,0.06951,0.13824533333333333,0.10486385461760461
2022-04-25,0.11344333333333334,0.07369653333333333,0.1402289668109668,0.16470133333333334,0.30212066666666665,0.16140285714285713,0.2523608333333333,0.03784666666666665,0.1535740238095238,0.25295625,0.16557051926560437
2022-04-26,0.360805,0.050386666666666656,0.14248377976190477,0.13534244444444446,-0.040417857142857144,-0.035451038961038954,0.166471875,0.0,0.135942,0.3597,0.11881897097963764
2022-04-27,0.10596815476190476,-0.002129666666666666,0.28751688888888893,0.0225113888888889,0.10398333333333332,-0.010859545454545455,0.1591,0.08343333333333333,0.16914733333333332,0.04755000000000001,0.09635221964543395
2022-04-28,0.10381666666666667,0.180235,0.2515092857142857,0.055317142857142856,0.15444123809523808,0.08163999999999999,0.03989444444444444,0.32335,0.08468508522727272,0.2553066666666667,0.148101219869146
2022-04-29,0.15216375,0.08239375324675324,-0.022755851851851853,0.24178888888888891,0.113955,0.2221973333333333,0.0,0.1474,0.016769783549783545,0.3003777777777778,0.12218887728475228
2022-05-02,0.10419,0.07432309523809524,0.13938173076923077,0.161325,0.24322300000000002,0.06344066666666666,0.0,0.2423,0.042272294372294385,0.16062444444444443,0.1202106080427509
2022-05-03,0.12735,0.13612600000000002,0.221962,0.016626666666666658,0.132975,0.311725,-0.024033333333333327,0.15535000000000002,0.019788888888888894,0.3806366666666666,0.16370993993993993
2022-05-04,-0.013600000000000001,0.06834884057971014,0.10585166666666668,0.0,0.15595,0.11836666666666666,0.21660000000000001,0.041058333333333336,-0.02606875,0.1926365079365079,0.07888031736951073
2022-05-05,-0.015633333333333325,-0.11311314285714284,0.3326909761904762,0.127162,0.21388,0.029260666666666667,0.31235,0.06193333333333333,0.25674516666666664,0.13754833333333333,0.1303931007751938
2022-05-06,0.2554423333333333,0.031184857142857146,0.18694407142857145,-0.14581833333333333,0.015675,0.1623333333333333,0.08148333333333334,0.1352,0.07282428571428572,0.11857166666666667,0.08754577947845806
2022-05-09,-0.07489749999999999,0.12139993506493507,0.15744747835497835,0.054433333333333334,0.15803333333333333,0.13463799999999998,0.0,0.13553,0.08515278632478633,0.13923958333333333,0.09096742326102082
2022-05-10,0.01847857142857142,0.049437222222222216,0.15156142857142857,0.22703229166666666,0.14197200000000001,0.05308958333333333,0.31194374999999996,0.12694,0.2019794871794872,0.0,0.13813398751380893
2022-05-11,0.08166666666666668,0.013231750000000009,0.3007944444444445,0.06478833333333334,0.026530000000000015,0.06932190476190477,0.0,0.02968333333333334,0.11115428571428572,0.17556666666666665,0.08946305504680505
2022-05-12,-0.051401666666666665,0.02471039215686275,0.09310559523809524,0.11983541666666667,-0.005173333333333319,0.13339583333333332,0.3370083333333333,0.31751111111111113,0.04198523809523809,-0.01794166666666666,0.0911237966853408
2022-05-13,0.1785,-0.004721428571428571,0.12933388888888891,0.063495,-0.0188375,0.058140833333333336,0.159225,0.17701250000000002,0.07092787878787879,0.331775,0.09338437210450368
2022-05-16,0.07973333333333334,0.008587250000000003,0.10515699145299144,0.03584964285714285,0.020514166666666667,0.137495,0.0903,0.12654583333333333,0.008955999999999995,0.2732,0.07412196470543345
2022-05-17,-0.0018146666666666589,0.049242499999999995,0.08299568181818182,-0.025425666666666673,-0.036021875,0.11529199999999999,0.08958958333333333,0.3404375,0.21018157509157512,0.28346,0.11140977265327265
2022-05-18,-0.026334999999999997,-0.011125645161290321,0.07813912820512821,0.08621000000000002,0.22075,-0.0192325,0.296,-0.06143333333333333,0.234645,0.0,0.07138914427363877
2022-05-19,0.07331666666666668,0.05948857142857143,0.27301035714285715,0.09239,0.14603125,0.3299611111111111,0.2174111111111111,0.08423125,0.1519815340909091,0.17405,0.1510966780741781
2022-05-20,0.10417000000000001,0.10777208074534159,0.27952125,0.2637333333333333,-0.03987333333333333,0.1420435185185185,0.19425,0.12195999999999999,0.2797958333333333,0.06638055555555555,0.14881341569719675
2022-05-23,-0.015489999999999997,0.0611417795031056,0.13129466666666667,-0.12868766666666667,0.16945666666666667,0.16016458333333333,0.281725,0.098474,0.1637036591478697,0.1938625,0.10391641910936764
2022-05-24,0.09552799999999999,0.16969341666666665,0.16993444444444444,0.38152400000000003,0.01715500000000001,0.42611333333333334,-0.14200000000000002,0.32005,0.2953766666666667,0.21023750000000002,0.20522737535612537
2022-05-25,0.20104285714285713,0.04398266666666666,0.16420833333333335,0.07875555555555555,-0.13944375,0.2593816666666667,0.1618777777777778,0.1375,0.0350580808080808,0.18213333333333334,0.10888257557720057
2022-05-26,0.21776,0.09679783333333333,0.1906285,0.152365,0.20277809523809526,0.13666250000000002,0.107475,-0.00895,0.2608259649122807,-0.09079999999999999,0.14822969691671037
2022-05-27,0.07094583333333333,0.117807,0.23559761904761906,0.18944999999999998,-0.03215624999999999,0.12723666666666666,-0.1858,0.2327625,0.02144555555555555,0.3818,0.11385231349206348
2022-05-31,0.2607377777777778,0.0953688888888889,0.21968717948717947,0.06108333333333334,0.35842666666666667,0.372985,0.12128333333333334,0.11262500000000002,0.29609444444444444,0.21101166666666665,0.2135869588550984
2022-06-01,0.3323125,-0.0009866666666666745,0.23919833333333332,0.11608125,-0.051672916666666666,0.243418,0.07804166666666666,0.23835,0.17484930555555558,0.4337125,0.16803898860398858
2022-06-02,-0.17045000000000002,0.17414066666666667,0.22170399999999998,0.07839999999999998,-0.13144,0.048078333333333334,0.13586666666666666,0.28226249999999997,0.11697047619047618,0.3647,0.09110926303854874
2022-06-03,0.06564208333333334,0.060164583333333334,0.19836666666666666,-0.04815,0.06581666666666668,0.15357777777777779,-0.0258,0.26495,0.10107733333333332,0.18145,0.10748412280701754
2022-06-06,0.014123333333333344,0.11961333333333334,0.14787509157509157,0.27472833333333335,0.07675209523809526,0.021065000000000007,0.07341249999999999,0.07598666666666666,0.037788333333333333,0.1417111111111111,0.0980456549799407
2022-06-07,0.15735,0.21486166666666667,0.12457821428571428,0.1514933333333333,0.3433583333333333,0.25662,0.03877499999999999,0.04432666666666667,0.09142533333333333,0.20395,0.15211530328798184
2022-06-08,0.33002666666666663,0.19647142857142857,0.194614126984127,0.06345238095238095,0.3608875,0.0043875000000000025,0.123475,0.25557,0.09099093750000001,0.3246666666666667,0.19107491888422037
2022-06-09,0.08032133333333333,-0.012375285714285717,0.16317500000000001,-0.04796944444444445,0.016858333333333333,0.27718229166666664,-0.026975,0.34031666666666666,0.013168999999999997,0.10734666666666666,0.07804868466898954
2022-06-10,-0.04189,0.064412,0.13201333333333334,0.07827333333333333,-0.01185583333333334,0.06280833333333334,-0.1866777777777778,0.17909375,0.10796083333333333,0.29312499999999997,0.07370041666666667
2022-06-13,0.09076999999999999,0.10817981818181818,0.1565974116161616,0.15780233333333332,0.2770973214285714,0.002106666666666662,0.028483333333333343,0.12887875,0.10281370634920635,0.14321,0.11911459010742345
2022-06-14,0.269084375,0.008170089285714277,0.214009375,-0.09871219047619048,-0.0002099999999999991,0.12983466666666668,0.17455833333333334,0.11740999999999999,0.06218285714285714,0.138,0.09385943993506494
2022-06-15,0.07061333333333335,-0.058057500000000005,0.1218575,0.03386666666666667,0.10462400000000001,0.1749481818181818,-0.0024100000000000024,0.0038083333333333302,0.23582199999999998,0.0,0.07600346464646465
2022-06-16,0.03105333333333334,0.0778588888888889,0.09014,-0.019955000000000007,0.30465,0.08940466666666666,0.29276,0.1064875,0.08914817316017316,-0.08035999999999999,0.08036711800545134
2022-06-17,0.1711825,0.12085399999999999,0.16120933333333332,0.11009000000000002,0.26004166666666667,0.17928333333333332,0.002062499999999981,0.36871000000000004,0.15732083333333335,0.07466,0.15840879166666666
2022-06-21,0.05556071428571428,0.03250496212121212,0.04974619626696833,-0.04455911111111111,0.3095386904761905,0.20834333333333332,-0.010499999999999989,0.2425041666666667,0.1067176282051282,0.13544,0.10485472403546446
2022-06-22,0.137575,0.10960181818181818,0.050172777777777774,0.1517777777777778,0.03614333333333334,-0.035302777777777794,0.09828888888888888,0.38398333333333334,0.15959047619047617,0.3825033333333333,0.1327911334600359
2022-06-23,0.05051555555555556,0.14241007142857143,0.1293161111111111,-0.07411016666666667,-0.09467933333333332,0.119456,0.08633666666666664,0.25239999999999996,0.13856666666666667,0.20203333333333331,0.08897170546737214
2022-06-24,-0.03716,-0.05322642857142858,-0.19480250000000002,0.29582483333333337,0.3528642857142857,0.0053888888888888875,0.148,-0.10634999999999999,-0.047428000000000005,0.1591,0.045841481481481476
2022-06-27,0.090175,0.11595752941176471,0.110351,0.016465500000000004,0.23233589285714285,0.1769307142857143,0.45377666666666666,0.03831,0.22776876190476192,0.16830714285714288,0.15615186481410748
2022-06-28,0.1445875,0.0809002807017544,0.2874331932773109,0.10757247023809523,-0.09587777777777777,-0.07027142857142857,0.4088333333333334,-0.14764,0.06956964285714284,0.19215416666666668,0.08874608501417704
2022-06-29,0.013112499999999997,0.02312914285714286,0.23454774725274727,0.11944791666666665,0.42795357142857143,0.17250666666666667,0.085,0.1771625,0.17851222222222224,0.19032499999999997,0.1708900538492846
2022-06-30,0.1959216666666667,0.20146798534798535,-0.040782499999999985,0.17833428571428572,0.023866666666666665,0.32361666666666666,0.110675,0.085,0.12980755555555554,0.14246,0.14130394227046666
2022-07-01,0.39085000000000003,0.0776611607142857,0.22437153846153843,0.06918333333333333,0.05229625,0.08596666666666668,0.20095,0.09706,0.17315880952380952,-0.055299999999999995,0.13489995123626372
2022-07-05,0.112625,0.10795799145299145,0.0748577534965035,0.10196333333333334,0.11988499999999999,0.21545625,0.1642875,0.20046666666666668,0.17316145833333332,0.20011666666666664,0.14251653709716208
2022-07-06,-0.2440388888888889,0.08810133333333334,0.279049,0.034421999999999994,0.06591,0.06031499999999999,0.23322500000000002,0.02874166666666668,0.11717200000000001,0.4032,0.10795901515151515
2022-07-07,0.0,-0.04826999999999999,0.26738,0.17813266666666666,-0.05211964285714285,0.05971249999999999,-0.03126249999999999,0.05155833333333333,0.10231939682539684,0.27496666666666664,0.0852189653503678
2022-07-08,0.07390833333333334,-0.1078975,0.14815,0.015183333333333326,0.38947000000000004,0.10615000000000001,0.164925,0.2759333333333333,0.11397866666666667,0.16378333333333334,0.13524657894736844
2022-07-11,0.19443933333333333,0.09311000000000001,0.14845724358974358,0.03128761904761905,-0.024696428571428574,0.17500833333333332,-0.018499999999999996,0.29322,0.23405071428571428,0.1663,0.12783714126453258
2022-07-12,0.16039333333333333,0.1884822077922078,0.23591047619047617,-0.004770238095238077,0.003405952380952382,0.0706575,0.0,-0.00645,0.1946952380952381,,0.10926802859421281
2022-07-13,-0.05231250000000001,0.1361457142857143,0.17701333333333333,-0.11403576923076923,0.20361,0.18887666666666666,0.09145,0.23718333333333333,0.01983603174603175,0.13396666666666665,0.09867452104773534
2022-07-14,0.06961666666666667,0.15211999999999998,0.19330333333333333,-0.08110919642857142,-0.2115125,0.19598,0.10839583333333333,0.1107,0.14093107142857142,0.10898333333333333,0.08640655052264809
2022-07-15,-0.12386666666666667,0.06180987878787878,0.2898833333333333,0.05867666666666667,0.0431425,-0.052904166666666655,-0.5267,-0.23900749999999998,0.17232571428571428,0.2798866666666666,0.04757259496753247
2022-07-18,0.04743526785714285,0.1495052857142857,0.24481238095238095,0.13683100420168068,0.100544,0.1695066666666667,0.19125,0.1279875,0.2367412857142857,0.20146933333333336,0.16144715165135823
2022-07-19,0.2507375,0.10436257142857144,0.34912,0.13575199999999998,0.07235452380952381,0.15259999999999999,0.034275,-0.10491666666666666,0.040014,0.19342916666666665,0.1299416396103896
2022-07-20,-1.66666666666683e-05,0.023576428571428575,0.19520880952380953,0.04532333333333334,0.2081029090909091,0.13543035714285714,0.06316666666666668,0.23369333333333336,0.10840714285714285,0.10041249999999999,0.11451154808959156
2022-07-21,0.15345333333333336,0.07853619047619048,0.1026,0.1984125,-0.10777916666666665,-0.09221111111111113,0.07837916666666667,0.2966,0.19003333333333333,0.10825,0.10657691964285713
2022-07-22,0.09280750000000001,0.1544140476190476,0.28078545454545456,0.055290000000000006,0.278042,0.0429,-0.016783333333333334,0.44436666666666663,0.20978,0.25922,0.18211903433687526
2022-07-25,-0.012309999999999998,0.08109648717948717,0.3630306897546897,0.11025199999999999,0.060343999999999995,0.04014285714285714,0.13002392156862747,0.21288,0.08027013636363636,0.18688333333333332,0.12628292925566903
2022-07-26,0.0,-0.01501649855072464,0.08336333333333333,0.013061111111111115,0.13284333333333334,0.16735622519841267,-0.039775,0.1748,0.023094444444444442,0.217408,0.08527456020100069
2022-07-27,0.07863277777777777,0.08107230392156864,0.1332789523809524,0.26941000000000004,0.0508915,0.0,0.21494999999999997,0.30199866666666664,0.12377363636363636,0.188165,0.1508126018984056
2022-07-28,0.10063888888888889,0.020265555555555557,0.21014978787878785,-0.012869333333333333,0.17246299999999998,0.09967936507936509,0.3191833333333333,0.15154583333333332,0.03149897727272727,0.3206280952380952,0.1391397507386793
2022-07-29,0.162575,0.13137714285714286,0.34130262820512824,0.03913,0.16869,0.2964,0.0,0.26866,0.250247485380117,0.323785,0.21196027517590096
2022-08-01,0.09288194444444445,0.11977614285714286,0.15616683333333334,0.18658000000000002,0.15287633333333334,0.21866125,0.0,0.2648625,0.24641361111111112,0.06888333333333334,0.1663740824622532
2022-08-02,0.0800875,0.06228600000000001,0.17281741071428572,0.09142625000000001,0.18186249999999998,-0.0008807692307692266,0.11441666666666665,0.1672625,-0.017117619047619066,0.15706250000000002,0.09212778870252554
2022-08-03,0.008909999999999996,0.11001799242424243,0.2889464812834225,0.10564375000000001,0.27491833333333326,0.16361666666666666,0.17596666666666663,0.012754166666666669,0.17337178571428571,0.215017,0.15612788257653396
2022-08-04,0.11662916666666664,0.060160416666666675,0.22745619047619048,0.052697499999999994,-0.008749444444444449,0.0,0.04609,0.28789166666666666,0.0577275,0.25467285714285715,0.1214713740079365
2022-08-05,0.20050416666666665,-0.017387499999999972,0.2931525,0.17322777777777776,0.21896875,0.05940833333333334,0.23835,0.2974666666666667,0.1328666666666667,0.18589583333333334,0.17494314285714285
2022-08-08,-0.153692,0.1350222857142857,0.21680666666666668,0.1334014285714286,0.05673777777777777,0.29361333333333334,0.4144,0.08704166666666668,0.1222537037037037,0.20001999999999998,0.12476824700640492
2022-08-09,0.1443625,0.045940317460317445,0.07247396825396825,0.20030000000000003,0.030600000000000002,0.0012624999999999997,0.0,0.29035,-0.02577786324786325,0.13548,0.09157650488400489
2022-08-10,0.17667,0.1147539393939394,0.1760632380952381,0.30635625,0.1517166666666667,0.10863611111111111,0.20095,0.27930000000000005,0.038807952380952374,0.2577566666666667,0.17825098401598402
2022-08-11,0.06495166666666667,0.07758240740740742,0.1730293333333333,-0.050887499999999974,-0.017195999999999996,0.045533333333333335,,0.3131,0.09718019480519481,-0.022133333333333345,0.08207687748411434
2022-08-12,0.11583333333333334,0.23934542857142857,0.1958025,0.18882,-0.009939999999999997,0.27624444444444446,,0.022575,0.267381,0.3395,0.17651048363095237
2022-08-15,0.088515,0.02093152380952381,0.14978323232323235,0.10219833333333332,0.009495555555555554,0.33145,0.09038333333333333,-0.0546625,0.1386072380952381,0.212,0.11106142788428502
2022-08-16,0.12108055555555557,0.12782630952380952,0.20422083333333332,0.033716666666666666,0.08214583333333333,-0.15630000000000002,0.04515,0.0511,0.19299066666666667,0.13069375,0.08834405677655677
2022-08-17,-0.061241666666666666,0.041393671497584536,0.33557916666666665,0.07847500000000002,0.03181666666666667,0.02928333333333334,0.148375,0.21993125,-0.042366666666666664,0.3844,0.11004796363392377
2022-08-18,0.005662499999999999,0.12225733333333336,-0.021792000000000006,0.20482266666666665,0.07425999999999999,-0.081475,0.0282875,0.05135,0.10242,0.32965,0.07884261904761905
2022-08-19,-0.19424375,0.03410066666666667,0.20084777777777776,0.040983333333333344,0.009939999999999982,0.06363333333333333,,0.3654,0.16227,0.09446666666666666,0.08213763888888888
2022-08-22,0.21372,0.15901533333333334,0.21384044444444444,-0.021333000000000008,0.2097266666666667,0.2056654761904762,0.0677875,0.3151275,0.280613,0.3041916666666667,0.19236958247066943
2022-08-23,0.23659166666666664,0.07946685714285714,0.09169444444444444,0.32714,0.16587666666666667,0.18076666666666666,0.036033333333333334,0.06698333333333333,0.20802899999999996,0.050875000000000004,0.1426992876984127
2022-08-24,0.13018666666666664,-0.050476666666666656,0.022516,0.054753333333333334,0.13091875,0.132375,0.0,0.16237000000000001,0.10144991596638656,0.388975,0.09369336301187141
2022-08-25,-0.03446111111111111,0.150502,0.1050217857142857,0.017446,0.10345833333333335,0.1988,0.003225,0.2196625,0.1959375,0.24612,0.11382663919413921
2022-08-26,-0.09355583333333334,-0.0023190476190476208,0.16712555555555553,0.11128333333333332,0.19003333333333333,-0.0452,0.09621666666666667,0.1618,0.1852289523809524,0.2049,0.08444065806878306
2022-08-29,0.16921,0.12224952380952382,0.2228327380952381,0.07767291666666666,0.2640533333333333,0.010275000000000001,0.0030166666666666584,0.08582291666666667,0.04156204761904762,0.360375,0.1404783163265306
2022-08-30,-0.26335,0.14592999999999998,0.08843214285714286,0.027262500000000002,0.2060625,0.19739375,0.03796666666666667,0.27115,0.11845649999999999,0.035175,0.0988728477443609
2022-08-31,0.14943,0.047212500000000004,0.23768136363636364,0.036016666666666676,-0.17913166666666666,0.19134444444444443,0.0086,0.22335,0.10328958333333332,0.1794,0.09253106240981242
2022-09-01,0.04765833333333333,0.18967900000000001,0.12358899999999999,0.248279,0.11460166666666667,0.2301125,0.21487499999999998,0.34,-0.0007895868347338839,0.11444000000000001,0.14219094469495114
2022-09-02,0.159225,0.03790533333333333,0.19711547619047617,0.11016466666666666,0.19096666666666667,0.11890833333333334,0.2288,0.14873333333333336,0.24645685714285714,-0.02325555555555556,0.13770080952380953
2022-09-06,0.1666125,0.192794,0.13890375,0.07302833333333333,0.29228125,0.24961916666666667,0.0,0.3640125,0.10384977053140096,0.2709875,0.18519112347596042
2022-09-07,0.10461190476190478,0.1686029017857143,0.1630066666666667,0.00998,0.08431333333333332,0.108,0.06632500000000001,0.018141666666666667,0.17825166666666667,0.14343,0.10811121173469389
2022-09-08,0.2409367619047619,0.24220666666666668,0.25942666666666664,0.24321500000000001,0.19347733333333333,-0.013079166666666642,0.2354875,0.39463333333333334,0.02906000000000001,0.10604333333333334,0.18671438095238094
2022-09-09,-0.028329999999999987,0.17098416666666666,0.048162666666666666,0.28937666666666667,-0.008273333333333322,0.020516666666666673,0.26335,0.5379,0.14664866666666668,0.3106875,0.15845587398373984
2022-09-12,0.09246904761904762,0.18449216666666665,0.187496875,0.006054999999999998,0.27557033333333336,0.1297275,-0.06761249999999999,0.29308055555555557,-0.03430071428571428,0.23996666666666666,0.12752514880952381
2022-09-13,-0.0106025,0.16637266666666667,0.26113547619047617,0.0748267857142857,0.052629999999999996,0.31264375,0.128,0.1181375,0.005523333333333336,0.0086,0.11405323809523808
2022-09-14,0.09342500000000001,0.16920333333333334,0.077115625,-0.022558666666666654,-0.028837500000000002,0.07791875000000001,0.02631111111111112,0.21440833333333334,0.010096833333333333,0.19186666666666666,0.07399883333333333
2022-09-15,0.12560166666666667,0.11234642857142857,0.2611644444444444,0.2824767857142857,-0.008235000000000003,0.026387499999999994,0.04337777777777777,0.316625,-0.007836130434782608,0.29800166666666666,0.1460218051634356
2022-09-16,0.06987222222222222,0.11528133333333335,0.495585,0.065,0.11037416666666666,0.19027647058823527,0.0,0.19856999999999997,0.07401857142857143,0.3941733333333334,0.18865593662464986
2022-09-19,0.039005227272727275,0.29403971428571424,0.08050671428571429,0.04735333333333334,0.0024523809523809533,0.25359365079365076,-0.10345,0.22264666666666666,0.06953466666666666,0.07114666666666668,0.09175752164502164
2022-09-20,0.09224375000000001,0.027582857142857138,0.22261999999999998,0.010870416666666674,0.011478571428571435,0.13586666666666666,,0.22997083333333335,0.08809869047619048,0.015137499999999998,0.08682606481481482
2022-09-21,0.14043199999999997,0.13618611111111112,0.30465625,0.053535,-0.08621999999999999,0.07903333333333333,0.0425,0.22635833333333333,0.03334743589743591,0.45594999999999997,0.11447012090890141
2022-09-22,0.07122500000000001,0.18797885714285717,0.13821666666666665,-0.05429666666666666,0.16976666666666668,-0.018159166666666657,0.23219583333333332,0.032470000000000006,0.12594485714285714,0.13364791666666667,0.10019670807453417
2022-09-23,0.16743999999999998,-0.010548333333333335,-0.11218812500000003,0.08282666666666667,0.1109,0.09150000000000001,0.19602083333333334,0.10503333333333333,0.036946000000000014,0.19818333333333335,0.0794740625
2022-09-26,0.10272333333333335,0.21899785714285716,0.09741458333333333,0.18393866666666664,0.015480000000000002,0.025181249999999995,0.08603333333333334,-0.027413571428571426,0.10238583333333333,0.59043,0.14524334627329194
2022-09-27,0.18648541666666668,0.036805,-0.06982380952380952,0.009426527777777782,0.18073166666666668,0.054675,0.2294,0.24573333333333336,0.14838885714285716,0.2237,0.1168202491181658
2022-09-28,0.2980592857142857,0.060516190476190466,0.215025,0.12058222222222223,0.14720499999999997,-0.1380888888888889,-0.016783333333333327,-0.06952083333333334,0.00028249350649349746,-0.04951666666666665,0.06109545470943198
2022-09-29,0.06645416666666668,0.13708666666666666,0.21617583333333334,0.10355077777777777,0.20082499999999998,0.0572,0.0,0.2023,0.15351537878787877,0.3818,0.13874953282828284
2022-09-30,0.025491666666666666,0.14371499999999998,0.2621896825396825,0.2242888888888889,0.1468,0.1468,0.022477777777777777,0.40345000000000003,-0.17593666666666669,0.0593,0.10287857142857143
2022-10-03,0.24489099999999997,0.11123257142857142,0.0985451282051282,0.3078375,0.01391166666666667,0.2319,0.11808333333333333,0.315625,0.30926488095238097,0.08222499999999999,0.17053528388278388
2022-10-04,0.15599,-0.008211666666666667,0.21081875,0.3524032738095238,0.010750000000000004,0.0456625,0.3825,0.33353,0.273171038961039,0.11873124999999998,0.17445604550488272
2022-10-05,0.313,0.05573066666666667,0.22459777777777776,0.11757916666666668,0.09908888888888889,0.3094222222222222,0.09316666666666668,0.2833583333333333,0.14849427777777777,0.22012,0.1823124236111111
2022-10-06,0.12076250000000001,0.17575388888888888,0.168387,0.1144304761904762,-0.47440000000000004,0.15805,-0.1909,0.056575,-0.13550916666666668,0.1245375,0.04899923483923484
2022-10-07,0.15904444444444446,0.008539999999999999,0.26992971428571433,0.04884000000000001,0.09895,0.04303124999999999,0.09759999999999999,0.05740624999999999,0.008791283891547041,0.3648233333333333,0.11844059502110255
2022-10-10,0.0,0.1359054761904762,0.13325833333333334,0.078348,0.299221,0.27526666666666666,0.19003,-0.0012299999999999978,0.0551960606060606,0.45730000000000004,0.14376246705146706
2022-10-11,0.14203444444444444,0.24061666666666667,0.19212166666666666,-0.21988000000000002,0.22307328571428572,0.2917666666666667,0.0,-0.013233333333333338,0.0036333333333333287,0.2722333333333333,0.097346231292517
2022-10-12,0.13851,0.19972547619047618,0.24446576923076924,0.05946666666666666,0.12113958333333333,0.4334,0.34,0.156225,-0.12798944444444443,0.022766666666666668,0.13256856210147877
2022-10-13,-0.14465625,0.022599999999999988,0.10111555555555556,0.048717333333333335,-0.26791875,0.141025,0.0502375,0.0,-0.00471321428571429,0.1366,0.005808932641432644
2022-10-14,0.07024999999999999,-0.04122666666666667,0.11390866666666666,0.12418334932533732,0.17491333333333334,0.16516666666666666,0.0,0.1545,0.034835,0.25022500000000003,0.10470969508666719
2022-10-17,0.27431,0.0888812380952381,0.07120083333333334,0.18234558333333334,0.025004999999999993,-0.0929,-0.13074999999999998,0.06738500000000003,0.03333799999999999,-0.09354,0.05158711985930737
2022-10-18,0.15317,0.08567666666666666,0.01420624999999999,0.06796000000000002,0.01213000000000002,0.1072125,0.11086666666666667,0.016858333333333333,0.015607999999999993,0.4255,0.09090650793650794
2022-10-19,-0.11156041666666666,0.173767,0.19446733333333333,0.08930083333333332,0.024477142857142857,0.02971666666666667,0.0,0.13144583333333335,-0.08103166666666668,-0.0050416666666666665,0.05056456065759637
2022-10-20,-0.009051851851851858,0.194186,0.130947,0.04110208333333332,0.05519533333333333,0.21027916666666668,0.06020333333333333,0.23607499999999998,0.2534466666666667,0.13791666666666666,0.13515876543209876
2022-10-21,0.15502222222222223,0.060816666666666665,0.11864577777777778,-0.048525,0.13862,0.25155,0.4579,0.253755,0.026856,0.16033499999999998,0.13795994444444443
2022-10-24,0.16085624999999998,0.15483799999999998,0.08589255555555556,-0.1098361111111111,0.05149,0.1363611111111111,0.08585833333333334,0.25793,-0.01563738095238095,0.22193999999999997,0.10598313492063492
2022-10-25,0.11725777777777777,0.08995666666666666,0.14244500000000002,0.19966229166666666,-0.0010233333333333316,0.06976710927960929,0.1926777777777778,0.13367,-0.03336499999999999,0.20744166666666666,0.10746844556606186
2022-10-26,0.02545,0.07086666666666666,0.07699,0.15626666666666666,0.11687777777777779,0.03804333333333333,0.21075,0.138575,0.26786666666666664,0.19593333333333332,0.13287962962962963
2022-10-27,0.2929425,0.07522416666666668,0.09453575757575758,0.17292066666666667,0.22642646103896102,0.3424111111111111,0.13396666666666665,0.001100000000000001,-0.019875111111111114,0.01963833333333334,0.12607047774826186
2022-10-28,0.149675,0.06743866666666667,0.2295517777777778,0.07763,0.06895555555555556,0.19216249999999999,0.0,0.0,0.14641439393939393,0.20294722222222222,0.127760934990935
2022-10-31,0.37698,0.10009016666666667,0.17231858333333333,0.18341,0.1497,0.1522333333333333,0.0,0.17222714285714286,0.08606349999999999,0.4417366666666667,0.19982805603948897
2022-11-01,0.07423437499999999,0.05618500000000002,0.1108534090909091,0.04752916666666668,0.33880333333333335,0.39433333333333337,-0.0353875,0.28802083333333334,0.09804666666666667,0.5784,0.1793881877990431
2022-11-02,0.02380416666666667,0.2814933333333333,0.284584619047619,0.16895833333333335,-0.05974999999999999,0.1909,-0.12508333333333332,0.13487222222222223,0.09516866666666665,0.3012125,0.14152905372405372
2022-11-03,0.07632000000000001,0.03641833333333333,0.32732666666666665,-0.1957666666666667,-0.16280124999999998,0.02967333333333333,0.13248333333333331,0.1231388888888889,0.03133273809523809,0.23370000000000002,0.06614010452961672
2022-11-04,0.017556249999999995,-0.016379607843137255,0.057296666666666676,-0.002641666666666681,0.23699499999999998,0.248475,,-0.2732,0.0695,0.303745,0.10174718409586056
2022-11-07,-0.11351466666666665,0.07391197619047618,0.07273981818181818,0.09149999999999998,0.022810000000000007,0.04515,0.0,0.09676875,0.14914876190476192,0.004706666666666667,0.044131654923091096
2022-11-08,0.09449423076923077,0.05163933333333333,0.163990625,0.06197777777777778,-0.012512444444444437,0.06558749999999999,0.026385714285714304,0.3119,0.11575666666666666,0.23156666666666667,0.0943764972136126
2022-11-09,-0.0016333333333333339,0.04240104166666667,-0.041716666666666666,0.16815000000000002,0.12854416666666665,0.14049999999999999,0.0,0.10115,0.057275000000000006,0.1363125,0.07596365196078432
2022-11-10,0.13924,-0.015346666666666665,0.09074266666666667,0.0256,0.22807666666666665,0.09397777777777779,0.0,0.1029375,0.07009907692307693,0.395275,0.10186078173858662
2022-11-11,0.0,0.22920733333333332,0.14503057142857143,0.12152666666666664,0.3635333333333333,0.3236833333333333,0.19125,0.4192,0.13940928571428574,0.11735999999999999,0.1785183988095238
2022-11-14,0.33846119047619044,0.15431803921568626,0.2268478787878788,0.13368166666666667,0.17417500000000002,-0.030500000000000006,0.11000000000000003,0.3181777777777778,0.053649963369963374,0.03402500000000001,0.1497406005758947
2022-11-15,-0.077225,0.06143933333333333,0.3517728571428571,0.085225,0.20067000000000004,-0.0005166666666666653,0.28788749999999996,0.4939,0.1110225,0.2755,0.15370502721088436
2022-11-16,0.2467555555555556,0.08459633333333334,0.286914,0.026096666666666664,0.16213333333333335,0.111025,,0.27128888888888886,0.020590111111111115,0.2215875,0.14800269005847955
2022-11-17,-0.012758333333333335,0.3145645,0.05206291666666667,0.22872499999999998,0.013486666666666666,0.15380833333333332,0.7096,,0.079858,,0.14098169270833333
2022-11-18,0.0,-0.04537714285714286,0.08606000000000001,0.1782166666666667,0.21403,-0.042666666666666665,0.22467777777777778,-0.13486666666666666,0.314325,0.07875,0.10734877976190477
2022-11-21,0.2596625,0.27855807407407407,0.1497365,0.09881607142857143,0.2576638888888889,0.10607777777777778,0.12416666666666669,0.17433333333333334,0.176582,0.1135875,0.17881388727577752
2022-11-22,0.5108,0.013168666666666657,-0.09503166666666667,0.2433325,0.14337804761904763,0.18368416666666665,0.0,-0.46429999999999993,0.004435,0.0,0.05044260504201681
2022-11-23,0.00645,0.31579107142857143,0.23409204761904762,0.06633333333333334,0.12200089285714286,0.0,0.148,0.22020000000000003,0.17279791666666666,0.17707499999999998,0.16692561755952381
2022-11-25,0.44874166666666665,0.19359101190476188,0.21078200000000002,0.18595733333333334,0.27140749999999997,0.0,0.0,0.3744666666666667,-0.028494999999999993,0.310475,0.2009164927944862
2022-11-28,0.3620833333333333,0.0743681043956044,0.0054785000000000025,0.07735833333333332,0.22978119047619047,0.0073824999999999984,0.2023,0.47812499999999997,0.11486034615384617,0.2553,0.14059860590390003
2022-11-29,0.27205555555555555,0.1366027777777778,0.04276863636363636,0.44982777777777777,0.19279,0.14984999999999998,0.0,,-0.08916533333333333,0.17276666666666665,0.13033507503607503
2022-11-30,0.07626666666666666,0.1702825,0.23829190476190476,-0.05672222222222222,0.212293,0.15221666666666667,0.22732000000000002,0.14885,0.01311,0.16963333333333333,0.14156057997557997
2022-12-01,0.10304666666666666,0.20927238095238096,0.20941666666666667,-0.04439233333333333,0.13513666666666668,0.2927666666666667,0.09205833333333333,0.261275,0.22312349999999997,0.24657500000000002,0.16845038561076606
2022-12-02,0.25708000000000003,0.18623238636363637,0.4195625,0.17621916666666665,-0.05974999999999999,-0.061720000000000004,-0.17,0.1661,0.11171190476190476,0.42545,0.1485758307008307
2022-12-05,0.08415500000000001,0.09044101587301587,0.17767648809523812,0.203775,0.108255,0.08848333333333333,0.0,0.31845,0.06989428571428571,0.20786875,0.12945870509607352
2022-12-06,0.149445,0.088405,0.2873276666666667,-0.10682424242424243,-0.00029799999999999824,-0.28225555555555554,0.18416666666666667,0.25445,-0.043509333333333323,-0.038275,0.05252362794612794
2022-12-07,0.044425000000000006,0.14440833333333333,0.08992190476190476,-0.04018777777777775,-0.10222559523809523,0.2294,,0.33755,0.23023342857142856,0.3615333333333333,0.12652436287477953
2022-12-08,0.1512,0.13137000000000001,0.23570928205128205,0.11402799999999998,0.035644999999999996,0.1554875,-0.064,0.0,0.1236725,-0.11315,0.10211191417378918
2022-12-09,-0.18624,0.30262805555555555,0.12274952380952382,0.0,0.08952083333333336,0.18409999999999999,0.159225,0.4423333333333333,0.12325625000000001,0.09625833333333333,0.11740681862175767
2022-12-12,0.06526666666666667,0.15283816666666666,0.2683230952380952,0.09524611111111111,0.02739974937343358,-0.04855555555555555,-0.1858,0.06743333333333333,0.1580454761904762,0.257975,0.11054990815580619
2022-12-13,-0.06948666666666665,0.1372145238095238,0.15997,0.16308333333333336,0.10544609523809526,0.2734416666666667,0.231275,0.1591,0.1736919642857143,0.1755875,0.15075423558897244
2022-12-14,0.19467222222222222,0.05202604166666666,-0.07237533333333335,-0.041588333333333366,0.33121666666666666,0.312325,0.06363333333333333,0.19386111111111112,0.004423333333333332,0.0,0.10090715277777779
2022-12-15,0.07540100000000001,0.17823125,0.03632,0.3019,0.16280466666666665,0.16564,0.0,0.08631666666666667,-0.04707452380952381,0.40754999999999997,0.1373726678876679
2022-12-16,-0.136945,0.14439666666666667,0.14259,-0.17224374999999997,0.15332666666666667,0.040560000000000006,-0.6249,0.45505,0.15627927083333334,0.365225,0.06993496428571429
2022-12-19,0.17270625,0.16526930402930404,0.05927444444444444,0.0031145238095238057,0.05440266666666667,0.215775,0.08231666666666666,0.16439499999999999,0.012095333333333328,0.27981666666666666,0.11280848127324872
2022-12-20,0.2995333333333334,0.11067500000000001,0.2606875,0.21025030303030304,0.17994277777777778,0.11611249999999998,0.23994166666666666,0.056537500000000004,0.17570416666666663,0.403825,0.21127778093434343
2022-12-21,-0.06918333333333333,-0.10592181818181819,0.010162500000000001,0.029509821428571434,0.11432333333333333,0.4428011904761905,0.16973333333333332,-0.043444444444444445,0.18500171428571427,0.45505,0.10469281214399635
2022-12-22,-0.05013333333333336,0.08360277777777778,0.28356499999999996,0.304898,0.08836666666666668,0.16071249999999998,0.0,,-0.1607637380952381,0.0,0.09761247315592902
2022-12-23,0.30825,0.13844583333333335,0.01591,0.225605,-0.13645833333333332,0.026662500000000006,0.0,,0.07760083333333333,0.45930000000000004,0.11055632716049384
2022-12-27,0.2775666666666667,0.2486590476190476,0.2782805054945055,0.13548,0.139978,0.16019375,0.4253,0.276205,-0.03761832900432901,0.13076444444444446,0.18860212985427272
2022-12-28,0.11483833333333333,0.082875,0.1564,0.09005,0.21901299999999999,0.11909444444444445,0.045533333333333335,0.3975166666666667,0.1082625,0.1366,0.14067262626262628
2022-12-29,-0.007550000000000001,0.16694888888888887,0.04067232142857143,0.05306999999999999,0.15919,0.06812708333333334,0.177325,0.10115,0.17852666666666667,0.015149999999999997,0.10083119465329993
2022-12-30,0.004053333333333335,0.10113514285714284,0.184695,0.12765,0.08413333333333334,0.22560000000000002,-0.1591,0.19424999999999998,0.03314571428571429,0.07731999999999999,0.100221743697479
2023-01-03,0.014722857142857143,0.12878301587301588,0.3416552222222222,0.11866499999999999,0.30938333333333334,0.09898166666666666,0.12765,0.2181625,0.10314374057315234,0.135575,0.16758629086599675
2023-01-04,0.04757777777777781,0.07606457142857143,0.2563148333333333,0.20671166666666665,0.1772375,0.1532611111111111,0.1101,0.1806,0.0344045,0.19968750000000002,0.14465899613899616
2023-01-05,0.13931333333333332,0.25007317460317463,0.1951739285714286,0.03745666666666666,0.157785,0.16421249999999998,0.12264,0.22498333333333334,0.22351533333333334,0.18598333333333333,0.16748629106681434
2023-01-06,0.24178666666666668,0.16846250000000002,0.17038438095238098,0.0906104166666667,0.06390333333333334,0.0252875,0.0,0.063325,0.2956952380952381,0.04500000000000001,0.14864822829131652
2023-01-09,0.33028749999999996,0.18902797619047618,0.29862190476190476,0.10485607142857142,0.19884166666666667,0.26115625,0.12625999999999998,-0.02993333333333333,0.12115619047619046,0.07377666666666667,0.1693365395021645
2023-01-10,0.3496722222222222,0.07869238095238094,0.04492685714285714,0.10436458333333332,0.022093749999999995,0.1914625,0.13396666666666665,-0.032,0.23811809523809524,-0.125,0.11258649122807017
2023-01-11,0.3168708333333333,0.03085833333333334,0.07031666666666667,0.06235198412698413,0.006508666666666668,0.005500000000000005,0.11880208333333334,0.06363333333333333,0.06118666666666667,0.08693333333333335,0.08112866503866505
2023-01-12,0.14119083333333332,0.05809876923076923,0.01637767857142857,0.10104057142857144,0.09081249999999999,0.17307708333333333,0.2011375,0.045325000000000004,0.05665833333333333,0.07840000000000001,0.0945179244399012
2023-01-13,0.43955,0.17136666666666667,0.19871160714285716,0.035879084249084245,0.23456666666666667,0.092725,0.28611,0.033716666666666666,0.100065,0.17223333333333332,0.15714145768761154
2023-01-17,0.25457083333333336,0.23867834285714284,0.053351156862745094,0.15453145181476846,0.26210944444444445,0.2962125,0.21962222222222225,0.1320625,0.2120468095238095,0.21316249999999998,0.20105650062533076
2023-01-18,0.0,0.16645855555555555,0.26213833333333336,0.19996063492063493,0.0990875,-0.07977500000000001,0.16949166666666668,0.02701111111111111,0.2903111428571429,0.2732,0.15201754166666667
2023-01-19,0.103675,0.003884142857142861,0.10573333333333333,0.04082849999999999,-0.056079166666666666,0.0634125,0.15547708333333335,0.10142499999999999,0.06193333333333333,0.16392,0.07365520034843206
2023-01-20,0.05423650793650794,-0.04520333333333333,0.22646966346153846,0.13323033333333334,0.08442533333333332,-0.00526666666666666,0.16671111111111112,0.07016944444444445,0.08620866666666667,0.04252777777777778,0.08164918404245328
2023-01-23,0.12021666666666665,0.2650095238095238,0.17085761363636362,-0.027541999999999994,0.20654000000000003,0.2778439285714286,0.22348888888888888,0.05757333333333333,0.17956273182957394,0.15479666666666667,0.1594773717184375
2023-01-24,0.05256000000000001,0.15604383333333333,0.2444347619047619,0.10409500000000001,0.10296250000000001,0.07233030303030302,0.09344166666666666,0.3297875,0.096371875,0.2369041666666667,0.149288798952985
2023-01-25,-0.02716952380952381,0.12261899999999999,0.2754094444444445,0.11252916666666667,-0.02528223039215688,0.09866666666666667,-0.034964,0.2733111111111111,0.10132107142857143,0.29752,0.11258327997090309
2023-01-26,0.29530700757575756,0.1268466666666667,0.2403446581196581,0.1639548888888889,0.1365,0.05525821428571428,0.0625117857142857,0.015477777777777773,0.09428263492063492,0.13929666666666668,0.1315157138505434
2023-01-27,0.09685466666666664,0.048156190476190484,0.14838457142857142,0.1966775,0.18686666666666665,0.13285555555555553,0.2383,0.0726,-0.0006742171717171671,0.28510833333333335,0.13576991949570896
2023-01-30,0.10398333333333332,0.005581666666666668,0.15157073593073594,0.2407047619047619,0.1680205,0.014504999999999995,0.23793749999999997,0.23276874999999997,0.09540000000000001,0.10766666666666669,0.13186117859782495
2023-01-31,-0.01744888888888889,0.08504280952380952,0.1503165128205128,0.10100416666666667,0.05881083333333333,0.19026137254901962,0.07318333333333334,0.12202500000000001,-0.007113636363636363,0.23127083333333331,0.09434966443181779
2023-02-01,-0.0027821212121212136,0.11876424242424244,-0.12676177777777778,-0.03288888888888889,0.20117269841269841,0.09509999999999999,0.0,0.27355,-0.0685742944317315,-0.02065,0.04480421596214012
2023-02-02,0.13957733333333333,0.18107933333333331,0.23491380952380952,0.19624555555555556,0.2892104166666667,-0.035574999999999996,0.042550000000000004,0.1418125,0.21362416666666667,0.19304166666666667,0.16610930284992784
2023-02-03,0.18137,0.18484371428571428,-0.004061666666666658,0.09459374999999999,-0.07622583333333333,0.34275625,0.004905000000000007,0.10512777777777778,0.03283499999999999,0.39845833333333336,0.12915462868480726
2023-02-06,-0.021887499999999976,0.103168,0.08475555555555556,0.026891666666666668,0.042994000000000004,0.15680555555555556,0.09717321428571427,0.20684476190476192,0.2129575,0.14505333333333334,0.10513270531400966
2023-02-07,0.11177699999999999,0.16558958333333332,0.04661428571428572,0.24303333333333335,0.16193666666666667,-0.0682,-0.06625,0.12235555555555555,0.19244266666666668,0.2514208333333333,0.12433669988925802
2023-02-08,0.0401875,0.09165390476190477,0.11344555555555555,-0.05011333333333333,0.16212100000000002,0.31766666666666665,-0.030666666666666675,0.0,0.11695732142857143,0.26477348484848484,0.08879421771284271
2023-02-09,0.16916666666666666,0.17944758620689655,0.11411057142857144,-0.05814999999999998,0.10157214285714286,0.13476666666666667,-0.060337499999999995,0.1746625,0.238285,0.22701500000000002,0.12228412505597851
2023-02-10,0.10371250000000001,0.1228735,0.20481333333333335,0.13965,0.23876666666666668,0.07024999999999999,0.1101,0.32463333333333333,0.02712500000000001,0.09106666666666667,0.14032184343434342
2023-02-13,0.03994,0.17269157575757577,0.26377666666666666,0.10083333333333333,0.13511,0.084625,-0.003225,0.460725,0.22275932773109242,0.22849583333333334,0.1731196481237123
2023-02-14,0.0,0.2598252121212121,-0.050381999999999996,-0.03980066666666666,0.26553375,0.10818222222222222,0.07543333333333334,0.15886,0.23419848484848482,0.218578,0.12835760042283298
2023-02-15,0.2707366666666667,0.021275000000000002,0.12769444444444444,-0.090834375,0.04327222222222223,0.024716666666666665,0.16294999999999998,0.008577777777777778,-0.010108000000000006,0.221775,0.07918581018518518
2023-02-16,0.02366,0.010996380952380948,0.15230977777777777,0.036686666666666666,0.1532423333333333,0.17239374999999998,0.1724,0.051922222222222224,0.2005134285714286,0.26741458333333334,0.12203650970017638
2023-02-17,0.44631666666666664,0.16939642857142856,0.13352410714285715,0.22298999999999997,0.14245066666666667,0.01935833333333333,-0.009708333333333331,-0.024399999999999998,0.10250909090909091,0.15743333333333334,0.14152878454878456
2023-02-21,0.10222333333333336,0.1366652328042328,0.1501377777777778,0.011424999999999996,0.023423000000000006,0.27334625,-0.04788333333333333,0.17413166666666666,0.12843151515151513,0.10130666666666666,0.10683313685509338
2023-02-22,0.25066388888888885,0.09515219047619047,0.11466400000000002,0.07277375,0.10304866666666668,0.0,0.10975833333333333,0.11827083333333333,0.12160800000000001,0.18041666666666667,0.11119656794425087
2023-02-23,0.14404499999999998,0.026576666666666682,0.17188928571428572,0.13172166666666668,-0.039,0.15670416666666664,0.031662499999999996,0.04297666666666668,0.03845171544715449,0.18067833333333333,0.09012717545665717
2023-02-24,0.0253,0.006670833333333336,0.056115000000000005,0.07184066666666665,0.14276666666666668,0.04507777777777778,0.11215416666666667,0.07655,0.03686866666666666,0.1828375,0.07441012500000001
2023-02-27,0.13425555555555557,0.09393344444444444,-0.03493485714285714,-0.08043142857142857,0.08093285714285714,0.08860625,0.30675,0.12314,0.09049269841269841,0.201942,0.09477315734989647
2023-02-28,0.1230375,0.14169416666666668,0.17347962962962962,0.2048944444444444,0.04354666666666667,0.2218611111111111,0.5106,0.16455,0.2996971428571429,0.250575,0.19455034818228367
2023-03-01,-0.022387500000000005,0.11250033333333334,0.09727708333333333,0.08894666666666666,0.017506000000000004,0.05243571428571429,0.11804333333333335,0.0813,0.197364126984127,0.3955,0.10312393779992618
2023-03-02,0.21000000000000002,0.2561608658008658,0.3273833333333333,0.115554,0.008098333333333341,0.4386833333333333,-0.07884999999999999,0.23394444444444443,0.08521452380952381,0.09106666666666667,0.16250554917950266
2023-03-03,0.005099999999999993,-0.024616666666666676,0.15702291666666668,0.00871666666666666,0.3448833333333334,0.14519583333333333,0.022445,-0.050575,0.23587155555555556,0.03463333333333334,0.10429179738562092
2023-03-06,0.02023,-0.025017666666666667,0.039341,0.11947559523809526,0.06327033333333335,0.20092500000000002,-0.016,0.04136,0.07911199999999999,0.1493875,0.06193678042328043
2023-03-07,0.19317499999999999,0.19175533333333333,0.15844466666666665,0.24231166666666665,0.1826875,0.2940583333333333,0.0595875,0.1101,0.11298444444444444,0.08139666666666667,0.15816050135501356
2023-03-08,-0.1121,0.15966166666666665,0.13579619047619046,-0.021099682539682536,0.057538,0.18509166666666665,0.159,0.237625,0.1042561111111111,0.1713875,0.1128342218350755
2023-03-09,-0.030216666666666663,0.13368,0.25682866666666665,0.07871533333333333,0.14261666666666667,0.0713675,-0.07024999999999999,0.0627125,0.1842137878787879,0.07955,0.10343037157287158
2023-03-10,0.07656333333333333,0.13967999999999997,0.1443116666666667,-0.07800066666666666,0.21540416666666665,0.06575297619047618,0.10500000000000001,0.26161999999999996,0.07595125,0.27644583333333334,0.12803929138321996
2023-03-13,0.09308777777777778,0.04669838095238095,0.15785444444444444,-0.12417107575757576,0.15987071428571428,0.182095,0.15523,0.021646666666666665,0.0012800000000000034,0.3269875,0.08531054514298832
2023-03-14,0.0,-0.04649666666666667,0.21197166666666667,0.06732952380952381,-0.0057173333333333356,0.2430041666666667,0.04250625000000001,0.20270000000000002,0.19093854166666666,-0.004044444444444443,0.09119461843711844
2023-03-15,0.22643333333333335,0.06556166666666667,0.15697464285714285,0.0032664444444444494,0.049330666666666675,0.049375,0.08652545454545454,0.1579425,0.029235238095238092,0.29046875,0.10277590147506815
2023-03-16,0.11239785714285716,0.04275666666666668,-0.04001199999999999,-0.08926583333333334,0.06703,0.331475,0.019611111111111117,0.23317500000000002,0.14404629545454545,0.06018000000000001,0.07634603195100355
2023-03-17,0.12666666666666668,-0.02581300000000001,0.06299166666666667,-0.044051142857142865,0.11496666666666666,0.11593333333333333,0.03888690476190477,0.1994375,0.08625475,0.26052916666666665,0.08517053728070176
2023-03-20,0.157422,0.042434285714285716,0.26259466666666664,0.18894685714285714,0.08144933333333335,0.09899583333333334,0.23766111111111113,0.050725000000000006,0.14146166666666668,0.15540416666666668,0.14011171957671958
2023-03-21,0.037622,0.16304722222222223,-0.03979416666666667,0.15713738095238095,0.126715,0.24655000000000002,0.2112775,0.23500833333333332,0.13824633333333333,0.1955875,0.141831607604282
2023-03-22,0.2878055555555556,-0.03753384615384616,0.1494258333333333,0.10614071428571428,0.030319999999999996,0.2789,0.09775833333333334,0.23206666666666667,0.0671015037593985,0.045533333333333335,0.10825605617753174
2023-03-23,0.25840416666666666,0.08224666666666669,0.08898666666666666,-0.049015833333333335,0.22970000000000002,0.05206666666666667,0.09676875,0.1365,0.18314714285714284,-0.04,0.09949559240362811
2023-03-24,0.31845,0.23365399999999997,0.194102,-0.12290606060606062,0.03990166666666667,0.04340833333333334,0.0,0.17,0.05824785714285714,0.35015,0.1093122566481138
2023-03-27,0.14665079365079364,0.140295,0.0827725,0.060353730158730155,0.14258533333333334,0.1978388888888889,0.044866666666666666,0.06435666666666667,0.14411235897435898,0.20964375,0.12690928980910687
2023-03-28,0.21742916666666665,0.1515307142857143,0.12065333333333335,0.21488999999999997,0.19232833333333335,0.10886249999999999,0.371025,0.148,0.13835555555555554,0.420325,0.20245080382580383
2023-03-29,0.10665833333333334,0.10158033333333334,0.001653888888888891,0.011864833333333338,0.04660333333333333,0.062268750000000005,0.14385555555555554,0.2021888888888889,0.16936055555555557,0.07046250000000001,0.08490712532299742
2023-03-30,0.20591666666666666,0.14340589743589743,0.07989666666666667,0.2659255952380952,0.010243749999999996,0.27377777777777773,0.16655,0.22198333333333334,0.20005523809523806,0.2973625,0.18053790979853482
2023-03-31,0.3276422222222222,0.09687142857142858,0.140608,0.13753333333333334,0.12254583333333335,-0.049244444444444445,0.03988333333333335,0.24450000000000002,0.16056316666666667,0.1426111111111111,0.13650968984962408
2023-04-03,0.1822907738095238,0.1030969022556391,0.014784078947368426,0.10968880952380952,-0.06631133333333333,0.08986041666666666,-0.0824625,0.0333725,0.161144282453179,0.20630625,0.0739885213586239
2023-04-04,0.059763,0.10151000000000002,0.3532869841269841,-0.08716855555555557,0.24954027777777776,0.1314357142857143,0.11621111111111111,0.16390625,0.13161923376623377,0.18112083333333334,0.1374477033320215
2023-04-05,0.049987500000000004,0.10049428571428572,0.07642896103896105,0.04328714285714286,0.07109833333333333,0.038566666666666666,0.28400000000000003,0.10591428571428572,0.09655065789473685,0.21502500000000002,0.09846815805748138
2023-04-06,0.20582000000000003,0.14018933333333333,0.15520730769230767,0.18461666666666665,0.043413,0.04598999999999999,0.1820125,0.11836250000000001,0.31890769230769234,0.4337,0.18235161538461536
2023-04-10,0.1646166666666667,0.1749714652014652,0.10610140880858272,0.03919534090909091,0.14461621212121215,0.18241562500000003,0.1870267857142857,0.07480738095238096,0.20696470021206864,0.20033999999999996,0.1465768928067864
2023-04-11,0.05065,0.056060000000000006,0.12779444444444443,0.0136660989010989,0.026921666666666667,-0.05189166666666667,0.035684523809523805,0.4405625,0.10235799999999999,0.11457999999999999,0.08916063714063714
2023-04-12,0.14808,0.05303880952380953,0.04597833333333333,0.122997,0.06823833333333333,0.07866583333333332,0.23835,0.30305,0.12862800000000002,0.3095111111111111,0.12306122619047619
2023-04-13,0.048183809523809525,-0.044556000000000005,0.12966875,0.11155149874686716,-0.10877142857142856,0.2989,0.039275000000000004,-0.025675,0.06118210714285714,0.20076,0.06758259421419403
2023-04-14,0.029833333333333333,0.16720200000000002,0.26959,0.0697009898989899,0.06407099999999999,0.15686458333333334,0.07955,0.12273333333333332,0.1768144761904762,0.14492333333333335,0.13990959992784993
2023-04-17,0.014846666666666666,0.0461627731092437,0.02010233333333333,0.11156087953216373,0.1516067857142857,0.13842749999999998,0.26335,0.0132375,0.13876309523809524,0.11534375,0.0911351742720214
2023-04-18,0.07117619047619048,-0.004087857142857138,0.08890328282828283,0.16477204761904762,0.07611666666666667,0.11151249999999999,0.175325,0.1513491666666667,0.19258583333333332,0.19269666666666665,0.12220710202327223
2023-04-19,0.1355011111111111,0.13615166666666667,0.2553666666666667,0.25211796778711487,0.16764729411764706,0.142025,0.026311111111111115,0.0643425,0.064984,0.37079333333333336,0.1715048024891775
2023-04-20,-0.020467521367521373,0.14552822222222223,0.1878325,0.0644754761904762,0.26927,0.13680499999999998,0.14271242857142857,0.11643125,0.05354822222222222,0.17551066666666668,0.13059244478361146
2023-04-21,0.23103136363636362,0.16587419047619048,0.18728694505494506,0.08325000000000002,0.19780799999999998,0.2641233333333333,0.03415,0.16019166666666665,0.0639267142857143,0.0,0.14219478731585874
2023-04-24,-0.05479594155844156,0.17231066666666667,0.12139227272727271,0.14087992207792205,0.18835333333333334,0.153190625,0.06069,0.19825333333333334,0.24861911111111112,0.07439423076923077,0.13497125219343303
2023-04-25,-0.052474999999999994,0.10844333333333334,0.18624017857142858,-0.10689439393939396,0.2248107142857143,0.03566631562881563,0.09250857142857143,0.10597666666666665,0.2691452380952381,0.13814857142857143,0.10294509538924433
2023-04-26,0.06129944444444444,0.1274875974025974,0.1776925,0.2549287777777778,0.11632499999999998,0.18273705357142858,0.09669625000000001,-0.045472222222222226,0.144177,0.27358511904761906,0.14335263913485505
2023-04-27,0.11433476190476188,0.020885000000000004,0.11981166666666668,0.2784525,0.12275511904761904,0.18544791666666666,0.08068666666666666,0.1316,0.06720119047619048,0.23303333333333334,0.13138534126984128
2023-04-28,0.13478333333333334,0.23426199999999997,0.3213230327468231,-0.021449523809523807,0.08333809523809524,0.08687708333333333,0.15495,0.5571,0.09088571428571428,0.12479333333333334,0.1601720595246214
2023-05-01,0.07821249999999999,0.09952204761904762,0.12574526315789475,-0.10192933333333334,0.1333652857142857,0.1685145833333333,0.12691666666666668,0.35992222222222225,0.14380077777777778,0.03741,0.10478239343729694
2023-05-02,0.04928500000000001,0.05997466666666666,0.060047559523809524,0.07951561904761904,0.028380666666666655,0.08416666666666667,0.0281,0.08943333333333334,0.08853000000000001,0.20237499999999997,0.0765834074074074
2023-05-03,0.07369583333333335,0.1657171875,0.08669928571428571,0.09840000000000002,-0.027431249999999997,0.12727083333333333,-0.21574000000000002,0.025422222222222218,0.1203030969030969,0.30988333333333334,0.09978815943431568
2023-05-04,0.014380000000000004,-0.0034761904761904743,0.14086928571428572,0.05622666666666667,0.11522000000000002,0.39569166666666666,-0.018349999999999998,0.08717375000000001,0.07925276984126985,0.11801555555555555,0.09280912968975469
2023-05-05,0.4123666666666666,0.04584933333333334,0.09149499999999999,0.3775666666666667,0.08080000000000001,-0.212675,0.0,0.1857466666666667,0.02638761904761905,0.1949791666666667,0.11552393728222997
2023-05-08,0.11468166666666665,0.028325238095238098,0.12870394397759105,0.02640666666666667,0.06979916666666668,0.10258333333333333,0.3006375,0.11322666666666667,0.14561942857142857,0.24516666666666667,0.11491567545199897
2023-05-09,0.09423,0.14326366666666668,0.30604,-0.15168333333333334,0.12962916666666668,0.2561833333333334,0.0,0.2023,-0.011715705128205127,0.11660178571428571,0.10454493663993664
2023-05-10,0.14220888888888888,0.019289333333333335,0.022064999999999998,0.02045904761904762,0.07531833333333333,0.08935,0.2023,-0.035124999999999997,0.1301725,0.19761333333333334,0.07837182152535811
2023-05-11,0.2863142857142857,0.11976166666666666,0.30933714285714287,-0.06996166666666667,0.38562777777777785,0.10876666666666666,0.19445666666666667,0.04404,0.029051988636363633,0.29835833333333334,0.16494891699385886
2023-05-12,0.23821875,0.0833939090909091,0.04727333333333334,-0.0048200000000000074,0.11914000000000002,0.0924,0.148,0.31845,0.10415625,0.12914375,0.10736410774410775
2023-05-15,0.05061566666666667,0.028292820512820515,0.13916320202020202,-0.11974685714285713,0.12004095238095239,0.14210833333333334,0.12831428571428571,0.3072958333333333,0.18090694805194804,0.2668166666666667,0.1168370464921552
2023-05-16,0.07770833333333334,0.05297818181818183,0.0683,0.037427809523809516,0.0589225,0.05296666666666667,0.1517777777777778,0.11315,0.13127666666666665,0.24885000000000002,0.09512416555666557
2023-05-17,0.07372604166666667,0.05786189393939394,-0.07602822222222225,0.06391749999999999,-0.08281388888888888,0.083225,0.2997,0.11333333333333334,0.15643627272727273,0.1247375,0.05410486975013291
2023-05-18,0.057516666666666674,0.2696971527777778,0.1637454166666667,0.05973800000000001,0.1021825,0.024666666666666667,0.0409375,0.055889583333333326,0.12584166666666668,0.17556666666666665,0.1093340062830688
2023-05-19,0.25138666666666665,0.08270931121166415,0.05164500000000001,0.07499166666666668,0.062375,0.0947,0.14049999999999999,0.0,0.2679575,0.1827,0.12100064306812468
2023-05-22,-0.0337552380952381,0.06980856060606061,0.17863541666666666,0.05849142857142857,0.030735000000000002,0.2014407738095238,0.12097666666666666,0.159,0.02564610622710623,0.21959,0.10012657469424514
2023-05-23,0.04056875,-0.031125238095238095,0.09748875000000001,0.12882666666666667,0.16353333333333334,0.21075,0.14597333333333332,0.08045,0.23763,0.2732,0.11722812097812098
2023-05-24,0.08068333333333334,0.03254533333333333,-0.006775892857142862,0.014238666666666669,-0.03209,0.08568650793650794,0.04517500000000001,0.2897,0.05244111111111112,0.1728,0.05706499612853271
2023-05-25,0.25936000000000003,0.0985875,0.06481822222222222,0.10947499999999999,0.110065,0.16720000000000002,0.07287066666666667,0.059500000000000004,0.29961703920193283,0.04933333333333333,0.12177413757205142
2023-05-26,0.2987266666666667,0.10132208333333334,0.20208666666666666,0.04496833333333334,0.10464,0.1991,-0.012211111111111112,0.3235,0.15314178861788616,0.16836666666666666,0.1477176914848096
2023-05-30,0.004470833333333337,0.09044941558441558,0.154775873015873,-0.0051121904761904785,0.308225,0.08737291666666666,0.20125777777777776,0.15797,0.12788968593833067,0.11341666666666667,0.12435119822915876
2023-05-31,0.12067499999999999,0.13384214285714285,0.23043500000000003,0.056423714285714285,0.14073333333333332,0.1029875,0.15469999999999998,0.2308,0.09603808138238573,0.3891,0.14319940898232203
2023-06-01,0.13070833333333334,0.15029452380952382,0.20461583333333336,0.045123636363636366,-0.06024047619047619,0.13343833333333333,-0.007686999999999994,0.15113333333333334,0.18265175675675677,0.10717333333333334,0.10150591568150079
2023-06-02,-0.04419102564102564,-0.027677500000000004,0.005070454545454543,-0.10755714285714287,0.11968571428571428,0.20827440476190476,0.24721785714285713,0.043,0.061572571428571435,0.2436,0.05272859589971433
2023-06-05,0.10338833333333333,0.09537199999999998,0.10365500000000001,0.06526444444444444,0.0538,0.09764285714285714,0.1798,0.11005555555555556,0.08547274025974026,0.20406500000000002,0.10708721254755345
2023-06-06,0.2286625,0.13015166666666667,0.011694222222222217,0.30676733333333334,0.22018095238095237,0.24486666666666665,0.14220000000000002,0.13066666666666665,0.03868276190476191,,0.15410860229276896
2023-06-07,0.25762833333333335,0.12405166666666667,0.10962916666666667,0.19555499999999998,0.27308166666666667,0.165325,0.16094999999999998,0.4215,0.162552,0.4035166666666667,0.2068547807017544
2023-06-08,-0.03750555555555555,0.13284144444444446,0.04500952380952381,0.06422833333333333,0.277517,-0.03748333333333334,-0.010666666666666666,0.030764999999999997,0.14572566233766235,0.15345999999999999,0.08635965499147318
2023-06-09,0.24594583333333336,0.06755047619047619,0.05843857142857142,-0.023430681818181812,0.004165000000000002,-0.03373611111111111,-0.064,0.18206666666666668,0.14626522807017545,0.28452083333333333,0.09407162597636282
2023-06-12,0.053444444444444454,0.06510400000000001,0.02807,0.07218,0.23573266666666665,0.15180625,0.016700000000000007,0.10699999999999998,0.1498266666666667,0.018958333333333327,0.0966513888888889
2023-06-13,0.08468541666666667,0.17883333333333334,0.07370333333333334,0.15847242424242425,0.04371666666666668,0.12430000000000001,0.286275,0.0,0.1205712324929972,-0.03917333333333333,0.10830503760489396
2023-06-14,0.2643833333333333,0.04518861111111111,0.11644666666666666,0.06759333333333334,0.24843333333333337,0.12919499999999998,0.3727666666666667,0.15375,0.19484009730207874,0.4089583333333333,0.17532414882093186
2023-06-15,0.09067833333333335,0.06472571428571429,0.07012933333333334,0.24040833333333333,-0.11705555555555557,0.19909166666666667,0.09620999999999999,0.14985,0.15833288227901132,0.037783333333333335,0.10902419800373717
2023-06-16,0.23609333333333332,-0.009490000000000004,0.09272,0.11667666666666668,0.05470166666666667,0.1927464285714286,0.2356,-0.16966666666666666,0.18021966304347825,0.45226666666666665,0.14351139240424432
2023-06-20,0.10486200000000001,0.07052604761904761,0.10417000000000001,0.10500483333333333,0.09963785714285714,0.12289155844155844,0.07100000000000001,0.0,0.12193918439716311,-0.1907875,0.07984978205305333
2023-06-21,0.24639999999999998,0.124376,0.06489,0.14661625,0.18890933333333335,-0.13626869047619047,0.23188750000000002,0.0,0.016278266666666662,0.28050555555555556,0.11594679242979243
2023-06-22,0.32592,0.048960000000000004,0.017789040404040408,0.08097738095238094,0.16299999999999998,0.008062500000000007,0.07558333333333332,-0.00045499999999999984,0.15147666666666665,0.289875,0.11724140131473465
2023-06-23,0.07922499999999999,0.040110761904761906,0.08087,-0.04753666666666667,0.17212333333333332,0.0883625,0.024666666666666667,0.11247666666666664,0.14894539682539681,0.19664166666666666,0.08571050716221448
2023-06-26,0.12835722222222223,0.16494380952380952,0.054577999999999995,0.1307649696969697,0.11287116666666666,0.21286190476190478,0.156225,0.19596249999999998,0.1377900808080808,0.31494666666666665,0.15062504663986806
2023-06-27,0.176568,0.08064133333333333,0.045317777777777776,0.25288,0.14413541666666668,0.03852777777777778,0.02904,0.25043125,0.1905178888888889,0.039165000000000005,0.12248044444444443
2023-06-28,0.06239375000000001,0.165632,0.13081500000000001,-0.1400429696969697,0.13013500000000003,0.09438333333333333,0.2566125,0.14466666666666667,0.0656367017487534,0.09106666666666667,0.09523859812629706
2023-06-29,0.05051666666666666,0.015464666666666672,0.10120738636363637,0.06751803418803419,0.22369500000000003,0.0595875,0.04678666666666668,0.23190000000000002,0.07885864285714286,0.11175000000000002,0.09449468781849464
2023-06-30,-0.05664444444444444,0.12457510989010989,-0.017310333333333337,-0.0069758333333333365,-0.009531666666666664,0.1541875,-0.1858,0.018575,0.06577462365591398,0.21216999999999997,0.04770429677390535
2023-07-03,0.17684,0.10423285714285715,0.19724133333333332,0.054919295815295824,0.07684133333333334,0.11665541666666666,0.03777777777777778,0.273965,0.31203661904761903,0.18412777777777778,0.15718698899291922
2023-07-05,0.30061666666666664,0.09077628571428573,0.07835082417582417,0.15147805555555555,0.26856666666666673,0.2663625,0.30333333333333334,0.28352222222222223,0.20464952380952378,0.3966,0.21781098221916975
2023-07-06,0.14407333333333333,0.05473309523809524,0.1473395238095238,0.10501095238095237,0.3386541666666667,0.04725,0.10379374999999999,0.09404666666666665,0.025022261072261076,0.20498,0.11948188396748179
2023-07-07,0.14504083333333334,0.15502208333333334,-0.005559047619047611,0.09139533333333334,0.09331,-0.04826874999999999,0.13412,-0.0848125,0.04307749999999999,0.24284444444444445,0.06928426020408163
2023-07-10,0.047412499999999996,0.03842547619047619,0.15166300000000002,-0.014426333333333336,0.08897238095238096,0.050814285714285715,0.3281,0.2540166666666667,0.11474909409888359,0.19278000000000003,0.10986941029521857
2023-07-11,0.135745,0.1362295,-0.04340309523809523,0.10310166666666667,-0.06395333333333333,0.1572675,0.08631,0.1909,0.08541649450549452,0.2601716666666667,0.0922247234015984
2023-07-12,0.10722533333333333,0.1835934090909091,0.09579004761904762,0.059062666666666666,0.3067033333333334,0.03338333333333333,0.09811,0.1755,0.13341828571428574,0.09106666666666667,0.13436950317124735
2023-07-13,0.10935833333333334,0.2295208901098901,0.21197714285714286,0.030007500000000003,0.10354166666666667,0.10622916666666667,0.0,0.13089583333333332,0.15576666666666666,0.09132499999999999,0.12036237117049618
2023-07-14,0.18950686274509804,0.16024290909090907,0.06061728205128205,0.03388411111111111,0.06304666666666667,0.03381666666666667,0.0,0.0416875,0.1338133846153846,0.19321666666666668,0.09659748046642899
2023-07-17,-0.07930581196581196,0.05573381818181818,0.18221383333333332,0.07322827568922306,0.054232,0.013412500000000004,0.15400000000000003,0.20958133333333331,0.12737413186813187,0.0937375,0.08827584227111421
2023-07-18,0.1530321212121212,-0.011740238095238092,-0.02955733333333333,0.19871886363636365,0.12676,0.27757916666666665,0.20166,0.09172583333333334,0.29651381159420287,0.34643333333333337,0.15637948097979526
2023-07-19,0.23444166666666666,0.194206,0.0264,0.12893449603174603,-0.011843333333333322,0.2573616071428571,0.0,0.24448750000000002,0.18819125,0.30820000000000003,0.1439768641565153
2023-07-20,0.017475,0.11455514285714286,0.10256666666666667,0.2104359090909091,0.030611111111111124,-0.03149999999999999,0.17839166666666664,0.11595933333333333,0.10601680069930071,0.38201111111111113,0.11533654891194665
2023-07-21,0.11467166666666667,0.0044273333333333335,0.04679801449275363,0.15446666666666667,-0.04343878787878787,0.09700625,-0.04404,0.2539166666666667,0.07916042424242424,0.011899999999999994,0.058731776021080366
2023-07-24,0.07067666666666667,0.06266733333333332,0.19855,0.16986400000000001,0.127539,0.24569375,0.12756785714285715,0.29508333333333336,0.15620518181818183,0.24929333333333334,0.16709823322510822
2023-07-25,0.07223533333333333,0.11412171428571427,0.176776,0.1273908888888889,0.06899233333333335,0.07838301270417423,0.14455173160173157,0.05301,0.03563980952380953,0.156856,0.10243436195935458
2023-07-26,0.20950433333333335,0.21024898245614035,0.121866,0.12299733333333333,-0.02447200000000001,-0.04916708333333332,0.13931,0.10773666666666668,0.1058206993006993,0.5046333333333334,0.1353435288864542
2023-07-27,0.10490833333333334,0.23479305555555555,0.07770777777777778,0.1327895238095238,0.32027897321428567,0.2772808333333333,0.02511875,0.15286,0.16404536652441915,0.02936857142857143,0.14801281188895662
2023-07-28,0.34483958333333337,0.12308928571428572,0.33512833333333336,0.14326577380952382,0.05418366666666667,-0.06457500000000001,0.2732,0.3384466666666667,0.25368613422291997,0.033716666666666666,0.17916602273024596
2023-07-31,0.17648914772727273,0.10254727777777776,0.297744619047619,0.05050445887445888,0.16974777777777778,0.09623326086956521,,0.1661,0.21968652777777775,0.3491,0.1793376326991319
2023-08-01,0.3187077142857143,0.12376933333333331,0.186396,0.095255,0.3864520833333333,0.11391269230769231,0.2106,0.19870000000000002,0.2341909411764706,0.13840999999999998,0.20240395560322033
2023-08-02,0.21726499999999999,0.05689160714285714,0.084035,0.010317142857142868,0.21625625,0.059920882352941185,-0.02742250000000001,0.25638,0.000148382657410788,0.15377000000000002,0.1016167402299084
2023-08-03,0.02804809523809525,0.007996333333333333,0.03585599999999999,0.08387333333333333,0.1759028888888889,0.21526333333333333,0.07200000000000001,0.052636666666666665,0.05951065897065897,0.165855,0.08472733791818898
2023-08-04,0.09742166666666667,0.09783,0.03255416666666666,0.09885999999999999,0.021955333333333334,0.11741249999999999,,-0.065405,0.13261083333333334,0.107508,0.07101792635658914
2023-08-07,0.14258600000000002,0.050967666666666654,0.13165883333333334,-0.0916335,0.15223933333333334,0.100275,0.2023,0.16573333333333334,0.04402809523809524,0.20003500000000002,0.10035773809523808
2023-08-08,0.18094166666666667,0.1526161904761905,0.3055979166666667,-0.2141286666666667,0.23590333333333333,0.031840625,0.0258,0.0,0.1439154761904762,-0.08508055555555556,0.09290803451178452
2023-08-09,0.10282833333333333,0.09112073684210527,-0.019293333333333336,0.05808266666666667,0.29601533333333335,0.16573222222222223,0.21476666666666666,-0.0843,0.13503700000000002,0.40165,0.11284338137009191
2023-08-10,0.0647125,0.18546059523809522,0.25516,0.130885,0.22905333333333333,0.13144444444444445,0.04404,0.39009,0.045929647058823526,0.11674000000000002,0.1590169528478058
2023-08-11,0.12557708333333334,0.11004345299145299,0.12986305494505496,0.21250833333333333,0.030164999999999997,0.10051000000000002,0.3703,0.3044,0.17262333333333332,0.22503333333333334,0.1479488387635756
2023-08-14,0.0014395833333333274,0.0987442857142857,0.21594444444444444,0.0712216923076923,0.233305,0.07925,0.2635722222222222,0.06265833333333333,0.17087068542568543,0.5099333333333333,0.15517194402089138
2023-08-15,0.14242083333333333,0.06022467171717172,0.051565714285714256,-0.10932935897435898,0.033176666666666674,0.1572125,0.057445,0.08895,0.1666312857142857,0.05528888888888889,0.06708377548994215
2023-08-16,0.11757,0.13484363025210083,0.10752708333333333,-0.01868285714285714,-0.030112499999999993,0.22486874999999998,,0.2380375,0.0820019191919192,0.376525,0.11823675775892495
2023-08-17,0.06904,0.0411505303030303,0.06477430769230769,0.07270583333333333,-0.030089999999999995,0.045495238095238096,0.133335,0.23189833333333332,0.08850984126984127,0.3325166666666667,0.10262067256620448
2023-08-18,0.19328125,0.04360516666666667,0.17154114285714286,0.15244466666666667,0.1804375,-0.064025,0.06535,0.16151666666666667,0.22680458333333334,0.142075,0.12649008458646618
2023-08-21,0.06286857142857143,0.06403433333333333,0.2158884375,0.05505095238095239,0.0746832857142857,0.15220888888888887,0.025264285714285722,0.2223125,0.06894101458885941,-0.09517333333333332,0.07712660603405215
2023-08-22,-0.007084999999999994,0.08814309523809523,0.009210357142857145,0.011320000000000007,0.06502083333333333,0.23494375,0.018858333333333335,0.3353333333333333,0.06127754761904762,0.13935,0.08692610260770975
2023-08-23,0.12911574074074075,0.1601713095238095,0.2803123015873016,0.19038404761904765,0.14627238095238096,0.17399,0.0,0.0,0.22356681385281388,0.21647333333333335,0.17663835525585525
2023-08-24,0.14478888888888888,0.07782100000000002,0.07053066666666666,0.01989833333333333,0.13347333333333333,0.16195,0.143175,0.06904,0.1371755902921555,0.16028541666666668,0.1074600655880173
2023-08-25,-0.03360833333333334,0.0928115,0.08052499999999999,0.045538,0.095507,-0.09106625,0.3084222222222222,0.05138333333333333,0.09899676595744682,0.17226666666666668,0.07464923801080715
2023-08-28,0.10632333333333333,0.059939428571428574,0.23042613636363635,0.1302049393939394,0.12009391025641027,-0.125725,0.28123333333333334,0.24765,0.22402578244450586,0.04334583333333333,0.1315978668625363
2023-08-29,0.20278541666666663,0.16116666666666665,-0.03551772727272726,-0.023333333333333327,0.11018166666666666,0.08001547619047618,0.0,0.16419999999999998,0.22570585714285712,0.2958125,0.11882351634476634
2023-08-30,0.10524555555555555,0.07675733333333332,0.12544338624338625,-0.063848,0.07639375000000001,0.011183333333333328,0.3443777777777777,0.1784,0.1401391690009337,0.23370000000000002,0.11169125448424984
2023-08-31,0.13432666666666668,0.21223504761904763,0.11785625000000001,0.10901238095238094,0.15754791666666668,0.10688333333333334,0.22485,0.3170225,0.16086179365079364,0.23885499999999998,0.17717987654320988
2023-09-01,0.023975,0.299375,0.2922833333333334,0.12267708333333334,0.09831733333333334,0.22344583333333334,0.36748749999999997,0.20025999999999997,0.2335971428571429,0.1807375,0.20250904761904762
2023-09-05,0.40598999999999996,0.099190101010101,-0.023649047619047632,0.09534762820512821,0.004248071428571423,0.17169583333333335,0.07955000000000001,0.10911500000000002,0.24934872857142856,0.1665,0.13631757075247986
2023-09-06,0.19343333333333332,0.07941000000000001,0.2502890476190476,0.3549952380952381,0.24853333333333333,0.08136666666666666,0.12696000000000002,0.32030000000000003,0.12780693333333332,0.25331272727272724,0.19793640203274984
2023-09-07,0.09237666666666666,0.09780496031746033,0.201440625,0.2753817777777778,-0.18949333333333332,0.26799166666666663,0.08288333333333334,0.02266666666666667,0.12453311111111112,0.30884999999999996,0.12621511375661376
2023-09-08,0.15918666666666667,0.1939636111111111,0.12023428571428571,0.07652928571428572,0.223346,0.09179444444444444,0.11295833333333334,0.021000000000000005,0.06768724164724164,0.1909516666666667,0.1297980533536512
2023-09-11,0.10407291666666668,0.05443902777777778,0.16682555555555556,0.12747606837606837,0.163808,0.12076624999999999,0.16076,0.200166,0.24204233695652172,-0.054333333333333324,0.12927656131936702
2023-09-12,0.046933333333333334,0.12049419642857144,0.02712199999999999,0.17024219047619046,-0.027570000000000004,0.13254208333333334,0.0502375,-0.19063333333333332,0.0821503,0.18394999999999997,0.06286906916099773
2023-09-13,0.05575,0.13031805555555556,0.09829861111111111,0.05842633333333334,0.06233333333333333,0.07921357142857142,0.046725,0.068725,0.3583823809523809,0.20229999999999998,0.1269149545102594
2023-09-14,0.19547777777777778,0.031052380952380953,0.12299133333333331,0.22792318181818183,0.1928733333333333,0.12057499999999999,0.068475,0.0502375,0.20816274074074076,0.21654,0.1434857955092046
2023-09-15,-0.0720625,0.26842750000000004,-0.018210000000000004,-0.011302380952380942,-0.00022416666666666765,0.09773333333333332,-0.14349375,0.2822766666666666,-0.005357372311827957,0.27118333333333333,0.0864065700943322
2023-09-18,0.11529166666666667,0.14474454545454546,0.06631644444444444,0.17156977777777777,0.06190133333333333,0.1739951388888889,0.07109499999999999,0.02626666666666667,0.16021608956560682,0.11584444444444446,0.11375817461474638
2023-09-19,0.1097,0.10674383333333334,0.10774226923076924,0.05183452380952381,-0.0036900000000000045,0.15281488095238094,0.0,0.31955,0.10158604166666667,0.3801666666666667,0.12546520850503665
2023-09-20,0.19751666666666665,-0.099409,0.00421363636363636,0.08844666666666667,-0.13674999999999998,0.05431111111111111,0.033716666666666666,0.4331875,0.007740539682539685,0.17329166666666668,0.057681833874458875
2023-09-21,0.027776666666666665,0.03870047619047619,0.1825041666666667,0.09911066666666667,0.13232666666666665,0.18413755952380956,0.0643,0.19239583333333332,0.16374129166666668,0.15869333333333333,0.12163251617494823
2023-09-22,0.02184,0.18668655555555555,0.2148235,-0.013697999999999998,-0.088378125,0.2612083333333334,0.16592500000000002,0.24830000000000002,0.07608785714285715,0.135575,0.11046790517961572
2023-09-25,-0.038147500000000015,0.11251558333333334,0.2235703125,-0.04374133333333332,0.11967916666666667,0.2287125,0.021937500000000016,0.060276666666666666,0.08762502442002443,0.2685666666666667,0.09738452671666958
2023-09-26,0.15773333333333334,0.16197866666666666,0.14016047619047617,0.15942961904761904,0.17372738095238094,0.22768333333333332,0.1366,0.10410000000000001,0.0078109523809523854,0.16045,0.14224166085946574
2023-09-27,0.10606666666666666,-0.081658,0.12195466666666668,-0.06546261904761905,0.03219444444444444,0.21269416666666668,0.11567333333333334,0.203075,0.09492666666666666,-0.047461333333333335,0.06290280844155845
2023-09-28,0.2556989285714286,0.13955326923076924,0.14521333333333333,0.052075952380952396,0.20262000000000002,0.036730952380952385,0.1582875,0.4616,0.026617282051282064,0.08023055555555555,0.14417296887866657
2023-09-29,0.4074125,0.14801717794486216,0.20374866666666666,0.2011966666666667,0.1569916666666667,0.1973527777777778,0.0,0.21230000000000002,0.06855467532467532,0.5170020000000001,0.2277112829190493
2023-10-02,0.264206,0.13934402597402598,0.27356761904761906,0.226722,0.04243533333333334,0.18882208333333333,0.21659,0.26913750000000003,0.19900840626040625,0.2255390476190476,0.20351876030219782
2023-10-03,0.03751666666666668,0.438986,0.251305,0.20961395833333335,0.2412125,0.13251333333333332,0.2141392857142857,0.2331,0.22585491452991455,0.18224500000000002,0.22427631590014924
2023-10-04,0.22350476190476187,0.12356316666666667,0.23206363636363636,0.13839444444444446,0.21153333333333335,0.06546041666666666,0.007488888888888878,0.169775,0.1256866153846154,0.14616666666666667,0.1459766592595439
2023-10-05,0.09797083333333334,0.23119666666666666,0.26516541025641027,0.13759771428571427,-0.02732,0.12631399999999998,0.16304583333333333,0.2085125,0.2026510256410256,0.20692166666666667,0.16432905372405374
2023-10-06,0.14598333333333335,0.17160999999999998,0.10032153846153846,0.18541166666666667,0.17976333333333333,0.00724583333333334,0.2289,0.18730000000000002,0.10867615384615384,0.17071,0.14514004807692307
2023-10-09,0.16567333333333334,0.04114896428571429,-0.1442775800865801,0.2001148717948718,0.3774533333333333,-0.05061933333333335,0.02629999999999999,0.21775,0.14058309622541204,0.007808333333333336,0.10185252157590133
2023-10-10,0.3023375,0.19672936507936506,0.15345555555555557,-0.03967202380952381,0.023369333333333332,0.12460507936507936,0.105375,0.07514999999999998,0.10809745054945055,0.30548000000000003,0.13118418628990058
2023-10-11,0.3545875,0.07774350000000001,0.14869879227053143,0.039098,0.06810785714285714,0.1873086666666667,0.34478888888888887,0.0,0.18895355363155364,0.07206666666666665,0.13715515607062234
2023-10-12,0.07861,0.13015219047619048,0.27656000000000003,0.08051754545454545,0.1511452380952381,0.18486979166666667,0.19661875,0.33874666666666664,0.11261591666666668,0.24093124999999999,0.17928123997113998
2023-10-13,0.130325,0.05699309523809524,0.015388333333333325,0.0165771568627451,0.09653125000000001,0.04233173076923077,0.34275555555555554,0.26335,0.18431361904761906,0.46344,0.15365588484924927
2023-10-16,0.08390416666666667,0.16240644444444446,0.2676203703703704,0.1299612,0.10096399999999998,0.1360306666666667,0.21284166666666662,0.13651125,0.17503228571428572,0.10710625000000001,0.14589408748615726
2023-10-17,-0.042666666666666665,0.06277555555555556,0.18700714285714284,0.1625538888888889,0.11459,0.10806666666666666,0.2812958333333333,0.061446874999999984,0.0937248395721925,0.20010833333333333,0.12431334183710438
2023-10-18,0.07049444444444444,0.11370530303030302,-0.03676935897435897,0.04030190930037704,0.10101227272727273,0.056737023809523814,-0.06501,0.160425,0.04635181276088253,0.1298875,0.05442279878643941
2023-10-19,0.2992814814814815,0.10007633333333332,0.20641363636363635,0.226762,0.24988571428571432,0.12548642857142855,0.06947,0.008013928571428568,0.12008064102564102,0.1417,0.15532946539370454
2023-10-20,0.08509575757575757,0.12070833333333333,0.1062827067669173,0.09776,0.12799214285714283,-0.0023103333333333365,-0.100475,0.241595,0.13199328502415458,0.187475,0.09753735047771843
2023-10-23,0.032507499999999995,0.19899564102564102,0.02766515151515152,0.05908125,0.11105400000000003,0.18772410256410257,0.12213555555555555,0.31497777777777775,0.1526612962962963,-0.11246874999999999,0.10805760151371262
2023-10-24,0.16183968253968253,0.112581,0.2220561428571429,0.2159,0.13923100000000002,0.2921531739130435,0.23628392857142855,0.2987,0.17313506493506492,0.18233194444444445,0.20424639464745054
2023-10-25,0.21609290476190476,-0.011356666666666657,0.21918409090909094,0.1656780303030303,0.09260666666666666,0.12552500000000003,0.15309999999999999,0.23711666666666667,0.17879948830409356,0.15265,0.14548336569689013
2023-10-26,0.23044636752136752,0.12478666666666667,0.11744455677655677,0.200467,0.21944266666666667,0.14037742857142857,0.14254583333333332,0.136984375,0.16602576470588234,0.34320285714285714,0.18210805915421724
2023-10-27,-0.08707111111111111,0.22474714285714287,0.1153603448275862,0.06731041666666666,0.21558509090909092,-0.056301333333333335,0.0193,0.124825,0.18316566651739066,0.31068253968253967,0.11924551708827572
2023-10-30,0.20561333333333334,0.13712717948717948,0.09938192640692642,0.1711625,0.11819666666666669,0.17662115384615384,0.16892000000000001,0.23475854545454547,0.04715639493839494,0.168775,0.15154181210262607
2023-10-31,0.169986,0.15249566666666667,0.2289777857142857,0.09761041666666666,0.13033765789473684,0.13188476190476192,0.0,0.14698888888888892,0.13141527893738142,0.08698,0.134200320202784
2023-11-01,0.11895333333333333,0.16190003174603174,0.12169833333333333,0.10302500000000002,-0.04229,0.12493000000000001,0.234248,0.06804444444444445,0.12930382677708765,0.12786,0.12456377180186963
2023-11-02,0.055745,0.13122644444444445,0.08782882352941176,0.174492,0.26295560897435893,0.22219433333333333,0.12835,0.22148833333333334,0.2389964,0.23826387301587298,0.1743597902307677
2023-11-03,0.16156,0.10445476190476191,0.17216874999999998,0.20951,0.14101904761904763,-0.05716666666666665,0.18189999999999998,0.26733,0.21575133333333332,0.055017857142857146,0.1543978511904762
2023-11-06,0.044464000000000004,0.05209541269841271,0.16953819047619048,0.049264444444444444,0.13303233333333334,0.14194933333333334,0.3517333333333334,0.22421875,0.22645798701298703,0.21718125,0.15010453274985885
2023-11-07,0.19890416666666666,0.23063688888888886,0.21870666666666666,0.15867222222222221,0.09513666666666667,0.08329666666666667,0.021375,0.34874444444444447,0.39324919191919194,0.242475,0.19988334295334295
2023-11-08,0.150984,0.04676025641025641,0.11507770833333333,0.11180357142857143,0.06423750000000002,0.11944666666666667,0.0129,-0.06480666666666667,0.06958883333333334,0.14740666666666666,0.0823744681600451
2023-11-09,0.2809704761904762,0.1536957456140351,0.08300975757575758,0.013202222222222226,0.16719466666666666,0.28497083333333334,0.0016125,0.18625625,0.2659849523809524,0.318625,0.17038938747964186
2023-11-10,0.11834,0.15397983333333334,0.09194380952380951,0.12510833333333332,0.09001333333333333,0.0669125,-0.01766666666666668,-0.17659999999999998,0.28963897101449276,0.3923625,0.11507700177841482
2023-11-13,0.141675,0.1583583043478261,0.18756133333333333,-0.14028696103896104,0.11724777777777777,0.00865,0.14565833333333333,0.150905,0.20040822222222224,0.12235000000000001,0.1075096109903048
2023-11-14,0.07945,0.09704933333333335,0.30291250000000003,0.09372428571428572,0.08892375,0.06779541666666666,0.18222222222222226,0.24080000000000001,0.28954016614420064,0.39180000000000004,0.170008439440336
2023-11-15,0.14355,0.16348717948717947,0.1020125,0.16519444444444445,0.13674666666666666,0.13190119047619048,0.34663333333333335,0.3395,0.083468455988456,0.0,0.1525094488094488
2023-11-16,0.007422222222222225,0.023067999999999998,-0.139534375,0.041166666666666664,0.02616,0.121466,0.0502375,0.17629,0.11617035714285714,0.27993999999999997,0.07110498338870432
2023-11-17,0.0,0.09827666666666666,0.18450238095238095,0.10679400000000001,0.08282916666666668,0.21380249999999998,0.24135,-0.008862499999999999,0.179386,0.14132499999999998,0.13933992559523808
2023-11-20,0.16243,0.07470633766233767,0.04679375,0.009325999999999997,0.171025,0.035064583333333336,0.3876833333333334,0.13160833333333333,0.25552156028368794,0.1366,0.1345990525950438
2023-11-21,0.09305000000000001,0.040823020833333334,0.14326642857142857,0.09396,0.12119250000000001,0.09502933333333334,0.05505,0.18286666666666665,0.18085761695906433,0.026019999999999998,0.10232664232505868
2023-11-22,-0.030606666666666657,0.03509818181818182,0.12154285714285715,-0.09341377777777778,0.14834,0.164285,0.27741666666666664,-0.02435555555555555,0.13237633333333335,0.21307333333333334,0.08336975891317355
2023-11-24,0.08878266666666668,-0.06559355555555554,0.14711785714285713,0.06903659722222223,0.038858,0.2012528409090909,0.03291875,0.10711666666666668,0.13156284511784513,0.061225,0.0775721851684061
2023-11-27,0.11505416666666667,0.14744407142857144,0.15175666666666668,0.078115,0.21328,0.04855,0.014233333333333334,0.0008176282051282069,0.17841986928104575,0.2371375,0.1146689972798899
2023-11-28,0.12607666666666664,0.140538,-0.025393,0.09140444444444444,0.11145833333333333,0.03441562499999999,0.19914444444444443,0.28578333333333333,0.18442642857142857,0.0683,0.10989463972431078
2023-11-29,0.035144,0.0840275,0.055535833333333326,0.10391937500000001,0.09941833333333334,0.1176311111111111,0.1496722222222222,0.163095,0.23270607142857141,0.17829166666666665,0.11759689574314575
2023-11-30,0.25150833333333333,0.06677722222222222,0.15461666666666665,0.23813666666666666,0.07882499999999999,0.09222749999999999,0.100475,0.10236250000000001,0.10359604761904762,0.37716666666666665,0.14693550414862913
2023-12-01,0.06785833333333334,0.20134285714285716,0.09429166666666666,-0.0009575,0.0,0.046950000000000006,0.1545375,0.23418,0.0867607843137255,0.33631666666666665,0.11300913375350141
2023-12-04,0.11295916666666667,0.10002045454545454,0.03412666666666667,0.1254970138888889,0.063808,0.16031380952380953,0.0,0.2624875,0.1896239551820728,0.3710333333333333,0.14283754028810342
2023-12-05,0.12230891025641026,0.13059,0.09289000000000001,0.158021875,0.23183333333333334,-0.06629,0.0,0.196475,0.15978754901960784,0.1531,0.12142712858220212
2023-12-06,0.13196166666666667,0.11192844444444446,0.2395189010989011,-0.01888958333333333,0.22821562500000003,0.08270666666666668,0.100475,0.17713958333333335,0.20955566666666664,0.23564444444444443,0.15000804405542778
2023-12-07,0.05658166666666666,0.27937333333333336,-0.054672,0.12261111111111112,0.21036045454545454,-0.054916666666666655,0.01587499999999999,0.11,0.16050213333333335,0.146015,0.09517927744107745
2023-12-08,0.06278999999999998,-0.015177000000000001,0.11883714285714286,0.08542000000000001,0.033791333333333326,0.00975,0.2895666666666667,0.074,0.21005388311688308,0.03415,0.08486392881192881
2023-12-11,0.0786207142857143,0.14387012265512267,0.1338020455505279,0.10728982142857142,0.19577191919191922,0.07122947619047619,0.14307333333333333,0.06682333333333333,0.1280354897959184,0.10922799999999999,0.11777442557649166
2023-12-12,0.21568730158730162,-0.05614333333333334,0.06420384615384617,0.24835533333333334,0.11675966666666668,0.2639208333333333,0.10826666666666666,0.16324333333333335,0.12644286507936506,0.06729,0.13062268403201738
2023-12-13,0.19880375,0.0801935,0.21359111111111112,0.170065,0.053346666666666674,0.21256219047619046,0.45791041666666665,0.30579,0.19094529411764705,0.23440833333333333,0.205707619098364
2023-12-14,0.31698888888888893,0.08330033333333334,0.11932083333333333,0.042551111111111116,0.18938333333333335,0.11304166666666667,0.0,0.063965,0.15665849999999998,0.26006,0.12700033783783785
2023-12-15,-0.012758333333333335,0.10640833333333333,0.06586153846153846,0.20153238095238094,0.0,0.074,-0.2732,0.143875,0.10970402020202022,0.08417777777777778,0.07573694231694231
2023-12-18,0.23851742857142857,0.06994533333333333,0.18719285714285716,0.18167232142857143,0.1764441282051282,0.2045938095238095,-0.1279375,0.25146666666666667,0.12683328231292518,0.3313,0.16193137781860997
2023-12-19,,,,,,,,,0.20379999999999998,,0.20379999999999998
2023-12-20,,,,,,,,,-0.012939999999999997,,-0.012939999999999997
2023-12-21,,,,,,,,,0.1550625,,0.1550625
2023-12-22,,,,,,,,,0.17964,,0.17964
2023-12-26,,,,,,,,,0.25861,,0.25861
2023-12-27,,,,,,,,,0.181675,,0.181675
2023-12-28,,,,,,,,,0.11254,,0.11254
2023-12-29,,,,,,,,,0.1613857142857143,,0.1613857142857143
